observation_date,horizon_days,role,xr_status,analysis_status,xr_score,start_close_usd,minimum_path_close_usd,mace,protocol_version,protocol_sha,analysis_source_sha
2025-12-11,30,PRIMARY,NOT_ELIGIBLE,XR_NOT_ELIGIBLE,,,,,h7-2-outcome-analysis-v1,1886cb2c12f292f03d5deab7ef23200f02d1694d,b6472b761ef2550497ef86168b72457aba37fd68
2025-12-11,90,SECONDARY,NOT_ELIGIBLE,XR_NOT_ELIGIBLE,,,,,h7-2-outcome-analysis-v1,1886cb2c12f292f03d5deab7ef23200f02d1694d,b6472b761ef2550497ef86168b72457aba37fd68
2025-12-11,180,SECONDARY,NOT_ELIGIBLE,XR_NOT_ELIGIBLE,,,,,h7-2-outcome-analysis-v1,1886cb2c12f292f03d5deab7ef23200f02d1694d,b6472b761ef2550497ef86168b72457aba37fd68
2025-12-12,30,PRIMARY,ELIGIBLE,OUTCOME_COMPLETE,44,90278,85460.02,0.053368262478123096,h7-2-outcome-analysis-v1,1886cb2c12f292f03d5deab7ef23200f02d1694d,b6472b761ef2550497ef86168b72457aba37fd68
2025-12-12,90,SECONDARY,ELIGIBLE,OUTCOME_COMPLETE,44,90278,62791,0.3044706351492058,h7-2-outcome-analysis-v1,1886cb2c12f292f03d5deab7ef23200f02d1694d,b6472b761ef2550497ef86168b72457aba37fd68
2025-12-12,180,SECONDARY,ELIGIBLE,OUTCOME_COMPLETE,44,90278,60850.48,0.32596557300782025,h7-2-outcome-analysis-v1,1886cb2c12f292f03d5deab7ef23200f02d1694d,b6472b761ef2550497ef86168b72457aba37fd68
2025-12-13,30,PRIMARY,ELIGIBLE,OUTCOME_COMPLETE,46,90255.32,85460.02,0.05313038610909582,h7-2-outcome-analysis-v1,1886cb2c12f292f03d5deab7ef23200f02d1694d,b6472b761ef2550497ef86168b72457aba37fd68
2025-12-13,90,SECONDARY,ELIGIBLE,OUTCOME_COMPLETE,46,90255.32,62791,0.30429585757382505,h7-2-outcome-analysis-v1,1886cb2c12f292f03d5deab7ef23200f02d1694d,b6472b761ef2550497ef86168b72457aba37fd68
2025-12-13,180,SECONDARY,ELIGIBLE,OUTCOME_COMPLETE,46,90255.32,60850.48,0.32579619683360495,h7-2-outcome-analysis-v1,1886cb2c12f292f03d5deab7ef23200f02d1694d,b6472b761ef2550497ef86168b72457aba37fd68
2025-12-14,30,PRIMARY,ELIGIBLE,OUTCOME_COMPLETE,45,88171.61,85460.02,0.030753549810420777,h7-2-outcome-analysis-v1,1886cb2c12f292f03d5deab7ef23200f02d1694d,b6472b761ef2550497ef86168b72457aba37fd68
2025-12-14,90,SECONDARY,ELIGIBLE,OUTCOME_COMPLETE,45,88171.61,62791,0.2878546734033778,h7-2-outcome-analysis-v1,1886cb2c12f292f03d5deab7ef23200f02d1694d,b6472b761ef2550497ef86168b72457aba37fd68
2025-12-14,180,SECONDARY,ELIGIBLE,OUTCOME_COMPLETE,45,88171.61,60850.48,0.30986311807167854,h7-2-outcome-analysis-v1,1886cb2c12f292f03d5deab7ef23200f02d1694d,b6472b761ef2550497ef86168b72457aba37fd68
2025-12-15,30,PRIMARY,NOT_ELIGIBLE,XR_NOT_ELIGIBLE,,,,,h7-2-outcome-analysis-v1,1886cb2c12f292f03d5deab7ef23200f02d1694d,b6472b761ef2550497ef86168b72457aba37fd68
2025-12-15,90,SECONDARY,NOT_ELIGIBLE,XR_NOT_ELIGIBLE,,,,,h7-2-outcome-analysis-v1,1886cb2c12f292f03d5deab7ef23200f02d1694d,b6472b761ef2550497ef86168b72457aba37fd68
2025-12-15,180,SECONDARY,NOT_ELIGIBLE,XR_NOT_ELIGIBLE,,,,,h7-2-outcome-analysis-v1,1886cb2c12f292f03d5deab7ef23200f02d1694d,b6472b761ef2550497ef86168b72457aba37fd68
2025-12-16,30,PRIMARY,ELIGIBLE,OUTCOME_COMPLETE,42,87854.01,85460.02,0.027249638348892602,h7-2-outcome-analysis-v1,1886cb2c12f292f03d5deab7ef23200f02d1694d,b6472b761ef2550497ef86168b72457aba37fd68
2025-12-16,90,SECONDARY,ELIGIBLE,OUTCOME_COMPLETE,42,87854.01,62791,0.2852802051949592,h7-2-outcome-analysis-v1,1886cb2c12f292f03d5deab7ef23200f02d1694d,b6472b761ef2550497ef86168b72457aba37fd68
2025-12-16,180,SECONDARY,ELIGIBLE,OUTCOME_COMPLETE,42,87854.01,60850.48,0.3073682123331649,h7-2-outcome-analysis-v1,1886cb2c12f292f03d5deab7ef23200f02d1694d,b6472b761ef2550497ef86168b72457aba37fd68
2025-12-17,30,PRIMARY,ELIGIBLE,OUTCOME_COMPLETE,44,86209.77,85460.02,0.008696810117925113,h7-2-outcome-analysis-v1,1886cb2c12f292f03d5deab7ef23200f02d1694d,b6472b761ef2550497ef86168b72457aba37fd68
2025-12-17,90,SECONDARY,ELIGIBLE,OUTCOME_COMPLETE,44,86209.77,62791,0.27164867740628473,h7-2-outcome-analysis-v1,1886cb2c12f292f03d5deab7ef23200f02d1694d,b6472b761ef2550497ef86168b72457aba37fd68
2025-12-17,180,SECONDARY,ELIGIBLE,OUTCOME_COMPLETE,44,86209.77,60850.48,0.29415795912690634,h7-2-outcome-analysis-v1,1886cb2c12f292f03d5deab7ef23200f02d1694d,b6472b761ef2550497ef86168b72457aba37fd68
2025-12-18,30,PRIMARY,ELIGIBLE,OUTCOME_COMPLETE,46,85460.02,85460.02,0,h7-2-outcome-analysis-v1,1886cb2c12f292f03d5deab7ef23200f02d1694d,b6472b761ef2550497ef86168b72457aba37fd68
2025-12-18,90,SECONDARY,ELIGIBLE,OUTCOME_COMPLETE,46,85460.02,62791,0.26525877246459806,h7-2-outcome-analysis-v1,1886cb2c12f292f03d5deab7ef23200f02d1694d,b6472b761ef2550497ef86168b72457aba37fd68
2025-12-18,180,SECONDARY,ELIGIBLE,OUTCOME_COMPLETE,46,85460.02,60850.48,0.2879655305486706,h7-2-outcome-analysis-v1,1886cb2c12f292f03d5deab7ef23200f02d1694d,b6472b761ef2550497ef86168b72457aba37fd68
2025-12-19,30,PRIMARY,ELIGIBLE,OUTCOME_COMPLETE,47,88092.65,87110.78,0.01114587879919604,h7-2-outcome-analysis-v1,1886cb2c12f292f03d5deab7ef23200f02d1694d,b6472b761ef2550497ef86168b72457aba37fd68
2025-12-19,90,SECONDARY,ELIGIBLE,OUTCOME_COMPLETE,47,88092.65,62791,0.28721635686972746,h7-2-outcome-analysis-v1,1886cb2c12f292f03d5deab7ef23200f02d1694d,b6472b761ef2550497ef86168b72457aba37fd68
2025-12-19,180,SECONDARY,ELIGIBLE,OUTCOME_COMPLETE,47,88092.65,60850.48,0.30924452834600835,h7-2-outcome-analysis-v1,1886cb2c12f292f03d5deab7ef23200f02d1694d,b6472b761ef2550497ef86168b72457aba37fd68
2025-12-20,30,PRIMARY,ELIGIBLE,OUTCOME_COMPLETE,47,88324,87110.78,0.013736017390516775,h7-2-outcome-analysis-v1,1886cb2c12f292f03d5deab7ef23200f02d1694d,b6472b761ef2550497ef86168b72457aba37fd68
2025-12-20,90,SECONDARY,ELIGIBLE,OUTCOME_COMPLETE,47,88324,62791,0.28908337484715363,h7-2-outcome-analysis-v1,1886cb2c12f292f03d5deab7ef23200f02d1694d,b6472b761ef2550497ef86168b72457aba37fd68
2025-12-20,180,SECONDARY,ELIGIBLE,OUTCOME_COMPLETE,47,88324,60850.48,0.31105384719894924,h7-2-outcome-analysis-v1,1886cb2c12f292f03d5deab7ef23200f02d1694d,b6472b761ef2550497ef86168b72457aba37fd68
2025-12-21,30,PRIMARY,ELIGIBLE,OUTCOME_COMPLETE,46,88639.95,87110.78,0.017251476337700966,h7-2-outcome-analysis-v1,1886cb2c12f292f03d5deab7ef23200f02d1694d,b6472b761ef2550497ef86168b72457aba37fd68
2025-12-21,90,SECONDARY,ELIGIBLE,OUTCOME_COMPLETE,46,88639.95,62791,0.2916173801993345,h7-2-outcome-analysis-v1,1886cb2c12f292f03d5deab7ef23200f02d1694d,b6472b761ef2550497ef86168b72457aba37fd68
2025-12-21,180,SECONDARY,ELIGIBLE,OUTCOME_COMPLETE,46,88639.95,60850.48,0.3135095405626921,h7-2-outcome-analysis-v1,1886cb2c12f292f03d5deab7ef23200f02d1694d,b6472b761ef2550497ef86168b72457aba37fd68
2025-12-22,30,PRIMARY,ELIGIBLE,OUTCOME_COMPLETE,47,88556.77,87110.78,0.016328395897908243,h7-2-outcome-analysis-v1,1886cb2c12f292f03d5deab7ef23200f02d1694d,b6472b761ef2550497ef86168b72457aba37fd68
2025-12-22,90,SECONDARY,ELIGIBLE,OUTCOME_COMPLETE,47,88556.77,62791,0.29095200739593374,h7-2-outcome-analysis-v1,1886cb2c12f292f03d5deab7ef23200f02d1694d,b6472b761ef2550497ef86168b72457aba37fd68
2025-12-22,180,SECONDARY,ELIGIBLE,OUTCOME_COMPLETE,47,88556.77,60850.48,0.3128647307258383,h7-2-outcome-analysis-v1,1886cb2c12f292f03d5deab7ef23200f02d1694d,b6472b761ef2550497ef86168b72457aba37fd68
2025-12-23,30,PRIMARY,ELIGIBLE,OUTCOME_COMPLETE,46,87429.32,87110.78,0.0036434001774233726,h7-2-outcome-analysis-v1,1886cb2c12f292f03d5deab7ef23200f02d1694d,b6472b761ef2550497ef86168b72457aba37fd68
2025-12-23,90,SECONDARY,ELIGIBLE,OUTCOME_COMPLETE,46,87429.32,62791,0.28180843680358036,h7-2-outcome-analysis-v1,1886cb2c12f292f03d5deab7ef23200f02d1694d,b6472b761ef2550497ef86168b72457aba37fd68
2025-12-23,180,SECONDARY,ELIGIBLE,OUTCOME_COMPLETE,46,87429.32,60850.48,0.3040037369614679,h7-2-outcome-analysis-v1,1886cb2c12f292f03d5deab7ef23200f02d1694d,b6472b761ef2550497ef86168b72457aba37fd68
2025-12-24,30,PRIMARY,ELIGIBLE,OUTCOME_COMPLETE,53,87609.03,87110.78,0.005687199139175481,h7-2-outcome-analysis-v1,1886cb2c12f292f03d5deab7ef23200f02d1694d,b6472b761ef2550497ef86168b72457aba37fd68
2025-12-24,90,SECONDARY,ELIGIBLE,OUTCOME_COMPLETE,53,87609.03,62791,0.2832816434561597,h7-2-outcome-analysis-v1,1886cb2c12f292f03d5deab7ef23200f02d1694d,b6472b761ef2550497ef86168b72457aba37fd68
2025-12-24,180,SECONDARY,ELIGIBLE,OUTCOME_COMPLETE,53,87609.03,60850.48,0.30543141500368165,h7-2-outcome-analysis-v1,1886cb2c12f292f03d5deab7ef23200f02d1694d,b6472b761ef2550497ef86168b72457aba37fd68
2025-12-25,30,PRIMARY,ELIGIBLE,OUTCOME_COMPLETE,53,87171.68,87110.78,0.0006986213871292835,h7-2-outcome-analysis-v1,1886cb2c12f292f03d5deab7ef23200f02d1694d,b6472b761ef2550497ef86168b72457aba37fd68
2025-12-25,90,SECONDARY,ELIGIBLE,OUTCOME_COMPLETE,53,87171.68,62791,0.27968578786137877,h7-2-outcome-analysis-v1,1886cb2c12f292f03d5deab7ef23200f02d1694d,b6472b761ef2550497ef86168b72457aba37fd68
2025-12-25,180,SECONDARY,ELIGIBLE,OUTCOME_COMPLETE,53,87171.68,60850.48,0.3019466872727472,h7-2-outcome-analysis-v1,1886cb2c12f292f03d5deab7ef23200f02d1694d,b6472b761ef2550497ef86168b72457aba37fd68
2025-12-26,30,PRIMARY,ELIGIBLE,OUTCOME_COMPLETE,54,87296.01,86561.94,0.008408975393033313,h7-2-outcome-analysis-v1,1886cb2c12f292f03d5deab7ef23200f02d1694d,b6472b761ef2550497ef86168b72457aba37fd68
2025-12-26,90,SECONDARY,ELIGIBLE,OUTCOME_COMPLETE,54,87296.01,62791,0.2807116843026387,h7-2-outcome-analysis-v1,1886cb2c12f292f03d5deab7ef23200f02d1694d,b6472b761ef2550497ef86168b72457aba37fd68
2025-12-26,180,SECONDARY,ELIGIBLE,OUTCOME_COMPLETE,54,87296.01,60850.48,0.30294087897029875,h7-2-outcome-analysis-v1,1886cb2c12f292f03d5deab7ef23200f02d1694d,b6472b761ef2550497ef86168b72457aba37fd68
2025-12-27,30,PRIMARY,ELIGIBLE,OUTCOME_COMPLETE,55,87808,86561.94,0.014190734329446064,h7-2-outcome-analysis-v1,1886cb2c12f292f03d5deab7ef23200f02d1694d,b6472b761ef2550497ef86168b72457aba37fd68
2025-12-27,90,SECONDARY,ELIGIBLE,OUTCOME_COMPLETE,55,87808,62791,0.28490570335276966,h7-2-outcome-analysis-v1,1886cb2c12f292f03d5deab7ef23200f02d1694d,b6472b761ef2550497ef86168b72457aba37fd68
2025-12-27,180,SECONDARY,ELIGIBLE,OUTCOME_COMPLETE,55,87808,59703.65,0.32006593932215743,h7-2-outcome-analysis-v1,1886cb2c12f292f03d5deab7ef23200f02d1694d,b6472b761ef2550497ef86168b72457aba37fd68
2025-12-28,30,PRIMARY,ELIGIBLE,OUTCOME_COMPLETE,55,87877.29,86561.94,0.014968030989576442,h7-2-outcome-analysis-v1,1886cb2c12f292f03d5deab7ef23200f02d1694d,b6472b761ef2550497ef86168b72457aba37fd68
2025-12-28,90,SECONDARY,ELIGIBLE,OUTCOME_COMPLETE,55,87877.29,62791,0.28546954508952194,h7-2-outcome-analysis-v1,1886cb2c12f292f03d5deab7ef23200f02d1694d,b6472b761ef2550497ef86168b72457aba37fd68
2025-12-28,180,SECONDARY,ELIGIBLE,OUTCOME_COMPLETE,55,87877.29,59703.65,0.32060205771024564,h7-2-outcome-analysis-v1,1886cb2c12f292f03d5deab7ef23200f02d1694d,b6472b761ef2550497ef86168b72457aba37fd68
2025-12-29,30,PRIMARY,ELIGIBLE,OUTCOME_COMPLETE,56,87110.78,86561.94,0.006300483131938428,h7-2-outcome-analysis-v1,1886cb2c12f292f03d5deab7ef23200f02d1694d,b6472b761ef2550497ef86168b72457aba37fd68
2025-12-29,90,SECONDARY,ELIGIBLE,OUTCOME_COMPLETE,56,87110.78,62791,0.2791822091364582,h7-2-outcome-analysis-v1,1886cb2c12f292f03d5deab7ef23200f02d1694d,b6472b761ef2550497ef86168b72457aba37fd68
2025-12-29,180,SECONDARY,ELIGIBLE,OUTCOME_COMPLETE,56,87110.78,59703.65,0.3146238617080458,h7-2-outcome-analysis-v1,1886cb2c12f292f03d5deab7ef23200f02d1694d,b6472b761ef2550497ef86168b72457aba37fd68
2025-12-30,30,PRIMARY,ELIGIBLE,OUTCOME_COMPLETE,57,88397.5,84513.2,0.04394128793235108,h7-2-outcome-analysis-v1,1886cb2c12f292f03d5deab7ef23200f02d1694d,b6472b761ef2550497ef86168b72457aba37fd68
2025-12-30,90,SECONDARY,ELIGIBLE,OUTCOME_COMPLETE,57,88397.5,62791,0.28967448174439325,h7-2-outcome-analysis-v1,1886cb2c12f292f03d5deab7ef23200f02d1694d,b6472b761ef2550497ef86168b72457aba37fd68
2025-12-30,180,SECONDARY,ELIGIBLE,OUTCOME_COMPLETE,57,88397.5,59474.01,0.3271980542436155,h7-2-outcome-analysis-v1,1886cb2c12f292f03d5deab7ef23200f02d1694d,b6472b761ef2550497ef86168b72457aba37fd68
2025-12-31,30,PRIMARY,ELIGIBLE,OUTCOME_COMPLETE,55,87497.94,84110.99,0.03870891131836929,h7-2-outcome-analysis-v1,1886cb2c12f292f03d5deab7ef23200f02d1694d,b6472b761ef2550497ef86168b72457aba37fd68
2025-12-31,90,SECONDARY,ELIGIBLE,OUTCOME_COMPLETE,55,87497.94,62791,0.2823716764074674,h7-2-outcome-analysis-v1,1886cb2c12f292f03d5deab7ef23200f02d1694d,b6472b761ef2550497ef86168b72457aba37fd68
2025-12-31,180,SECONDARY,ELIGIBLE,OUTCOME_COMPLETE,55,87497.94,59474.01,0.3202810260447274,h7-2-outcome-analysis-v1,1886cb2c12f292f03d5deab7ef23200f02d1694d,b6472b761ef2550497ef86168b72457aba37fd68
2026-01-01,30,PRIMARY,ELIGIBLE,OUTCOME_COMPLETE,56,88738.34,78648,0.11370891093973579,h7-2-outcome-analysis-v1,1886cb2c12f292f03d5deab7ef23200f02d1694d,b6472b761ef2550497ef86168b72457aba37fd68
2026-01-01,90,SECONDARY,ELIGIBLE,OUTCOME_COMPLETE,56,88738.34,62791,0.2924028103297853,h7-2-outcome-analysis-v1,1886cb2c12f292f03d5deab7ef23200f02d1694d,b6472b761ef2550497ef86168b72457aba37fd68
2026-01-01,180,SECONDARY,ELIGIBLE,OUTCOME_COMPLETE,56,88738.34,58523.93,0.34048878985115116,h7-2-outcome-analysis-v1,1886cb2c12f292f03d5deab7ef23200f02d1694d,b6472b761ef2550497ef86168b72457aba37fd68
2026-01-02,30,PRIMARY,ELIGIBLE,OUTCOME_COMPLETE,50,89957.99,76895.53,0.14520622348276124,h7-2-outcome-analysis-v1,1886cb2c12f292f03d5deab7ef23200f02d1694d,b6472b761ef2550497ef86168b72457aba37fd68
2026-01-02,90,SECONDARY,ELIGIBLE,OUTCOME_COMPLETE,50,89957.99,62791,0.30199640965744123,h7-2-outcome-analysis-v1,1886cb2c12f292f03d5deab7ef23200f02d1694d,b6472b761ef2550497ef86168b72457aba37fd68
2026-01-02,180,SECONDARY,ELIGIBLE,OUTCOME_COMPLETE,50,89957.99,58523.93,0.34943043969746324,h7-2-outcome-analysis-v1,1886cb2c12f292f03d5deab7ef23200f02d1694d,b6472b761ef2550497ef86168b72457aba37fd68
2026-01-03,30,PRIMARY,ELIGIBLE,OUTCOME_COMPLETE,50,90598.02,76895.53,0.15124491683151575,h7-2-outcome-analysis-v1,1886cb2c12f292f03d5deab7ef23200f02d1694d,b6472b761ef2550497ef86168b72457aba37fd68
2026-01-03,90,SECONDARY,ELIGIBLE,OUTCOME_COMPLETE,50,90598.02,62791,0.3069274582380498,h7-2-outcome-analysis-v1,1886cb2c12f292f03d5deab7ef23200f02d1694d,b6472b761ef2550497ef86168b72457aba37fd68
2026-01-03,180,SECONDARY,ELIGIBLE,OUTCOME_COMPLETE,50,90598.02,58523.93,0.35402639042221895,h7-2-outcome-analysis-v1,1886cb2c12f292f03d5deab7ef23200f02d1694d,b6472b761ef2550497ef86168b72457aba37fd68
2026-01-04,30,PRIMARY,ELIGIBLE,OUTCOME_COMPLETE,50,91494,75661.49,0.17304424333836088,h7-2-outcome-analysis-v1,1886cb2c12f292f03d5deab7ef23200f02d1694d,b6472b761ef2550497ef86168b72457aba37fd68
2026-01-04,90,SECONDARY,ELIGIBLE,OUTCOME_COMPLETE,50,91494,62791,0.3137145605176296,h7-2-outcome-analysis-v1,1886cb2c12f292f03d5deab7ef23200f02d1694d,b6472b761ef2550497ef86168b72457aba37fd68
2026-01-04,180,SECONDARY,ELIGIBLE,OUTCOME_COMPLETE,50,91494,58523.93,0.3603522635364067,h7-2-outcome-analysis-v1,1886cb2c12f292f03d5deab7ef23200f02d1694d,b6472b761ef2550497ef86168b72457aba37fd68
2026-01-05,30,PRIMARY,ELIGIBLE,OUTCOME_COMPLETE,52,93870.06,72998,0.22235055565107764,h7-2-outcome-analysis-v1,1886cb2c12f292f03d5deab7ef23200f02d1694d,b6472b761ef2550497ef86168b72457aba37fd68
2026-01-05,90,SECONDARY,ELIGIBLE,OUTCOME_COMPLETE,52,93870.06,62791,0.3310859713949261,h7-2-outcome-analysis-v1,1886cb2c12f292f03d5deab7ef23200f02d1694d,b6472b761ef2550497ef86168b72457aba37fd68
2026-01-05,180,SECONDARY,ELIGIBLE,OUTCOME_COMPLETE,52,93870.06,58523.93,0.3765431704208988,h7-2-outcome-analysis-v1,1886cb2c12f292f03d5deab7ef23200f02d1694d,b6472b761ef2550497ef86168b72457aba37fd68
2026-01-06,30,PRIMARY,ELIGIBLE,OUTCOME_COMPLETE,50,93722.01,62791,0.3300293068831963,h7-2-outcome-analysis-v1,1886cb2c12f292f03d5deab7ef23200f02d1694d,b6472b761ef2550497ef86168b72457aba37fd68
2026-01-06,90,SECONDARY,ELIGIBLE,OUTCOME_COMPLETE,50,93722.01,62791,0.3300293068831963,h7-2-outcome-analysis-v1,1886cb2c12f292f03d5deab7ef23200f02d1694d,b6472b761ef2550497ef86168b72457aba37fd68
2026-01-06,180,SECONDARY,ELIGIBLE,OUTCOME_COMPLETE,50,93722.01,58523.93,0.3755583133567024,h7-2-outcome-analysis-v1,1886cb2c12f292f03d5deab7ef23200f02d1694d,b6472b761ef2550497ef86168b72457aba37fd68
2026-01-07,30,PRIMARY,ELIGIBLE,OUTCOME_COMPLETE,50,91279.73,62791,0.3121035743642099,h7-2-outcome-analysis-v1,1886cb2c12f292f03d5deab7ef23200f02d1694d,b6472b761ef2550497ef86168b72457aba37fd68
2026-01-07,90,SECONDARY,ELIGIBLE,OUTCOME_COMPLETE,50,91279.73,62791,0.3121035743642099,h7-2-outcome-analysis-v1,1886cb2c12f292f03d5deab7ef23200f02d1694d,b6472b761ef2550497ef86168b72457aba37fd68
2026-01-07,180,SECONDARY,ELIGIBLE,OUTCOME_COMPLETE,50,91279.73,58523.93,0.3588507547075347,h7-2-outcome-analysis-v1,1886cb2c12f292f03d5deab7ef23200f02d1694d,b6472b761ef2550497ef86168b72457aba37fd68
2026-01-08,30,PRIMARY,ELIGIBLE,OUTCOME_COMPLETE,52,91026,62791,0.31018610067453256,h7-2-outcome-analysis-v1,1886cb2c12f292f03d5deab7ef23200f02d1694d,b6472b761ef2550497ef86168b72457aba37fd68
2026-01-08,90,SECONDARY,ELIGIBLE,OUTCOME_COMPLETE,52,91026,62791,0.31018610067453256,h7-2-outcome-analysis-v1,1886cb2c12f292f03d5deab7ef23200f02d1694d,b6472b761ef2550497ef86168b72457aba37fd68
2026-01-08,180,SECONDARY,ELIGIBLE,OUTCOME_COMPLETE,52,91026,58523.93,0.35706358622811063,h7-2-outcome-analysis-v1,1886cb2c12f292f03d5deab7ef23200f02d1694d,b6472b761ef2550497ef86168b72457aba37fd68
2026-01-09,30,PRIMARY,ELIGIBLE,OUTCOME_COMPLETE,51,90515.45,62791,0.3062952236330925,h7-2-outcome-analysis-v1,1886cb2c12f292f03d5deab7ef23200f02d1694d,b6472b761ef2550497ef86168b72457aba37fd68
2026-01-09,90,SECONDARY,ELIGIBLE,OUTCOME_COMPLETE,51,90515.45,62791,0.3062952236330925,h7-2-outcome-analysis-v1,1886cb2c12f292f03d5deab7ef23200f02d1694d,b6472b761ef2550497ef86168b72457aba37fd68
2026-01-09,180,SECONDARY,ELIGIBLE,OUTCOME_COMPLETE,51,90515.45,58523.93,0.35343712040320185,h7-2-outcome-analysis-v1,1886cb2c12f292f03d5deab7ef23200f02d1694d,b6472b761ef2550497ef86168b72457aba37fd68
2026-01-10,30,PRIMARY,ELIGIBLE,OUTCOME_COMPLETE,53,90385.54,62791,0.3052981704816943,h7-2-outcome-analysis-v1,1886cb2c12f292f03d5deab7ef23200f02d1694d,b6472b761ef2550497ef86168b72457aba37fd68
2026-01-10,90,SECONDARY,ELIGIBLE,OUTCOME_COMPLETE,53,90385.54,62791,0.3052981704816943,h7-2-outcome-analysis-v1,1886cb2c12f292f03d5deab7ef23200f02d1694d,b6472b761ef2550497ef86168b72457aba37fd68
2026-01-10,180,SECONDARY,ELIGIBLE,OUTCOME_COMPLETE,53,90385.54,58523.93,0.35250782370719913,h7-2-outcome-analysis-v1,1886cb2c12f292f03d5deab7ef23200f02d1694d,b6472b761ef2550497ef86168b72457aba37fd68
2026-01-11,30,PRIMARY,ELIGIBLE,OUTCOME_COMPLETE,53,90872.01,62791,0.30901715500735594,h7-2-outcome-analysis-v1,1886cb2c12f292f03d5deab7ef23200f02d1694d,b6472b761ef2550497ef86168b72457aba37fd68
2026-01-11,90,SECONDARY,ELIGIBLE,OUTCOME_COMPLETE,53,90872.01,62791,0.30901715500735594,h7-2-outcome-analysis-v1,1886cb2c12f292f03d5deab7ef23200f02d1694d,b6472b761ef2550497ef86168b72457aba37fd68
2026-01-11,180,SECONDARY,ELIGIBLE,OUTCOME_COMPLETE,53,90872.01,58523.93,0.3559740782667842,h7-2-outcome-analysis-v1,1886cb2c12f292f03d5deab7ef23200f02d1694d,b6472b761ef2550497ef86168b72457aba37fd68
2026-01-12,30,PRIMARY,ELIGIBLE,OUTCOME_COMPLETE,54,91188.09,62791,0.3114122688609883,h7-2-outcome-analysis-v1,1886cb2c12f292f03d5deab7ef23200f02d1694d,b6472b761ef2550497ef86168b72457aba37fd68
2026-01-12,90,SECONDARY,ELIGIBLE,OUTCOME_COMPLETE,54,91188.09,62791,0.3114122688609883,h7-2-outcome-analysis-v1,1886cb2c12f292f03d5deab7ef23200f02d1694d,b6472b761ef2550497ef86168b72457aba37fd68
2026-01-12,180,SECONDARY,ELIGIBLE,OUTCOME_COMPLETE,54,91188.09,58523.93,0.3582064280543654,h7-2-outcome-analysis-v1,1886cb2c12f292f03d5deab7ef23200f02d1694d,b6472b761ef2550497ef86168b72457aba37fd68
2026-01-13,30,PRIMARY,NOT_ELIGIBLE,XR_NOT_ELIGIBLE,,,,,h7-2-outcome-analysis-v1,1886cb2c12f292f03d5deab7ef23200f02d1694d,b6472b761ef2550497ef86168b72457aba37fd68
2026-01-13,90,SECONDARY,NOT_ELIGIBLE,XR_NOT_ELIGIBLE,,,,,h7-2-outcome-analysis-v1,1886cb2c12f292f03d5deab7ef23200f02d1694d,b6472b761ef2550497ef86168b72457aba37fd68
2026-01-13,180,SECONDARY,NOT_ELIGIBLE,XR_NOT_ELIGIBLE,,,,,h7-2-outcome-analysis-v1,1886cb2c12f292f03d5deab7ef23200f02d1694d,b6472b761ef2550497ef86168b72457aba37fd68
2026-01-14,30,PRIMARY,NOT_ELIGIBLE,XR_NOT_ELIGIBLE,,,,,h7-2-outcome-analysis-v1,1886cb2c12f292f03d5deab7ef23200f02d1694d,b6472b761ef2550497ef86168b72457aba37fd68
2026-01-14,90,SECONDARY,NOT_ELIGIBLE,XR_NOT_ELIGIBLE,,,,,h7-2-outcome-analysis-v1,1886cb2c12f292f03d5deab7ef23200f02d1694d,b6472b761ef2550497ef86168b72457aba37fd68
2026-01-14,180,SECONDARY,NOT_ELIGIBLE,XR_NOT_ELIGIBLE,,,,,h7-2-outcome-analysis-v1,1886cb2c12f292f03d5deab7ef23200f02d1694d,b6472b761ef2550497ef86168b72457aba37fd68
2026-01-15,30,PRIMARY,ELIGIBLE,OUTCOME_COMPLETE,58,95587.65,62791,0.3431055162460841,h7-2-outcome-analysis-v1,1886cb2c12f292f03d5deab7ef23200f02d1694d,b6472b761ef2550497ef86168b72457aba37fd68
2026-01-15,90,SECONDARY,ELIGIBLE,OUTCOME_COMPLETE,58,95587.65,62791,0.3431055162460841,h7-2-outcome-analysis-v1,1886cb2c12f292f03d5deab7ef23200f02d1694d,b6472b761ef2550497ef86168b72457aba37fd68
2026-01-15,180,SECONDARY,ELIGIBLE,OUTCOME_COMPLETE,58,95587.65,58523.93,0.3877459065057044,h7-2-outcome-analysis-v1,1886cb2c12f292f03d5deab7ef23200f02d1694d,b6472b761ef2550497ef86168b72457aba37fd68
2026-01-16,30,PRIMARY,ELIGIBLE,OUTCOME_COMPLETE,56,95504,62791,0.34253015580499246,h7-2-outcome-analysis-v1,1886cb2c12f292f03d5deab7ef23200f02d1694d,b6472b761ef2550497ef86168b72457aba37fd68
2026-01-16,90,SECONDARY,ELIGIBLE,OUTCOME_COMPLETE,56,95504,62791,0.34253015580499246,h7-2-outcome-analysis-v1,1886cb2c12f292f03d5deab7ef23200f02d1694d,b6472b761ef2550497ef86168b72457aba37fd68
2026-01-16,180,SECONDARY,ELIGIBLE,OUTCOME_COMPLETE,56,95504,58523.93,0.3872096456692913,h7-2-outcome-analysis-v1,1886cb2c12f292f03d5deab7ef23200f02d1694d,b6472b761ef2550497ef86168b72457aba37fd68
2026-01-17,30,PRIMARY,ELIGIBLE,OUTCOME_COMPLETE,56,95109.99,62791,0.3398064703823437,h7-2-outcome-analysis-v1,1886cb2c12f292f03d5deab7ef23200f02d1694d,b6472b761ef2550497ef86168b72457aba37fd68
2026-01-17,90,SECONDARY,ELIGIBLE,OUTCOME_COMPLETE,56,95109.99,62791,0.3398064703823437,h7-2-outcome-analysis-v1,1886cb2c12f292f03d5deab7ef23200f02d1694d,b6472b761ef2550497ef86168b72457aba37fd68
2026-01-17,180,SECONDARY,ELIGIBLE,OUTCOME_COMPLETE,56,95109.99,58523.93,0.38467105295668735,h7-2-outcome-analysis-v1,1886cb2c12f292f03d5deab7ef23200f02d1694d,b6472b761ef2550497ef86168b72457aba37fd68
2026-01-18,30,PRIMARY,ELIGIBLE,OUTCOME_COMPLETE,55,93633.53,62791,0.32939621095135474,h7-2-outcome-analysis-v1,1886cb2c12f292f03d5deab7ef23200f02d1694d,b6472b761ef2550497ef86168b72457aba37fd68
2026-01-18,90,SECONDARY,ELIGIBLE,OUTCOME_COMPLETE,55,93633.53,62791,0.32939621095135474,h7-2-outcome-analysis-v1,1886cb2c12f292f03d5deab7ef23200f02d1694d,b6472b761ef2550497ef86168b72457aba37fd68
2026-01-18,180,SECONDARY,ELIGIBLE,OUTCOME_COMPLETE,55,93633.53,58523.93,0.37496824054374533,h7-2-outcome-analysis-v1,1886cb2c12f292f03d5deab7ef23200f02d1694d,b6472b761ef2550497ef86168b72457aba37fd68
2026-01-19,30,PRIMARY,ELIGIBLE,OUTCOME_COMPLETE,55,92559.66,62791,0.3216159177767075,h7-2-outcome-analysis-v1,1886cb2c12f292f03d5deab7ef23200f02d1694d,b6472b761ef2550497ef86168b72457aba37fd68
2026-01-19,90,SECONDARY,ELIGIBLE,OUTCOME_COMPLETE,55,92559.66,62791,0.3216159177767075,h7-2-outcome-analysis-v1,1886cb2c12f292f03d5deab7ef23200f02d1694d,b6472b761ef2550497ef86168b72457aba37fd68
2026-01-19,180,SECONDARY,ELIGIBLE,OUTCOME_COMPLETE,55,92559.66,58523.93,0.36771667052363854,h7-2-outcome-analysis-v1,1886cb2c12f292f03d5deab7ef23200f02d1694d,b6472b761ef2550497ef86168b72457aba37fd68
2026-01-20,30,PRIMARY,ELIGIBLE,OUTCOME_COMPLETE,58,88310.6,62791,0.2889755023745735,h7-2-outcome-analysis-v1,1886cb2c12f292f03d5deab7ef23200f02d1694d,b6472b761ef2550497ef86168b72457aba37fd68
2026-01-20,90,SECONDARY,ELIGIBLE,OUTCOME_COMPLETE,58,88310.6,62791,0.2889755023745735,h7-2-outcome-analysis-v1,1886cb2c12f292f03d5deab7ef23200f02d1694d,b6472b761ef2550497ef86168b72457aba37fd68
2026-01-20,180,SECONDARY,ELIGIBLE,OUTCOME_COMPLETE,58,88310.6,58523.93,0.33729439048087095,h7-2-outcome-analysis-v1,1886cb2c12f292f03d5deab7ef23200f02d1694d,b6472b761ef2550497ef86168b72457aba37fd68
2026-01-21,30,PRIMARY,ELIGIBLE,OUTCOME_COMPLETE,59,89363.71,62791,0.29735459729682223,h7-2-outcome-analysis-v1,1886cb2c12f292f03d5deab7ef23200f02d1694d,b6472b761ef2550497ef86168b72457aba37fd68
2026-01-21,90,SECONDARY,ELIGIBLE,OUTCOME_COMPLETE,59,89363.71,62791,0.29735459729682223,h7-2-outcome-analysis-v1,1886cb2c12f292f03d5deab7ef23200f02d1694d,b6472b761ef2550497ef86168b72457aba37fd68
2026-01-21,180,SECONDARY,ELIGIBLE,OUTCOME_COMPLETE,59,89363.71,58523.93,0.3451040696497494,h7-2-outcome-analysis-v1,1886cb2c12f292f03d5deab7ef23200f02d1694d,b6472b761ef2550497ef86168b72457aba37fd68
2026-01-22,30,PRIMARY,ELIGIBLE,OUTCOME_COMPLETE,58,89463.5,62791,0.29813834692360575,h7-2-outcome-analysis-v1,1886cb2c12f292f03d5deab7ef23200f02d1694d,b6472b761ef2550497ef86168b72457aba37fd68
2026-01-22,90,SECONDARY,ELIGIBLE,OUTCOME_COMPLETE,58,89463.5,62791,0.29813834692360575,h7-2-outcome-analysis-v1,1886cb2c12f292f03d5deab7ef23200f02d1694d,b6472b761ef2550497ef86168b72457aba37fd68
2026-01-22,180,SECONDARY,ELIGIBLE,OUTCOME_COMPLETE,58,89463.5,58523.93,0.3458345582276571,h7-2-outcome-analysis-v1,1886cb2c12f292f03d5deab7ef23200f02d1694d,b6472b761ef2550497ef86168b72457aba37fd68
2026-01-23,30,PRIMARY,ELIGIBLE,OUTCOME_COMPLETE,60,89474.93,62791,0.29822800643711034,h7-2-outcome-analysis-v1,1886cb2c12f292f03d5deab7ef23200f02d1694d,b6472b761ef2550497ef86168b72457aba37fd68
2026-01-23,90,SECONDARY,ELIGIBLE,OUTCOME_COMPLETE,60,89474.93,62791,0.29822800643711034,h7-2-outcome-analysis-v1,1886cb2c12f292f03d5deab7ef23200f02d1694d,b6472b761ef2550497ef86168b72457aba37fd68
2026-01-23,180,SECONDARY,ELIGIBLE,OUTCOME_COMPLETE,60,89474.93,58523.93,0.34591812477528616,h7-2-outcome-analysis-v1,1886cb2c12f292f03d5deab7ef23200f02d1694d,b6472b761ef2550497ef86168b72457aba37fd68
2026-01-24,30,PRIMARY,ELIGIBLE,OUTCOME_COMPLETE,61,89082.17,62791,0.295133919616013,h7-2-outcome-analysis-v1,1886cb2c12f292f03d5deab7ef23200f02d1694d,b6472b761ef2550497ef86168b72457aba37fd68
2026-01-24,90,SECONDARY,ELIGIBLE,OUTCOME_COMPLETE,61,89082.17,62791,0.295133919616013,h7-2-outcome-analysis-v1,1886cb2c12f292f03d5deab7ef23200f02d1694d,b6472b761ef2550497ef86168b72457aba37fd68
2026-01-24,180,SECONDARY,ELIGIBLE,OUTCOME_COMPLETE,61,89082.17,58523.93,0.3430343019259634,h7-2-outcome-analysis-v1,1886cb2c12f292f03d5deab7ef23200f02d1694d,b6472b761ef2550497ef86168b72457aba37fd68
2026-01-25,30,PRIMARY,ELIGIBLE,OUTCOME_COMPLETE,59,86561.94,62791,0.2746119137348354,h7-2-outcome-analysis-v1,1886cb2c12f292f03d5deab7ef23200f02d1694d,b6472b761ef2550497ef86168b72457aba37fd68
2026-01-25,90,SECONDARY,ELIGIBLE,OUTCOME_COMPLETE,59,86561.94,62791,0.2746119137348354,h7-2-outcome-analysis-v1,1886cb2c12f292f03d5deab7ef23200f02d1694d,b6472b761ef2550497ef86168b72457aba37fd68
2026-01-25,180,SECONDARY,ELIGIBLE,OUTCOME_COMPLETE,59,86561.94,58523.93,0.3239069041197552,h7-2-outcome-analysis-v1,1886cb2c12f292f03d5deab7ef23200f02d1694d,b6472b761ef2550497ef86168b72457aba37fd68
2026-01-26,30,PRIMARY,ELIGIBLE,OUTCOME_COMPLETE,58,88250.01,62791,0.2884873327493107,h7-2-outcome-analysis-v1,1886cb2c12f292f03d5deab7ef23200f02d1694d,b6472b761ef2550497ef86168b72457aba37fd68
2026-01-26,90,SECONDARY,ELIGIBLE,OUTCOME_COMPLETE,58,88250.01,62791,0.2884873327493107,h7-2-outcome-analysis-v1,1886cb2c12f292f03d5deab7ef23200f02d1694d,b6472b761ef2550497ef86168b72457aba37fd68
2026-01-26,180,SECONDARY,ELIGIBLE,OUTCOME_COMPLETE,58,88250.01,58523.93,0.336839395258992,h7-2-outcome-analysis-v1,1886cb2c12f292f03d5deab7ef23200f02d1694d,b6472b761ef2550497ef86168b72457aba37fd68
2026-01-27,30,PRIMARY,ELIGIBLE,OUTCOME_COMPLETE,55,89116.96,62791,0.29540908935852395,h7-2-outcome-analysis-v1,1886cb2c12f292f03d5deab7ef23200f02d1694d,b6472b761ef2550497ef86168b72457aba37fd68
2026-01-27,90,SECONDARY,ELIGIBLE,OUTCOME_COMPLETE,55,89116.96,62791,0.29540908935852395,h7-2-outcome-analysis-v1,1886cb2c12f292f03d5deab7ef23200f02d1694d,b6472b761ef2550497ef86168b72457aba37fd68
2026-01-27,180,SECONDARY,ELIGIBLE,OUTCOME_COMPLETE,55,89116.96,58523.93,0.34329077203710723,h7-2-outcome-analysis-v1,1886cb2c12f292f03d5deab7ef23200f02d1694d,b6472b761ef2550497ef86168b72457aba37fd68
2026-01-28,30,PRIMARY,ELIGIBLE,OUTCOME_COMPLETE,57,89162.4,62791,0.29576817133679667,h7-2-outcome-analysis-v1,1886cb2c12f292f03d5deab7ef23200f02d1694d,b6472b761ef2550497ef86168b72457aba37fd68
2026-01-28,90,SECONDARY,ELIGIBLE,OUTCOME_COMPLETE,57,89162.4,62791,0.29576817133679667,h7-2-outcome-analysis-v1,1886cb2c12f292f03d5deab7ef23200f02d1694d,b6472b761ef2550497ef86168b72457aba37fd68
2026-01-28,180,SECONDARY,ELIGIBLE,OUTCOME_COMPLETE,57,89162.4,58523.93,0.34362545198424443,h7-2-outcome-analysis-v1,1886cb2c12f292f03d5deab7ef23200f02d1694d,b6472b761ef2550497ef86168b72457aba37fd68
2026-01-29,30,PRIMARY,ELIGIBLE,OUTCOME_COMPLETE,57,84513.2,62791,0.257027304610404,h7-2-outcome-analysis-v1,1886cb2c12f292f03d5deab7ef23200f02d1694d,b6472b761ef2550497ef86168b72457aba37fd68
2026-01-29,90,SECONDARY,ELIGIBLE,OUTCOME_COMPLETE,57,84513.2,62791,0.257027304610404,h7-2-outcome-analysis-v1,1886cb2c12f292f03d5deab7ef23200f02d1694d,b6472b761ef2550497ef86168b72457aba37fd68
2026-01-29,180,SECONDARY,ELIGIBLE,OUTCOME_COMPLETE,57,84513.2,58523.93,0.30751728724033645,h7-2-outcome-analysis-v1,1886cb2c12f292f03d5deab7ef23200f02d1694d,b6472b761ef2550497ef86168b72457aba37fd68
2026-01-30,30,PRIMARY,ELIGIBLE,OUTCOME_COMPLETE,61,84110.99,62791,0.25347448650883797,h7-2-outcome-analysis-v1,1886cb2c12f292f03d5deab7ef23200f02d1694d,b6472b761ef2550497ef86168b72457aba37fd68
2026-01-30,90,SECONDARY,ELIGIBLE,OUTCOME_COMPLETE,61,84110.99,62791,0.25347448650883797,h7-2-outcome-analysis-v1,1886cb2c12f292f03d5deab7ef23200f02d1694d,b6472b761ef2550497ef86168b72457aba37fd68
2026-01-30,180,SECONDARY,ELIGIBLE,OUTCOME_COMPLETE,61,84110.99,58523.93,0.30420590698076444,h7-2-outcome-analysis-v1,1886cb2c12f292f03d5deab7ef23200f02d1694d,b6472b761ef2550497ef86168b72457aba37fd68
2026-01-31,30,PRIMARY,ELIGIBLE,OUTCOME_COMPLETE,61,78648,62791,0.20161987590275654,h7-2-outcome-analysis-v1,1886cb2c12f292f03d5deab7ef23200f02d1694d,b6472b761ef2550497ef86168b72457aba37fd68
2026-01-31,90,SECONDARY,ELIGIBLE,OUTCOME_COMPLETE,61,78648,62791,0.20161987590275654,h7-2-outcome-analysis-v1,1886cb2c12f292f03d5deab7ef23200f02d1694d,b6472b761ef2550497ef86168b72457aba37fd68
2026-01-31,180,SECONDARY,ELIGIBLE,OUTCOME_COMPLETE,61,78648,58523.93,0.25587516529345944,h7-2-outcome-analysis-v1,1886cb2c12f292f03d5deab7ef23200f02d1694d,b6472b761ef2550497ef86168b72457aba37fd68
2026-02-01,30,PRIMARY,ELIGIBLE,OUTCOME_COMPLETE,64,76895.53,62791,0.18342457617497399,h7-2-outcome-analysis-v1,1886cb2c12f292f03d5deab7ef23200f02d1694d,b6472b761ef2550497ef86168b72457aba37fd68
2026-02-01,90,SECONDARY,ELIGIBLE,OUTCOME_COMPLETE,64,76895.53,62791,0.18342457617497399,h7-2-outcome-analysis-v1,1886cb2c12f292f03d5deab7ef23200f02d1694d,b6472b761ef2550497ef86168b72457aba37fd68
2026-02-01,180,SECONDARY,ELIGIBLE,OUTCOME_COMPLETE,64,76895.53,58523.93,0.23891635833708402,h7-2-outcome-analysis-v1,1886cb2c12f292f03d5deab7ef23200f02d1694d,b6472b761ef2550497ef86168b72457aba37fd68
2026-02-02,30,PRIMARY,ELIGIBLE,OUTCOME_COMPLETE,63,78666.85,62791,0.2018111822197025,h7-2-outcome-analysis-v1,1886cb2c12f292f03d5deab7ef23200f02d1694d,b6472b761ef2550497ef86168b72457aba37fd68
2026-02-02,90,SECONDARY,ELIGIBLE,OUTCOME_COMPLETE,63,78666.85,62791,0.2018111822197025,h7-2-outcome-analysis-v1,1886cb2c12f292f03d5deab7ef23200f02d1694d,b6472b761ef2550497ef86168b72457aba37fd68
2026-02-02,180,SECONDARY,ELIGIBLE,OUTCOME_COMPLETE,63,78666.85,58523.93,0.25605347106182597,h7-2-outcome-analysis-v1,1886cb2c12f292f03d5deab7ef23200f02d1694d,b6472b761ef2550497ef86168b72457aba37fd68
2026-02-03,30,PRIMARY,ELIGIBLE,OUTCOME_COMPLETE,56,75661.49,62791,0.1701062191611612,h7-2-outcome-analysis-v1,1886cb2c12f292f03d5deab7ef23200f02d1694d,b6472b761ef2550497ef86168b72457aba37fd68
2026-02-03,90,SECONDARY,ELIGIBLE,OUTCOME_COMPLETE,56,75661.49,62791,0.1701062191611612,h7-2-outcome-analysis-v1,1886cb2c12f292f03d5deab7ef23200f02d1694d,b6472b761ef2550497ef86168b72457aba37fd68
2026-02-03,180,SECONDARY,ELIGIBLE,OUTCOME_COMPLETE,56,75661.49,58523.93,0.22650307309570572,h7-2-outcome-analysis-v1,1886cb2c12f292f03d5deab7ef23200f02d1694d,b6472b761ef2550497ef86168b72457aba37fd68
2026-02-04,30,PRIMARY,ELIGIBLE,OUTCOME_COMPLETE,59,72998,62791,0.139825748650648,h7-2-outcome-analysis-v1,1886cb2c12f292f03d5deab7ef23200f02d1694d,b6472b761ef2550497ef86168b72457aba37fd68
2026-02-04,90,SECONDARY,ELIGIBLE,OUTCOME_COMPLETE,59,72998,62791,0.139825748650648,h7-2-outcome-analysis-v1,1886cb2c12f292f03d5deab7ef23200f02d1694d,b6472b761ef2550497ef86168b72457aba37fd68
2026-02-04,180,SECONDARY,ELIGIBLE,OUTCOME_COMPLETE,59,72998,58523.93,0.19828036384558478,h7-2-outcome-analysis-v1,1886cb2c12f292f03d5deab7ef23200f02d1694d,b6472b761ef2550497ef86168b72457aba37fd68
2026-02-05,30,PRIMARY,ELIGIBLE,OUTCOME_COMPLETE,58,62791,62791,0,h7-2-outcome-analysis-v1,1886cb2c12f292f03d5deab7ef23200f02d1694d,b6472b761ef2550497ef86168b72457aba37fd68
2026-02-05,90,SECONDARY,ELIGIBLE,OUTCOME_COMPLETE,58,62791,62791,0,h7-2-outcome-analysis-v1,1886cb2c12f292f03d5deab7ef23200f02d1694d,b6472b761ef2550497ef86168b72457aba37fd68
2026-02-05,180,SECONDARY,ELIGIBLE,OUTCOME_COMPLETE,58,62791,58523.93,0.06795671354174959,h7-2-outcome-analysis-v1,1886cb2c12f292f03d5deab7ef23200f02d1694d,b6472b761ef2550497ef86168b72457aba37fd68
2026-02-06,30,PRIMARY,ELIGIBLE,OUTCOME_COMPLETE,57,70527.7,64068.33,0.09158628453784823,h7-2-outcome-analysis-v1,1886cb2c12f292f03d5deab7ef23200f02d1694d,b6472b761ef2550497ef86168b72457aba37fd68
2026-02-06,90,SECONDARY,ELIGIBLE,OUTCOME_COMPLETE,57,70527.7,64068.33,0.09158628453784823,h7-2-outcome-analysis-v1,1886cb2c12f292f03d5deab7ef23200f02d1694d,b6472b761ef2550497ef86168b72457aba37fd68
2026-02-06,180,SECONDARY,ELIGIBLE,OUTCOME_COMPLETE,57,70527.7,58523.93,0.17019936847508144,h7-2-outcome-analysis-v1,1886cb2c12f292f03d5deab7ef23200f02d1694d,b6472b761ef2550497ef86168b72457aba37fd68
2026-02-07,30,PRIMARY,ELIGIBLE,OUTCOME_COMPLETE,58,69244.74,64068.33,0.07475528105095064,h7-2-outcome-analysis-v1,1886cb2c12f292f03d5deab7ef23200f02d1694d,b6472b761ef2550497ef86168b72457aba37fd68
2026-02-07,90,SECONDARY,ELIGIBLE,OUTCOME_COMPLETE,58,69244.74,64068.33,0.07475528105095064,h7-2-outcome-analysis-v1,1886cb2c12f292f03d5deab7ef23200f02d1694d,b6472b761ef2550497ef86168b72457aba37fd68
2026-02-07,180,SECONDARY,ELIGIBLE,OUTCOME_COMPLETE,58,69244.74,58523.93,0.1548249007794672,h7-2-outcome-analysis-v1,1886cb2c12f292f03d5deab7ef23200f02d1694d,b6472b761ef2550497ef86168b72457aba37fd68
2026-02-08,30,PRIMARY,ELIGIBLE,OUTCOME_COMPLETE,58,70279.33,64068.33,0.08837591365768571,h7-2-outcome-analysis-v1,1886cb2c12f292f03d5deab7ef23200f02d1694d,b6472b761ef2550497ef86168b72457aba37fd68
2026-02-08,90,SECONDARY,ELIGIBLE,OUTCOME_COMPLETE,58,70279.33,64068.33,0.08837591365768571,h7-2-outcome-analysis-v1,1886cb2c12f292f03d5deab7ef23200f02d1694d,b6472b761ef2550497ef86168b72457aba37fd68
2026-02-08,180,SECONDARY,ELIGIBLE,OUTCOME_COMPLETE,58,70279.33,58523.93,0.1672668194190241,h7-2-outcome-analysis-v1,1886cb2c12f292f03d5deab7ef23200f02d1694d,b6472b761ef2550497ef86168b72457aba37fd68
2026-02-09,30,PRIMARY,ELIGIBLE,OUTCOME_COMPLETE,57,70101.99,64068.33,0.08606973924705996,h7-2-outcome-analysis-v1,1886cb2c12f292f03d5deab7ef23200f02d1694d,b6472b761ef2550497ef86168b72457aba37fd68
2026-02-09,90,SECONDARY,ELIGIBLE,OUTCOME_COMPLETE,57,70101.99,64068.33,0.08606973924705996,h7-2-outcome-analysis-v1,1886cb2c12f292f03d5deab7ef23200f02d1694d,b6472b761ef2550497ef86168b72457aba37fd68
2026-02-09,180,SECONDARY,ELIGIBLE,OUTCOME_COMPLETE,57,70101.99,58523.93,0.16516021870420516,h7-2-outcome-analysis-v1,1886cb2c12f292f03d5deab7ef23200f02d1694d,b6472b761ef2550497ef86168b72457aba37fd68
2026-02-10,30,PRIMARY,ELIGIBLE,OUTCOME_COMPLETE,55,68803.65,64068.33,0.06882367432541725,h7-2-outcome-analysis-v1,1886cb2c12f292f03d5deab7ef23200f02d1694d,b6472b761ef2550497ef86168b72457aba37fd68
2026-02-10,90,SECONDARY,ELIGIBLE,OUTCOME_COMPLETE,55,68803.65,64068.33,0.06882367432541725,h7-2-outcome-analysis-v1,1886cb2c12f292f03d5deab7ef23200f02d1694d,b6472b761ef2550497ef86168b72457aba37fd68
2026-02-10,180,SECONDARY,ELIGIBLE,OUTCOME_COMPLETE,55,68803.65,58523.93,0.14940660851568188,h7-2-outcome-analysis-v1,1886cb2c12f292f03d5deab7ef23200f02d1694d,b6472b761ef2550497ef86168b72457aba37fd68
2026-02-11,30,PRIMARY,ELIGIBLE,OUTCOME_COMPLETE,55,67024.93,64068.33,0.04411194461523482,h7-2-outcome-analysis-v1,1886cb2c12f292f03d5deab7ef23200f02d1694d,b6472b761ef2550497ef86168b72457aba37fd68
2026-02-11,90,SECONDARY,ELIGIBLE,OUTCOME_COMPLETE,55,67024.93,64068.33,0.04411194461523482,h7-2-outcome-analysis-v1,1886cb2c12f292f03d5deab7ef23200f02d1694d,b6472b761ef2550497ef86168b72457aba37fd68
2026-02-11,180,SECONDARY,ELIGIBLE,OUTCOME_COMPLETE,55,67024.93,58523.93,0.1268334036305595,h7-2-outcome-analysis-v1,1886cb2c12f292f03d5deab7ef23200f02d1694d,b6472b761ef2550497ef86168b72457aba37fd68
2026-02-12,30,PRIMARY,ELIGIBLE,OUTCOME_COMPLETE,54,66208,64068.33,0.03231739366843889,h7-2-outcome-analysis-v1,1886cb2c12f292f03d5deab7ef23200f02d1694d,b6472b761ef2550497ef86168b72457aba37fd68
2026-02-12,90,SECONDARY,ELIGIBLE,OUTCOME_COMPLETE,54,66208,64068.33,0.03231739366843889,h7-2-outcome-analysis-v1,1886cb2c12f292f03d5deab7ef23200f02d1694d,b6472b761ef2550497ef86168b72457aba37fd68
2026-02-12,180,SECONDARY,ELIGIBLE,OUTCOME_COMPLETE,54,66208,58523.93,0.11605953963267279,h7-2-outcome-analysis-v1,1886cb2c12f292f03d5deab7ef23200f02d1694d,b6472b761ef2550497ef86168b72457aba37fd68
2026-02-13,30,PRIMARY,ELIGIBLE,OUTCOME_COMPLETE,57,68812,64068.33,0.06893666802301923,h7-2-outcome-analysis-v1,1886cb2c12f292f03d5deab7ef23200f02d1694d,b6472b761ef2550497ef86168b72457aba37fd68
2026-02-13,90,SECONDARY,ELIGIBLE,OUTCOME_COMPLETE,57,68812,64068.33,0.06893666802301923,h7-2-outcome-analysis-v1,1886cb2c12f292f03d5deab7ef23200f02d1694d,b6472b761ef2550497ef86168b72457aba37fd68
2026-02-13,180,SECONDARY,ELIGIBLE,OUTCOME_COMPLETE,57,68812,58523.93,0.14950982386793,h7-2-outcome-analysis-v1,1886cb2c12f292f03d5deab7ef23200f02d1694d,b6472b761ef2550497ef86168b72457aba37fd68
2026-02-14,30,PRIMARY,ELIGIBLE,OUTCOME_COMPLETE,54,69786.96,64068.33,0.0819441053170965,h7-2-outcome-analysis-v1,1886cb2c12f292f03d5deab7ef23200f02d1694d,b6472b761ef2550497ef86168b72457aba37fd68
2026-02-14,90,SECONDARY,ELIGIBLE,OUTCOME_COMPLETE,54,69786.96,64068.33,0.0819441053170965,h7-2-outcome-analysis-v1,1886cb2c12f292f03d5deab7ef23200f02d1694d,b6472b761ef2550497ef86168b72457aba37fd68
2026-02-14,180,SECONDARY,ELIGIBLE,OUTCOME_COMPLETE,54,69786.96,58523.93,0.161391612415844,h7-2-outcome-analysis-v1,1886cb2c12f292f03d5deab7ef23200f02d1694d,b6472b761ef2550497ef86168b72457aba37fd68
2026-02-15,30,PRIMARY,ELIGIBLE,OUTCOME_COMPLETE,55,68792,64068.33,0.06866597860216306,h7-2-outcome-analysis-v1,1886cb2c12f292f03d5deab7ef23200f02d1694d,b6472b761ef2550497ef86168b72457aba37fd68
2026-02-15,90,SECONDARY,ELIGIBLE,OUTCOME_COMPLETE,55,68792,64068.33,0.06866597860216306,h7-2-outcome-analysis-v1,1886cb2c12f292f03d5deab7ef23200f02d1694d,b6472b761ef2550497ef86168b72457aba37fd68
2026-02-15,180,SECONDARY,ELIGIBLE,OUTCOME_COMPLETE,55,68792,58523.93,0.1492625595999535,h7-2-outcome-analysis-v1,1886cb2c12f292f03d5deab7ef23200f02d1694d,b6472b761ef2550497ef86168b72457aba37fd68
2026-02-16,30,PRIMARY,ELIGIBLE,OUTCOME_COMPLETE,55,68858.13,64068.33,0.06956041356336573,h7-2-outcome-analysis-v1,1886cb2c12f292f03d5deab7ef23200f02d1694d,b6472b761ef2550497ef86168b72457aba37fd68
2026-02-16,90,SECONDARY,ELIGIBLE,OUTCOME_COMPLETE,55,68858.13,64068.33,0.06956041356336573,h7-2-outcome-analysis-v1,1886cb2c12f292f03d5deab7ef23200f02d1694d,b6472b761ef2550497ef86168b72457aba37fd68
2026-02-16,180,SECONDARY,ELIGIBLE,OUTCOME_COMPLETE,55,68858.13,58523.93,0.15007959118262437,h7-2-outcome-analysis-v1,1886cb2c12f292f03d5deab7ef23200f02d1694d,b6472b761ef2550497ef86168b72457aba37fd68
2026-02-17,30,PRIMARY,ELIGIBLE,OUTCOME_COMPLETE,55,67466.7,64068.33,0.050371071951051394,h7-2-outcome-analysis-v1,1886cb2c12f292f03d5deab7ef23200f02d1694d,b6472b761ef2550497ef86168b72457aba37fd68
2026-02-17,90,SECONDARY,ELIGIBLE,OUTCOME_COMPLETE,55,67466.7,64068.33,0.050371071951051394,h7-2-outcome-analysis-v1,1886cb2c12f292f03d5deab7ef23200f02d1694d,b6472b761ef2550497ef86168b72457aba37fd68
2026-02-17,180,SECONDARY,ELIGIBLE,OUTCOME_COMPLETE,55,67466.7,58523.93,0.13255087324561599,h7-2-outcome-analysis-v1,1886cb2c12f292f03d5deab7ef23200f02d1694d,b6472b761ef2550497ef86168b72457aba37fd68
2026-02-18,30,PRIMARY,ELIGIBLE,OUTCOME_COMPLETE,56,66419.79,64068.33,0.035403002629186164,h7-2-outcome-analysis-v1,1886cb2c12f292f03d5deab7ef23200f02d1694d,b6472b761ef2550497ef86168b72457aba37fd68
2026-02-18,90,SECONDARY,ELIGIBLE,OUTCOME_COMPLETE,56,66419.79,64068.33,0.035403002629186164,h7-2-outcome-analysis-v1,1886cb2c12f292f03d5deab7ef23200f02d1694d,b6472b761ef2550497ef86168b72457aba37fd68
2026-02-18,180,SECONDARY,ELIGIBLE,OUTCOME_COMPLETE,56,66419.79,58523.93,0.11887812352312455,h7-2-outcome-analysis-v1,1886cb2c12f292f03d5deab7ef23200f02d1694d,b6472b761ef2550497ef86168b72457aba37fd68
2026-02-19,30,PRIMARY,ELIGIBLE,OUTCOME_COMPLETE,56,66972.5,64068.33,0.043363619396020736,h7-2-outcome-analysis-v1,1886cb2c12f292f03d5deab7ef23200f02d1694d,b6472b761ef2550497ef86168b72457aba37fd68
2026-02-19,90,SECONDARY,ELIGIBLE,OUTCOME_COMPLETE,56,66972.5,64068.33,0.043363619396020736,h7-2-outcome-analysis-v1,1886cb2c12f292f03d5deab7ef23200f02d1694d,b6472b761ef2550497ef86168b72457aba37fd68
2026-02-19,180,SECONDARY,ELIGIBLE,OUTCOME_COMPLETE,56,66972.5,58523.93,0.1261498376199186,h7-2-outcome-analysis-v1,1886cb2c12f292f03d5deab7ef23200f02d1694d,b6472b761ef2550497ef86168b72457aba37fd68
2026-02-20,30,PRIMARY,ELIGIBLE,OUTCOME_COMPLETE,56,67984.42,64068.33,0.057602756631592866,h7-2-outcome-analysis-v1,1886cb2c12f292f03d5deab7ef23200f02d1694d,b6472b761ef2550497ef86168b72457aba37fd68
2026-02-20,90,SECONDARY,ELIGIBLE,OUTCOME_COMPLETE,56,67984.42,64068.33,0.057602756631592866,h7-2-outcome-analysis-v1,1886cb2c12f292f03d5deab7ef23200f02d1694d,b6472b761ef2550497ef86168b72457aba37fd68
2026-02-20,180,SECONDARY,ELIGIBLE,OUTCOME_COMPLETE,56,67984.42,58523.93,0.13915673620514812,h7-2-outcome-analysis-v1,1886cb2c12f292f03d5deab7ef23200f02d1694d,b6472b761ef2550497ef86168b72457aba37fd68
2026-02-21,30,PRIMARY,ELIGIBLE,OUTCOME_COMPLETE,54,67955.78,64068.33,0.057205582806937105,h7-2-outcome-analysis-v1,1886cb2c12f292f03d5deab7ef23200f02d1694d,b6472b761ef2550497ef86168b72457aba37fd68
2026-02-21,90,SECONDARY,ELIGIBLE,OUTCOME_COMPLETE,54,67955.78,64068.33,0.057205582806937105,h7-2-outcome-analysis-v1,1886cb2c12f292f03d5deab7ef23200f02d1694d,b6472b761ef2550497ef86168b72457aba37fd68
2026-02-21,180,SECONDARY,ELIGIBLE,OUTCOME_INCOMPLETE,54,,,,h7-2-outcome-analysis-v1,1886cb2c12f292f03d5deab7ef23200f02d1694d,b6472b761ef2550497ef86168b72457aba37fd68
2026-02-22,30,PRIMARY,ELIGIBLE,OUTCOME_COMPLETE,54,67617.98,64068.33,0.052495652783475566,h7-2-outcome-analysis-v1,1886cb2c12f292f03d5deab7ef23200f02d1694d,b6472b761ef2550497ef86168b72457aba37fd68
2026-02-22,90,SECONDARY,ELIGIBLE,OUTCOME_COMPLETE,54,67617.98,64068.33,0.052495652783475566,h7-2-outcome-analysis-v1,1886cb2c12f292f03d5deab7ef23200f02d1694d,b6472b761ef2550497ef86168b72457aba37fd68
2026-02-22,180,SECONDARY,ELIGIBLE,OUTCOME_INCOMPLETE,54,,,,h7-2-outcome-analysis-v1,1886cb2c12f292f03d5deab7ef23200f02d1694d,b6472b761ef2550497ef86168b72457aba37fd68
2026-02-23,30,PRIMARY,ELIGIBLE,OUTCOME_COMPLETE,54,64625.78,64068.33,0.008625814651676111,h7-2-outcome-analysis-v1,1886cb2c12f292f03d5deab7ef23200f02d1694d,b6472b761ef2550497ef86168b72457aba37fd68
2026-02-23,90,SECONDARY,ELIGIBLE,OUTCOME_COMPLETE,54,64625.78,64068.33,0.008625814651676111,h7-2-outcome-analysis-v1,1886cb2c12f292f03d5deab7ef23200f02d1694d,b6472b761ef2550497ef86168b72457aba37fd68
2026-02-23,180,SECONDARY,ELIGIBLE,OUTCOME_INCOMPLETE,54,,,,h7-2-outcome-analysis-v1,1886cb2c12f292f03d5deab7ef23200f02d1694d,b6472b761ef2550497ef86168b72457aba37fd68
2026-02-24,30,PRIMARY,ELIGIBLE,OUTCOME_COMPLETE,55,64068.33,64068.33,0,h7-2-outcome-analysis-v1,1886cb2c12f292f03d5deab7ef23200f02d1694d,b6472b761ef2550497ef86168b72457aba37fd68
2026-02-24,90,SECONDARY,ELIGIBLE,OUTCOME_COMPLETE,55,64068.33,64068.33,0,h7-2-outcome-analysis-v1,1886cb2c12f292f03d5deab7ef23200f02d1694d,b6472b761ef2550497ef86168b72457aba37fd68
2026-02-24,180,SECONDARY,ELIGIBLE,OUTCOME_INCOMPLETE,55,,,,h7-2-outcome-analysis-v1,1886cb2c12f292f03d5deab7ef23200f02d1694d,b6472b761ef2550497ef86168b72457aba37fd68
2026-02-25,30,PRIMARY,ELIGIBLE,OUTCOME_COMPLETE,53,67992.68,65769,0.03270469703503365,h7-2-outcome-analysis-v1,1886cb2c12f292f03d5deab7ef23200f02d1694d,b6472b761ef2550497ef86168b72457aba37fd68
2026-02-25,90,SECONDARY,ELIGIBLE,OUTCOME_COMPLETE,53,67992.68,65769,0.03270469703503365,h7-2-outcome-analysis-v1,1886cb2c12f292f03d5deab7ef23200f02d1694d,b6472b761ef2550497ef86168b72457aba37fd68
2026-02-25,180,SECONDARY,ELIGIBLE,OUTCOME_INCOMPLETE,53,,,,h7-2-outcome-analysis-v1,1886cb2c12f292f03d5deab7ef23200f02d1694d,b6472b761ef2550497ef86168b72457aba37fd68
2026-02-26,30,PRIMARY,ELIGIBLE,OUTCOME_COMPLETE,51,67490.51,65769,0.02550743800869182,h7-2-outcome-analysis-v1,1886cb2c12f292f03d5deab7ef23200f02d1694d,b6472b761ef2550497ef86168b72457aba37fd68
2026-02-26,90,SECONDARY,ELIGIBLE,OUTCOME_COMPLETE,51,67490.51,65769,0.02550743800869182,h7-2-outcome-analysis-v1,1886cb2c12f292f03d5deab7ef23200f02d1694d,b6472b761ef2550497ef86168b72457aba37fd68
2026-02-26,180,SECONDARY,ELIGIBLE,OUTCOME_INCOMPLETE,51,,,,h7-2-outcome-analysis-v1,1886cb2c12f292f03d5deab7ef23200f02d1694d,b6472b761ef2550497ef86168b72457aba37fd68
2026-02-27,30,PRIMARY,ELIGIBLE,OUTCOME_COMPLETE,49,65859.94,65769,0.0013808090320155397,h7-2-outcome-analysis-v1,1886cb2c12f292f03d5deab7ef23200f02d1694d,b6472b761ef2550497ef86168b72457aba37fd68
2026-02-27,90,SECONDARY,ELIGIBLE,OUTCOME_COMPLETE,49,65859.94,65769,0.0013808090320155397,h7-2-outcome-analysis-v1,1886cb2c12f292f03d5deab7ef23200f02d1694d,b6472b761ef2550497ef86168b72457aba37fd68
2026-02-27,180,SECONDARY,ELIGIBLE,OUTCOME_INCOMPLETE,49,,,,h7-2-outcome-analysis-v1,1886cb2c12f292f03d5deab7ef23200f02d1694d,b6472b761ef2550497ef86168b72457aba37fd68
2026-02-28,30,PRIMARY,ELIGIBLE,OUTCOME_COMPLETE,49,66967.85,65769,0.017901873809596736,h7-2-outcome-analysis-v1,1886cb2c12f292f03d5deab7ef23200f02d1694d,b6472b761ef2550497ef86168b72457aba37fd68
2026-02-28,90,SECONDARY,ELIGIBLE,OUTCOME_COMPLETE,49,66967.85,65769,0.017901873809596736,h7-2-outcome-analysis-v1,1886cb2c12f292f03d5deab7ef23200f02d1694d,b6472b761ef2550497ef86168b72457aba37fd68
2026-02-28,180,SECONDARY,ELIGIBLE,OUTCOME_INCOMPLETE,49,,,,h7-2-outcome-analysis-v1,1886cb2c12f292f03d5deab7ef23200f02d1694d,b6472b761ef2550497ef86168b72457aba37fd68
2026-03-01,30,PRIMARY,ELIGIBLE,OUTCOME_COMPLETE,49,65769,65769,0,h7-2-outcome-analysis-v1,1886cb2c12f292f03d5deab7ef23200f02d1694d,b6472b761ef2550497ef86168b72457aba37fd68
2026-03-01,90,SECONDARY,ELIGIBLE,OUTCOME_COMPLETE,49,65769,65769,0,h7-2-outcome-analysis-v1,1886cb2c12f292f03d5deab7ef23200f02d1694d,b6472b761ef2550497ef86168b72457aba37fd68
2026-03-01,180,SECONDARY,ELIGIBLE,OUTCOME_INCOMPLETE,49,,,,h7-2-outcome-analysis-v1,1886cb2c12f292f03d5deab7ef23200f02d1694d,b6472b761ef2550497ef86168b72457aba37fd68
2026-03-02,30,PRIMARY,ELIGIBLE,OUTCOME_COMPLETE,50,68832.01,65956.94,0.04176937445238038,h7-2-outcome-analysis-v1,1886cb2c12f292f03d5deab7ef23200f02d1694d,b6472b761ef2550497ef86168b72457aba37fd68
2026-03-02,90,SECONDARY,ELIGIBLE,OUTCOME_COMPLETE,50,68832.01,65956.94,0.04176937445238038,h7-2-outcome-analysis-v1,1886cb2c12f292f03d5deab7ef23200f02d1694d,b6472b761ef2550497ef86168b72457aba37fd68
2026-03-02,180,SECONDARY,ELIGIBLE,OUTCOME_INCOMPLETE,50,,,,h7-2-outcome-analysis-v1,1886cb2c12f292f03d5deab7ef23200f02d1694d,b6472b761ef2550497ef86168b72457aba37fd68
2026-03-03,30,PRIMARY,ELIGIBLE,OUTCOME_COMPLETE,52,68335.99,65956.94,0.034814012352788026,h7-2-outcome-analysis-v1,1886cb2c12f292f03d5deab7ef23200f02d1694d,b6472b761ef2550497ef86168b72457aba37fd68
2026-03-03,90,SECONDARY,ELIGIBLE,OUTCOME_COMPLETE,52,68335.99,65956.94,0.034814012352788026,h7-2-outcome-analysis-v1,1886cb2c12f292f03d5deab7ef23200f02d1694d,b6472b761ef2550497ef86168b72457aba37fd68
2026-03-03,180,SECONDARY,ELIGIBLE,OUTCOME_INCOMPLETE,52,,,,h7-2-outcome-analysis-v1,1886cb2c12f292f03d5deab7ef23200f02d1694d,b6472b761ef2550497ef86168b72457aba37fd68
2026-03-04,30,PRIMARY,ELIGIBLE,OUTCOME_COMPLETE,55,72683.26,65956.94,0.09254290465232284,h7-2-outcome-analysis-v1,1886cb2c12f292f03d5deab7ef23200f02d1694d,b6472b761ef2550497ef86168b72457aba37fd68
2026-03-04,90,SECONDARY,ELIGIBLE,OUTCOME_COMPLETE,55,72683.26,65956.94,0.09254290465232284,h7-2-outcome-analysis-v1,1886cb2c12f292f03d5deab7ef23200f02d1694d,b6472b761ef2550497ef86168b72457aba37fd68
2026-03-04,180,SECONDARY,ELIGIBLE,OUTCOME_INCOMPLETE,55,,,,h7-2-outcome-analysis-v1,1886cb2c12f292f03d5deab7ef23200f02d1694d,b6472b761ef2550497ef86168b72457aba37fd68
2026-03-05,30,PRIMARY,ELIGIBLE,OUTCOME_COMPLETE,54,70887.6,65956.94,0.06955602954536477,h7-2-outcome-analysis-v1,1886cb2c12f292f03d5deab7ef23200f02d1694d,b6472b761ef2550497ef86168b72457aba37fd68
2026-03-05,90,SECONDARY,ELIGIBLE,OUTCOME_COMPLETE,54,70887.6,64040,0.09659799457168816,h7-2-outcome-analysis-v1,1886cb2c12f292f03d5deab7ef23200f02d1694d,b6472b761ef2550497ef86168b72457aba37fd68
2026-03-05,180,SECONDARY,ELIGIBLE,OUTCOME_INCOMPLETE,54,,,,h7-2-outcome-analysis-v1,1886cb2c12f292f03d5deab7ef23200f02d1694d,b6472b761ef2550497ef86168b72457aba37fd68
2026-03-06,30,PRIMARY,NOT_ELIGIBLE,XR_NOT_ELIGIBLE,,,,,h7-2-outcome-analysis-v1,1886cb2c12f292f03d5deab7ef23200f02d1694d,b6472b761ef2550497ef86168b72457aba37fd68
2026-03-06,90,SECONDARY,NOT_ELIGIBLE,XR_NOT_ELIGIBLE,,,,,h7-2-outcome-analysis-v1,1886cb2c12f292f03d5deab7ef23200f02d1694d,b6472b761ef2550497ef86168b72457aba37fd68
2026-03-06,180,SECONDARY,NOT_ELIGIBLE,XR_NOT_ELIGIBLE,,,,,h7-2-outcome-analysis-v1,1886cb2c12f292f03d5deab7ef23200f02d1694d,b6472b761ef2550497ef86168b72457aba37fd68
2026-03-07,30,PRIMARY,ELIGIBLE,OUTCOME_COMPLETE,57,67259.62,65956.94,0.01936793576889062,h7-2-outcome-analysis-v1,1886cb2c12f292f03d5deab7ef23200f02d1694d,b6472b761ef2550497ef86168b72457aba37fd68
2026-03-07,90,SECONDARY,ELIGIBLE,OUTCOME_COMPLETE,57,67259.62,61032,0.0925907699151437,h7-2-outcome-analysis-v1,1886cb2c12f292f03d5deab7ef23200f02d1694d,b6472b761ef2550497ef86168b72457aba37fd68
2026-03-07,180,SECONDARY,ELIGIBLE,OUTCOME_INCOMPLETE,57,,,,h7-2-outcome-analysis-v1,1886cb2c12f292f03d5deab7ef23200f02d1694d,b6472b761ef2550497ef86168b72457aba37fd68
2026-03-08,30,PRIMARY,ELIGIBLE,OUTCOME_COMPLETE,56,65970.56,65956.94,0.0002064557281308277,h7-2-outcome-analysis-v1,1886cb2c12f292f03d5deab7ef23200f02d1694d,b6472b761ef2550497ef86168b72457aba37fd68
2026-03-08,90,SECONDARY,ELIGIBLE,OUTCOME_COMPLETE,56,65970.56,60850.48,0.07761158916947186,h7-2-outcome-analysis-v1,1886cb2c12f292f03d5deab7ef23200f02d1694d,b6472b761ef2550497ef86168b72457aba37fd68
2026-03-08,180,SECONDARY,ELIGIBLE,OUTCOME_INCOMPLETE,56,,,,h7-2-outcome-analysis-v1,1886cb2c12f292f03d5deab7ef23200f02d1694d,b6472b761ef2550497ef86168b72457aba37fd68
2026-03-09,30,PRIMARY,ELIGIBLE,OUTCOME_COMPLETE,54,68432.17,65956.94,0.03617056130179708,h7-2-outcome-analysis-v1,1886cb2c12f292f03d5deab7ef23200f02d1694d,b6472b761ef2550497ef86168b72457aba37fd68
2026-03-09,90,SECONDARY,ELIGIBLE,OUTCOME_COMPLETE,54,68432.17,60850.48,0.11079131350065319,h7-2-outcome-analysis-v1,1886cb2c12f292f03d5deab7ef23200f02d1694d,b6472b761ef2550497ef86168b72457aba37fd68
2026-03-09,180,SECONDARY,ELIGIBLE,OUTCOME_INCOMPLETE,54,,,,h7-2-outcome-analysis-v1,1886cb2c12f292f03d5deab7ef23200f02d1694d,b6472b761ef2550497ef86168b72457aba37fd68
2026-03-10,30,PRIMARY,ELIGIBLE,OUTCOME_COMPLETE,55,69960.83,65956.94,0.05723045309782626,h7-2-outcome-analysis-v1,1886cb2c12f292f03d5deab7ef23200f02d1694d,b6472b761ef2550497ef86168b72457aba37fd68
2026-03-10,90,SECONDARY,ELIGIBLE,OUTCOME_COMPLETE,55,69960.83,60850.48,0.1302207249399414,h7-2-outcome-analysis-v1,1886cb2c12f292f03d5deab7ef23200f02d1694d,b6472b761ef2550497ef86168b72457aba37fd68
2026-03-10,180,SECONDARY,ELIGIBLE,OUTCOME_INCOMPLETE,55,,,,h7-2-outcome-analysis-v1,1886cb2c12f292f03d5deab7ef23200f02d1694d,b6472b761ef2550497ef86168b72457aba37fd68
2026-03-11,30,PRIMARY,ELIGIBLE,OUTCOME_COMPLETE,52,70208,65956.94,0.06054951002734732,h7-2-outcome-analysis-v1,1886cb2c12f292f03d5deab7ef23200f02d1694d,b6472b761ef2550497ef86168b72457aba37fd68
2026-03-11,90,SECONDARY,ELIGIBLE,OUTCOME_COMPLETE,52,70208,60850.48,0.13328281677301723,h7-2-outcome-analysis-v1,1886cb2c12f292f03d5deab7ef23200f02d1694d,b6472b761ef2550497ef86168b72457aba37fd68
2026-03-11,180,SECONDARY,ELIGIBLE,OUTCOME_INCOMPLETE,52,,,,h7-2-outcome-analysis-v1,1886cb2c12f292f03d5deab7ef23200f02d1694d,b6472b761ef2550497ef86168b72457aba37fd68
2026-03-12,30,PRIMARY,ELIGIBLE,OUTCOME_COMPLETE,52,70531.56,65956.94,0.0648591921120133,h7-2-outcome-analysis-v1,1886cb2c12f292f03d5deab7ef23200f02d1694d,b6472b761ef2550497ef86168b72457aba37fd68
2026-03-12,90,SECONDARY,ELIGIBLE,OUTCOME_COMPLETE,52,70531.56,60850.48,0.13725883845472853,h7-2-outcome-analysis-v1,1886cb2c12f292f03d5deab7ef23200f02d1694d,b6472b761ef2550497ef86168b72457aba37fd68
2026-03-12,180,SECONDARY,ELIGIBLE,OUTCOME_INCOMPLETE,52,,,,h7-2-outcome-analysis-v1,1886cb2c12f292f03d5deab7ef23200f02d1694d,b6472b761ef2550497ef86168b72457aba37fd68
2026-03-13,30,PRIMARY,ELIGIBLE,OUTCOME_COMPLETE,52,70944.33,65956.94,0.07030005075810852,h7-2-outcome-analysis-v1,1886cb2c12f292f03d5deab7ef23200f02d1694d,b6472b761ef2550497ef86168b72457aba37fd68
2026-03-13,90,SECONDARY,ELIGIBLE,OUTCOME_COMPLETE,52,70944.33,60850.48,0.1422784597444221,h7-2-outcome-analysis-v1,1886cb2c12f292f03d5deab7ef23200f02d1694d,b6472b761ef2550497ef86168b72457aba37fd68
2026-03-13,180,SECONDARY,ELIGIBLE,OUTCOME_INCOMPLETE,52,,,,h7-2-outcome-analysis-v1,1886cb2c12f292f03d5deab7ef23200f02d1694d,b6472b761ef2550497ef86168b72457aba37fd68
2026-03-14,30,PRIMARY,ELIGIBLE,OUTCOME_COMPLETE,50,71232.02,65956.94,0.07405489834487355,h7-2-outcome-analysis-v1,1886cb2c12f292f03d5deab7ef23200f02d1694d,b6472b761ef2550497ef86168b72457aba37fd68
2026-03-14,90,SECONDARY,ELIGIBLE,OUTCOME_COMPLETE,50,71232.02,60850.48,0.14574260283507334,h7-2-outcome-analysis-v1,1886cb2c12f292f03d5deab7ef23200f02d1694d,b6472b761ef2550497ef86168b72457aba37fd68
2026-03-14,180,SECONDARY,ELIGIBLE,OUTCOME_INCOMPLETE,50,,,,h7-2-outcome-analysis-v1,1886cb2c12f292f03d5deab7ef23200f02d1694d,b6472b761ef2550497ef86168b72457aba37fd68
2026-03-15,30,PRIMARY,ELIGIBLE,OUTCOME_COMPLETE,51,72830.01,65956.94,0.0943713999215432,h7-2-outcome-analysis-v1,1886cb2c12f292f03d5deab7ef23200f02d1694d,b6472b761ef2550497ef86168b72457aba37fd68
2026-03-15,90,SECONDARY,ELIGIBLE,OUTCOME_COMPLETE,51,72830.01,60850.48,0.16448617815650435,h7-2-outcome-analysis-v1,1886cb2c12f292f03d5deab7ef23200f02d1694d,b6472b761ef2550497ef86168b72457aba37fd68
2026-03-15,180,SECONDARY,ELIGIBLE,OUTCOME_INCOMPLETE,51,,,,h7-2-outcome-analysis-v1,1886cb2c12f292f03d5deab7ef23200f02d1694d,b6472b761ef2550497ef86168b72457aba37fd68
2026-03-16,30,PRIMARY,ELIGIBLE,OUTCOME_COMPLETE,53,74886.47,65956.94,0.11924089892339695,h7-2-outcome-analysis-v1,1886cb2c12f292f03d5deab7ef23200f02d1694d,b6472b761ef2550497ef86168b72457aba37fd68
2026-03-16,90,SECONDARY,ELIGIBLE,OUTCOME_COMPLETE,53,74886.47,60850.48,0.187430252754603,h7-2-outcome-analysis-v1,1886cb2c12f292f03d5deab7ef23200f02d1694d,b6472b761ef2550497ef86168b72457aba37fd68
2026-03-16,180,SECONDARY,ELIGIBLE,OUTCOME_INCOMPLETE,53,,,,h7-2-outcome-analysis-v1,1886cb2c12f292f03d5deab7ef23200f02d1694d,b6472b761ef2550497ef86168b72457aba37fd68
2026-03-17,30,PRIMARY,ELIGIBLE,OUTCOME_COMPLETE,52,73934.11,65956.94,0.10789566547835627,h7-2-outcome-analysis-v1,1886cb2c12f292f03d5deab7ef23200f02d1694d,b6472b761ef2550497ef86168b72457aba37fd68
2026-03-17,90,SECONDARY,ELIGIBLE,OUTCOME_COMPLETE,52,73934.11,60850.48,0.17696337996088674,h7-2-outcome-analysis-v1,1886cb2c12f292f03d5deab7ef23200f02d1694d,b6472b761ef2550497ef86168b72457aba37fd68
2026-03-17,180,SECONDARY,ELIGIBLE,OUTCOME_INCOMPLETE,52,,,,h7-2-outcome-analysis-v1,1886cb2c12f292f03d5deab7ef23200f02d1694d,b6472b761ef2550497ef86168b72457aba37fd68
2026-03-18,30,PRIMARY,ELIGIBLE,OUTCOME_COMPLETE,53,71245.02,65956.94,0.07422385452344604,h7-2-outcome-analysis-v1,1886cb2c12f292f03d5deab7ef23200f02d1694d,b6472b761ef2550497ef86168b72457aba37fd68
2026-03-18,90,SECONDARY,ELIGIBLE,OUTCOME_COMPLETE,53,71245.02,60850.48,0.14589847823749647,h7-2-outcome-analysis-v1,1886cb2c12f292f03d5deab7ef23200f02d1694d,b6472b761ef2550497ef86168b72457aba37fd68
2026-03-18,180,SECONDARY,ELIGIBLE,OUTCOME_INCOMPLETE,53,,,,h7-2-outcome-analysis-v1,1886cb2c12f292f03d5deab7ef23200f02d1694d,b6472b761ef2550497ef86168b72457aba37fd68
2026-03-19,30,PRIMARY,ELIGIBLE,OUTCOME_COMPLETE,52,69918.3,65956.94,0.05665698393696639,h7-2-outcome-analysis-v1,1886cb2c12f292f03d5deab7ef23200f02d1694d,b6472b761ef2550497ef86168b72457aba37fd68
2026-03-19,90,SECONDARY,ELIGIBLE,OUTCOME_COMPLETE,52,69918.3,60850.48,0.12969165440235242,h7-2-outcome-analysis-v1,1886cb2c12f292f03d5deab7ef23200f02d1694d,b6472b761ef2550497ef86168b72457aba37fd68
2026-03-19,180,SECONDARY,ELIGIBLE,OUTCOME_INCOMPLETE,52,,,,h7-2-outcome-analysis-v1,1886cb2c12f292f03d5deab7ef23200f02d1694d,b6472b761ef2550497ef86168b72457aba37fd68
2026-03-20,30,PRIMARY,ELIGIBLE,OUTCOME_COMPLETE,50,70497.01,65956.94,0.06440088735678284,h7-2-outcome-analysis-v1,1886cb2c12f292f03d5deab7ef23200f02d1694d,b6472b761ef2550497ef86168b72457aba37fd68
2026-03-20,90,SECONDARY,ELIGIBLE,OUTCOME_COMPLETE,50,70497.01,60850.48,0.13683601616579188,h7-2-outcome-analysis-v1,1886cb2c12f292f03d5deab7ef23200f02d1694d,b6472b761ef2550497ef86168b72457aba37fd68
2026-03-20,180,SECONDARY,ELIGIBLE,OUTCOME_INCOMPLETE,50,,,,h7-2-outcome-analysis-v1,1886cb2c12f292f03d5deab7ef23200f02d1694d,b6472b761ef2550497ef86168b72457aba37fd68
2026-03-21,30,PRIMARY,ELIGIBLE,OUTCOME_COMPLETE,51,68912.02,65956.94,0.04288192393721735,h7-2-outcome-analysis-v1,1886cb2c12f292f03d5deab7ef23200f02d1694d,b6472b761ef2550497ef86168b72457aba37fd68
2026-03-21,90,SECONDARY,ELIGIBLE,OUTCOME_COMPLETE,51,68912.02,60850.48,0.11698307494106253,h7-2-outcome-analysis-v1,1886cb2c12f292f03d5deab7ef23200f02d1694d,b6472b761ef2550497ef86168b72457aba37fd68
2026-03-21,180,SECONDARY,ELIGIBLE,OUTCOME_INCOMPLETE,51,,,,h7-2-outcome-analysis-v1,1886cb2c12f292f03d5deab7ef23200f02d1694d,b6472b761ef2550497ef86168b72457aba37fd68
2026-03-22,30,PRIMARY,ELIGIBLE,OUTCOME_COMPLETE,49,67844.94,65956.94,0.02782816227709839,h7-2-outcome-analysis-v1,1886cb2c12f292f03d5deab7ef23200f02d1694d,b6472b761ef2550497ef86168b72457aba37fd68
2026-03-22,90,SECONDARY,ELIGIBLE,OUTCOME_COMPLETE,49,67844.94,60850.48,0.10309479233086505,h7-2-outcome-analysis-v1,1886cb2c12f292f03d5deab7ef23200f02d1694d,b6472b761ef2550497ef86168b72457aba37fd68
2026-03-22,180,SECONDARY,ELIGIBLE,OUTCOME_INCOMPLETE,49,,,,h7-2-outcome-analysis-v1,1886cb2c12f292f03d5deab7ef23200f02d1694d,b6472b761ef2550497ef86168b72457aba37fd68
2026-03-23,30,PRIMARY,ELIGIBLE,OUTCOME_COMPLETE,51,70874.23,65956.94,0.0693805068499509,h7-2-outcome-analysis-v1,1886cb2c12f292f03d5deab7ef23200f02d1694d,b6472b761ef2550497ef86168b72457aba37fd68
2026-03-23,90,SECONDARY,ELIGIBLE,OUTCOME_COMPLETE,51,70874.23,60850.48,0.141430107953201,h7-2-outcome-analysis-v1,1886cb2c12f292f03d5deab7ef23200f02d1694d,b6472b761ef2550497ef86168b72457aba37fd68
2026-03-23,180,SECONDARY,ELIGIBLE,OUTCOME_INCOMPLETE,51,,,,h7-2-outcome-analysis-v1,1886cb2c12f292f03d5deab7ef23200f02d1694d,b6472b761ef2550497ef86168b72457aba37fd68
2026-03-24,30,PRIMARY,ELIGIBLE,OUTCOME_COMPLETE,50,70533.49,65956.94,0.0648847802653747,h7-2-outcome-analysis-v1,1886cb2c12f292f03d5deab7ef23200f02d1694d,b6472b761ef2550497ef86168b72457aba37fd68
2026-03-24,90,SECONDARY,ELIGIBLE,OUTCOME_COMPLETE,50,70533.49,60850.48,0.1372824455446625,h7-2-outcome-analysis-v1,1886cb2c12f292f03d5deab7ef23200f02d1694d,b6472b761ef2550497ef86168b72457aba37fd68
2026-03-24,180,SECONDARY,ELIGIBLE,OUTCOME_INCOMPLETE,50,,,,h7-2-outcome-analysis-v1,1886cb2c12f292f03d5deab7ef23200f02d1694d,b6472b761ef2550497ef86168b72457aba37fd68
2026-03-25,30,PRIMARY,NOT_ELIGIBLE,XR_NOT_ELIGIBLE,,,,,h7-2-outcome-analysis-v1,1886cb2c12f292f03d5deab7ef23200f02d1694d,b6472b761ef2550497ef86168b72457aba37fd68
2026-03-25,90,SECONDARY,NOT_ELIGIBLE,XR_NOT_ELIGIBLE,,,,,h7-2-outcome-analysis-v1,1886cb2c12f292f03d5deab7ef23200f02d1694d,b6472b761ef2550497ef86168b72457aba37fd68
2026-03-25,180,SECONDARY,NOT_ELIGIBLE,XR_NOT_ELIGIBLE,,,,,h7-2-outcome-analysis-v1,1886cb2c12f292f03d5deab7ef23200f02d1694d,b6472b761ef2550497ef86168b72457aba37fd68
2026-03-26,30,PRIMARY,ELIGIBLE,OUTCOME_COMPLETE,50,68769.02,65956.94,0.04089166895209506,h7-2-outcome-analysis-v1,1886cb2c12f292f03d5deab7ef23200f02d1694d,b6472b761ef2550497ef86168b72457aba37fd68
2026-03-26,90,SECONDARY,ELIGIBLE,OUTCOME_COMPLETE,50,68769.02,60850.48,0.1151469077209476,h7-2-outcome-analysis-v1,1886cb2c12f292f03d5deab7ef23200f02d1694d,b6472b761ef2550497ef86168b72457aba37fd68
2026-03-26,180,SECONDARY,ELIGIBLE,OUTCOME_INCOMPLETE,50,,,,h7-2-outcome-analysis-v1,1886cb2c12f292f03d5deab7ef23200f02d1694d,b6472b761ef2550497ef86168b72457aba37fd68
2026-03-27,30,PRIMARY,ELIGIBLE,OUTCOME_COMPLETE,52,66353.34,65956.94,0.005974077567157843,h7-2-outcome-analysis-v1,1886cb2c12f292f03d5deab7ef23200f02d1694d,b6472b761ef2550497ef86168b72457aba37fd68
2026-03-27,90,SECONDARY,ELIGIBLE,OUTCOME_COMPLETE,52,66353.34,59703.65,0.1002163568555855,h7-2-outcome-analysis-v1,1886cb2c12f292f03d5deab7ef23200f02d1694d,b6472b761ef2550497ef86168b72457aba37fd68
2026-03-27,180,SECONDARY,ELIGIBLE,OUTCOME_INCOMPLETE,52,,,,h7-2-outcome-analysis-v1,1886cb2c12f292f03d5deab7ef23200f02d1694d,b6472b761ef2550497ef86168b72457aba37fd68
2026-03-28,30,PRIMARY,ELIGIBLE,OUTCOME_COMPLETE,52,66320.15,65956.94,0.005476616081236174,h7-2-outcome-analysis-v1,1886cb2c12f292f03d5deab7ef23200f02d1694d,b6472b761ef2550497ef86168b72457aba37fd68
2026-03-28,90,SECONDARY,ELIGIBLE,OUTCOME_COMPLETE,52,66320.15,59703.65,0.09976605903334046,h7-2-outcome-analysis-v1,1886cb2c12f292f03d5deab7ef23200f02d1694d,b6472b761ef2550497ef86168b72457aba37fd68
2026-03-28,180,SECONDARY,ELIGIBLE,OUTCOME_INCOMPLETE,52,,,,h7-2-outcome-analysis-v1,1886cb2c12f292f03d5deab7ef23200f02d1694d,b6472b761ef2550497ef86168b72457aba37fd68
2026-03-29,30,PRIMARY,NOT_ELIGIBLE,XR_NOT_ELIGIBLE,,,,,h7-2-outcome-analysis-v1,1886cb2c12f292f03d5deab7ef23200f02d1694d,b6472b761ef2550497ef86168b72457aba37fd68
2026-03-29,90,SECONDARY,NOT_ELIGIBLE,XR_NOT_ELIGIBLE,,,,,h7-2-outcome-analysis-v1,1886cb2c12f292f03d5deab7ef23200f02d1694d,b6472b761ef2550497ef86168b72457aba37fd68
2026-03-29,180,SECONDARY,NOT_ELIGIBLE,XR_NOT_ELIGIBLE,,,,,h7-2-outcome-analysis-v1,1886cb2c12f292f03d5deab7ef23200f02d1694d,b6472b761ef2550497ef86168b72457aba37fd68
2026-03-30,30,PRIMARY,NOT_ELIGIBLE,XR_NOT_ELIGIBLE,,,,,h7-2-outcome-analysis-v1,1886cb2c12f292f03d5deab7ef23200f02d1694d,b6472b761ef2550497ef86168b72457aba37fd68
2026-03-30,90,SECONDARY,NOT_ELIGIBLE,XR_NOT_ELIGIBLE,,,,,h7-2-outcome-analysis-v1,1886cb2c12f292f03d5deab7ef23200f02d1694d,b6472b761ef2550497ef86168b72457aba37fd68
2026-03-30,180,SECONDARY,NOT_ELIGIBLE,XR_NOT_ELIGIBLE,,,,,h7-2-outcome-analysis-v1,1886cb2c12f292f03d5deab7ef23200f02d1694d,b6472b761ef2550497ef86168b72457aba37fd68
2026-03-31,30,PRIMARY,ELIGIBLE,OUTCOME_COMPLETE,55,68221.85,66894.48,0.01945666967401216,h7-2-outcome-analysis-v1,1886cb2c12f292f03d5deab7ef23200f02d1694d,b6472b761ef2550497ef86168b72457aba37fd68
2026-03-31,90,SECONDARY,ELIGIBLE,OUTCOME_COMPLETE,55,68221.85,59474.01,0.12822636735884474,h7-2-outcome-analysis-v1,1886cb2c12f292f03d5deab7ef23200f02d1694d,b6472b761ef2550497ef86168b72457aba37fd68
2026-03-31,180,SECONDARY,ELIGIBLE,OUTCOME_INCOMPLETE,55,,,,h7-2-outcome-analysis-v1,1886cb2c12f292f03d5deab7ef23200f02d1694d,b6472b761ef2550497ef86168b72457aba37fd68
2026-04-01,30,PRIMARY,ELIGIBLE,OUTCOME_COMPLETE,55,68112.35,66894.48,0.01788031098618692,h7-2-outcome-analysis-v1,1886cb2c12f292f03d5deab7ef23200f02d1694d,b6472b761ef2550497ef86168b72457aba37fd68
2026-04-01,90,SECONDARY,ELIGIBLE,OUTCOME_COMPLETE,55,68112.35,58523.93,0.14077358951790686,h7-2-outcome-analysis-v1,1886cb2c12f292f03d5deab7ef23200f02d1694d,b6472b761ef2550497ef86168b72457aba37fd68
2026-04-01,180,SECONDARY,ELIGIBLE,OUTCOME_INCOMPLETE,55,,,,h7-2-outcome-analysis-v1,1886cb2c12f292f03d5deab7ef23200f02d1694d,b6472b761ef2550497ef86168b72457aba37fd68
2026-04-02,30,PRIMARY,ELIGIBLE,OUTCOME_COMPLETE,54,66894.48,66894.48,0,h7-2-outcome-analysis-v1,1886cb2c12f292f03d5deab7ef23200f02d1694d,b6472b761ef2550497ef86168b72457aba37fd68
2026-04-02,90,SECONDARY,ELIGIBLE,OUTCOME_COMPLETE,54,66894.48,58523.93,0.1251306535307547,h7-2-outcome-analysis-v1,1886cb2c12f292f03d5deab7ef23200f02d1694d,b6472b761ef2550497ef86168b72457aba37fd68
2026-04-02,180,SECONDARY,ELIGIBLE,OUTCOME_INCOMPLETE,54,,,,h7-2-outcome-analysis-v1,1886cb2c12f292f03d5deab7ef23200f02d1694d,b6472b761ef2550497ef86168b72457aba37fd68
2026-04-03,30,PRIMARY,ELIGIBLE,OUTCOME_COMPLETE,56,66959.99,66959.99,0,h7-2-outcome-analysis-v1,1886cb2c12f292f03d5deab7ef23200f02d1694d,b6472b761ef2550497ef86168b72457aba37fd68
2026-04-03,90,SECONDARY,ELIGIBLE,OUTCOME_COMPLETE,56,66959.99,58523.93,0.1259865779549848,h7-2-outcome-analysis-v1,1886cb2c12f292f03d5deab7ef23200f02d1694d,b6472b761ef2550497ef86168b72457aba37fd68
2026-04-03,180,SECONDARY,ELIGIBLE,OUTCOME_INCOMPLETE,56,,,,h7-2-outcome-analysis-v1,1886cb2c12f292f03d5deab7ef23200f02d1694d,b6472b761ef2550497ef86168b72457aba37fd68
2026-04-04,30,PRIMARY,NOT_ELIGIBLE,XR_NOT_ELIGIBLE,,,,,h7-2-outcome-analysis-v1,1886cb2c12f292f03d5deab7ef23200f02d1694d,b6472b761ef2550497ef86168b72457aba37fd68
2026-04-04,90,SECONDARY,NOT_ELIGIBLE,XR_NOT_ELIGIBLE,,,,,h7-2-outcome-analysis-v1,1886cb2c12f292f03d5deab7ef23200f02d1694d,b6472b761ef2550497ef86168b72457aba37fd68
2026-04-04,180,SECONDARY,NOT_ELIGIBLE,XR_NOT_ELIGIBLE,,,,,h7-2-outcome-analysis-v1,1886cb2c12f292f03d5deab7ef23200f02d1694d,b6472b761ef2550497ef86168b72457aba37fd68
2026-04-05,30,PRIMARY,NOT_ELIGIBLE,XR_NOT_ELIGIBLE,,,,,h7-2-outcome-analysis-v1,1886cb2c12f292f03d5deab7ef23200f02d1694d,b6472b761ef2550497ef86168b72457aba37fd68
2026-04-05,90,SECONDARY,NOT_ELIGIBLE,XR_NOT_ELIGIBLE,,,,,h7-2-outcome-analysis-v1,1886cb2c12f292f03d5deab7ef23200f02d1694d,b6472b761ef2550497ef86168b72457aba37fd68
2026-04-05,180,SECONDARY,NOT_ELIGIBLE,XR_NOT_ELIGIBLE,,,,,h7-2-outcome-analysis-v1,1886cb2c12f292f03d5deab7ef23200f02d1694d,b6472b761ef2550497ef86168b72457aba37fd68
2026-04-06,30,PRIMARY,NOT_ELIGIBLE,XR_NOT_ELIGIBLE,,,,,h7-2-outcome-analysis-v1,1886cb2c12f292f03d5deab7ef23200f02d1694d,b6472b761ef2550497ef86168b72457aba37fd68
2026-04-06,90,SECONDARY,NOT_ELIGIBLE,XR_NOT_ELIGIBLE,,,,,h7-2-outcome-analysis-v1,1886cb2c12f292f03d5deab7ef23200f02d1694d,b6472b761ef2550497ef86168b72457aba37fd68
2026-04-06,180,SECONDARY,NOT_ELIGIBLE,XR_NOT_ELIGIBLE,,,,,h7-2-outcome-analysis-v1,1886cb2c12f292f03d5deab7ef23200f02d1694d,b6472b761ef2550497ef86168b72457aba37fd68
2026-04-07,30,PRIMARY,ELIGIBLE,OUTCOME_COMPLETE,56,71910.2,70755.35,0.016059613239846282,h7-2-outcome-analysis-v1,1886cb2c12f292f03d5deab7ef23200f02d1694d,b6472b761ef2550497ef86168b72457aba37fd68
2026-04-07,90,SECONDARY,ELIGIBLE,OUTCOME_COMPLETE,56,71910.2,58523.93,0.18615259031403053,h7-2-outcome-analysis-v1,1886cb2c12f292f03d5deab7ef23200f02d1694d,b6472b761ef2550497ef86168b72457aba37fd68
2026-04-07,180,SECONDARY,ELIGIBLE,OUTCOME_INCOMPLETE,56,,,,h7-2-outcome-analysis-v1,1886cb2c12f292f03d5deab7ef23200f02d1694d,b6472b761ef2550497ef86168b72457aba37fd68
2026-04-08,30,PRIMARY,ELIGIBLE,OUTCOME_COMPLETE,58,71085.99,70755.35,0.004651268133144093,h7-2-outcome-analysis-v1,1886cb2c12f292f03d5deab7ef23200f02d1694d,b6472b761ef2550497ef86168b72457aba37fd68
2026-04-08,90,SECONDARY,ELIGIBLE,OUTCOME_COMPLETE,58,71085.99,58523.93,0.17671639657828508,h7-2-outcome-analysis-v1,1886cb2c12f292f03d5deab7ef23200f02d1694d,b6472b761ef2550497ef86168b72457aba37fd68
2026-04-08,180,SECONDARY,ELIGIBLE,OUTCOME_INCOMPLETE,58,,,,h7-2-outcome-analysis-v1,1886cb2c12f292f03d5deab7ef23200f02d1694d,b6472b761ef2550497ef86168b72457aba37fd68
2026-04-09,30,PRIMARY,ELIGIBLE,OUTCOME_COMPLETE,53,71798.01,70755.35,0.0145221295130602,h7-2-outcome-analysis-v1,1886cb2c12f292f03d5deab7ef23200f02d1694d,b6472b761ef2550497ef86168b72457aba37fd68
2026-04-09,90,SECONDARY,ELIGIBLE,OUTCOME_COMPLETE,53,71798.01,58523.93,0.18488089015280496,h7-2-outcome-analysis-v1,1886cb2c12f292f03d5deab7ef23200f02d1694d,b6472b761ef2550497ef86168b72457aba37fd68
2026-04-09,180,SECONDARY,ELIGIBLE,OUTCOME_INCOMPLETE,53,,,,h7-2-outcome-analysis-v1,1886cb2c12f292f03d5deab7ef23200f02d1694d,b6472b761ef2550497ef86168b72457aba37fd68
2026-04-10,30,PRIMARY,ELIGIBLE,OUTCOME_COMPLETE,51,72997.88,70755.35,0.03072048119753612,h7-2-outcome-analysis-v1,1886cb2c12f292f03d5deab7ef23200f02d1694d,b6472b761ef2550497ef86168b72457aba37fd68
2026-04-10,90,SECONDARY,ELIGIBLE,OUTCOME_COMPLETE,51,72997.88,58523.93,0.19827904591201828,h7-2-outcome-analysis-v1,1886cb2c12f292f03d5deab7ef23200f02d1694d,b6472b761ef2550497ef86168b72457aba37fd68
2026-04-10,180,SECONDARY,ELIGIBLE,OUTCOME_INCOMPLETE,51,,,,h7-2-outcome-analysis-v1,1886cb2c12f292f03d5deab7ef23200f02d1694d,b6472b761ef2550497ef86168b72457aba37fd68
2026-04-11,30,PRIMARY,ELIGIBLE,OUTCOME_COMPLETE,49,73086,70755.35,0.03188914429576106,h7-2-outcome-analysis-v1,1886cb2c12f292f03d5deab7ef23200f02d1694d,b6472b761ef2550497ef86168b72457aba37fd68
2026-04-11,90,SECONDARY,ELIGIBLE,OUTCOME_COMPLETE,49,73086,58523.93,0.1992456831677749,h7-2-outcome-analysis-v1,1886cb2c12f292f03d5deab7ef23200f02d1694d,b6472b761ef2550497ef86168b72457aba37fd68
2026-04-11,180,SECONDARY,ELIGIBLE,OUTCOME_INCOMPLETE,49,,,,h7-2-outcome-analysis-v1,1886cb2c12f292f03d5deab7ef23200f02d1694d,b6472b761ef2550497ef86168b72457aba37fd68
2026-04-12,30,PRIMARY,NOT_ELIGIBLE,XR_NOT_ELIGIBLE,,,,,h7-2-outcome-analysis-v1,1886cb2c12f292f03d5deab7ef23200f02d1694d,b6472b761ef2550497ef86168b72457aba37fd68
2026-04-12,90,SECONDARY,NOT_ELIGIBLE,XR_NOT_ELIGIBLE,,,,,h7-2-outcome-analysis-v1,1886cb2c12f292f03d5deab7ef23200f02d1694d,b6472b761ef2550497ef86168b72457aba37fd68
2026-04-12,180,SECONDARY,NOT_ELIGIBLE,XR_NOT_ELIGIBLE,,,,,h7-2-outcome-analysis-v1,1886cb2c12f292f03d5deab7ef23200f02d1694d,b6472b761ef2550497ef86168b72457aba37fd68
2026-04-13,30,PRIMARY,ELIGIBLE,OUTCOME_COMPLETE,51,74446,73823.14,0.008366601294898302,h7-2-outcome-analysis-v1,1886cb2c12f292f03d5deab7ef23200f02d1694d,b6472b761ef2550497ef86168b72457aba37fd68
2026-04-13,90,SECONDARY,ELIGIBLE,OUTCOME_COMPLETE,51,74446,58523.93,0.21387408322811163,h7-2-outcome-analysis-v1,1886cb2c12f292f03d5deab7ef23200f02d1694d,b6472b761ef2550497ef86168b72457aba37fd68
2026-04-13,180,SECONDARY,ELIGIBLE,OUTCOME_INCOMPLETE,51,,,,h7-2-outcome-analysis-v1,1886cb2c12f292f03d5deab7ef23200f02d1694d,b6472b761ef2550497ef86168b72457aba37fd68
2026-04-14,30,PRIMARY,ELIGIBLE,OUTCOME_COMPLETE,54,74179.04,73823.14,0.0047978512528605854,h7-2-outcome-analysis-v1,1886cb2c12f292f03d5deab7ef23200f02d1694d,b6472b761ef2550497ef86168b72457aba37fd68
2026-04-14,90,SECONDARY,ELIGIBLE,OUTCOME_COMPLETE,54,74179.04,58523.93,0.21104492589820512,h7-2-outcome-analysis-v1,1886cb2c12f292f03d5deab7ef23200f02d1694d,b6472b761ef2550497ef86168b72457aba37fd68
2026-04-14,180,SECONDARY,ELIGIBLE,OUTCOME_INCOMPLETE,54,,,,h7-2-outcome-analysis-v1,1886cb2c12f292f03d5deab7ef23200f02d1694d,b6472b761ef2550497ef86168b72457aba37fd68
2026-04-15,30,PRIMARY,ELIGIBLE,OUTCOME_COMPLETE,53,74836.31,73823.14,0.013538481520534607,h7-2-outcome-analysis-v1,1886cb2c12f292f03d5deab7ef23200f02d1694d,b6472b761ef2550497ef86168b72457aba37fd68
2026-04-15,90,SECONDARY,ELIGIBLE,OUTCOME_COMPLETE,53,74836.31,58523.93,0.21797413581722558,h7-2-outcome-analysis-v1,1886cb2c12f292f03d5deab7ef23200f02d1694d,b6472b761ef2550497ef86168b72457aba37fd68
2026-04-15,180,SECONDARY,ELIGIBLE,OUTCOME_INCOMPLETE,53,,,,h7-2-outcome-analysis-v1,1886cb2c12f292f03d5deab7ef23200f02d1694d,b6472b761ef2550497ef86168b72457aba37fd68
2026-04-16,30,PRIMARY,ELIGIBLE,OUTCOME_COMPLETE,53,75163.09,73823.14,0.01782723408524045,h7-2-outcome-analysis-v1,1886cb2c12f292f03d5deab7ef23200f02d1694d,b6472b761ef2550497ef86168b72457aba37fd68
2026-04-16,90,SECONDARY,ELIGIBLE,OUTCOME_COMPLETE,53,75163.09,58523.93,0.22137408134764014,h7-2-outcome-analysis-v1,1886cb2c12f292f03d5deab7ef23200f02d1694d,b6472b761ef2550497ef86168b72457aba37fd68
2026-04-16,180,SECONDARY,ELIGIBLE,OUTCOME_INCOMPLETE,53,,,,h7-2-outcome-analysis-v1,1886cb2c12f292f03d5deab7ef23200f02d1694d,b6472b761ef2550497ef86168b72457aba37fd68
2026-04-17,30,PRIMARY,ELIGIBLE,OUTCOME_COMPLETE,49,77098.01,73823.14,0.04247671243395257,h7-2-outcome-analysis-v1,1886cb2c12f292f03d5deab7ef23200f02d1694d,b6472b761ef2550497ef86168b72457aba37fd68
2026-04-17,90,SECONDARY,ELIGIBLE,OUTCOME_COMPLETE,49,77098.01,58523.93,0.2409151675899287,h7-2-outcome-analysis-v1,1886cb2c12f292f03d5deab7ef23200f02d1694d,b6472b761ef2550497ef86168b72457aba37fd68
2026-04-17,180,SECONDARY,ELIGIBLE,OUTCOME_INCOMPLETE,49,,,,h7-2-outcome-analysis-v1,1886cb2c12f292f03d5deab7ef23200f02d1694d,b6472b761ef2550497ef86168b72457aba37fd68
2026-04-18,30,PRIMARY,ELIGIBLE,OUTCOME_COMPLETE,46,75736.82,73823.14,0.025267498688220646,h7-2-outcome-analysis-v1,1886cb2c12f292f03d5deab7ef23200f02d1694d,b6472b761ef2550497ef86168b72457aba37fd68
2026-04-18,90,SECONDARY,ELIGIBLE,OUTCOME_COMPLETE,46,75736.82,58523.93,0.2272724151872234,h7-2-outcome-analysis-v1,1886cb2c12f292f03d5deab7ef23200f02d1694d,b6472b761ef2550497ef86168b72457aba37fd68
2026-04-18,180,SECONDARY,ELIGIBLE,OUTCOME_INCOMPLETE,46,,,,h7-2-outcome-analysis-v1,1886cb2c12f292f03d5deab7ef23200f02d1694d,b6472b761ef2550497ef86168b72457aba37fd68
2026-04-19,30,PRIMARY,ELIGIBLE,OUTCOME_COMPLETE,49,73823.14,73823.14,0,h7-2-outcome-analysis-v1,1886cb2c12f292f03d5deab7ef23200f02d1694d,b6472b761ef2550497ef86168b72457aba37fd68
2026-04-19,90,SECONDARY,ELIGIBLE,OUTCOME_COMPLETE,49,73823.14,58523.93,0.2072413879983972,h7-2-outcome-analysis-v1,1886cb2c12f292f03d5deab7ef23200f02d1694d,b6472b761ef2550497ef86168b72457aba37fd68
2026-04-19,180,SECONDARY,ELIGIBLE,OUTCOME_INCOMPLETE,49,,,,h7-2-outcome-analysis-v1,1886cb2c12f292f03d5deab7ef23200f02d1694d,b6472b761ef2550497ef86168b72457aba37fd68
2026-04-20,30,PRIMARY,ELIGIBLE,OUTCOME_COMPLETE,47,75864.86,75752.88,0.0014760456949369782,h7-2-outcome-analysis-v1,1886cb2c12f292f03d5deab7ef23200f02d1694d,b6472b761ef2550497ef86168b72457aba37fd68
2026-04-20,90,SECONDARY,ELIGIBLE,OUTCOME_COMPLETE,47,75864.86,58523.93,0.22857657682357813,h7-2-outcome-analysis-v1,1886cb2c12f292f03d5deab7ef23200f02d1694d,b6472b761ef2550497ef86168b72457aba37fd68
2026-04-20,180,SECONDARY,ELIGIBLE,OUTCOME_INCOMPLETE,47,,,,h7-2-outcome-analysis-v1,1886cb2c12f292f03d5deab7ef23200f02d1694d,b6472b761ef2550497ef86168b72457aba37fd68
2026-04-21,30,PRIMARY,ELIGIBLE,OUTCOME_COMPLETE,50,76348.58,75752.88,0.007802371700953659,h7-2-outcome-analysis-v1,1886cb2c12f292f03d5deab7ef23200f02d1694d,b6472b761ef2550497ef86168b72457aba37fd68
2026-04-21,90,SECONDARY,ELIGIBLE,OUTCOME_COMPLETE,50,76348.58,58523.93,0.23346406704617162,h7-2-outcome-analysis-v1,1886cb2c12f292f03d5deab7ef23200f02d1694d,b6472b761ef2550497ef86168b72457aba37fd68
2026-04-21,180,SECONDARY,ELIGIBLE,OUTCOME_INCOMPLETE,50,,,,h7-2-outcome-analysis-v1,1886cb2c12f292f03d5deab7ef23200f02d1694d,b6472b761ef2550497ef86168b72457aba37fd68
2026-04-22,30,PRIMARY,ELIGIBLE,OUTCOME_COMPLETE,49,78208.52,75443.91,0.035349217706715286,h7-2-outcome-analysis-v1,1886cb2c12f292f03d5deab7ef23200f02d1694d,b6472b761ef2550497ef86168b72457aba37fd68
2026-04-22,90,SECONDARY,ELIGIBLE,OUTCOME_COMPLETE,49,78208.52,58523.93,0.2516936773640519,h7-2-outcome-analysis-v1,1886cb2c12f292f03d5deab7ef23200f02d1694d,b6472b761ef2550497ef86168b72457aba37fd68
2026-04-22,180,SECONDARY,ELIGIBLE,OUTCOME_INCOMPLETE,49,,,,h7-2-outcome-analysis-v1,1886cb2c12f292f03d5deab7ef23200f02d1694d,b6472b761ef2550497ef86168b72457aba37fd68
2026-04-23,30,PRIMARY,ELIGIBLE,OUTCOME_COMPLETE,46,78281.32,75443.91,0.036246322877539705,h7-2-outcome-analysis-v1,1886cb2c12f292f03d5deab7ef23200f02d1694d,b6472b761ef2550497ef86168b72457aba37fd68
2026-04-23,90,SECONDARY,ELIGIBLE,OUTCOME_COMPLETE,46,78281.32,58523.93,0.2523895866855592,h7-2-outcome-analysis-v1,1886cb2c12f292f03d5deab7ef23200f02d1694d,b6472b761ef2550497ef86168b72457aba37fd68
2026-04-23,180,SECONDARY,ELIGIBLE,OUTCOME_INCOMPLETE,46,,,,h7-2-outcome-analysis-v1,1886cb2c12f292f03d5deab7ef23200f02d1694d,b6472b761ef2550497ef86168b72457aba37fd68
2026-04-24,30,PRIMARY,ELIGIBLE,OUTCOME_COMPLETE,49,77461.8,75443.91,0.026050130515944625,h7-2-outcome-analysis-v1,1886cb2c12f292f03d5deab7ef23200f02d1694d,b6472b761ef2550497ef86168b72457aba37fd68
2026-04-24,90,SECONDARY,ELIGIBLE,OUTCOME_COMPLETE,49,77461.8,58523.93,0.24448011794200497,h7-2-outcome-analysis-v1,1886cb2c12f292f03d5deab7ef23200f02d1694d,b6472b761ef2550497ef86168b72457aba37fd68
2026-04-24,180,SECONDARY,ELIGIBLE,OUTCOME_INCOMPLETE,49,,,,h7-2-outcome-analysis-v1,1886cb2c12f292f03d5deab7ef23200f02d1694d,b6472b761ef2550497ef86168b72457aba37fd68
2026-04-25,30,PRIMARY,ELIGIBLE,OUTCOME_COMPLETE,46,77650.72,75443.91,0.02841969784697418,h7-2-outcome-analysis-v1,1886cb2c12f292f03d5deab7ef23200f02d1694d,b6472b761ef2550497ef86168b72457aba37fd68
2026-04-25,90,SECONDARY,ELIGIBLE,OUTCOME_COMPLETE,46,77650.72,58523.93,0.2463182569330974,h7-2-outcome-analysis-v1,1886cb2c12f292f03d5deab7ef23200f02d1694d,b6472b761ef2550497ef86168b72457aba37fd68
2026-04-25,180,SECONDARY,ELIGIBLE,OUTCOME_INCOMPLETE,46,,,,h7-2-outcome-analysis-v1,1886cb2c12f292f03d5deab7ef23200f02d1694d,b6472b761ef2550497ef86168b72457aba37fd68
2026-04-26,30,PRIMARY,ELIGIBLE,OUTCOME_COMPLETE,46,78673.83,75443.91,0.04105456668373708,h7-2-outcome-analysis-v1,1886cb2c12f292f03d5deab7ef23200f02d1694d,b6472b761ef2550497ef86168b72457aba37fd68
2026-04-26,90,SECONDARY,ELIGIBLE,OUTCOME_COMPLETE,46,78673.83,58523.93,0.2561194745444578,h7-2-outcome-analysis-v1,1886cb2c12f292f03d5deab7ef23200f02d1694d,b6472b761ef2550497ef86168b72457aba37fd68
2026-04-26,180,SECONDARY,ELIGIBLE,OUTCOME_INCOMPLETE,46,,,,h7-2-outcome-analysis-v1,1886cb2c12f292f03d5deab7ef23200f02d1694d,b6472b761ef2550497ef86168b72457aba37fd68
2026-04-27,30,PRIMARY,ELIGIBLE,OUTCOME_COMPLETE,44,77364.42,74315.98,0.03940364317343814,h7-2-outcome-analysis-v1,1886cb2c12f292f03d5deab7ef23200f02d1694d,b6472b761ef2550497ef86168b72457aba37fd68
2026-04-27,90,SECONDARY,ELIGIBLE,OUTCOME_COMPLETE,44,77364.42,58523.93,0.2435291313500444,h7-2-outcome-analysis-v1,1886cb2c12f292f03d5deab7ef23200f02d1694d,b6472b761ef2550497ef86168b72457aba37fd68
2026-04-27,180,SECONDARY,ELIGIBLE,OUTCOME_INCOMPLETE,44,,,,h7-2-outcome-analysis-v1,1886cb2c12f292f03d5deab7ef23200f02d1694d,b6472b761ef2550497ef86168b72457aba37fd68
2026-04-28,30,PRIMARY,ELIGIBLE,OUTCOME_COMPLETE,45,76317.99,73512.56,0.03675974694826223,h7-2-outcome-analysis-v1,1886cb2c12f292f03d5deab7ef23200f02d1694d,b6472b761ef2550497ef86168b72457aba37fd68
2026-04-28,90,SECONDARY,ELIGIBLE,OUTCOME_COMPLETE,45,76317.99,58523.93,0.233156821871226,h7-2-outcome-analysis-v1,1886cb2c12f292f03d5deab7ef23200f02d1694d,b6472b761ef2550497ef86168b72457aba37fd68
2026-04-28,180,SECONDARY,ELIGIBLE,OUTCOME_INCOMPLETE,45,,,,h7-2-outcome-analysis-v1,1886cb2c12f292f03d5deab7ef23200f02d1694d,b6472b761ef2550497ef86168b72457aba37fd68
2026-04-29,30,PRIMARY,ELIGIBLE,OUTCOME_COMPLETE,45,75752.88,73366.77,0.0314986044094957,h7-2-outcome-analysis-v1,1886cb2c12f292f03d5deab7ef23200f02d1694d,b6472b761ef2550497ef86168b72457aba37fd68
2026-04-29,90,SECONDARY,ELIGIBLE,OUTCOME_COMPLETE,45,75752.88,58523.93,0.22743623740773955,h7-2-outcome-analysis-v1,1886cb2c12f292f03d5deab7ef23200f02d1694d,b6472b761ef2550497ef86168b72457aba37fd68
2026-04-29,180,SECONDARY,ELIGIBLE,OUTCOME_INCOMPLETE,45,,,,h7-2-outcome-analysis-v1,1886cb2c12f292f03d5deab7ef23200f02d1694d,b6472b761ef2550497ef86168b72457aba37fd68
2026-04-30,30,PRIMARY,ELIGIBLE,OUTCOME_COMPLETE,46,76305.78,73366.77,0.03851621725117016,h7-2-outcome-analysis-v1,1886cb2c12f292f03d5deab7ef23200f02d1694d,b6472b761ef2550497ef86168b72457aba37fd68
2026-04-30,90,SECONDARY,ELIGIBLE,OUTCOME_COMPLETE,46,76305.78,58523.93,0.23303411615738678,h7-2-outcome-analysis-v1,1886cb2c12f292f03d5deab7ef23200f02d1694d,b6472b761ef2550497ef86168b72457aba37fd68
2026-04-30,180,SECONDARY,ELIGIBLE,OUTCOME_INCOMPLETE,46,,,,h7-2-outcome-analysis-v1,1886cb2c12f292f03d5deab7ef23200f02d1694d,b6472b761ef2550497ef86168b72457aba37fd68
2026-05-01,30,PRIMARY,ELIGIBLE,OUTCOME_COMPLETE,47,78234.05,73366.77,0.06221434273184112,h7-2-outcome-analysis-v1,1886cb2c12f292f03d5deab7ef23200f02d1694d,b6472b761ef2550497ef86168b72457aba37fd68
2026-05-01,90,SECONDARY,ELIGIBLE,OUTCOME_COMPLETE,47,78234.05,58523.93,0.25193787104208465,h7-2-outcome-analysis-v1,1886cb2c12f292f03d5deab7ef23200f02d1694d,b6472b761ef2550497ef86168b72457aba37fd68
2026-05-01,180,SECONDARY,ELIGIBLE,OUTCOME_INCOMPLETE,47,,,,h7-2-outcome-analysis-v1,1886cb2c12f292f03d5deab7ef23200f02d1694d,b6472b761ef2550497ef86168b72457aba37fd68
2026-05-02,30,PRIMARY,ELIGIBLE,OUTCOME_COMPLETE,47,78682.31,71314.42,0.09364099757620237,h7-2-outcome-analysis-v1,1886cb2c12f292f03d5deab7ef23200f02d1694d,b6472b761ef2550497ef86168b72457aba37fd68
2026-05-02,90,SECONDARY,ELIGIBLE,OUTCOME_COMPLETE,47,78682.31,58523.93,0.2561996464008237,h7-2-outcome-analysis-v1,1886cb2c12f292f03d5deab7ef23200f02d1694d,b6472b761ef2550497ef86168b72457aba37fd68
2026-05-02,180,SECONDARY,ELIGIBLE,OUTCOME_INCOMPLETE,47,,,,h7-2-outcome-analysis-v1,1886cb2c12f292f03d5deab7ef23200f02d1694d,b6472b761ef2550497ef86168b72457aba37fd68
2026-05-03,30,PRIMARY,ELIGIBLE,OUTCOME_COMPLETE,47,78558.89,66658.35,0.15148559252810212,h7-2-outcome-analysis-v1,1886cb2c12f292f03d5deab7ef23200f02d1694d,b6472b761ef2550497ef86168b72457aba37fd68
2026-05-03,90,SECONDARY,ELIGIBLE,OUTCOME_COMPLETE,47,78558.89,58523.93,0.25503109832636384,h7-2-outcome-analysis-v1,1886cb2c12f292f03d5deab7ef23200f02d1694d,b6472b761ef2550497ef86168b72457aba37fd68
2026-05-03,180,SECONDARY,ELIGIBLE,OUTCOME_INCOMPLETE,47,,,,h7-2-outcome-analysis-v1,1886cb2c12f292f03d5deab7ef23200f02d1694d,b6472b761ef2550497ef86168b72457aba37fd68
2026-05-04,30,PRIMARY,ELIGIBLE,OUTCOME_COMPLETE,47,79852.37,64040,0.1980200462428353,h7-2-outcome-analysis-v1,1886cb2c12f292f03d5deab7ef23200f02d1694d,b6472b761ef2550497ef86168b72457aba37fd68
2026-05-04,90,SECONDARY,ELIGIBLE,OUTCOME_COMPLETE,47,79852.37,58523.93,0.2670983967038173,h7-2-outcome-analysis-v1,1886cb2c12f292f03d5deab7ef23200f02d1694d,b6472b761ef2550497ef86168b72457aba37fd68
2026-05-04,180,SECONDARY,ELIGIBLE,OUTCOME_INCOMPLETE,47,,,,h7-2-outcome-analysis-v1,1886cb2c12f292f03d5deab7ef23200f02d1694d,b6472b761ef2550497ef86168b72457aba37fd68
2026-05-05,30,PRIMARY,ELIGIBLE,OUTCOME_COMPLETE,47,80907.72,63806.02,0.21137290730723846,h7-2-outcome-analysis-v1,1886cb2c12f292f03d5deab7ef23200f02d1694d,b6472b761ef2550497ef86168b72457aba37fd68
2026-05-05,90,SECONDARY,ELIGIBLE,OUTCOME_COMPLETE,47,80907.72,58523.93,0.276658271917686,h7-2-outcome-analysis-v1,1886cb2c12f292f03d5deab7ef23200f02d1694d,b6472b761ef2550497ef86168b72457aba37fd68
2026-05-05,180,SECONDARY,ELIGIBLE,OUTCOME_INCOMPLETE,47,,,,h7-2-outcome-analysis-v1,1886cb2c12f292f03d5deab7ef23200f02d1694d,b6472b761ef2550497ef86168b72457aba37fd68
2026-05-06,30,PRIMARY,ELIGIBLE,OUTCOME_COMPLETE,47,81438.1,61032,0.2505719067610861,h7-2-outcome-analysis-v1,1886cb2c12f292f03d5deab7ef23200f02d1694d,b6472b761ef2550497ef86168b72457aba37fd68
2026-05-06,90,SECONDARY,ELIGIBLE,OUTCOME_COMPLETE,47,81438.1,58523.93,0.281369162590974,h7-2-outcome-analysis-v1,1886cb2c12f292f03d5deab7ef23200f02d1694d,b6472b761ef2550497ef86168b72457aba37fd68
2026-05-06,180,SECONDARY,ELIGIBLE,OUTCOME_INCOMPLETE,47,,,,h7-2-outcome-analysis-v1,1886cb2c12f292f03d5deab7ef23200f02d1694d,b6472b761ef2550497ef86168b72457aba37fd68
2026-05-07,30,PRIMARY,NOT_ELIGIBLE,XR_NOT_ELIGIBLE,,,,,h7-2-outcome-analysis-v1,1886cb2c12f292f03d5deab7ef23200f02d1694d,b6472b761ef2550497ef86168b72457aba37fd68
2026-05-07,90,SECONDARY,NOT_ELIGIBLE,XR_NOT_ELIGIBLE,,,,,h7-2-outcome-analysis-v1,1886cb2c12f292f03d5deab7ef23200f02d1694d,b6472b761ef2550497ef86168b72457aba37fd68
2026-05-07,180,SECONDARY,NOT_ELIGIBLE,XR_NOT_ELIGIBLE,,,,,h7-2-outcome-analysis-v1,1886cb2c12f292f03d5deab7ef23200f02d1694d,b6472b761ef2550497ef86168b72457aba37fd68
2026-05-08,30,PRIMARY,ELIGIBLE,OUTCOME_COMPLETE,46,80188.82,60850.48,0.24116005198729706,h7-2-outcome-analysis-v1,1886cb2c12f292f03d5deab7ef23200f02d1694d,b6472b761ef2550497ef86168b72457aba37fd68
2026-05-08,90,SECONDARY,ELIGIBLE,OUTCOME_COMPLETE,46,80188.82,58523.93,0.27017344811907695,h7-2-outcome-analysis-v1,1886cb2c12f292f03d5deab7ef23200f02d1694d,b6472b761ef2550497ef86168b72457aba37fd68
2026-05-08,180,SECONDARY,ELIGIBLE,OUTCOME_INCOMPLETE,46,,,,h7-2-outcome-analysis-v1,1886cb2c12f292f03d5deab7ef23200f02d1694d,b6472b761ef2550497ef86168b72457aba37fd68
2026-05-09,30,PRIMARY,ELIGIBLE,OUTCOME_COMPLETE,48,80655.96,60850.48,0.24555507119374687,h7-2-outcome-analysis-v1,1886cb2c12f292f03d5deab7ef23200f02d1694d,b6472b761ef2550497ef86168b72457aba37fd68
2026-05-09,90,SECONDARY,ELIGIBLE,OUTCOME_COMPLETE,48,80655.96,58523.93,0.27440042868499737,h7-2-outcome-analysis-v1,1886cb2c12f292f03d5deab7ef23200f02d1694d,b6472b761ef2550497ef86168b72457aba37fd68
2026-05-09,180,SECONDARY,ELIGIBLE,OUTCOME_INCOMPLETE,48,,,,h7-2-outcome-analysis-v1,1886cb2c12f292f03d5deab7ef23200f02d1694d,b6472b761ef2550497ef86168b72457aba37fd68
2026-05-10,30,PRIMARY,ELIGIBLE,OUTCOME_COMPLETE,51,82199.99,60850.48,0.2597264306236534,h7-2-outcome-analysis-v1,1886cb2c12f292f03d5deab7ef23200f02d1694d,b6472b761ef2550497ef86168b72457aba37fd68
2026-05-10,90,SECONDARY,ELIGIBLE,OUTCOME_COMPLETE,51,82199.99,58523.93,0.2880299620474407,h7-2-outcome-analysis-v1,1886cb2c12f292f03d5deab7ef23200f02d1694d,b6472b761ef2550497ef86168b72457aba37fd68
2026-05-10,180,SECONDARY,ELIGIBLE,OUTCOME_INCOMPLETE,51,,,,h7-2-outcome-analysis-v1,1886cb2c12f292f03d5deab7ef23200f02d1694d,b6472b761ef2550497ef86168b72457aba37fd68
2026-05-11,30,PRIMARY,ELIGIBLE,OUTCOME_COMPLETE,54,81727.06,60850.48,0.2554426893613938,h7-2-outcome-analysis-v1,1886cb2c12f292f03d5deab7ef23200f02d1694d,b6472b761ef2550497ef86168b72457aba37fd68
2026-05-11,90,SECONDARY,ELIGIBLE,OUTCOME_COMPLETE,54,81727.06,58523.93,0.28391000483805484,h7-2-outcome-analysis-v1,1886cb2c12f292f03d5deab7ef23200f02d1694d,b6472b761ef2550497ef86168b72457aba37fd68
2026-05-11,180,SECONDARY,ELIGIBLE,OUTCOME_INCOMPLETE,54,,,,h7-2-outcome-analysis-v1,1886cb2c12f292f03d5deab7ef23200f02d1694d,b6472b761ef2550497ef86168b72457aba37fd68
2026-05-12,30,PRIMARY,ELIGIBLE,OUTCOME_COMPLETE,55,80484.72,60850.48,0.24394990751039447,h7-2-outcome-analysis-v1,1886cb2c12f292f03d5deab7ef23200f02d1694d,b6472b761ef2550497ef86168b72457aba37fd68
2026-05-12,90,SECONDARY,ELIGIBLE,OUTCOME_COMPLETE,55,80484.72,58523.93,0.2728566366386067,h7-2-outcome-analysis-v1,1886cb2c12f292f03d5deab7ef23200f02d1694d,b6472b761ef2550497ef86168b72457aba37fd68
2026-05-12,180,SECONDARY,ELIGIBLE,OUTCOME_INCOMPLETE,55,,,,h7-2-outcome-analysis-v1,1886cb2c12f292f03d5deab7ef23200f02d1694d,b6472b761ef2550497ef86168b72457aba37fd68
2026-05-13,30,PRIMARY,ELIGIBLE,OUTCOME_COMPLETE,55,79288.26,60850.48,0.23254111012147316,h7-2-outcome-analysis-v1,1886cb2c12f292f03d5deab7ef23200f02d1694d,b6472b761ef2550497ef86168b72457aba37fd68
2026-05-13,90,SECONDARY,ELIGIBLE,OUTCOME_COMPLETE,55,79288.26,58523.93,0.2618840418493229,h7-2-outcome-analysis-v1,1886cb2c12f292f03d5deab7ef23200f02d1694d,b6472b761ef2550497ef86168b72457aba37fd68
2026-05-13,180,SECONDARY,ELIGIBLE,OUTCOME_INCOMPLETE,55,,,,h7-2-outcome-analysis-v1,1886cb2c12f292f03d5deab7ef23200f02d1694d,b6472b761ef2550497ef86168b72457aba37fd68
2026-05-14,30,PRIMARY,ELIGIBLE,OUTCOME_COMPLETE,54,81079.39,60850.48,0.24949509363600286,h7-2-outcome-analysis-v1,1886cb2c12f292f03d5deab7ef23200f02d1694d,b6472b761ef2550497ef86168b72457aba37fd68
2026-05-14,90,SECONDARY,ELIGIBLE,OUTCOME_COMPLETE,54,81079.39,58523.93,0.2781898087787784,h7-2-outcome-analysis-v1,1886cb2c12f292f03d5deab7ef23200f02d1694d,b6472b761ef2550497ef86168b72457aba37fd68
2026-05-14,180,SECONDARY,ELIGIBLE,OUTCOME_INCOMPLETE,54,,,,h7-2-outcome-analysis-v1,1886cb2c12f292f03d5deab7ef23200f02d1694d,b6472b761ef2550497ef86168b72457aba37fd68
2026-05-15,30,PRIMARY,ELIGIBLE,OUTCOME_COMPLETE,54,79058.51,60850.48,0.2303108166344141,h7-2-outcome-analysis-v1,1886cb2c12f292f03d5deab7ef23200f02d1694d,b6472b761ef2550497ef86168b72457aba37fd68
2026-05-15,90,SECONDARY,ELIGIBLE,OUTCOME_COMPLETE,54,79058.51,58523.93,0.2597390211376358,h7-2-outcome-analysis-v1,1886cb2c12f292f03d5deab7ef23200f02d1694d,b6472b761ef2550497ef86168b72457aba37fd68
2026-05-15,180,SECONDARY,ELIGIBLE,OUTCOME_INCOMPLETE,54,,,,h7-2-outcome-analysis-v1,1886cb2c12f292f03d5deab7ef23200f02d1694d,b6472b761ef2550497ef86168b72457aba37fd68
2026-05-16,30,PRIMARY,ELIGIBLE,OUTCOME_COMPLETE,56,78105.45,60850.48,0.22091889874522197,h7-2-outcome-analysis-v1,1886cb2c12f292f03d5deab7ef23200f02d1694d,b6472b761ef2550497ef86168b72457aba37fd68
2026-05-16,90,SECONDARY,ELIGIBLE,OUTCOME_COMPLETE,56,78105.45,58523.93,0.2507061927176656,h7-2-outcome-analysis-v1,1886cb2c12f292f03d5deab7ef23200f02d1694d,b6472b761ef2550497ef86168b72457aba37fd68
2026-05-16,180,SECONDARY,ELIGIBLE,OUTCOME_INCOMPLETE,56,,,,h7-2-outcome-analysis-v1,1886cb2c12f292f03d5deab7ef23200f02d1694d,b6472b761ef2550497ef86168b72457aba37fd68
2026-05-17,30,PRIMARY,ELIGIBLE,OUTCOME_COMPLETE,57,77407.59,60850.48,0.2138951748788458,h7-2-outcome-analysis-v1,1886cb2c12f292f03d5deab7ef23200f02d1694d,b6472b761ef2550497ef86168b72457aba37fd68
2026-05-17,90,SECONDARY,ELIGIBLE,OUTCOME_COMPLETE,57,77407.59,58523.93,0.24395101307249067,h7-2-outcome-analysis-v1,1886cb2c12f292f03d5deab7ef23200f02d1694d,b6472b761ef2550497ef86168b72457aba37fd68
2026-05-17,180,SECONDARY,ELIGIBLE,OUTCOME_INCOMPLETE,57,,,,h7-2-outcome-analysis-v1,1886cb2c12f292f03d5deab7ef23200f02d1694d,b6472b761ef2550497ef86168b72457aba37fd68
2026-05-18,30,PRIMARY,ELIGIBLE,OUTCOME_COMPLETE,58,76943.98,60850.48,0.2091586632248552,h7-2-outcome-analysis-v1,1886cb2c12f292f03d5deab7ef23200f02d1694d,b6472b761ef2550497ef86168b72457aba37fd68
2026-05-18,90,SECONDARY,ELIGIBLE,OUTCOME_COMPLETE,58,76943.98,58523.93,0.23939559664056886,h7-2-outcome-analysis-v1,1886cb2c12f292f03d5deab7ef23200f02d1694d,b6472b761ef2550497ef86168b72457aba37fd68
2026-05-18,180,SECONDARY,ELIGIBLE,OUTCOME_INCOMPLETE,58,,,,h7-2-outcome-analysis-v1,1886cb2c12f292f03d5deab7ef23200f02d1694d,b6472b761ef2550497ef86168b72457aba37fd68
2026-05-19,30,PRIMARY,ELIGIBLE,OUTCOME_COMPLETE,60,76767.48,60850.48,0.2073403998672354,h7-2-outcome-analysis-v1,1886cb2c12f292f03d5deab7ef23200f02d1694d,b6472b761ef2550497ef86168b72457aba37fd68
2026-05-19,90,SECONDARY,ELIGIBLE,OUTCOME_COMPLETE,60,76767.48,58523.93,0.23764685254745888,h7-2-outcome-analysis-v1,1886cb2c12f292f03d5deab7ef23200f02d1694d,b6472b761ef2550497ef86168b72457aba37fd68
2026-05-19,180,SECONDARY,ELIGIBLE,OUTCOME_INCOMPLETE,60,,,,h7-2-outcome-analysis-v1,1886cb2c12f292f03d5deab7ef23200f02d1694d,b6472b761ef2550497ef86168b72457aba37fd68
2026-05-20,30,PRIMARY,ELIGIBLE,OUTCOME_COMPLETE,59,77475.99,60850.48,0.2145891907931735,h7-2-outcome-analysis-v1,1886cb2c12f292f03d5deab7ef23200f02d1694d,b6472b761ef2550497ef86168b72457aba37fd68
2026-05-20,90,SECONDARY,ELIGIBLE,OUTCOME_COMPLETE,59,77475.99,58523.93,0.24461849406506464,h7-2-outcome-analysis-v1,1886cb2c12f292f03d5deab7ef23200f02d1694d,b6472b761ef2550497ef86168b72457aba37fd68
2026-05-20,180,SECONDARY,ELIGIBLE,OUTCOME_INCOMPLETE,59,,,,h7-2-outcome-analysis-v1,1886cb2c12f292f03d5deab7ef23200f02d1694d,b6472b761ef2550497ef86168b72457aba37fd68
2026-05-21,30,PRIMARY,ELIGIBLE,OUTCOME_COMPLETE,56,77547.62,60850.48,0.21531466729733284,h7-2-outcome-analysis-v1,1886cb2c12f292f03d5deab7ef23200f02d1694d,b6472b761ef2550497ef86168b72457aba37fd68
2026-05-21,90,SECONDARY,ELIGIBLE,OUTCOME_COMPLETE,56,77547.62,58523.93,0.24531623278702808,h7-2-outcome-analysis-v1,1886cb2c12f292f03d5deab7ef23200f02d1694d,b6472b761ef2550497ef86168b72457aba37fd68
2026-05-21,180,SECONDARY,ELIGIBLE,OUTCOME_INCOMPLETE,56,,,,h7-2-outcome-analysis-v1,1886cb2c12f292f03d5deab7ef23200f02d1694d,b6472b761ef2550497ef86168b72457aba37fd68
2026-05-22,30,PRIMARY,ELIGIBLE,OUTCOME_COMPLETE,54,75443.91,60850.48,0.1934341685100891,h7-2-outcome-analysis-v1,1886cb2c12f292f03d5deab7ef23200f02d1694d,b6472b761ef2550497ef86168b72457aba37fd68
2026-05-22,90,SECONDARY,ELIGIBLE,OUTCOME_INCOMPLETE,54,,,,h7-2-outcome-analysis-v1,1886cb2c12f292f03d5deab7ef23200f02d1694d,b6472b761ef2550497ef86168b72457aba37fd68
2026-05-22,180,SECONDARY,ELIGIBLE,OUTCOME_INCOMPLETE,54,,,,h7-2-outcome-analysis-v1,1886cb2c12f292f03d5deab7ef23200f02d1694d,b6472b761ef2550497ef86168b72457aba37fd68
2026-05-23,30,PRIMARY,ELIGIBLE,OUTCOME_COMPLETE,53,76650,60850.48,0.20612550554468356,h7-2-outcome-analysis-v1,1886cb2c12f292f03d5deab7ef23200f02d1694d,b6472b761ef2550497ef86168b72457aba37fd68
2026-05-23,90,SECONDARY,ELIGIBLE,OUTCOME_INCOMPLETE,53,,,,h7-2-outcome-analysis-v1,1886cb2c12f292f03d5deab7ef23200f02d1694d,b6472b761ef2550497ef86168b72457aba37fd68
2026-05-23,180,SECONDARY,ELIGIBLE,OUTCOME_INCOMPLETE,53,,,,h7-2-outcome-analysis-v1,1886cb2c12f292f03d5deab7ef23200f02d1694d,b6472b761ef2550497ef86168b72457aba37fd68
2026-05-24,30,PRIMARY,ELIGIBLE,OUTCOME_COMPLETE,53,76975.99,60850.48,0.20948752981286767,h7-2-outcome-analysis-v1,1886cb2c12f292f03d5deab7ef23200f02d1694d,b6472b761ef2550497ef86168b72457aba37fd68
2026-05-24,90,SECONDARY,ELIGIBLE,OUTCOME_INCOMPLETE,53,,,,h7-2-outcome-analysis-v1,1886cb2c12f292f03d5deab7ef23200f02d1694d,b6472b761ef2550497ef86168b72457aba37fd68
2026-05-24,180,SECONDARY,ELIGIBLE,OUTCOME_INCOMPLETE,53,,,,h7-2-outcome-analysis-v1,1886cb2c12f292f03d5deab7ef23200f02d1694d,b6472b761ef2550497ef86168b72457aba37fd68
2026-05-25,30,PRIMARY,NOT_ELIGIBLE,XR_NOT_ELIGIBLE,,,,,h7-2-outcome-analysis-v1,1886cb2c12f292f03d5deab7ef23200f02d1694d,b6472b761ef2550497ef86168b72457aba37fd68
2026-05-25,90,SECONDARY,NOT_ELIGIBLE,XR_NOT_ELIGIBLE,,,,,h7-2-outcome-analysis-v1,1886cb2c12f292f03d5deab7ef23200f02d1694d,b6472b761ef2550497ef86168b72457aba37fd68
2026-05-25,180,SECONDARY,NOT_ELIGIBLE,XR_NOT_ELIGIBLE,,,,,h7-2-outcome-analysis-v1,1886cb2c12f292f03d5deab7ef23200f02d1694d,b6472b761ef2550497ef86168b72457aba37fd68
2026-05-26,30,PRIMARY,ELIGIBLE,OUTCOME_COMPLETE,53,75826.1,59703.65,0.21262401732385028,h7-2-outcome-analysis-v1,1886cb2c12f292f03d5deab7ef23200f02d1694d,b6472b761ef2550497ef86168b72457aba37fd68
2026-05-26,90,SECONDARY,ELIGIBLE,OUTCOME_INCOMPLETE,53,,,,h7-2-outcome-analysis-v1,1886cb2c12f292f03d5deab7ef23200f02d1694d,b6472b761ef2550497ef86168b72457aba37fd68
2026-05-26,180,SECONDARY,ELIGIBLE,OUTCOME_INCOMPLETE,53,,,,h7-2-outcome-analysis-v1,1886cb2c12f292f03d5deab7ef23200f02d1694d,b6472b761ef2550497ef86168b72457aba37fd68
2026-05-27,30,PRIMARY,ELIGIBLE,OUTCOME_COMPLETE,55,74315.98,59703.65,0.1966243330169365,h7-2-outcome-analysis-v1,1886cb2c12f292f03d5deab7ef23200f02d1694d,b6472b761ef2550497ef86168b72457aba37fd68
2026-05-27,90,SECONDARY,ELIGIBLE,OUTCOME_INCOMPLETE,55,,,,h7-2-outcome-analysis-v1,1886cb2c12f292f03d5deab7ef23200f02d1694d,b6472b761ef2550497ef86168b72457aba37fd68
2026-05-27,180,SECONDARY,ELIGIBLE,OUTCOME_INCOMPLETE,55,,,,h7-2-outcome-analysis-v1,1886cb2c12f292f03d5deab7ef23200f02d1694d,b6472b761ef2550497ef86168b72457aba37fd68
2026-05-28,30,PRIMARY,ELIGIBLE,OUTCOME_COMPLETE,54,73512.56,59703.65,0.18784422689129576,h7-2-outcome-analysis-v1,1886cb2c12f292f03d5deab7ef23200f02d1694d,b6472b761ef2550497ef86168b72457aba37fd68
2026-05-28,90,SECONDARY,ELIGIBLE,OUTCOME_INCOMPLETE,54,,,,h7-2-outcome-analysis-v1,1886cb2c12f292f03d5deab7ef23200f02d1694d,b6472b761ef2550497ef86168b72457aba37fd68
2026-05-28,180,SECONDARY,ELIGIBLE,OUTCOME_INCOMPLETE,54,,,,h7-2-outcome-analysis-v1,1886cb2c12f292f03d5deab7ef23200f02d1694d,b6472b761ef2550497ef86168b72457aba37fd68
2026-05-29,30,PRIMARY,ELIGIBLE,OUTCOME_COMPLETE,53,73366.77,59474.01,0.18936038754329787,h7-2-outcome-analysis-v1,1886cb2c12f292f03d5deab7ef23200f02d1694d,b6472b761ef2550497ef86168b72457aba37fd68
2026-05-29,90,SECONDARY,ELIGIBLE,OUTCOME_INCOMPLETE,53,,,,h7-2-outcome-analysis-v1,1886cb2c12f292f03d5deab7ef23200f02d1694d,b6472b761ef2550497ef86168b72457aba37fd68
2026-05-29,180,SECONDARY,ELIGIBLE,OUTCOME_INCOMPLETE,53,,,,h7-2-outcome-analysis-v1,1886cb2c12f292f03d5deab7ef23200f02d1694d,b6472b761ef2550497ef86168b72457aba37fd68
2026-05-30,30,PRIMARY,ELIGIBLE,OUTCOME_COMPLETE,53,73770.69,59474.01,0.1937989193269034,h7-2-outcome-analysis-v1,1886cb2c12f292f03d5deab7ef23200f02d1694d,b6472b761ef2550497ef86168b72457aba37fd68
2026-05-30,90,SECONDARY,ELIGIBLE,OUTCOME_INCOMPLETE,53,,,,h7-2-outcome-analysis-v1,1886cb2c12f292f03d5deab7ef23200f02d1694d,b6472b761ef2550497ef86168b72457aba37fd68
2026-05-30,180,SECONDARY,ELIGIBLE,OUTCOME_INCOMPLETE,53,,,,h7-2-outcome-analysis-v1,1886cb2c12f292f03d5deab7ef23200f02d1694d,b6472b761ef2550497ef86168b72457aba37fd68
2026-05-31,30,PRIMARY,ELIGIBLE,OUTCOME_COMPLETE,53,73575.17,58523.93,0.20456955790927833,h7-2-outcome-analysis-v1,1886cb2c12f292f03d5deab7ef23200f02d1694d,b6472b761ef2550497ef86168b72457aba37fd68
2026-05-31,90,SECONDARY,ELIGIBLE,OUTCOME_INCOMPLETE,53,,,,h7-2-outcome-analysis-v1,1886cb2c12f292f03d5deab7ef23200f02d1694d,b6472b761ef2550497ef86168b72457aba37fd68
2026-05-31,180,SECONDARY,ELIGIBLE,OUTCOME_INCOMPLETE,53,,,,h7-2-outcome-analysis-v1,1886cb2c12f292f03d5deab7ef23200f02d1694d,b6472b761ef2550497ef86168b72457aba37fd68
2026-06-01,30,PRIMARY,NOT_ELIGIBLE,XR_NOT_ELIGIBLE,,,,,h7-2-outcome-analysis-v1,1886cb2c12f292f03d5deab7ef23200f02d1694d,b6472b761ef2550497ef86168b72457aba37fd68
2026-06-01,90,SECONDARY,NOT_ELIGIBLE,XR_NOT_ELIGIBLE,,,,,h7-2-outcome-analysis-v1,1886cb2c12f292f03d5deab7ef23200f02d1694d,b6472b761ef2550497ef86168b72457aba37fd68
2026-06-01,180,SECONDARY,NOT_ELIGIBLE,XR_NOT_ELIGIBLE,,,,,h7-2-outcome-analysis-v1,1886cb2c12f292f03d5deab7ef23200f02d1694d,b6472b761ef2550497ef86168b72457aba37fd68
2026-06-02,30,PRIMARY,ELIGIBLE,OUTCOME_COMPLETE,58,66658.35,58523.93,0.1220315234325483,h7-2-outcome-analysis-v1,1886cb2c12f292f03d5deab7ef23200f02d1694d,b6472b761ef2550497ef86168b72457aba37fd68
2026-06-02,90,SECONDARY,ELIGIBLE,OUTCOME_INCOMPLETE,58,,,,h7-2-outcome-analysis-v1,1886cb2c12f292f03d5deab7ef23200f02d1694d,b6472b761ef2550497ef86168b72457aba37fd68
2026-06-02,180,SECONDARY,ELIGIBLE,OUTCOME_INCOMPLETE,58,,,,h7-2-outcome-analysis-v1,1886cb2c12f292f03d5deab7ef23200f02d1694d,b6472b761ef2550497ef86168b72457aba37fd68
2026-06-03,30,PRIMARY,ELIGIBLE,OUTCOME_COMPLETE,58,64040,58523.93,0.0861347595252967,h7-2-outcome-analysis-v1,1886cb2c12f292f03d5deab7ef23200f02d1694d,b6472b761ef2550497ef86168b72457aba37fd68
2026-06-03,90,SECONDARY,ELIGIBLE,OUTCOME_INCOMPLETE,58,,,,h7-2-outcome-analysis-v1,1886cb2c12f292f03d5deab7ef23200f02d1694d,b6472b761ef2550497ef86168b72457aba37fd68
2026-06-03,180,SECONDARY,ELIGIBLE,OUTCOME_INCOMPLETE,58,,,,h7-2-outcome-analysis-v1,1886cb2c12f292f03d5deab7ef23200f02d1694d,b6472b761ef2550497ef86168b72457aba37fd68
2026-06-04,30,PRIMARY,ELIGIBLE,OUTCOME_COMPLETE,58,63806.02,58523.93,0.08278356807084974,h7-2-outcome-analysis-v1,1886cb2c12f292f03d5deab7ef23200f02d1694d,b6472b761ef2550497ef86168b72457aba37fd68
2026-06-04,90,SECONDARY,ELIGIBLE,OUTCOME_INCOMPLETE,58,,,,h7-2-outcome-analysis-v1,1886cb2c12f292f03d5deab7ef23200f02d1694d,b6472b761ef2550497ef86168b72457aba37fd68
2026-06-04,180,SECONDARY,ELIGIBLE,OUTCOME_INCOMPLETE,58,,,,h7-2-outcome-analysis-v1,1886cb2c12f292f03d5deab7ef23200f02d1694d,b6472b761ef2550497ef86168b72457aba37fd68
2026-06-05,30,PRIMARY,ELIGIBLE,OUTCOME_COMPLETE,58,61032,58523.93,0.04109434395071443,h7-2-outcome-analysis-v1,1886cb2c12f292f03d5deab7ef23200f02d1694d,b6472b761ef2550497ef86168b72457aba37fd68
2026-06-05,90,SECONDARY,ELIGIBLE,OUTCOME_INCOMPLETE,58,,,,h7-2-outcome-analysis-v1,1886cb2c12f292f03d5deab7ef23200f02d1694d,b6472b761ef2550497ef86168b72457aba37fd68
2026-06-05,180,SECONDARY,ELIGIBLE,OUTCOME_INCOMPLETE,58,,,,h7-2-outcome-analysis-v1,1886cb2c12f292f03d5deab7ef23200f02d1694d,b6472b761ef2550497ef86168b72457aba37fd68
2026-06-06,30,PRIMARY,ELIGIBLE,OUTCOME_COMPLETE,60,60850.48,58523.93,0.038233880817374,h7-2-outcome-analysis-v1,1886cb2c12f292f03d5deab7ef23200f02d1694d,b6472b761ef2550497ef86168b72457aba37fd68
2026-06-06,90,SECONDARY,ELIGIBLE,OUTCOME_INCOMPLETE,60,,,,h7-2-outcome-analysis-v1,1886cb2c12f292f03d5deab7ef23200f02d1694d,b6472b761ef2550497ef86168b72457aba37fd68
2026-06-06,180,SECONDARY,ELIGIBLE,OUTCOME_INCOMPLETE,60,,,,h7-2-outcome-analysis-v1,1886cb2c12f292f03d5deab7ef23200f02d1694d,b6472b761ef2550497ef86168b72457aba37fd68
2026-06-07,30,PRIMARY,ELIGIBLE,OUTCOME_COMPLETE,61,63302.73,58523.93,0.07549121499183375,h7-2-outcome-analysis-v1,1886cb2c12f292f03d5deab7ef23200f02d1694d,b6472b761ef2550497ef86168b72457aba37fd68
2026-06-07,90,SECONDARY,ELIGIBLE,OUTCOME_INCOMPLETE,61,,,,h7-2-outcome-analysis-v1,1886cb2c12f292f03d5deab7ef23200f02d1694d,b6472b761ef2550497ef86168b72457aba37fd68
2026-06-07,180,SECONDARY,ELIGIBLE,OUTCOME_INCOMPLETE,61,,,,h7-2-outcome-analysis-v1,1886cb2c12f292f03d5deab7ef23200f02d1694d,b6472b761ef2550497ef86168b72457aba37fd68
2026-06-08,30,PRIMARY,ELIGIBLE,OUTCOME_COMPLETE,61,63062.98,58523.93,0.0719764590889933,h7-2-outcome-analysis-v1,1886cb2c12f292f03d5deab7ef23200f02d1694d,b6472b761ef2550497ef86168b72457aba37fd68
2026-06-08,90,SECONDARY,ELIGIBLE,OUTCOME_INCOMPLETE,61,,,,h7-2-outcome-analysis-v1,1886cb2c12f292f03d5deab7ef23200f02d1694d,b6472b761ef2550497ef86168b72457aba37fd68
2026-06-08,180,SECONDARY,ELIGIBLE,OUTCOME_INCOMPLETE,61,,,,h7-2-outcome-analysis-v1,1886cb2c12f292f03d5deab7ef23200f02d1694d,b6472b761ef2550497ef86168b72457aba37fd68
2026-06-09,30,PRIMARY,ELIGIBLE,OUTCOME_COMPLETE,62,61685.8,58523.93,0.05125766383835506,h7-2-outcome-analysis-v1,1886cb2c12f292f03d5deab7ef23200f02d1694d,b6472b761ef2550497ef86168b72457aba37fd68
2026-06-09,90,SECONDARY,ELIGIBLE,OUTCOME_INCOMPLETE,62,,,,h7-2-outcome-analysis-v1,1886cb2c12f292f03d5deab7ef23200f02d1694d,b6472b761ef2550497ef86168b72457aba37fd68
2026-06-09,180,SECONDARY,ELIGIBLE,OUTCOME_INCOMPLETE,62,,,,h7-2-outcome-analysis-v1,1886cb2c12f292f03d5deab7ef23200f02d1694d,b6472b761ef2550497ef86168b72457aba37fd68
2026-06-10,30,PRIMARY,NOT_ELIGIBLE,XR_NOT_ELIGIBLE,,,,,h7-2-outcome-analysis-v1,1886cb2c12f292f03d5deab7ef23200f02d1694d,b6472b761ef2550497ef86168b72457aba37fd68
2026-06-10,90,SECONDARY,NOT_ELIGIBLE,XR_NOT_ELIGIBLE,,,,,h7-2-outcome-analysis-v1,1886cb2c12f292f03d5deab7ef23200f02d1694d,b6472b761ef2550497ef86168b72457aba37fd68
2026-06-10,180,SECONDARY,NOT_ELIGIBLE,XR_NOT_ELIGIBLE,,,,,h7-2-outcome-analysis-v1,1886cb2c12f292f03d5deab7ef23200f02d1694d,b6472b761ef2550497ef86168b72457aba37fd68
2026-06-11,30,PRIMARY,ELIGIBLE,OUTCOME_COMPLETE,62,63563.42,58523.93,0.0792828642637542,h7-2-outcome-analysis-v1,1886cb2c12f292f03d5deab7ef23200f02d1694d,b6472b761ef2550497ef86168b72457aba37fd68
2026-06-11,90,SECONDARY,ELIGIBLE,OUTCOME_INCOMPLETE,62,,,,h7-2-outcome-analysis-v1,1886cb2c12f292f03d5deab7ef23200f02d1694d,b6472b761ef2550497ef86168b72457aba37fd68
2026-06-11,180,SECONDARY,ELIGIBLE,OUTCOME_INCOMPLETE,62,,,,h7-2-outcome-analysis-v1,1886cb2c12f292f03d5deab7ef23200f02d1694d,b6472b761ef2550497ef86168b72457aba37fd68
2026-06-12,30,PRIMARY,ELIGIBLE,OUTCOME_COMPLETE,59,63538.43,58523.93,0.07892074135291038,h7-2-outcome-analysis-v1,1886cb2c12f292f03d5deab7ef23200f02d1694d,b6472b761ef2550497ef86168b72457aba37fd68
2026-06-12,90,SECONDARY,ELIGIBLE,OUTCOME_INCOMPLETE,59,,,,h7-2-outcome-analysis-v1,1886cb2c12f292f03d5deab7ef23200f02d1694d,b6472b761ef2550497ef86168b72457aba37fd68
2026-06-12,180,SECONDARY,ELIGIBLE,OUTCOME_INCOMPLETE,59,,,,h7-2-outcome-analysis-v1,1886cb2c12f292f03d5deab7ef23200f02d1694d,b6472b761ef2550497ef86168b72457aba37fd68
2026-06-13,30,PRIMARY,ELIGIBLE,OUTCOME_COMPLETE,59,64429.99,58523.93,0.09166631874380238,h7-2-outcome-analysis-v1,1886cb2c12f292f03d5deab7ef23200f02d1694d,b6472b761ef2550497ef86168b72457aba37fd68
2026-06-13,90,SECONDARY,ELIGIBLE,OUTCOME_INCOMPLETE,59,,,,h7-2-outcome-analysis-v1,1886cb2c12f292f03d5deab7ef23200f02d1694d,b6472b761ef2550497ef86168b72457aba37fd68
2026-06-13,180,SECONDARY,ELIGIBLE,OUTCOME_INCOMPLETE,59,,,,h7-2-outcome-analysis-v1,1886cb2c12f292f03d5deab7ef23200f02d1694d,b6472b761ef2550497ef86168b72457aba37fd68
2026-06-14,30,PRIMARY,ELIGIBLE,OUTCOME_COMPLETE,58,65706.62,58523.93,0.10931455612843877,h7-2-outcome-analysis-v1,1886cb2c12f292f03d5deab7ef23200f02d1694d,b6472b761ef2550497ef86168b72457aba37fd68
2026-06-14,90,SECONDARY,ELIGIBLE,OUTCOME_INCOMPLETE,58,,,,h7-2-outcome-analysis-v1,1886cb2c12f292f03d5deab7ef23200f02d1694d,b6472b761ef2550497ef86168b72457aba37fd68
2026-06-14,180,SECONDARY,ELIGIBLE,OUTCOME_INCOMPLETE,58,,,,h7-2-outcome-analysis-v1,1886cb2c12f292f03d5deab7ef23200f02d1694d,b6472b761ef2550497ef86168b72457aba37fd68
2026-06-15,30,PRIMARY,ELIGIBLE,OUTCOME_COMPLETE,59,66276.8,58523.93,0.11697713226951212,h7-2-outcome-analysis-v1,1886cb2c12f292f03d5deab7ef23200f02d1694d,b6472b761ef2550497ef86168b72457aba37fd68
2026-06-15,90,SECONDARY,ELIGIBLE,OUTCOME_INCOMPLETE,59,,,,h7-2-outcome-analysis-v1,1886cb2c12f292f03d5deab7ef23200f02d1694d,b6472b761ef2550497ef86168b72457aba37fd68
2026-06-15,180,SECONDARY,ELIGIBLE,OUTCOME_INCOMPLETE,59,,,,h7-2-outcome-analysis-v1,1886cb2c12f292f03d5deab7ef23200f02d1694d,b6472b761ef2550497ef86168b72457aba37fd68
2026-06-16,30,PRIMARY,ELIGIBLE,OUTCOME_COMPLETE,57,65616.64,58523.93,0.10809316051538143,h7-2-outcome-analysis-v1,1886cb2c12f292f03d5deab7ef23200f02d1694d,b6472b761ef2550497ef86168b72457aba37fd68
2026-06-16,90,SECONDARY,ELIGIBLE,OUTCOME_INCOMPLETE,57,,,,h7-2-outcome-analysis-v1,1886cb2c12f292f03d5deab7ef23200f02d1694d,b6472b761ef2550497ef86168b72457aba37fd68
2026-06-16,180,SECONDARY,ELIGIBLE,OUTCOME_INCOMPLETE,57,,,,h7-2-outcome-analysis-v1,1886cb2c12f292f03d5deab7ef23200f02d1694d,b6472b761ef2550497ef86168b72457aba37fd68
2026-06-17,30,PRIMARY,ELIGIBLE,OUTCOME_COMPLETE,54,64446.04,58523.93,0.09189253521240404,h7-2-outcome-analysis-v1,1886cb2c12f292f03d5deab7ef23200f02d1694d,b6472b761ef2550497ef86168b72457aba37fd68
2026-06-17,90,SECONDARY,ELIGIBLE,OUTCOME_INCOMPLETE,54,,,,h7-2-outcome-analysis-v1,1886cb2c12f292f03d5deab7ef23200f02d1694d,b6472b761ef2550497ef86168b72457aba37fd68
2026-06-17,180,SECONDARY,ELIGIBLE,OUTCOME_INCOMPLETE,54,,,,h7-2-outcome-analysis-v1,1886cb2c12f292f03d5deab7ef23200f02d1694d,b6472b761ef2550497ef86168b72457aba37fd68
2026-06-18,30,PRIMARY,ELIGIBLE,OUTCOME_COMPLETE,54,62879.01,58523.93,0.06926126858549464,h7-2-outcome-analysis-v1,1886cb2c12f292f03d5deab7ef23200f02d1694d,b6472b761ef2550497ef86168b72457aba37fd68
2026-06-18,90,SECONDARY,ELIGIBLE,OUTCOME_INCOMPLETE,54,,,,h7-2-outcome-analysis-v1,1886cb2c12f292f03d5deab7ef23200f02d1694d,b6472b761ef2550497ef86168b72457aba37fd68
2026-06-18,180,SECONDARY,ELIGIBLE,OUTCOME_INCOMPLETE,54,,,,h7-2-outcome-analysis-v1,1886cb2c12f292f03d5deab7ef23200f02d1694d,b6472b761ef2550497ef86168b72457aba37fd68
2026-06-19,30,PRIMARY,ELIGIBLE,OUTCOME_COMPLETE,55,63475.2,58523.93,0.07800322015527317,h7-2-outcome-analysis-v1,1886cb2c12f292f03d5deab7ef23200f02d1694d,b6472b761ef2550497ef86168b72457aba37fd68
2026-06-19,90,SECONDARY,ELIGIBLE,OUTCOME_INCOMPLETE,55,,,,h7-2-outcome-analysis-v1,1886cb2c12f292f03d5deab7ef23200f02d1694d,b6472b761ef2550497ef86168b72457aba37fd68
2026-06-19,180,SECONDARY,ELIGIBLE,OUTCOME_INCOMPLETE,55,,,,h7-2-outcome-analysis-v1,1886cb2c12f292f03d5deab7ef23200f02d1694d,b6472b761ef2550497ef86168b72457aba37fd68
2026-06-20,30,PRIMARY,NOT_ELIGIBLE,XR_NOT_ELIGIBLE,,,,,h7-2-outcome-analysis-v1,1886cb2c12f292f03d5deab7ef23200f02d1694d,b6472b761ef2550497ef86168b72457aba37fd68
2026-06-20,90,SECONDARY,NOT_ELIGIBLE,XR_NOT_ELIGIBLE,,,,,h7-2-outcome-analysis-v1,1886cb2c12f292f03d5deab7ef23200f02d1694d,b6472b761ef2550497ef86168b72457aba37fd68
2026-06-20,180,SECONDARY,NOT_ELIGIBLE,XR_NOT_ELIGIBLE,,,,,h7-2-outcome-analysis-v1,1886cb2c12f292f03d5deab7ef23200f02d1694d,b6472b761ef2550497ef86168b72457aba37fd68
2026-06-21,30,PRIMARY,ELIGIBLE,OUTCOME_COMPLETE,55,63235.63,58523.93,0.07451020888065796,h7-2-outcome-analysis-v1,1886cb2c12f292f03d5deab7ef23200f02d1694d,b6472b761ef2550497ef86168b72457aba37fd68
2026-06-21,90,SECONDARY,ELIGIBLE,OUTCOME_INCOMPLETE,55,,,,h7-2-outcome-analysis-v1,1886cb2c12f292f03d5deab7ef23200f02d1694d,b6472b761ef2550497ef86168b72457aba37fd68
2026-06-21,180,SECONDARY,ELIGIBLE,OUTCOME_INCOMPLETE,55,,,,h7-2-outcome-analysis-v1,1886cb2c12f292f03d5deab7ef23200f02d1694d,b6472b761ef2550497ef86168b72457aba37fd68
2026-06-22,30,PRIMARY,ELIGIBLE,OUTCOME_COMPLETE,55,63950.61,58523.93,0.08485736101657204,h7-2-outcome-analysis-v1,1886cb2c12f292f03d5deab7ef23200f02d1694d,b6472b761ef2550497ef86168b72457aba37fd68
2026-06-22,90,SECONDARY,ELIGIBLE,OUTCOME_INCOMPLETE,55,,,,h7-2-outcome-analysis-v1,1886cb2c12f292f03d5deab7ef23200f02d1694d,b6472b761ef2550497ef86168b72457aba37fd68
2026-06-22,180,SECONDARY,ELIGIBLE,OUTCOME_INCOMPLETE,55,,,,h7-2-outcome-analysis-v1,1886cb2c12f292f03d5deab7ef23200f02d1694d,b6472b761ef2550497ef86168b72457aba37fd68
2026-06-23,30,PRIMARY,ELIGIBLE,OUTCOME_COMPLETE,52,62644.86,58523.93,0.06578241215640035,h7-2-outcome-analysis-v1,1886cb2c12f292f03d5deab7ef23200f02d1694d,b6472b761ef2550497ef86168b72457aba37fd68
2026-06-23,90,SECONDARY,ELIGIBLE,OUTCOME_INCOMPLETE,52,,,,h7-2-outcome-analysis-v1,1886cb2c12f292f03d5deab7ef23200f02d1694d,b6472b761ef2550497ef86168b72457aba37fd68
2026-06-23,180,SECONDARY,ELIGIBLE,OUTCOME_INCOMPLETE,52,,,,h7-2-outcome-analysis-v1,1886cb2c12f292f03d5deab7ef23200f02d1694d,b6472b761ef2550497ef86168b72457aba37fd68
2026-06-24,30,PRIMARY,ELIGIBLE,OUTCOME_COMPLETE,55,60983.13,58523.93,0.04032590652529633,h7-2-outcome-analysis-v1,1886cb2c12f292f03d5deab7ef23200f02d1694d,b6472b761ef2550497ef86168b72457aba37fd68
2026-06-24,90,SECONDARY,ELIGIBLE,OUTCOME_INCOMPLETE,55,,,,h7-2-outcome-analysis-v1,1886cb2c12f292f03d5deab7ef23200f02d1694d,b6472b761ef2550497ef86168b72457aba37fd68
2026-06-24,180,SECONDARY,ELIGIBLE,OUTCOME_INCOMPLETE,55,,,,h7-2-outcome-analysis-v1,1886cb2c12f292f03d5deab7ef23200f02d1694d,b6472b761ef2550497ef86168b72457aba37fd68
2026-06-25,30,PRIMARY,ELIGIBLE,OUTCOME_COMPLETE,53,59703.65,58523.93,0.019759595937601793,h7-2-outcome-analysis-v1,1886cb2c12f292f03d5deab7ef23200f02d1694d,b6472b761ef2550497ef86168b72457aba37fd68
2026-06-25,90,SECONDARY,ELIGIBLE,OUTCOME_INCOMPLETE,53,,,,h7-2-outcome-analysis-v1,1886cb2c12f292f03d5deab7ef23200f02d1694d,b6472b761ef2550497ef86168b72457aba37fd68
2026-06-25,180,SECONDARY,ELIGIBLE,OUTCOME_INCOMPLETE,53,,,,h7-2-outcome-analysis-v1,1886cb2c12f292f03d5deab7ef23200f02d1694d,b6472b761ef2550497ef86168b72457aba37fd68
2026-06-26,30,PRIMARY,ELIGIBLE,OUTCOME_COMPLETE,53,60002.53,58523.93,0.02464229424992581,h7-2-outcome-analysis-v1,1886cb2c12f292f03d5deab7ef23200f02d1694d,b6472b761ef2550497ef86168b72457aba37fd68
2026-06-26,90,SECONDARY,ELIGIBLE,OUTCOME_INCOMPLETE,53,,,,h7-2-outcome-analysis-v1,1886cb2c12f292f03d5deab7ef23200f02d1694d,b6472b761ef2550497ef86168b72457aba37fd68
2026-06-26,180,SECONDARY,ELIGIBLE,OUTCOME_INCOMPLETE,53,,,,h7-2-outcome-analysis-v1,1886cb2c12f292f03d5deab7ef23200f02d1694d,b6472b761ef2550497ef86168b72457aba37fd68
2026-06-27,30,PRIMARY,ELIGIBLE,OUTCOME_COMPLETE,55,59934.84,58523.93,0.023540731901511625,h7-2-outcome-analysis-v1,1886cb2c12f292f03d5deab7ef23200f02d1694d,b6472b761ef2550497ef86168b72457aba37fd68
2026-06-27,90,SECONDARY,ELIGIBLE,OUTCOME_INCOMPLETE,55,,,,h7-2-outcome-analysis-v1,1886cb2c12f292f03d5deab7ef23200f02d1694d,b6472b761ef2550497ef86168b72457aba37fd68
2026-06-27,180,SECONDARY,ELIGIBLE,OUTCOME_INCOMPLETE,55,,,,h7-2-outcome-analysis-v1,1886cb2c12f292f03d5deab7ef23200f02d1694d,b6472b761ef2550497ef86168b72457aba37fd68
2026-06-28,30,PRIMARY,ELIGIBLE,OUTCOME_COMPLETE,57,59474.01,58523.93,0.01597470895270059,h7-2-outcome-analysis-v1,1886cb2c12f292f03d5deab7ef23200f02d1694d,b6472b761ef2550497ef86168b72457aba37fd68
2026-06-28,90,SECONDARY,ELIGIBLE,OUTCOME_INCOMPLETE,57,,,,h7-2-outcome-analysis-v1,1886cb2c12f292f03d5deab7ef23200f02d1694d,b6472b761ef2550497ef86168b72457aba37fd68
2026-06-28,180,SECONDARY,ELIGIBLE,OUTCOME_INCOMPLETE,57,,,,h7-2-outcome-analysis-v1,1886cb2c12f292f03d5deab7ef23200f02d1694d,b6472b761ef2550497ef86168b72457aba37fd68
2026-06-29,30,PRIMARY,ELIGIBLE,OUTCOME_COMPLETE,57,60162.73,58523.93,0.027239455390405398,h7-2-outcome-analysis-v1,1886cb2c12f292f03d5deab7ef23200f02d1694d,b6472b761ef2550497ef86168b72457aba37fd68
2026-06-29,90,SECONDARY,ELIGIBLE,OUTCOME_INCOMPLETE,57,,,,h7-2-outcome-analysis-v1,1886cb2c12f292f03d5deab7ef23200f02d1694d,b6472b761ef2550497ef86168b72457aba37fd68
2026-06-29,180,SECONDARY,ELIGIBLE,OUTCOME_INCOMPLETE,57,,,,h7-2-outcome-analysis-v1,1886cb2c12f292f03d5deab7ef23200f02d1694d,b6472b761ef2550497ef86168b72457aba37fd68
2026-06-30,30,PRIMARY,ELIGIBLE,OUTCOME_COMPLETE,56,58523.93,58523.93,0,h7-2-outcome-analysis-v1,1886cb2c12f292f03d5deab7ef23200f02d1694d,b6472b761ef2550497ef86168b72457aba37fd68
2026-06-30,90,SECONDARY,ELIGIBLE,OUTCOME_INCOMPLETE,56,,,,h7-2-outcome-analysis-v1,1886cb2c12f292f03d5deab7ef23200f02d1694d,b6472b761ef2550497ef86168b72457aba37fd68
2026-06-30,180,SECONDARY,ELIGIBLE,OUTCOME_INCOMPLETE,56,,,,h7-2-outcome-analysis-v1,1886cb2c12f292f03d5deab7ef23200f02d1694d,b6472b761ef2550497ef86168b72457aba37fd68
2026-07-01,30,PRIMARY,ELIGIBLE,OUTCOME_COMPLETE,58,59961.45,59961.45,0,h7-2-outcome-analysis-v1,1886cb2c12f292f03d5deab7ef23200f02d1694d,b6472b761ef2550497ef86168b72457aba37fd68
2026-07-01,90,SECONDARY,ELIGIBLE,OUTCOME_INCOMPLETE,58,,,,h7-2-outcome-analysis-v1,1886cb2c12f292f03d5deab7ef23200f02d1694d,b6472b761ef2550497ef86168b72457aba37fd68
2026-07-01,180,SECONDARY,ELIGIBLE,OUTCOME_INCOMPLETE,58,,,,h7-2-outcome-analysis-v1,1886cb2c12f292f03d5deab7ef23200f02d1694d,b6472b761ef2550497ef86168b72457aba37fd68
2026-07-02,30,PRIMARY,ELIGIBLE,OUTCOME_COMPLETE,57,61484.02,61484.02,0,h7-2-outcome-analysis-v1,1886cb2c12f292f03d5deab7ef23200f02d1694d,b6472b761ef2550497ef86168b72457aba37fd68
2026-07-02,90,SECONDARY,ELIGIBLE,OUTCOME_INCOMPLETE,57,,,,h7-2-outcome-analysis-v1,1886cb2c12f292f03d5deab7ef23200f02d1694d,b6472b761ef2550497ef86168b72457aba37fd68
2026-07-02,180,SECONDARY,ELIGIBLE,OUTCOME_INCOMPLETE,57,,,,h7-2-outcome-analysis-v1,1886cb2c12f292f03d5deab7ef23200f02d1694d,b6472b761ef2550497ef86168b72457aba37fd68
2026-07-03,30,PRIMARY,ELIGIBLE,OUTCOME_COMPLETE,56,62520.22,62237.7,0.004518858059040842,h7-2-outcome-analysis-v1,1886cb2c12f292f03d5deab7ef23200f02d1694d,b6472b761ef2550497ef86168b72457aba37fd68
2026-07-03,90,SECONDARY,ELIGIBLE,OUTCOME_INCOMPLETE,56,,,,h7-2-outcome-analysis-v1,1886cb2c12f292f03d5deab7ef23200f02d1694d,b6472b761ef2550497ef86168b72457aba37fd68
2026-07-03,180,SECONDARY,ELIGIBLE,OUTCOME_INCOMPLETE,56,,,,h7-2-outcome-analysis-v1,1886cb2c12f292f03d5deab7ef23200f02d1694d,b6472b761ef2550497ef86168b72457aba37fd68
2026-07-04,30,PRIMARY,ELIGIBLE,OUTCOME_COMPLETE,58,63086.45,62237.7,0.01345376067285442,h7-2-outcome-analysis-v1,1886cb2c12f292f03d5deab7ef23200f02d1694d,b6472b761ef2550497ef86168b72457aba37fd68
2026-07-04,90,SECONDARY,ELIGIBLE,OUTCOME_INCOMPLETE,58,,,,h7-2-outcome-analysis-v1,1886cb2c12f292f03d5deab7ef23200f02d1694d,b6472b761ef2550497ef86168b72457aba37fd68
2026-07-04,180,SECONDARY,ELIGIBLE,OUTCOME_INCOMPLETE,58,,,,h7-2-outcome-analysis-v1,1886cb2c12f292f03d5deab7ef23200f02d1694d,b6472b761ef2550497ef86168b72457aba37fd68
2026-07-05,30,PRIMARY,ELIGIBLE,OUTCOME_COMPLETE,58,63580.44,62237.7,0.021118759165554724,h7-2-outcome-analysis-v1,1886cb2c12f292f03d5deab7ef23200f02d1694d,b6472b761ef2550497ef86168b72457aba37fd68
2026-07-05,90,SECONDARY,ELIGIBLE,OUTCOME_INCOMPLETE,58,,,,h7-2-outcome-analysis-v1,1886cb2c12f292f03d5deab7ef23200f02d1694d,b6472b761ef2550497ef86168b72457aba37fd68
2026-07-05,180,SECONDARY,ELIGIBLE,OUTCOME_INCOMPLETE,58,,,,h7-2-outcome-analysis-v1,1886cb2c12f292f03d5deab7ef23200f02d1694d,b6472b761ef2550497ef86168b72457aba37fd68
2026-07-06,30,PRIMARY,ELIGIBLE,OUTCOME_COMPLETE,57,64001.84,62237.7,0.027563895038017594,h7-2-outcome-analysis-v1,1886cb2c12f292f03d5deab7ef23200f02d1694d,b6472b761ef2550497ef86168b72457aba37fd68
2026-07-06,90,SECONDARY,ELIGIBLE,OUTCOME_INCOMPLETE,57,,,,h7-2-outcome-analysis-v1,1886cb2c12f292f03d5deab7ef23200f02d1694d,b6472b761ef2550497ef86168b72457aba37fd68
2026-07-06,180,SECONDARY,ELIGIBLE,OUTCOME_INCOMPLETE,57,,,,h7-2-outcome-analysis-v1,1886cb2c12f292f03d5deab7ef23200f02d1694d,b6472b761ef2550497ef86168b72457aba37fd68
2026-07-07,30,PRIMARY,ELIGIBLE,OUTCOME_COMPLETE,58,63323.27,62237.7,0.017143302927975723,h7-2-outcome-analysis-v1,1886cb2c12f292f03d5deab7ef23200f02d1694d,b6472b761ef2550497ef86168b72457aba37fd68
2026-07-07,90,SECONDARY,ELIGIBLE,OUTCOME_INCOMPLETE,58,,,,h7-2-outcome-analysis-v1,1886cb2c12f292f03d5deab7ef23200f02d1694d,b6472b761ef2550497ef86168b72457aba37fd68
2026-07-07,180,SECONDARY,ELIGIBLE,OUTCOME_INCOMPLETE,58,,,,h7-2-outcome-analysis-v1,1886cb2c12f292f03d5deab7ef23200f02d1694d,b6472b761ef2550497ef86168b72457aba37fd68
2026-07-08,30,PRIMARY,ELIGIBLE,OUTCOME_COMPLETE,53,62237.7,62237.7,0,h7-2-outcome-analysis-v1,1886cb2c12f292f03d5deab7ef23200f02d1694d,b6472b761ef2550497ef86168b72457aba37fd68
2026-07-08,90,SECONDARY,ELIGIBLE,OUTCOME_INCOMPLETE,53,,,,h7-2-outcome-analysis-v1,1886cb2c12f292f03d5deab7ef23200f02d1694d,b6472b761ef2550497ef86168b72457aba37fd68
2026-07-08,180,SECONDARY,ELIGIBLE,OUTCOME_INCOMPLETE,53,,,,h7-2-outcome-analysis-v1,1886cb2c12f292f03d5deab7ef23200f02d1694d,b6472b761ef2550497ef86168b72457aba37fd68
2026-07-09,30,PRIMARY,ELIGIBLE,OUTCOME_COMPLETE,51,63175.25,62264.94,0.014409282116018551,h7-2-outcome-analysis-v1,1886cb2c12f292f03d5deab7ef23200f02d1694d,b6472b761ef2550497ef86168b72457aba37fd68
2026-07-09,90,SECONDARY,ELIGIBLE,OUTCOME_INCOMPLETE,51,,,,h7-2-outcome-analysis-v1,1886cb2c12f292f03d5deab7ef23200f02d1694d,b6472b761ef2550497ef86168b72457aba37fd68
2026-07-09,180,SECONDARY,ELIGIBLE,OUTCOME_INCOMPLETE,51,,,,h7-2-outcome-analysis-v1,1886cb2c12f292f03d5deab7ef23200f02d1694d,b6472b761ef2550497ef86168b72457aba37fd68
2026-07-10,30,PRIMARY,ELIGIBLE,OUTCOME_COMPLETE,46,64128.49,62264.94,0.029059627008214184,h7-2-outcome-analysis-v1,1886cb2c12f292f03d5deab7ef23200f02d1694d,b6472b761ef2550497ef86168b72457aba37fd68
2026-07-10,90,SECONDARY,ELIGIBLE,OUTCOME_INCOMPLETE,46,,,,h7-2-outcome-analysis-v1,1886cb2c12f292f03d5deab7ef23200f02d1694d,b6472b761ef2550497ef86168b72457aba37fd68
2026-07-10,180,SECONDARY,ELIGIBLE,OUTCOME_INCOMPLETE,46,,,,h7-2-outcome-analysis-v1,1886cb2c12f292f03d5deab7ef23200f02d1694d,b6472b761ef2550497ef86168b72457aba37fd68
2026-07-11,30,PRIMARY,ELIGIBLE,OUTCOME_COMPLETE,47,63773.04,62264.94,0.02364792395030879,h7-2-outcome-analysis-v1,1886cb2c12f292f03d5deab7ef23200f02d1694d,b6472b761ef2550497ef86168b72457aba37fd68
2026-07-11,90,SECONDARY,ELIGIBLE,OUTCOME_INCOMPLETE,47,,,,h7-2-outcome-analysis-v1,1886cb2c12f292f03d5deab7ef23200f02d1694d,b6472b761ef2550497ef86168b72457aba37fd68
2026-07-11,180,SECONDARY,ELIGIBLE,OUTCOME_INCOMPLETE,47,,,,h7-2-outcome-analysis-v1,1886cb2c12f292f03d5deab7ef23200f02d1694d,b6472b761ef2550497ef86168b72457aba37fd68
2026-07-12,30,PRIMARY,ELIGIBLE,OUTCOME_COMPLETE,44,63740.32,62264.94,0.02314673035842929,h7-2-outcome-analysis-v1,1886cb2c12f292f03d5deab7ef23200f02d1694d,b6472b761ef2550497ef86168b72457aba37fd68
2026-07-12,90,SECONDARY,ELIGIBLE,OUTCOME_INCOMPLETE,44,,,,h7-2-outcome-analysis-v1,1886cb2c12f292f03d5deab7ef23200f02d1694d,b6472b761ef2550497ef86168b72457aba37fd68
2026-07-12,180,SECONDARY,ELIGIBLE,OUTCOME_INCOMPLETE,44,,,,h7-2-outcome-analysis-v1,1886cb2c12f292f03d5deab7ef23200f02d1694d,b6472b761ef2550497ef86168b72457aba37fd68
2026-07-13,30,PRIMARY,ELIGIBLE,OUTCOME_COMPLETE,45,62264.94,62264.94,0,h7-2-outcome-analysis-v1,1886cb2c12f292f03d5deab7ef23200f02d1694d,b6472b761ef2550497ef86168b72457aba37fd68
2026-07-13,90,SECONDARY,ELIGIBLE,OUTCOME_INCOMPLETE,45,,,,h7-2-outcome-analysis-v1,1886cb2c12f292f03d5deab7ef23200f02d1694d,b6472b761ef2550497ef86168b72457aba37fd68
2026-07-13,180,SECONDARY,ELIGIBLE,OUTCOME_INCOMPLETE,45,,,,h7-2-outcome-analysis-v1,1886cb2c12f292f03d5deab7ef23200f02d1694d,b6472b761ef2550497ef86168b72457aba37fd68
2026-07-14,30,PRIMARY,ELIGIBLE,OUTCOME_COMPLETE,51,64988.64,62764.2,0.034228135871130716,h7-2-outcome-analysis-v1,1886cb2c12f292f03d5deab7ef23200f02d1694d,b6472b761ef2550497ef86168b72457aba37fd68
2026-07-14,90,SECONDARY,ELIGIBLE,OUTCOME_INCOMPLETE,51,,,,h7-2-outcome-analysis-v1,1886cb2c12f292f03d5deab7ef23200f02d1694d,b6472b761ef2550497ef86168b72457aba37fd68
2026-07-14,180,SECONDARY,ELIGIBLE,OUTCOME_INCOMPLETE,51,,,,h7-2-outcome-analysis-v1,1886cb2c12f292f03d5deab7ef23200f02d1694d,b6472b761ef2550497ef86168b72457aba37fd68
2026-07-15,30,PRIMARY,ELIGIBLE,OUTCOME_COMPLETE,57,64716.63,62764.2,0.030168907126344457,h7-2-outcome-analysis-v1,1886cb2c12f292f03d5deab7ef23200f02d1694d,b6472b761ef2550497ef86168b72457aba37fd68
2026-07-15,90,SECONDARY,ELIGIBLE,OUTCOME_INCOMPLETE,57,,,,h7-2-outcome-analysis-v1,1886cb2c12f292f03d5deab7ef23200f02d1694d,b6472b761ef2550497ef86168b72457aba37fd68
2026-07-15,180,SECONDARY,ELIGIBLE,OUTCOME_INCOMPLETE,57,,,,h7-2-outcome-analysis-v1,1886cb2c12f292f03d5deab7ef23200f02d1694d,b6472b761ef2550497ef86168b72457aba37fd68
2026-07-16,30,PRIMARY,ELIGIBLE,OUTCOME_COMPLETE,53,63770.6,62764.2,0.015781567054410695,h7-2-outcome-analysis-v1,1886cb2c12f292f03d5deab7ef23200f02d1694d,b6472b761ef2550497ef86168b72457aba37fd68
2026-07-16,90,SECONDARY,ELIGIBLE,OUTCOME_INCOMPLETE,53,,,,h7-2-outcome-analysis-v1,1886cb2c12f292f03d5deab7ef23200f02d1694d,b6472b761ef2550497ef86168b72457aba37fd68
2026-07-16,180,SECONDARY,ELIGIBLE,OUTCOME_INCOMPLETE,53,,,,h7-2-outcome-analysis-v1,1886cb2c12f292f03d5deab7ef23200f02d1694d,b6472b761ef2550497ef86168b72457aba37fd68
2026-07-17,30,PRIMARY,ELIGIBLE,OUTCOME_COMPLETE,53,63894,62764.2,0.017682411494037042,h7-2-outcome-analysis-v1,1886cb2c12f292f03d5deab7ef23200f02d1694d,b6472b761ef2550497ef86168b72457aba37fd68
2026-07-17,90,SECONDARY,ELIGIBLE,OUTCOME_INCOMPLETE,53,,,,h7-2-outcome-analysis-v1,1886cb2c12f292f03d5deab7ef23200f02d1694d,b6472b761ef2550497ef86168b72457aba37fd68
2026-07-17,180,SECONDARY,ELIGIBLE,OUTCOME_INCOMPLETE,53,,,,h7-2-outcome-analysis-v1,1886cb2c12f292f03d5deab7ef23200f02d1694d,b6472b761ef2550497ef86168b72457aba37fd68
2026-07-18,30,PRIMARY,ELIGIBLE,OUTCOME_COMPLETE,54,64796.36,62764.2,0.03136225553410721,h7-2-outcome-analysis-v1,1886cb2c12f292f03d5deab7ef23200f02d1694d,b6472b761ef2550497ef86168b72457aba37fd68
2026-07-18,90,SECONDARY,ELIGIBLE,OUTCOME_INCOMPLETE,54,,,,h7-2-outcome-analysis-v1,1886cb2c12f292f03d5deab7ef23200f02d1694d,b6472b761ef2550497ef86168b72457aba37fd68
2026-07-18,180,SECONDARY,ELIGIBLE,OUTCOME_INCOMPLETE,54,,,,h7-2-outcome-analysis-v1,1886cb2c12f292f03d5deab7ef23200f02d1694d,b6472b761ef2550497ef86168b72457aba37fd68
2026-07-19,30,PRIMARY,ELIGIBLE,OUTCOME_COMPLETE,54,64681.78,62764.2,0.029646370276142697,h7-2-outcome-analysis-v1,1886cb2c12f292f03d5deab7ef23200f02d1694d,b6472b761ef2550497ef86168b72457aba37fd68
2026-07-19,90,SECONDARY,ELIGIBLE,OUTCOME_INCOMPLETE,54,,,,h7-2-outcome-analysis-v1,1886cb2c12f292f03d5deab7ef23200f02d1694d,b6472b761ef2550497ef86168b72457aba37fd68
2026-07-19,180,SECONDARY,ELIGIBLE,OUTCOME_INCOMPLETE,54,,,,h7-2-outcome-analysis-v1,1886cb2c12f292f03d5deab7ef23200f02d1694d,b6472b761ef2550497ef86168b72457aba37fd68
2026-07-20,30,PRIMARY,ELIGIBLE,OUTCOME_COMPLETE,55,65213.05,62764.2,0.03755153301371439,h7-2-outcome-analysis-v1,1886cb2c12f292f03d5deab7ef23200f02d1694d,b6472b761ef2550497ef86168b72457aba37fd68
2026-07-20,90,SECONDARY,ELIGIBLE,OUTCOME_INCOMPLETE,55,,,,h7-2-outcome-analysis-v1,1886cb2c12f292f03d5deab7ef23200f02d1694d,b6472b761ef2550497ef86168b72457aba37fd68
2026-07-20,180,SECONDARY,ELIGIBLE,OUTCOME_INCOMPLETE,55,,,,h7-2-outcome-analysis-v1,1886cb2c12f292f03d5deab7ef23200f02d1694d,b6472b761ef2550497ef86168b72457aba37fd68
2026-07-21,30,PRIMARY,ELIGIBLE,OUTCOME_INCOMPLETE,54,,,,h7-2-outcome-analysis-v1,1886cb2c12f292f03d5deab7ef23200f02d1694d,b6472b761ef2550497ef86168b72457aba37fd68
2026-07-21,90,SECONDARY,ELIGIBLE,OUTCOME_INCOMPLETE,54,,,,h7-2-outcome-analysis-v1,1886cb2c12f292f03d5deab7ef23200f02d1694d,b6472b761ef2550497ef86168b72457aba37fd68
2026-07-21,180,SECONDARY,ELIGIBLE,OUTCOME_INCOMPLETE,54,,,,h7-2-outcome-analysis-v1,1886cb2c12f292f03d5deab7ef23200f02d1694d,b6472b761ef2550497ef86168b72457aba37fd68
2026-07-22,30,PRIMARY,ELIGIBLE,OUTCOME_INCOMPLETE,52,,,,h7-2-outcome-analysis-v1,1886cb2c12f292f03d5deab7ef23200f02d1694d,b6472b761ef2550497ef86168b72457aba37fd68
2026-07-22,90,SECONDARY,ELIGIBLE,OUTCOME_INCOMPLETE,52,,,,h7-2-outcome-analysis-v1,1886cb2c12f292f03d5deab7ef23200f02d1694d,b6472b761ef2550497ef86168b72457aba37fd68
2026-07-22,180,SECONDARY,ELIGIBLE,OUTCOME_INCOMPLETE,52,,,,h7-2-outcome-analysis-v1,1886cb2c12f292f03d5deab7ef23200f02d1694d,b6472b761ef2550497ef86168b72457aba37fd68
2026-07-23,30,PRIMARY,ELIGIBLE,OUTCOME_INCOMPLETE,53,,,,h7-2-outcome-analysis-v1,1886cb2c12f292f03d5deab7ef23200f02d1694d,b6472b761ef2550497ef86168b72457aba37fd68
2026-07-23,90,SECONDARY,ELIGIBLE,OUTCOME_INCOMPLETE,53,,,,h7-2-outcome-analysis-v1,1886cb2c12f292f03d5deab7ef23200f02d1694d,b6472b761ef2550497ef86168b72457aba37fd68
2026-07-23,180,SECONDARY,ELIGIBLE,OUTCOME_INCOMPLETE,53,,,,h7-2-outcome-analysis-v1,1886cb2c12f292f03d5deab7ef23200f02d1694d,b6472b761ef2550497ef86168b72457aba37fd68
2026-07-24,30,PRIMARY,ELIGIBLE,OUTCOME_INCOMPLETE,55,,,,h7-2-outcome-analysis-v1,1886cb2c12f292f03d5deab7ef23200f02d1694d,b6472b761ef2550497ef86168b72457aba37fd68
2026-07-24,90,SECONDARY,ELIGIBLE,OUTCOME_INCOMPLETE,55,,,,h7-2-outcome-analysis-v1,1886cb2c12f292f03d5deab7ef23200f02d1694d,b6472b761ef2550497ef86168b72457aba37fd68
2026-07-24,180,SECONDARY,ELIGIBLE,OUTCOME_INCOMPLETE,55,,,,h7-2-outcome-analysis-v1,1886cb2c12f292f03d5deab7ef23200f02d1694d,b6472b761ef2550497ef86168b72457aba37fd68
2026-07-25,30,PRIMARY,ELIGIBLE,OUTCOME_INCOMPLETE,56,,,,h7-2-outcome-analysis-v1,1886cb2c12f292f03d5deab7ef23200f02d1694d,b6472b761ef2550497ef86168b72457aba37fd68
2026-07-25,90,SECONDARY,ELIGIBLE,OUTCOME_INCOMPLETE,56,,,,h7-2-outcome-analysis-v1,1886cb2c12f292f03d5deab7ef23200f02d1694d,b6472b761ef2550497ef86168b72457aba37fd68
2026-07-25,180,SECONDARY,ELIGIBLE,OUTCOME_INCOMPLETE,56,,,,h7-2-outcome-analysis-v1,1886cb2c12f292f03d5deab7ef23200f02d1694d,b6472b761ef2550497ef86168b72457aba37fd68
2026-07-26,30,PRIMARY,ELIGIBLE,OUTCOME_INCOMPLETE,55,,,,h7-2-outcome-analysis-v1,1886cb2c12f292f03d5deab7ef23200f02d1694d,b6472b761ef2550497ef86168b72457aba37fd68
2026-07-26,90,SECONDARY,ELIGIBLE,OUTCOME_INCOMPLETE,55,,,,h7-2-outcome-analysis-v1,1886cb2c12f292f03d5deab7ef23200f02d1694d,b6472b761ef2550497ef86168b72457aba37fd68
2026-07-26,180,SECONDARY,ELIGIBLE,OUTCOME_INCOMPLETE,55,,,,h7-2-outcome-analysis-v1,1886cb2c12f292f03d5deab7ef23200f02d1694d,b6472b761ef2550497ef86168b72457aba37fd68
2026-07-27,30,PRIMARY,ELIGIBLE,OUTCOME_INCOMPLETE,55,,,,h7-2-outcome-analysis-v1,1886cb2c12f292f03d5deab7ef23200f02d1694d,b6472b761ef2550497ef86168b72457aba37fd68
2026-07-27,90,SECONDARY,ELIGIBLE,OUTCOME_INCOMPLETE,55,,,,h7-2-outcome-analysis-v1,1886cb2c12f292f03d5deab7ef23200f02d1694d,b6472b761ef2550497ef86168b72457aba37fd68
2026-07-27,180,SECONDARY,ELIGIBLE,OUTCOME_INCOMPLETE,55,,,,h7-2-outcome-analysis-v1,1886cb2c12f292f03d5deab7ef23200f02d1694d,b6472b761ef2550497ef86168b72457aba37fd68
2026-07-28,30,PRIMARY,ELIGIBLE,OUTCOME_INCOMPLETE,53,,,,h7-2-outcome-analysis-v1,1886cb2c12f292f03d5deab7ef23200f02d1694d,b6472b761ef2550497ef86168b72457aba37fd68
2026-07-28,90,SECONDARY,ELIGIBLE,OUTCOME_INCOMPLETE,53,,,,h7-2-outcome-analysis-v1,1886cb2c12f292f03d5deab7ef23200f02d1694d,b6472b761ef2550497ef86168b72457aba37fd68
2026-07-28,180,SECONDARY,ELIGIBLE,OUTCOME_INCOMPLETE,53,,,,h7-2-outcome-analysis-v1,1886cb2c12f292f03d5deab7ef23200f02d1694d,b6472b761ef2550497ef86168b72457aba37fd68
2026-07-29,30,PRIMARY,ELIGIBLE,OUTCOME_INCOMPLETE,54,,,,h7-2-outcome-analysis-v1,1886cb2c12f292f03d5deab7ef23200f02d1694d,b6472b761ef2550497ef86168b72457aba37fd68
2026-07-29,90,SECONDARY,ELIGIBLE,OUTCOME_INCOMPLETE,54,,,,h7-2-outcome-analysis-v1,1886cb2c12f292f03d5deab7ef23200f02d1694d,b6472b761ef2550497ef86168b72457aba37fd68
2026-07-29,180,SECONDARY,ELIGIBLE,OUTCOME_INCOMPLETE,54,,,,h7-2-outcome-analysis-v1,1886cb2c12f292f03d5deab7ef23200f02d1694d,b6472b761ef2550497ef86168b72457aba37fd68
2026-07-30,30,PRIMARY,ELIGIBLE,OUTCOME_INCOMPLETE,53,,,,h7-2-outcome-analysis-v1,1886cb2c12f292f03d5deab7ef23200f02d1694d,b6472b761ef2550497ef86168b72457aba37fd68
2026-07-30,90,SECONDARY,ELIGIBLE,OUTCOME_INCOMPLETE,53,,,,h7-2-outcome-analysis-v1,1886cb2c12f292f03d5deab7ef23200f02d1694d,b6472b761ef2550497ef86168b72457aba37fd68
2026-07-30,180,SECONDARY,ELIGIBLE,OUTCOME_INCOMPLETE,53,,,,h7-2-outcome-analysis-v1,1886cb2c12f292f03d5deab7ef23200f02d1694d,b6472b761ef2550497ef86168b72457aba37fd68
2026-07-31,30,PRIMARY,ELIGIBLE,OUTCOME_INCOMPLETE,53,,,,h7-2-outcome-analysis-v1,1886cb2c12f292f03d5deab7ef23200f02d1694d,b6472b761ef2550497ef86168b72457aba37fd68
2026-07-31,90,SECONDARY,ELIGIBLE,OUTCOME_INCOMPLETE,53,,,,h7-2-outcome-analysis-v1,1886cb2c12f292f03d5deab7ef23200f02d1694d,b6472b761ef2550497ef86168b72457aba37fd68
2026-07-31,180,SECONDARY,ELIGIBLE,OUTCOME_INCOMPLETE,53,,,,h7-2-outcome-analysis-v1,1886cb2c12f292f03d5deab7ef23200f02d1694d,b6472b761ef2550497ef86168b72457aba37fd68
2026-08-01,30,PRIMARY,ELIGIBLE,OUTCOME_INCOMPLETE,52,,,,h7-2-outcome-analysis-v1,1886cb2c12f292f03d5deab7ef23200f02d1694d,b6472b761ef2550497ef86168b72457aba37fd68
2026-08-01,90,SECONDARY,ELIGIBLE,OUTCOME_INCOMPLETE,52,,,,h7-2-outcome-analysis-v1,1886cb2c12f292f03d5deab7ef23200f02d1694d,b6472b761ef2550497ef86168b72457aba37fd68
2026-08-01,180,SECONDARY,ELIGIBLE,OUTCOME_INCOMPLETE,52,,,,h7-2-outcome-analysis-v1,1886cb2c12f292f03d5deab7ef23200f02d1694d,b6472b761ef2550497ef86168b72457aba37fd68
2026-08-02,30,PRIMARY,ELIGIBLE,OUTCOME_INCOMPLETE,51,,,,h7-2-outcome-analysis-v1,1886cb2c12f292f03d5deab7ef23200f02d1694d,b6472b761ef2550497ef86168b72457aba37fd68
2026-08-02,90,SECONDARY,ELIGIBLE,OUTCOME_INCOMPLETE,51,,,,h7-2-outcome-analysis-v1,1886cb2c12f292f03d5deab7ef23200f02d1694d,b6472b761ef2550497ef86168b72457aba37fd68
2026-08-02,180,SECONDARY,ELIGIBLE,OUTCOME_INCOMPLETE,51,,,,h7-2-outcome-analysis-v1,1886cb2c12f292f03d5deab7ef23200f02d1694d,b6472b761ef2550497ef86168b72457aba37fd68
2026-08-03,30,PRIMARY,ELIGIBLE,OUTCOME_INCOMPLETE,50,,,,h7-2-outcome-analysis-v1,1886cb2c12f292f03d5deab7ef23200f02d1694d,b6472b761ef2550497ef86168b72457aba37fd68
2026-08-03,90,SECONDARY,ELIGIBLE,OUTCOME_INCOMPLETE,50,,,,h7-2-outcome-analysis-v1,1886cb2c12f292f03d5deab7ef23200f02d1694d,b6472b761ef2550497ef86168b72457aba37fd68
2026-08-03,180,SECONDARY,ELIGIBLE,OUTCOME_INCOMPLETE,50,,,,h7-2-outcome-analysis-v1,1886cb2c12f292f03d5deab7ef23200f02d1694d,b6472b761ef2550497ef86168b72457aba37fd68
2026-08-04,30,PRIMARY,ELIGIBLE,OUTCOME_INCOMPLETE,52,,,,h7-2-outcome-analysis-v1,1886cb2c12f292f03d5deab7ef23200f02d1694d,b6472b761ef2550497ef86168b72457aba37fd68
2026-08-04,90,SECONDARY,ELIGIBLE,OUTCOME_INCOMPLETE,52,,,,h7-2-outcome-analysis-v1,1886cb2c12f292f03d5deab7ef23200f02d1694d,b6472b761ef2550497ef86168b72457aba37fd68
2026-08-04,180,SECONDARY,ELIGIBLE,OUTCOME_INCOMPLETE,52,,,,h7-2-outcome-analysis-v1,1886cb2c12f292f03d5deab7ef23200f02d1694d,b6472b761ef2550497ef86168b72457aba37fd68
2026-08-05,30,PRIMARY,ELIGIBLE,OUTCOME_INCOMPLETE,50,,,,h7-2-outcome-analysis-v1,1886cb2c12f292f03d5deab7ef23200f02d1694d,b6472b761ef2550497ef86168b72457aba37fd68
2026-08-05,90,SECONDARY,ELIGIBLE,OUTCOME_INCOMPLETE,50,,,,h7-2-outcome-analysis-v1,1886cb2c12f292f03d5deab7ef23200f02d1694d,b6472b761ef2550497ef86168b72457aba37fd68
2026-08-05,180,SECONDARY,ELIGIBLE,OUTCOME_INCOMPLETE,50,,,,h7-2-outcome-analysis-v1,1886cb2c12f292f03d5deab7ef23200f02d1694d,b6472b761ef2550497ef86168b72457aba37fd68
2026-08-06,30,PRIMARY,ELIGIBLE,OUTCOME_INCOMPLETE,48,,,,h7-2-outcome-analysis-v1,1886cb2c12f292f03d5deab7ef23200f02d1694d,b6472b761ef2550497ef86168b72457aba37fd68
2026-08-06,90,SECONDARY,ELIGIBLE,OUTCOME_INCOMPLETE,48,,,,h7-2-outcome-analysis-v1,1886cb2c12f292f03d5deab7ef23200f02d1694d,b6472b761ef2550497ef86168b72457aba37fd68
2026-08-06,180,SECONDARY,ELIGIBLE,OUTCOME_INCOMPLETE,48,,,,h7-2-outcome-analysis-v1,1886cb2c12f292f03d5deab7ef23200f02d1694d,b6472b761ef2550497ef86168b72457aba37fd68
2026-08-07,30,PRIMARY,ELIGIBLE,OUTCOME_INCOMPLETE,49,,,,h7-2-outcome-analysis-v1,1886cb2c12f292f03d5deab7ef23200f02d1694d,b6472b761ef2550497ef86168b72457aba37fd68
2026-08-07,90,SECONDARY,ELIGIBLE,OUTCOME_INCOMPLETE,49,,,,h7-2-outcome-analysis-v1,1886cb2c12f292f03d5deab7ef23200f02d1694d,b6472b761ef2550497ef86168b72457aba37fd68
2026-08-07,180,SECONDARY,ELIGIBLE,OUTCOME_INCOMPLETE,49,,,,h7-2-outcome-analysis-v1,1886cb2c12f292f03d5deab7ef23200f02d1694d,b6472b761ef2550497ef86168b72457aba37fd68
2026-08-08,30,PRIMARY,ELIGIBLE,OUTCOME_INCOMPLETE,49,,,,h7-2-outcome-analysis-v1,1886cb2c12f292f03d5deab7ef23200f02d1694d,b6472b761ef2550497ef86168b72457aba37fd68
2026-08-08,90,SECONDARY,ELIGIBLE,OUTCOME_INCOMPLETE,49,,,,h7-2-outcome-analysis-v1,1886cb2c12f292f03d5deab7ef23200f02d1694d,b6472b761ef2550497ef86168b72457aba37fd68
2026-08-08,180,SECONDARY,ELIGIBLE,OUTCOME_INCOMPLETE,49,,,,h7-2-outcome-analysis-v1,1886cb2c12f292f03d5deab7ef23200f02d1694d,b6472b761ef2550497ef86168b72457aba37fd68
2026-08-09,30,PRIMARY,ELIGIBLE,OUTCOME_INCOMPLETE,52,,,,h7-2-outcome-analysis-v1,1886cb2c12f292f03d5deab7ef23200f02d1694d,b6472b761ef2550497ef86168b72457aba37fd68
2026-08-09,90,SECONDARY,ELIGIBLE,OUTCOME_INCOMPLETE,52,,,,h7-2-outcome-analysis-v1,1886cb2c12f292f03d5deab7ef23200f02d1694d,b6472b761ef2550497ef86168b72457aba37fd68
2026-08-09,180,SECONDARY,ELIGIBLE,OUTCOME_INCOMPLETE,52,,,,h7-2-outcome-analysis-v1,1886cb2c12f292f03d5deab7ef23200f02d1694d,b6472b761ef2550497ef86168b72457aba37fd68
2026-08-10,30,PRIMARY,ELIGIBLE,OUTCOME_INCOMPLETE,52,,,,h7-2-outcome-analysis-v1,1886cb2c12f292f03d5deab7ef23200f02d1694d,b6472b761ef2550497ef86168b72457aba37fd68
2026-08-10,90,SECONDARY,ELIGIBLE,OUTCOME_INCOMPLETE,52,,,,h7-2-outcome-analysis-v1,1886cb2c12f292f03d5deab7ef23200f02d1694d,b6472b761ef2550497ef86168b72457aba37fd68
2026-08-10,180,SECONDARY,ELIGIBLE,OUTCOME_INCOMPLETE,52,,,,h7-2-outcome-analysis-v1,1886cb2c12f292f03d5deab7ef23200f02d1694d,b6472b761ef2550497ef86168b72457aba37fd68
2026-08-11,30,PRIMARY,ELIGIBLE,OUTCOME_INCOMPLETE,49,,,,h7-2-outcome-analysis-v1,1886cb2c12f292f03d5deab7ef23200f02d1694d,b6472b761ef2550497ef86168b72457aba37fd68
2026-08-11,90,SECONDARY,ELIGIBLE,OUTCOME_INCOMPLETE,49,,,,h7-2-outcome-analysis-v1,1886cb2c12f292f03d5deab7ef23200f02d1694d,b6472b761ef2550497ef86168b72457aba37fd68
2026-08-11,180,SECONDARY,ELIGIBLE,OUTCOME_INCOMPLETE,49,,,,h7-2-outcome-analysis-v1,1886cb2c12f292f03d5deab7ef23200f02d1694d,b6472b761ef2550497ef86168b72457aba37fd68
2026-08-12,30,PRIMARY,ELIGIBLE,OUTCOME_INCOMPLETE,53,,,,h7-2-outcome-analysis-v1,1886cb2c12f292f03d5deab7ef23200f02d1694d,b6472b761ef2550497ef86168b72457aba37fd68
2026-08-12,90,SECONDARY,ELIGIBLE,OUTCOME_INCOMPLETE,53,,,,h7-2-outcome-analysis-v1,1886cb2c12f292f03d5deab7ef23200f02d1694d,b6472b761ef2550497ef86168b72457aba37fd68
2026-08-12,180,SECONDARY,ELIGIBLE,OUTCOME_INCOMPLETE,53,,,,h7-2-outcome-analysis-v1,1886cb2c12f292f03d5deab7ef23200f02d1694d,b6472b761ef2550497ef86168b72457aba37fd68
2026-08-13,30,PRIMARY,ELIGIBLE,OUTCOME_INCOMPLETE,54,,,,h7-2-outcome-analysis-v1,1886cb2c12f292f03d5deab7ef23200f02d1694d,b6472b761ef2550497ef86168b72457aba37fd68
2026-08-13,90,SECONDARY,ELIGIBLE,OUTCOME_INCOMPLETE,54,,,,h7-2-outcome-analysis-v1,1886cb2c12f292f03d5deab7ef23200f02d1694d,b6472b761ef2550497ef86168b72457aba37fd68
2026-08-13,180,SECONDARY,ELIGIBLE,OUTCOME_INCOMPLETE,54,,,,h7-2-outcome-analysis-v1,1886cb2c12f292f03d5deab7ef23200f02d1694d,b6472b761ef2550497ef86168b72457aba37fd68
2026-08-14,30,PRIMARY,ELIGIBLE,OUTCOME_INCOMPLETE,49,,,,h7-2-outcome-analysis-v1,1886cb2c12f292f03d5deab7ef23200f02d1694d,b6472b761ef2550497ef86168b72457aba37fd68
2026-08-14,90,SECONDARY,ELIGIBLE,OUTCOME_INCOMPLETE,49,,,,h7-2-outcome-analysis-v1,1886cb2c12f292f03d5deab7ef23200f02d1694d,b6472b761ef2550497ef86168b72457aba37fd68
2026-08-14,180,SECONDARY,ELIGIBLE,OUTCOME_INCOMPLETE,49,,,,h7-2-outcome-analysis-v1,1886cb2c12f292f03d5deab7ef23200f02d1694d,b6472b761ef2550497ef86168b72457aba37fd68
2026-08-15,30,PRIMARY,ELIGIBLE,OUTCOME_INCOMPLETE,48,,,,h7-2-outcome-analysis-v1,1886cb2c12f292f03d5deab7ef23200f02d1694d,b6472b761ef2550497ef86168b72457aba37fd68
2026-08-15,90,SECONDARY,ELIGIBLE,OUTCOME_INCOMPLETE,48,,,,h7-2-outcome-analysis-v1,1886cb2c12f292f03d5deab7ef23200f02d1694d,b6472b761ef2550497ef86168b72457aba37fd68
2026-08-15,180,SECONDARY,ELIGIBLE,OUTCOME_INCOMPLETE,48,,,,h7-2-outcome-analysis-v1,1886cb2c12f292f03d5deab7ef23200f02d1694d,b6472b761ef2550497ef86168b72457aba37fd68
2026-08-16,30,PRIMARY,ELIGIBLE,OUTCOME_INCOMPLETE,47,,,,h7-2-outcome-analysis-v1,1886cb2c12f292f03d5deab7ef23200f02d1694d,b6472b761ef2550497ef86168b72457aba37fd68
2026-08-16,90,SECONDARY,ELIGIBLE,OUTCOME_INCOMPLETE,47,,,,h7-2-outcome-analysis-v1,1886cb2c12f292f03d5deab7ef23200f02d1694d,b6472b761ef2550497ef86168b72457aba37fd68
2026-08-16,180,SECONDARY,ELIGIBLE,OUTCOME_INCOMPLETE,47,,,,h7-2-outcome-analysis-v1,1886cb2c12f292f03d5deab7ef23200f02d1694d,b6472b761ef2550497ef86168b72457aba37fd68
2026-08-17,30,PRIMARY,ELIGIBLE,OUTCOME_INCOMPLETE,47,,,,h7-2-outcome-analysis-v1,1886cb2c12f292f03d5deab7ef23200f02d1694d,b6472b761ef2550497ef86168b72457aba37fd68
2026-08-17,90,SECONDARY,ELIGIBLE,OUTCOME_INCOMPLETE,47,,,,h7-2-outcome-analysis-v1,1886cb2c12f292f03d5deab7ef23200f02d1694d,b6472b761ef2550497ef86168b72457aba37fd68
2026-08-17,180,SECONDARY,ELIGIBLE,OUTCOME_INCOMPLETE,47,,,,h7-2-outcome-analysis-v1,1886cb2c12f292f03d5deab7ef23200f02d1694d,b6472b761ef2550497ef86168b72457aba37fd68
2026-08-18,30,PRIMARY,NOT_ELIGIBLE,XR_NOT_ELIGIBLE,,,,,h7-2-outcome-analysis-v1,1886cb2c12f292f03d5deab7ef23200f02d1694d,b6472b761ef2550497ef86168b72457aba37fd68
2026-08-18,90,SECONDARY,NOT_ELIGIBLE,XR_NOT_ELIGIBLE,,,,,h7-2-outcome-analysis-v1,1886cb2c12f292f03d5deab7ef23200f02d1694d,b6472b761ef2550497ef86168b72457aba37fd68
2026-08-18,180,SECONDARY,NOT_ELIGIBLE,XR_NOT_ELIGIBLE,,,,,h7-2-outcome-analysis-v1,1886cb2c12f292f03d5deab7ef23200f02d1694d,b6472b761ef2550497ef86168b72457aba37fd68
2026-08-19,30,PRIMARY,ELIGIBLE,OUTCOME_INCOMPLETE,52,,,,h7-2-outcome-analysis-v1,1886cb2c12f292f03d5deab7ef23200f02d1694d,b6472b761ef2550497ef86168b72457aba37fd68
2026-08-19,90,SECONDARY,ELIGIBLE,OUTCOME_INCOMPLETE,52,,,,h7-2-outcome-analysis-v1,1886cb2c12f292f03d5deab7ef23200f02d1694d,b6472b761ef2550497ef86168b72457aba37fd68
2026-08-19,180,SECONDARY,ELIGIBLE,OUTCOME_INCOMPLETE,52,,,,h7-2-outcome-analysis-v1,1886cb2c12f292f03d5deab7ef23200f02d1694d,b6472b761ef2550497ef86168b72457aba37fd68
