artifact_id,latest_blob_sha,canonical_artifact_commit_sha,artifact_commit_sha,parent_sha,parent2_sha,commit_timestamp_utc,commit_author,commit_message,observation_date,observation_as_of_utc,observation_date_source,score,composite_raw,raw_score,band,price_usd,model_version,implementation_revision,ssot_version,health_status,ok,factor_count,successful_factor_count,artifact_evidence_class,analytical_eligibility,operational_role,evidence_grade,selection_status,exclusion_reason,deployment_status,source_main_sha,builder_version
609a85ba6e6883d56fdde74be45b118a6225c8c8,609a85ba6e6883d56fdde74be45b118a6225c8c8,3d11cce2e82bd9d9116cc187a6cf75f12a4fe3f5,3d11cce2e82bd9d9116cc187a6cf75f12a4fe3f5,7d77b77625d99795ad60255c0e3bcf5e7948c855,,2025-09-15T21:08:38.000Z,firemansghost,feat: add ETL pipeline with real BTC data seeding,2025-09-15,2025-09-15T21:08:21.493Z,legacy_timestamp,47,,,Hold/Neutral,115309.35,v3.0.0,,,,,,,COMMITTED_CONTEMPORANEOUS_CANDIDATE,REVIEW_REQUIRED,human_feature_commit,B,UNSELECTED,,UNKNOWN,c29601abff2252a553ef12c5ed843ea705f9956f,h3.1-v1
3e63fed1a9367cd536c3ca4d248603d275bc31d6,3e63fed1a9367cd536c3ca4d248603d275bc31d6,bed22bf586598010f50dfe6dfc63bfc631cfd037,bed22bf586598010f50dfe6dfc63bfc631cfd037,ae2d139a5557ff93196cc3ed88cd0b1f551309f3,,2025-09-15T22:24:18.000Z,github-actions[bot],ETL: update artifacts [skip ci],2025-09-15,2025-09-15T22:24:18.402Z,legacy_timestamp,47,,,Hold/Neutral,115428.54,v3.0.0,,,,,,,COMMITTED_CONTEMPORANEOUS_CANDIDATE,REVIEW_REQUIRED,unknown,B,UNSELECTED,,UNKNOWN,c29601abff2252a553ef12c5ed843ea705f9956f,h3.1-v1
e65a1e1b7561dd815df06babeb163b75e4c83cac,e65a1e1b7561dd815df06babeb163b75e4c83cac,53ede5a6baedf38ee2acc817380b325207953e06,53ede5a6baedf38ee2acc817380b325207953e06,ae2d139a5557ff93196cc3ed88cd0b1f551309f3,,2025-09-15T22:59:35.000Z,firemansghost,feat: enhance ETL pipeline with real risk factor calculations,2025-09-15,2025-09-15T22:57:17.861Z,legacy_timestamp,44,,,Hold/Neutral,115331.86,v3.1.0,,,,,8,,COMMITTED_CONTEMPORANEOUS_CANDIDATE,REVIEW_REQUIRED,human_feature_commit,B,UNSELECTED,,UNKNOWN,c29601abff2252a553ef12c5ed843ea705f9956f,h3.1-v1
87ee86ef1486cb08cfd3acbda42c1ddc66c773be,87ee86ef1486cb08cfd3acbda42c1ddc66c773be,c9325a2c772d8290d063aefa211a1f1a4fb702c3,c9325a2c772d8290d063aefa211a1f1a4fb702c3,3bbcc11a865c1a57f33110b2d7fd7da4bf34427e,,2025-09-15T23:21:19.000Z,firemansghost,feat: implement remaining risk factors with real data sources,2025-09-15,2025-09-15T23:21:10.656Z,legacy_timestamp,38,,,Hold/Neutral,115426.03,v3.1.0,,,,,8,,COMMITTED_CONTEMPORANEOUS_CANDIDATE,REVIEW_REQUIRED,human_feature_commit,B,UNSELECTED,,UNKNOWN,c29601abff2252a553ef12c5ed843ea705f9956f,h3.1-v1
4bd57952ef7c434fc931106e03919ee57ae6bd46,4bd57952ef7c434fc931106e03919ee57ae6bd46,b15ddab3d471883335a8df5a163fb6e791ae65de,b15ddab3d471883335a8df5a163fb6e791ae65de,c9325a2c772d8290d063aefa211a1f1a4fb702c3,,2025-09-15T23:31:57.000Z,github-actions[bot],ETL: update artifacts [skip ci],2025-09-15,2025-09-15T23:31:57.245Z,legacy_timestamp,44,,,Hold/Neutral,115502.53,v3.1.0,,,,,8,,COMMITTED_CONTEMPORANEOUS_CANDIDATE,REVIEW_REQUIRED,unknown,B,UNSELECTED,,UNKNOWN,c29601abff2252a553ef12c5ed843ea705f9956f,h3.1-v1
43a334d255a92984c6cdb412cc188aada23b792f,43a334d255a92984c6cdb412cc188aada23b792f,89baf11cec80c61c57245f574d63c4a9f44c55be,89baf11cec80c61c57245f574d63c4a9f44c55be,b884f75d8f52a53ccf9c0a2dab60420690537388,,2025-09-15T23:40:08.000Z,github-actions[bot],ETL: update artifacts [skip ci],2025-09-15,2025-09-15T23:40:08.783Z,legacy_timestamp,44,,,Hold/Neutral,115473.12,v3.1.0,,,,,8,,COMMITTED_CONTEMPORANEOUS_CANDIDATE,REVIEW_REQUIRED,unknown,B,UNSELECTED,,UNKNOWN,c29601abff2252a553ef12c5ed843ea705f9956f,h3.1-v1
6abc675f4509092ec4f6e0de74624a5442e2d7a8,6abc675f4509092ec4f6e0de74624a5442e2d7a8,30db2995015b7790600c311bc2ac631b3e534345,30db2995015b7790600c311bc2ac631b3e534345,b884f75d8f52a53ccf9c0a2dab60420690537388,,2025-09-15T23:45:27.000Z,firemansghost,update: fresh ETL data with improved ETF Flows,2025-09-15,2025-09-15T23:44:52.845Z,legacy_timestamp,40,,,Hold/Neutral,115377.73,v3.1.0,,,,,8,,COMMITTED_CONTEMPORANEOUS_CANDIDATE,REVIEW_REQUIRED,human_feature_commit,B,UNSELECTED,,UNKNOWN,c29601abff2252a553ef12c5ed843ea705f9956f,h3.1-v1
f9c3b83369eac312eed7d97531ae024ad87d4904,f9c3b83369eac312eed7d97531ae024ad87d4904,d03d46c7703c1069d62a9d6b95b9b3939a358fbf,d03d46c7703c1069d62a9d6b95b9b3939a358fbf,cb8f9312cd1039eef3928c9d56c67e631db5745c,,2025-09-15T23:51:50.000Z,firemansghost,update: fresh ETL data - composite score 39,2025-09-15,2025-09-15T23:50:42.845Z,legacy_timestamp,39,,,Hold/Neutral,115347.97,v3.1.0,,,,,8,,COMMITTED_CONTEMPORANEOUS_CANDIDATE,REVIEW_REQUIRED,human_feature_commit,B,UNSELECTED,,UNKNOWN,c29601abff2252a553ef12c5ed843ea705f9956f,h3.1-v1
de480d7862143b84ddfb75a4a3fc0f7a97f0fd25,de480d7862143b84ddfb75a4a3fc0f7a97f0fd25,daf12b783a487bdfc9e24d1ac744a0f090065b6a,daf12b783a487bdfc9e24d1ac744a0f090065b6a,25f0aa28abe105b04df9d5fa2005c2835bb9d658,,2025-09-16T02:04:55.000Z,firemansghost,fix: ETL now loads .env.local properly and all 8 factors working,2025-09-16,2025-09-16T02:03:37.638Z,legacy_timestamp,53,,,Hold/Neutral,115087.96,v3.1.0,,,,,8,,COMMITTED_CONTEMPORANEOUS_CANDIDATE,REVIEW_REQUIRED,human_feature_commit,B,UNSELECTED,,UNKNOWN,c29601abff2252a553ef12c5ed843ea705f9956f,h3.1-v1
45326d09f90d2e9c0bcf98679908ceb8f55f0505,45326d09f90d2e9c0bcf98679908ceb8f55f0505,4e06257cc748443386c9925200be60bb48adae9b,4e06257cc748443386c9925200be60bb48adae9b,daf12b783a487bdfc9e24d1ac744a0f090065b6a,,2025-09-16T02:10:50.000Z,firemansghost,update: fresh ETL data with all 8 factors including FRED,2025-09-16,2025-09-16T02:10:02.628Z,legacy_timestamp,53,,,Hold/Neutral,115124.82,v3.1.0,,,,,8,,COMMITTED_CONTEMPORANEOUS_CANDIDATE,REVIEW_REQUIRED,human_feature_commit,B,UNSELECTED,,UNKNOWN,c29601abff2252a553ef12c5ed843ea705f9956f,h3.1-v1
c9c567817e03cbdee45363bb2397cdfba6545d44,c9c567817e03cbdee45363bb2397cdfba6545d44,0a51dcc45af807ce99b9514c843415887ef375b9,0a51dcc45af807ce99b9514c843415887ef375b9,4e06257cc748443386c9925200be60bb48adae9b,,2025-09-16T11:18:56.000Z,github-actions[bot],ETL: update artifacts [skip ci],2025-09-16,2025-09-16T11:18:56.741Z,legacy_timestamp,53,,,Hold/Neutral,115290.08,v3.1.0,,,,,8,,COMMITTED_CONTEMPORANEOUS_CANDIDATE,REVIEW_REQUIRED,unknown,B,UNSELECTED,,UNKNOWN,c29601abff2252a553ef12c5ed843ea705f9956f,h3.1-v1
8715f91aa5c946ab8d6eec938c8514bf24f17604,8715f91aa5c946ab8d6eec938c8514bf24f17604,37174a41097dfc3634e171db651431c59ed9f62f,37174a41097dfc3634e171db651431c59ed9f62f,4e06257cc748443386c9925200be60bb48adae9b,,2025-09-16T21:00:56.000Z,firemansghost,"ETL: update Bitcoin price to ,914 and refresh all factors",2025-09-16,2025-09-16T20:59:29.298Z,legacy_timestamp,50,,,Hold/Neutral,116914.01,v3.1.0,,,,,8,,COMMITTED_CONTEMPORANEOUS_CANDIDATE,REVIEW_REQUIRED,human_feature_commit,B,UNSELECTED,,UNKNOWN,c29601abff2252a553ef12c5ed843ea705f9956f,h3.1-v1
4fc58f6a93e5103bd8f61d133864bfacbc29e944,4fc58f6a93e5103bd8f61d133864bfacbc29e944,ce6ff3f9adf2cb3fb1a7b9f1493bdc381f2c0498,ce6ff3f9adf2cb3fb1a7b9f1493bdc381f2c0498,1eb3bc06688183e31170484bfff7647d8b9a7aa5,,2025-09-16T23:12:59.000Z,firemansghost,Implement Raw Snapshot & Cache System for ETF flows,2025-09-16,2025-09-16T23:12:40.346Z,legacy_timestamp,53,,,Hold/Neutral,116932.45,v3.1.0,,,,,8,,COMMITTED_CONTEMPORANEOUS_CANDIDATE,REVIEW_REQUIRED,human_feature_commit,B,UNSELECTED,,UNKNOWN,c29601abff2252a553ef12c5ed843ea705f9956f,h3.1-v1
a373dd5ab4cc2551d15f75d08d36b2f83f4e93fb,a373dd5ab4cc2551d15f75d08d36b2f83f4e93fb,683409b325090d0dc1a36be9c240ac63fca2424e,683409b325090d0dc1a36be9c240ac63fca2424e,ce6ff3f9adf2cb3fb1a7b9f1493bdc381f2c0498,,2025-09-17T11:18:55.000Z,github-actions[bot],ETL: update artifacts [skip ci],2025-09-17,2025-09-17T11:18:55.299Z,legacy_timestamp,49,,,Hold/Neutral,116314,v3.1.0,,,,,8,,COMMITTED_CONTEMPORANEOUS_CANDIDATE,REVIEW_REQUIRED,unknown,B,UNSELECTED,,UNKNOWN,c29601abff2252a553ef12c5ed843ea705f9956f,h3.1-v1
a1af91397b9e36573fda5ffd6b80514b0c02b1a4,a1af91397b9e36573fda5ffd6b80514b0c02b1a4,43826a2ac1e998f612e3609cfd5046c656a31785,43826a2ac1e998f612e3609cfd5046c656a31785,ce6ff3f9adf2cb3fb1a7b9f1493bdc381f2c0498,,2025-09-17T11:25:21.000Z,firemansghost,Implement Backfill & Percentile Base System for ETF flows,2025-09-17,2025-09-17T11:25:00.706Z,legacy_timestamp,53,,,Hold/Neutral,116377.99,v3.1.0,,,,,8,,COMMITTED_CONTEMPORANEOUS_CANDIDATE,REVIEW_REQUIRED,human_feature_commit,B,UNSELECTED,,UNKNOWN,c29601abff2252a553ef12c5ed843ea705f9956f,h3.1-v1
092aa4769832eacbb3bf22bd50d4e923d4e61a63,092aa4769832eacbb3bf22bd50d4e923d4e61a63,5f7468120bdf531a9edc6f5ffe0d53b219b99abb,5f7468120bdf531a9edc6f5ffe0d53b219b99abb,8a2f7a20f902db45630b0fe2be35cebb13ead762,,2025-09-17T11:47:40.000Z,firemansghost,Fix Net Liquidity FRED API data parsing,2025-09-17,2025-09-17T11:46:52.385Z,legacy_timestamp,53,,,Hold/Neutral,116339.59,v3.1.0,,,,,8,,COMMITTED_CONTEMPORANEOUS_CANDIDATE,REVIEW_REQUIRED,human_feature_commit,B,UNSELECTED,,UNKNOWN,c29601abff2252a553ef12c5ed843ea705f9956f,h3.1-v1
d57f47087feb0f9b9dbad6d12f83dd78ac6faf9a,d57f47087feb0f9b9dbad6d12f83dd78ac6faf9a,44a04b84e017a0c34451b2d154a83c99b8fa9d06,44a04b84e017a0c34451b2d154a83c99b8fa9d06,5f7468120bdf531a9edc6f5ffe0d53b219b99abb,,2025-09-17T12:03:07.000Z,firemansghost,Improve On-chain Activity calculation with multi-factor analysis,2025-09-17,2025-09-17T12:02:34.774Z,legacy_timestamp,54,,,Hold/Neutral,116283.03,v3.1.0,,,,,8,,COMMITTED_CONTEMPORANEOUS_CANDIDATE,REVIEW_REQUIRED,human_feature_commit,B,UNSELECTED,,UNKNOWN,c29601abff2252a553ef12c5ed843ea705f9956f,h3.1-v1
97e46ff769e26fe370443d170d18055a729b8426,97e46ff769e26fe370443d170d18055a729b8426,fdc1160ed97223347f31a11796c8973991f40f4f,fdc1160ed97223347f31a11796c8973991f40f4f,44a04b84e017a0c34451b2d154a83c99b8fa9d06,,2025-09-17T12:12:19.000Z,firemansghost,Fix refresh functionality and Social Interest calculation,2025-09-17,2025-09-17T12:11:53.286Z,legacy_timestamp,50,,,Hold/Neutral,116317.36,v3.1.0,,,,,8,,COMMITTED_CONTEMPORANEOUS_CANDIDATE,REVIEW_REQUIRED,human_feature_commit,B,UNSELECTED,,UNKNOWN,c29601abff2252a553ef12c5ed843ea705f9956f,h3.1-v1
c0681ed08646b95070b9cf6c78a8bf593bff1401,c0681ed08646b95070b9cf6c78a8bf593bff1401,6dbd0e1316bcb7184d36a4972217ec73f44521ba,6dbd0e1316bcb7184d36a4972217ec73f44521ba,fdc1160ed97223347f31a11796c8973991f40f4f,,2025-09-17T12:29:33.000Z,firemansghost,Implement Per-ETF Mini Table with individual ETF breakdowns,2025-09-17,2025-09-17T12:28:10.763Z,legacy_timestamp,50,,,Hold/Neutral,116337.99,v3.1.0,,,,,8,,COMMITTED_CONTEMPORANEOUS_CANDIDATE,REVIEW_REQUIRED,human_feature_commit,B,UNSELECTED,,UNKNOWN,c29601abff2252a553ef12c5ed843ea705f9956f,h3.1-v1
81aa8a5298bec3bed6aeb29803ddc8ba12576956,81aa8a5298bec3bed6aeb29803ddc8ba12576956,4d2b6e0133e7a2d525a74496c20d5121a445a104,4d2b6e0133e7a2d525a74496c20d5121a445a104,df97f36d3044037f458dac98ea19da4901d4a1f5,,2025-09-17T15:46:43.000Z,firemansghost,feat: implement BTCGold cross-asset analysis,2025-09-17,2025-09-17T15:41:15.326Z,legacy_timestamp,52,,,Hold/Neutral,115816.46,v3.1.0,,,,,8,,COMMITTED_CONTEMPORANEOUS_CANDIDATE,REVIEW_REQUIRED,human_feature_commit,B,UNSELECTED,,UNKNOWN,c29601abff2252a553ef12c5ed843ea705f9956f,h3.1-v1
356d99afba69343e9b24456f29a7a9c746a99b81,356d99afba69343e9b24456f29a7a9c746a99b81,91c8d0a98116b96ef07ecc4ab1911d8e4c865944,91c8d0a98116b96ef07ecc4ab1911d8e4c865944,4d2b6e0133e7a2d525a74496c20d5121a445a104,,2025-09-17T15:52:10.000Z,firemansghost,data: update gold cross-rates and latest data artifacts,2025-09-17,2025-09-17T15:52:01.352Z,legacy_timestamp,52,,,Hold/Neutral,115851.16,v3.1.0,,,,,8,,COMMITTED_CONTEMPORANEOUS_CANDIDATE,REVIEW_REQUIRED,human_feature_commit,B,UNSELECTED,,UNKNOWN,c29601abff2252a553ef12c5ed843ea705f9956f,h3.1-v1
2225f488198c87ef7f45e1b644df4bc91b19adaa,2225f488198c87ef7f45e1b644df4bc91b19adaa,4817bf31daf02cdf5547add41d85f9f51185942f,4817bf31daf02cdf5547add41d85f9f51185942f,91c8d0a98116b96ef07ecc4ab1911d8e4c865944,,2025-09-17T16:20:11.000Z,firemansghost,feat: implement cache hardening and status breadcrumbs,2025-09-17,2025-09-17T16:19:50.677Z,legacy_timestamp,53,,,Hold/Neutral,115611.82,v3.1.0,,,,,8,,COMMITTED_CONTEMPORANEOUS_CANDIDATE,REVIEW_REQUIRED,human_feature_commit,B,UNSELECTED,,UNKNOWN,c29601abff2252a553ef12c5ed843ea705f9956f,h3.1-v1
0e05f7b40c6d2fee624cc3b5bee483132a0b0316,0e05f7b40c6d2fee624cc3b5bee483132a0b0316,123fab03febdbe1ef86897f07d6079ea1af64d62,123fab03febdbe1ef86897f07d6079ea1af64d62,4817bf31daf02cdf5547add41d85f9f51185942f,,2025-09-17T16:30:50.000Z,firemansghost,feat: implement Satoshis per Dollar display-only feature,2025-09-17,2025-09-17T16:28:59.403Z,legacy_timestamp,52,,,Hold/Neutral,115681.77,v3.1.0,,,,,8,,COMMITTED_CONTEMPORANEOUS_CANDIDATE,REVIEW_REQUIRED,human_feature_commit,B,UNSELECTED,,UNKNOWN,c29601abff2252a553ef12c5ed843ea705f9956f,h3.1-v1
5a3a1264f894a69153037d4bf99412a835443aca,5a3a1264f894a69153037d4bf99412a835443aca,6585b2010c9d429bd5037dab91d391edc1a76bf5,6585b2010c9d429bd5037dab91d391edc1a76bf5,fdcd853b9c19188b47d5bd8c2b62bdfbd49ba9c8,,2025-09-17T16:53:31.000Z,firemansghost,feat: implement comprehensive factor history tracking,2025-09-17,2025-09-17T16:50:31.766Z,legacy_timestamp,53,,,Hold/Neutral,115568.72,v3.1.0,,,,,8,,COMMITTED_CONTEMPORANEOUS_CANDIDATE,REVIEW_REQUIRED,human_feature_commit,B,UNSELECTED,,UNKNOWN,c29601abff2252a553ef12c5ed843ea705f9956f,h3.1-v1
e61070051af54b07ee4d9cf23bbea3aae0720169,e61070051af54b07ee4d9cf23bbea3aae0720169,d5a8ef74f3d830dc8b587d16cbc08085898d007c,d5a8ef74f3d830dc8b587d16cbc08085898d007c,6585b2010c9d429bd5037dab91d391edc1a76bf5,,2025-09-17T17:07:15.000Z,firemansghost,feat: implement comprehensive alert system for market events,2025-09-17,2025-09-17T17:04:58.127Z,legacy_timestamp,52,,,Hold/Neutral,115826.9,v3.1.0,,,,,8,,COMMITTED_CONTEMPORANEOUS_CANDIDATE,REVIEW_REQUIRED,human_feature_commit,B,UNSELECTED,,UNKNOWN,c29601abff2252a553ef12c5ed843ea705f9956f,h3.1-v1
2e1f600ebcabf3bc67fbf97c01e083a17af00ba0,2e1f600ebcabf3bc67fbf97c01e083a17af00ba0,4295560c47b373c9ed165332eca39833a1842885,4295560c47b373c9ed165332eca39833a1842885,c0024d35ad77a6e375d1a5dacc25337a71a5a1f5,,2025-09-17T21:21:09.000Z,firemansghost,feat(alerts): signed webhooks,2025-09-17,2025-09-17T21:21:02.741Z,legacy_timestamp,52,,,Hold/Neutral,115818.84,v3.1.0,,,,,8,,COMMITTED_CONTEMPORANEOUS_CANDIDATE,REVIEW_REQUIRED,human_feature_commit,B,UNSELECTED,,UNKNOWN,c29601abff2252a553ef12c5ed843ea705f9956f,h3.1-v1
1342a88a724a7c7963114508d800319de37e30b8,1342a88a724a7c7963114508d800319de37e30b8,46736168793fe6fb109d3e8f8eac046b947e9e28,46736168793fe6fb109d3e8f8eac046b947e9e28,47fb3a1bfac1463ea34e30b73b7c55ded31013e5,,2025-09-17T21:39:36.000Z,firemansghost,feat(liquidity): per-ETF flows CSV + UI mini table,2025-09-17,2025-09-17T21:37:02.619Z,legacy_timestamp,52,,,Hold/Neutral,115805.75,v3.1.0,,,,,8,,COMMITTED_CONTEMPORANEOUS_CANDIDATE,REVIEW_REQUIRED,human_feature_commit,B,UNSELECTED,,UNKNOWN,c29601abff2252a553ef12c5ed843ea705f9956f,h3.1-v1
d5c5189310e217b89c9e012281ec70c1d5f9fe4c,d5c5189310e217b89c9e012281ec70c1d5f9fe4c,340bae1c31aba0f0f34a7cd9a99384e2e90db3ec,340bae1c31aba0f0f34a7cd9a99384e2e90db3ec,d34105910b08a2edc6cc29aad102871352f2f4cc,,2025-09-18T11:18:42.000Z,github-actions[bot],ETL: update artifacts [skip ci],2025-09-18,2025-09-18T11:18:42.342Z,legacy_timestamp,42,,,Hold/Neutral,117293.8,v3.1.0,,,,,8,,COMMITTED_CONTEMPORANEOUS_CANDIDATE,REVIEW_REQUIRED,unknown,B,UNSELECTED,,UNKNOWN,c29601abff2252a553ef12c5ed843ea705f9956f,h3.1-v1
76daeb8ca3a4a1f29b5ea9eae698a78760e29910,76daeb8ca3a4a1f29b5ea9eae698a78760e29910,778b89fc4a12b7820885c78157efbec8fe69ba6e,778b89fc4a12b7820885c78157efbec8fe69ba6e,3a9776529743e08100b2c86c928f1123a6dc4622,,2025-09-18T13:09:27.000Z,firemansghost,fix(etl): emit + commit per-ETF CSV,2025-09-18,2025-09-18T13:07:39.803Z,legacy_timestamp,43,,,Hold/Neutral,117269.38,v3.1.0,,,,,8,,COMMITTED_CONTEMPORANEOUS_CANDIDATE,REVIEW_REQUIRED,human_feature_commit,B,UNSELECTED,,UNKNOWN,c29601abff2252a553ef12c5ed843ea705f9956f,h3.1-v1
5ddca60124c8f315b572cd97bc664e54880a98c6,5ddca60124c8f315b572cd97bc664e54880a98c6,c0d44f469eaf3e1d98df47e5f83c6c6e71ed3571,c0d44f469eaf3e1d98df47e5f83c6c6e71ed3571,50fed084b94ff291da41f89e978d064616ab302d,,2025-09-18T13:31:06.000Z,firemansghost,chore(etl): update artifacts (manual),2025-09-18,2025-09-18T13:30:47.813Z,legacy_timestamp,42,,,Hold/Neutral,117534.73,v3.1.0,,,,,8,,COMMITTED_CONTEMPORANEOUS_CANDIDATE,REVIEW_REQUIRED,human_feature_commit,B,UNSELECTED,,UNKNOWN,c29601abff2252a553ef12c5ed843ea705f9956f,h3.1-v1
b82a3c46163747fec4553fd6bb81beacc5597ddc,b82a3c46163747fec4553fd6bb81beacc5597ddc,fb242c6fe1444440e0521b5cd7fe494c1ae6608f,fb242c6fe1444440e0521b5cd7fe494c1ae6608f,c0d44f469eaf3e1d98df47e5f83c6c6e71ed3571,,2025-09-18T13:50:42.000Z,firemansghost,chore(etl): update artifacts (manual),2025-09-18,2025-09-18T13:50:12.633Z,legacy_timestamp,43,,,Hold/Neutral,117335.79,v3.1.0,,,,,8,,COMMITTED_CONTEMPORANEOUS_CANDIDATE,REVIEW_REQUIRED,human_feature_commit,B,UNSELECTED,,UNKNOWN,c29601abff2252a553ef12c5ed843ea705f9956f,h3.1-v1
7c8efd099d5f1754ef59fe768452593bf26c8101,7c8efd099d5f1754ef59fe768452593bf26c8101,ae27743df14da2f618419fa6b67c772cfc8dd407,ae27743df14da2f618419fa6b67c772cfc8dd407,e493bdcc72d85540f14d40f9caa2b447761c6d07,,2025-09-18T14:22:33.000Z,firemansghost,chore(etl): update artifacts (manual),2025-09-18,2025-09-18T14:22:23.944Z,legacy_timestamp,41,,,Hold/Neutral,117826.82,v3.1.0,,,,,8,,COMMITTED_CONTEMPORANEOUS_CANDIDATE,REVIEW_REQUIRED,human_feature_commit,B,UNSELECTED,,UNKNOWN,c29601abff2252a553ef12c5ed843ea705f9956f,h3.1-v1
1c95ff644ef96980111aadd481800d473b825029,1c95ff644ef96980111aadd481800d473b825029,aecc66986d00f28ed75484350f270da68481e776,aecc66986d00f28ed75484350f270da68481e776,e1fee309beb8241683c91308b7dde0a73cf56714,,2025-09-18T16:43:33.000Z,firemansghost,fix: correct ETL output format to match frontend expectations,2025-09-18,2025-09-18T16:43:23.268Z,as_of_utc,41,41,,Hold/Neutral,117820.01,v3.1.0,,,green,true,8,,COMMITTED_CONTEMPORANEOUS_CANDIDATE,REVIEW_REQUIRED,human_feature_commit,B,UNSELECTED,,UNKNOWN,c29601abff2252a553ef12c5ed843ea705f9956f,h3.1-v1
8a59253b6f5e54022818a43b6bac1cd015f498dc,8a59253b6f5e54022818a43b6bac1cd015f498dc,a79f810ab519ebbc4c70e5bec139d0fb34a12de1,a79f810ab519ebbc4c70e5bec139d0fb34a12de1,bfed648a0d619d41f7563b4c00d94638800aed68,,2025-09-18T18:58:24.000Z,firemansghost,chore(etl): update artifacts with fresh data,2025-09-18,2025-09-18T18:58:14.806Z,as_of_utc,41,41,,Hold/Neutral,117906.01,v3.1.0,,,green,true,8,,COMMITTED_CONTEMPORANEOUS_CANDIDATE,REVIEW_REQUIRED,human_feature_commit,B,UNSELECTED,,UNKNOWN,c29601abff2252a553ef12c5ed843ea705f9956f,h3.1-v1
0c9b77116a7ea2eeda573c573caf56394e2dd4b2,0c9b77116a7ea2eeda573c573caf56394e2dd4b2,9d2c33a81e690ac718796c7bf96f6c9907908915,9d2c33a81e690ac718796c7bf96f6c9907908915,77771dd94ae3e4c29a3eab11ecee2bd1c54f8b03,,2025-09-19T11:19:27.000Z,ghostgauge-bot,chore(etl): update artifacts [skip ci],2025-09-19,2025-09-19T11:19:27.292Z,as_of_utc,47,47,,Hold/Neutral,116478.28,v3.1.0,,,green,true,8,,COMMITTED_CONTEMPORANEOUS_CANDIDATE,ELIGIBLE_SCHEDULED,scheduled_etl,B,UNSELECTED,,UNKNOWN,c29601abff2252a553ef12c5ed843ea705f9956f,h3.1-v1
866bf9342eda1d87abc5bdfa53178a8d9c52e5ef,866bf9342eda1d87abc5bdfa53178a8d9c52e5ef,1b22a8ff3aadb95e1dfbd0b3055a96558f9bcc92,1b22a8ff3aadb95e1dfbd0b3055a96558f9bcc92,b5d65246f81170fc729f8d7b4cd5e29d7a775c5d,,2025-09-19T14:11:16.000Z,firemansghost,feat: deploy corrected risk factor data with proper weights,2025-09-19,2025-09-19T13:55:47.417Z,as_of_utc,35,35,,Hold/Neutral,116470.54,v3.1.0,,,green,true,8,,COMMITTED_CONTEMPORANEOUS_CANDIDATE,REVIEW_REQUIRED,human_feature_commit,B,UNSELECTED,,UNKNOWN,c29601abff2252a553ef12c5ed843ea705f9956f,h3.1-v1
4d602026502c68585a1d262969e5b08c6ce647fa,4d602026502c68585a1d262969e5b08c6ce647fa,3d834f83e99c5bbf63735a754af529f8f19ddd7b,3d834f83e99c5bbf63735a754af529f8f19ddd7b,a4903fe01c5376f94cdf2a0aaf3cc41464ab2b76,,2025-09-19T16:55:17.000Z,firemansghost,fix: implement proper multi-factor Trend & Valuation calculation,2025-09-19,2025-09-19T16:54:16.866Z,as_of_utc,44,44,,Hold/Neutral,116134.21,v3.1.0,,,green,true,8,,COMMITTED_CONTEMPORANEOUS_CANDIDATE,REVIEW_REQUIRED,human_feature_commit,B,UNSELECTED,,UNKNOWN,c29601abff2252a553ef12c5ed843ea705f9956f,h3.1-v1
df8ddf61794210af17385ac8d711d104890152cb,df8ddf61794210af17385ac8d711d104890152cb,8479f5716374470767d8d719134300f77b8eb20a,8479f5716374470767d8d719134300f77b8eb20a,3d834f83e99c5bbf63735a754af529f8f19ddd7b,,2025-09-19T17:27:02.000Z,firemansghost,fix: implement proper weekly RSI sampling for accurate momentum signals,2025-09-19,2025-09-19T17:25:59.010Z,as_of_utc,44,44,,Hold/Neutral,115826.14,v3.1.0,,,green,true,8,,COMMITTED_CONTEMPORANEOUS_CANDIDATE,REVIEW_REQUIRED,human_feature_commit,B,UNSELECTED,,UNKNOWN,c29601abff2252a553ef12c5ed843ea705f9956f,h3.1-v1
464ad3a4074ac836ce5342d5aeb64e751a1fa602,464ad3a4074ac836ce5342d5aeb64e751a1fa602,bd39fc0f9e9e24b7be1316e9e2a8454f04acb19f,bd39fc0f9e9e24b7be1316e9e2a8454f04acb19f,ae69337f81a59803d99066178aa3412deeb018b8,,2025-09-19T17:41:14.000Z,firemansghost,feat: enhance Net Liquidity factor with multi-component analysis,2025-09-19,2025-09-19T17:40:40.710Z,as_of_utc,41,41,,Hold/Neutral,115658.41,v3.1.0,,,green,true,8,,COMMITTED_CONTEMPORANEOUS_CANDIDATE,REVIEW_REQUIRED,human_feature_commit,B,UNSELECTED,,UNKNOWN,c29601abff2252a553ef12c5ed843ea705f9956f,h3.1-v1
81dc9916425fb1c44031b4dc9a46fe480d40735d,81dc9916425fb1c44031b4dc9a46fe480d40735d,7f96fde694e4c025f82c5913ff92ca7bfc040be2,7f96fde694e4c025f82c5913ff92ca7bfc040be2,bd39fc0f9e9e24b7be1316e9e2a8454f04acb19f,,2025-09-19T17:51:18.000Z,firemansghost,feat: enhance Stablecoins factor with multi-coin comprehensive analysis,2025-09-19,2025-09-19T17:48:25.806Z,as_of_utc,44,44,,Hold/Neutral,115737.45,v3.1.0,,,green,true,8,,COMMITTED_CONTEMPORANEOUS_CANDIDATE,REVIEW_REQUIRED,human_feature_commit,B,UNSELECTED,,UNKNOWN,c29601abff2252a553ef12c5ed843ea705f9956f,h3.1-v1
23aaf900e0ef4c86277683d4eb57ef81d752b915,23aaf900e0ef4c86277683d4eb57ef81d752b915,aae3c3964a383f12cbb77af66ba44417de6483c3,aae3c3964a383f12cbb77af66ba44417de6483c3,e9a2a4195f14db6f01b1db1671d43543bcd83721,,2025-09-19T18:59:07.000Z,firemansghost,data: update Social Interest factor to reflect new CoinGecko-based implementation,2025-09-19,2025-09-19T18:55:45.999Z,as_of_utc,46,46,,Hold/Neutral,115441.61,v3.1.0,,,green,true,8,,COMMITTED_CONTEMPORANEOUS_CANDIDATE,REVIEW_REQUIRED,human_feature_commit,B,UNSELECTED,,UNKNOWN,c29601abff2252a553ef12c5ed843ea705f9956f,h3.1-v1
36bbeb51f5fbd255cfa8887bc74313bca3dfa5fc,36bbeb51f5fbd255cfa8887bc74313bca3dfa5fc,521a5efd8adc733cd8c0309837aeb5cae023bde7,521a5efd8adc733cd8c0309837aeb5cae023bde7,a2d1c22d6ac2903cd82decda28d3e6c7651f56c6,,2025-09-19T19:37:31.000Z,firemansghost,data: update Macro Overlay to reflect enhanced multi-factor implementation,2025-09-19,2025-09-19T19:27:29.588Z,as_of_utc,46,46,,Hold/Neutral,115336.83,v3.1.0,,,green,true,8,,COMMITTED_CONTEMPORANEOUS_CANDIDATE,REVIEW_REQUIRED,human_feature_commit,B,UNSELECTED,,UNKNOWN,c29601abff2252a553ef12c5ed843ea705f9956f,h3.1-v1
e07755a80b2e5e629d71538e0c25413736d0a7ad,e07755a80b2e5e629d71538e0c25413736d0a7ad,cadccbfe4599a418558d048415403665f03173d4,cadccbfe4599a418558d048415403665f03173d4,521a5efd8adc733cd8c0309837aeb5cae023bde7,,2025-09-19T19:53:41.000Z,firemansghost,data: sync production data with latest ETL run,2025-09-19,2025-09-19T19:47:21.462Z,as_of_utc,47,47,,Hold/Neutral,115225.78,v3.1.0,,,green,true,8,,COMMITTED_CONTEMPORANEOUS_CANDIDATE,REVIEW_REQUIRED,human_feature_commit,B,UNSELECTED,,UNKNOWN,c29601abff2252a553ef12c5ed843ea705f9956f,h3.1-v1
63f743314afd52d3d655a4191ad6b268acca189b,63f743314afd52d3d655a4191ad6b268acca189b,6baa5d8644161853c62d069481bc3db44f66aa3d,6baa5d8644161853c62d069481bc3db44f66aa3d,a7ddf7a79a8e8a5223a9ce187ecf3674e230a409,,2025-09-19T20:22:45.000Z,firemansghost, Implement comprehensive staleness detection system,2025-09-19,2025-09-19T20:22:04.818Z,as_of_utc,43,43,,Hold/Neutral,115385.99,v3.1.0,,,green,true,8,,COMMITTED_CONTEMPORANEOUS_CANDIDATE,REVIEW_REQUIRED,human_feature_commit,B,UNSELECTED,,UNKNOWN,c29601abff2252a553ef12c5ed843ea705f9956f,h3.1-v1
21e3f6ca61190b8fcaa8ea6c1fe1106cce53ffe2,21e3f6ca61190b8fcaa8ea6c1fe1106cce53ffe2,929f8befe23f8b9f5e98e8456f122e1aef3bebe8,929f8befe23f8b9f5e98e8456f122e1aef3bebe8,6baa5d8644161853c62d069481bc3db44f66aa3d,,2025-09-19T20:50:54.000Z,firemansghost, Fix CoinGecko 429 rate limiting errors - All factors now working!,2025-09-19,2025-09-19T20:50:21.404Z,as_of_utc,47,47,,Hold/Neutral,115385.81,v3.1.0,,,green,true,8,,COMMITTED_CONTEMPORANEOUS_CANDIDATE,REVIEW_REQUIRED,human_feature_commit,B,UNSELECTED,,UNKNOWN,c29601abff2252a553ef12c5ed843ea705f9956f,h3.1-v1
c5d0c80e8d170ca45b2271e16a137324a0321903,c5d0c80e8d170ca45b2271e16a137324a0321903,c897c44c76bbc8d4ef9984a781a7116147aac2f1,c897c44c76bbc8d4ef9984a781a7116147aac2f1,929f8befe23f8b9f5e98e8456f122e1aef3bebe8,,2025-09-20T11:17:39.000Z,ghostgauge-bot,chore(etl): update artifacts [skip ci],2025-09-20,2025-09-20T11:17:39.091Z,as_of_utc,49,49,,Hold/Neutral,115903.33,v3.1.0,,,green,true,8,,COMMITTED_CONTEMPORANEOUS_CANDIDATE,ELIGIBLE_SCHEDULED,scheduled_etl,B,UNSELECTED,,UNKNOWN,c29601abff2252a553ef12c5ed843ea705f9956f,h3.1-v1
918e8625a5c75cef5b226432b6a791576b0107d0,918e8625a5c75cef5b226432b6a791576b0107d0,62d8ea526eaa5b125b74df8bf95189397f60bceb,62d8ea526eaa5b125b74df8bf95189397f60bceb,301ac36f6f277994622abfa7089ef00be8ea9db3,,2025-09-20T22:33:04.000Z,ghostgauge-bot,chore(etl): update artifacts [skip ci],2025-09-20,2025-09-20T22:33:04.670Z,as_of_utc,49,49,,Hold/Neutral,115809.8,v3.1.0,,,green,true,8,,COMMITTED_CONTEMPORANEOUS_CANDIDATE,ELIGIBLE_SCHEDULED,scheduled_etl,B,UNSELECTED,,UNKNOWN,c29601abff2252a553ef12c5ed843ea705f9956f,h3.1-v1
74c57db8cc60701569bd27060f33c19d7bd383b3,74c57db8cc60701569bd27060f33c19d7bd383b3,c23e1050c570e214717229dada5f087680180529,c23e1050c570e214717229dada5f087680180529,74ca634037f1cf9c376e9c85ec253673acef6cc5,,2025-09-21T02:36:08.000Z,ghostgauge-bot,chore(etl): update artifacts [skip ci],2025-09-21,2025-09-21T02:36:08.017Z,as_of_utc,46,46,,Hold/Neutral,115673.46,v3.1.0,,,green,true,8,,COMMITTED_CONTEMPORANEOUS_CANDIDATE,ELIGIBLE_SCHEDULED,scheduled_etl,B,UNSELECTED,,UNKNOWN,c29601abff2252a553ef12c5ed843ea705f9956f,h3.1-v1
3c5cc5e6645729bee756e69d283d66c64c9e80b5,3c5cc5e6645729bee756e69d283d66c64c9e80b5,97d359951fa662e056f7b936166878a4077c265a,97d359951fa662e056f7b936166878a4077c265a,c23e1050c570e214717229dada5f087680180529,,2025-09-21T11:16:52.000Z,ghostgauge-bot,chore(etl): update artifacts [skip ci],2025-09-21,2025-09-21T11:16:52.465Z,as_of_utc,47,47,,Hold/Neutral,115687.05,v3.1.0,,,green,true,8,,COMMITTED_CONTEMPORANEOUS_CANDIDATE,ELIGIBLE_SCHEDULED,scheduled_etl,B,UNSELECTED,,UNKNOWN,c29601abff2252a553ef12c5ed843ea705f9956f,h3.1-v1
b44ac7c6b99d894716e7fe1630e7f5afe5893a50,b44ac7c6b99d894716e7fe1630e7f5afe5893a50,b9d4fe602e67a4199c1eb139847d0bef3f8abb2a,b9d4fe602e67a4199c1eb139847d0bef3f8abb2a,97d359951fa662e056f7b936166878a4077c265a,,2025-09-22T11:20:01.000Z,ghostgauge-bot,chore(etl): update artifacts [skip ci],2025-09-22,2025-09-22T11:20:01.318Z,as_of_utc,47,47,,Hold/Neutral,112905.38,v3.1.0,,,green,true,8,,COMMITTED_CONTEMPORANEOUS_CANDIDATE,ELIGIBLE_SCHEDULED,scheduled_etl,B,UNSELECTED,,UNKNOWN,c29601abff2252a553ef12c5ed843ea705f9956f,h3.1-v1
7566e02eb3bffe5e44abf73fa2002a66a0aba709,7566e02eb3bffe5e44abf73fa2002a66a0aba709,171c9dfb4ce126f3f03d3cc9ee445019aa77da2d,171c9dfb4ce126f3f03d3cc9ee445019aa77da2d,d165a6ff959898523851a455b4f52181f38d74e4,,2025-09-23T11:18:55.000Z,ghostgauge-bot,chore(etl): update artifacts [skip ci],2025-09-23,2025-09-23T11:18:55.077Z,as_of_utc,40,40,,Hold/Neutral,112807.46,v3.1.0,,,green,true,8,,COMMITTED_CONTEMPORANEOUS_CANDIDATE,ELIGIBLE_SCHEDULED,scheduled_etl,B,UNSELECTED,,UNKNOWN,c29601abff2252a553ef12c5ed843ea705f9956f,h3.1-v1
b0b530c892d02203b77e66fc0143111403bfcb80,b0b530c892d02203b77e66fc0143111403bfcb80,b100fdb02c6915b93fd0483aecb50c42868be17f,b100fdb02c6915b93fd0483aecb50c42868be17f,bc3f66aed50896d84ee6904d2b54a323818e9361,,2025-09-23T18:58:24.000Z,ghostgauge-bot,chore(etl): update artifacts [skip ci],2025-09-23,2025-09-23T18:58:24.404Z,as_of_utc,44,44,,Hold/Neutral,111812,v3.1.0,,,green,true,8,,COMMITTED_CONTEMPORANEOUS_CANDIDATE,ELIGIBLE_SCHEDULED,scheduled_etl,B,UNSELECTED,,UNKNOWN,c29601abff2252a553ef12c5ed843ea705f9956f,h3.1-v1
8f3bdd8e26ec8a0e6ed671d0d2a98d91c1c3e55d,8f3bdd8e26ec8a0e6ed671d0d2a98d91c1c3e55d,ce443745db37b9b06cde9de5fd12decce6d073b7,ce443745db37b9b06cde9de5fd12decce6d073b7,7c5b60ebcf09d6019fc24e2df9ea4f9da555890c,,2025-09-23T19:57:05.000Z,ghostgauge-bot,chore(etl): update artifacts [skip ci],2025-09-23,2025-09-23T19:57:04.886Z,as_of_utc,44,44,,Hold/Neutral,111584.76,v3.1.0,,,green,true,8,,COMMITTED_CONTEMPORANEOUS_CANDIDATE,ELIGIBLE_SCHEDULED,scheduled_etl,B,UNSELECTED,,UNKNOWN,c29601abff2252a553ef12c5ed843ea705f9956f,h3.1-v1
427f0312085c0b4be9900ba6185da4be78b788e6,427f0312085c0b4be9900ba6185da4be78b788e6,9fc59b73cc3074f12adb1e2c4523f0ad733293ba,9fc59b73cc3074f12adb1e2c4523f0ad733293ba,ce443745db37b9b06cde9de5fd12decce6d073b7,,2025-09-23T20:23:24.000Z,ghostgauge-bot,chore(etl): update artifacts [skip ci],2025-09-23,2025-09-23T20:23:24.476Z,as_of_utc,44,44,,Hold/Neutral,111735.48,v3.1.0,,,green,true,8,,COMMITTED_CONTEMPORANEOUS_CANDIDATE,ELIGIBLE_SCHEDULED,scheduled_etl,B,UNSELECTED,,UNKNOWN,c29601abff2252a553ef12c5ed843ea705f9956f,h3.1-v1
5295abd2ef7cc293645edfbb7ff0c6979cc544e4,5295abd2ef7cc293645edfbb7ff0c6979cc544e4,367bf2f42fa3467150c850aa70fdf746f98270fe,367bf2f42fa3467150c850aa70fdf746f98270fe,9fc59b73cc3074f12adb1e2c4523f0ad733293ba,,2025-09-23T20:55:56.000Z,firemansghost,CRITICAL FIX: Resolve On-chain Activity factor order mismatch,2025-09-23,2025-09-23T20:55:19.574Z,as_of_utc,49,49,,Hold/Neutral,111738.83,v3.1.0,,,green,true,8,,COMMITTED_CONTEMPORANEOUS_CANDIDATE,REVIEW_REQUIRED,human_feature_commit,B,UNSELECTED,,UNKNOWN,c29601abff2252a553ef12c5ed843ea705f9956f,h3.1-v1
07ee8faed91d617614bfa817e39a9863bd2ef383,07ee8faed91d617614bfa817e39a9863bd2ef383,f4472968a7392b51541c97b99f9b35db25874dac,f4472968a7392b51541c97b99f9b35db25874dac,367bf2f42fa3467150c850aa70fdf746f98270fe,,2025-09-23T21:02:35.000Z,ghostgauge-bot,chore(etl): update artifacts [skip ci],2025-09-23,2025-09-23T21:02:34.861Z,as_of_utc,50,50,,Hold/Neutral,111950.45,v3.1.0,,,green,true,8,,COMMITTED_CONTEMPORANEOUS_CANDIDATE,ELIGIBLE_SCHEDULED,scheduled_etl,B,UNSELECTED,,UNKNOWN,c29601abff2252a553ef12c5ed843ea705f9956f,h3.1-v1
ec043019befde6aba042ab37f328b785fddcffac,ec043019befde6aba042ab37f328b785fddcffac,330ac979915310ff1082bfb9d35b261976ce8278,330ac979915310ff1082bfb9d35b261976ce8278,f4472968a7392b51541c97b99f9b35db25874dac,,2025-09-23T21:33:39.000Z,firemansghost,FIX: Net Liquidity staleness UI logic - use correct TTL per factor,2025-09-23,2025-09-23T21:24:52.650Z,as_of_utc,49,49,,Hold/Neutral,111977.93,v3.1.0,,,green,true,8,,COMMITTED_CONTEMPORANEOUS_CANDIDATE,REVIEW_REQUIRED,human_feature_commit,B,UNSELECTED,,UNKNOWN,c29601abff2252a553ef12c5ed843ea705f9956f,h3.1-v1
c35032de9677f684c962b6e755b6fa1c0d3abe2c,c35032de9677f684c962b6e755b6fa1c0d3abe2c,a0e05a6152eb182fcaaa9a2248368ea0077fc7ad,a0e05a6152eb182fcaaa9a2248368ea0077fc7ad,7f95deee679159fb3c9cd82eb04e409f937d8882,,2025-09-24T11:18:45.000Z,ghostgauge-bot,chore(etl): update artifacts [skip ci],2025-09-24,2025-09-24T11:18:45.296Z,as_of_utc,50,50,,Hold/Neutral,113116.01,v3.1.0,,,green,true,8,,COMMITTED_CONTEMPORANEOUS_CANDIDATE,ELIGIBLE_SCHEDULED,scheduled_etl,B,UNSELECTED,,UNKNOWN,c29601abff2252a553ef12c5ed843ea705f9956f,h3.1-v1
8fb51f54338074a8148428726853964a97a36be7,8fb51f54338074a8148428726853964a97a36be7,e577bf34f113620c7afc4d73782ca29e9b43d78d,e577bf34f113620c7afc4d73782ca29e9b43d78d,c355874c56f0f338ab310dd80f1a7babf7c35515,,2025-09-24T19:59:44.000Z,ghostgauge-bot,chore(etl): update artifacts [skip ci],2025-09-24,2025-09-24T19:59:44.469Z,as_of_utc,51,51,,Hold/Neutral,113489.79,v3.1.0,,,green,true,8,,COMMITTED_CONTEMPORANEOUS_CANDIDATE,ELIGIBLE_SCHEDULED,scheduled_etl,B,UNSELECTED,,UNKNOWN,c29601abff2252a553ef12c5ed843ea705f9956f,h3.1-v1
2741f3d8f3995c5c5ed923914071dd34cb85904d,2741f3d8f3995c5c5ed923914071dd34cb85904d,1c0b1e7aa2f27c5fb495d7f8d651e10f0d8a4dba,1c0b1e7aa2f27c5fb495d7f8d651e10f0d8a4dba,86d3c6418b7c2e2f02b2a5aff4bd069c310cca53,,2025-09-24T21:08:05.000Z,ghostgauge-bot,chore(etl): update artifacts [skip ci],2025-09-24,2025-09-24T21:08:05.655Z,as_of_utc,46,46,,Hold/Neutral,113584.3,v3.1.0,,,green,true,8,,COMMITTED_CONTEMPORANEOUS_CANDIDATE,ELIGIBLE_SCHEDULED,scheduled_etl,B,UNSELECTED,,UNKNOWN,c29601abff2252a553ef12c5ed843ea705f9956f,h3.1-v1
2b06a9229c9feaeb367b4a41e466243d686d7b92,2b06a9229c9feaeb367b4a41e466243d686d7b92,2e83ece2b61973d6278cab8847f30d4df86fb92d,2e83ece2b61973d6278cab8847f30d4df86fb92d,e33a13f9c06776acccbb62729b65391cf01c7c5a,,2025-09-24T21:59:19.000Z,ghostgauge-bot,chore(etl): update artifacts [skip ci],2025-09-24,2025-09-24T21:59:19.694Z,as_of_utc,42,42,,Hold/Neutral,113343.61,v3.1.0,,,green,true,8,,COMMITTED_CONTEMPORANEOUS_CANDIDATE,ELIGIBLE_SCHEDULED,scheduled_etl,B,UNSELECTED,,UNKNOWN,c29601abff2252a553ef12c5ed843ea705f9956f,h3.1-v1
487e685f866a6b38a81f568a23e175b31012f144,487e685f866a6b38a81f568a23e175b31012f144,d2ec290c09a7d066d10ecf9019c5b1bcdc82a393,d2ec290c09a7d066d10ecf9019c5b1bcdc82a393,24dec1c38490b992b1af9da4baba8fdd65ab749e,,2025-09-24T23:39:17.000Z,firemansghost,MAJOR: Replace Alpha Vantage with Coinbase-only price history system,2025-09-24,2025-09-24T23:38:36.649Z,as_of_utc,45,45,,Hold/Neutral,113351.61,v3.1.0,,,green,true,8,,COMMITTED_CONTEMPORANEOUS_CANDIDATE,REVIEW_REQUIRED,human_feature_commit,B,UNSELECTED,,UNKNOWN,c29601abff2252a553ef12c5ed843ea705f9956f,h3.1-v1
e9f3b5b5f51002d5f0f12039ebfbf27726460ea6,e9f3b5b5f51002d5f0f12039ebfbf27726460ea6,361bd801a56a1ca56524f03894645142fc784d78,361bd801a56a1ca56524f03894645142fc784d78,d2ec290c09a7d066d10ecf9019c5b1bcdc82a393,,2025-09-25T00:45:00.000Z,ghostgauge-bot,chore(etl): update artifacts [skip ci],2025-09-25,2025-09-25T00:45:00.436Z,as_of_utc,45,45,,Hold/Neutral,113236.2,v3.1.0,,,green,true,8,,COMMITTED_CONTEMPORANEOUS_CANDIDATE,ELIGIBLE_SCHEDULED,scheduled_etl,B,UNSELECTED,,UNKNOWN,c29601abff2252a553ef12c5ed843ea705f9956f,h3.1-v1
011405da359554ecef7a13b23d7ed4ca6f046dbf,011405da359554ecef7a13b23d7ed4ca6f046dbf,a5c35d3f383fc8c46df454176a50bec4573f8614,a5c35d3f383fc8c46df454176a50bec4573f8614,2e7150d0ea9916cdcb49fb246a518d48836dd0fb,,2025-09-25T01:04:08.000Z,ghostgauge-bot,chore(etl): update artifacts [skip ci],2025-09-25,2025-09-25T01:04:08.358Z,as_of_utc,45,45,,Hold/Neutral,113195.07,v3.1.0,,,green,true,8,,COMMITTED_CONTEMPORANEOUS_CANDIDATE,ELIGIBLE_SCHEDULED,scheduled_etl,B,UNSELECTED,,UNKNOWN,c29601abff2252a553ef12c5ed843ea705f9956f,h3.1-v1
aa23008ee627b90dafeb615c8a16ed7553e00f85,aa23008ee627b90dafeb615c8a16ed7553e00f85,bfb005d3f65fc96aef4b31d22aac3787b7d6dd79,bfb005d3f65fc96aef4b31d22aac3787b7d6dd79,d36cd78d6be2047ace331074b6d2ee445e18d07d,,2025-09-25T02:06:43.000Z,ghostgauge-bot,chore(etl): update artifacts [skip ci],2025-09-25,2025-09-25T02:06:42.830Z,as_of_utc,45,45,,Hold/Neutral,112925.99,v3.1.0,,,green,true,8,,COMMITTED_CONTEMPORANEOUS_CANDIDATE,ELIGIBLE_SCHEDULED,scheduled_etl,B,UNSELECTED,,UNKNOWN,c29601abff2252a553ef12c5ed843ea705f9956f,h3.1-v1
1e3256a33574597d55daafb2a7fa2b1b4b2ea10e,1e3256a33574597d55daafb2a7fa2b1b4b2ea10e,248ca4ae2cfaa29c47f9105d270eb045c3fc52b5,248ca4ae2cfaa29c47f9105d270eb045c3fc52b5,35ccafb5a1ebcc20c86de590d7e938e5915e531d,,2025-09-25T11:19:53.000Z,ghostgauge-bot,chore(etl): update artifacts [skip ci],2025-09-25,2025-09-25T11:19:52.857Z,as_of_utc,49,49,,Hold/Neutral,111528.69,v3.1.0,,,green,true,8,,COMMITTED_CONTEMPORANEOUS_CANDIDATE,ELIGIBLE_SCHEDULED,scheduled_etl,B,UNSELECTED,,UNKNOWN,c29601abff2252a553ef12c5ed843ea705f9956f,h3.1-v1
f77f7e0dcd5aa1beaeab22c4e3403b0eca2e5652,f77f7e0dcd5aa1beaeab22c4e3403b0eca2e5652,e9083962fcac56e305dff66810b9c5a7fceed394,e9083962fcac56e305dff66810b9c5a7fceed394,48c2c67789fbc94ba343a4fc5c05e97c2172f8fe,,2025-09-26T11:19:04.000Z,ghostgauge-bot,chore(etl): update artifacts [skip ci],2025-09-26,2025-09-26T11:19:04.150Z,as_of_utc,47,47,,Hold/Neutral,108739.09,v3.1.0,,,green,true,8,,COMMITTED_CONTEMPORANEOUS_CANDIDATE,ELIGIBLE_SCHEDULED,scheduled_etl,B,UNSELECTED,,UNKNOWN,c29601abff2252a553ef12c5ed843ea705f9956f,h3.1-v1
1ae65b8d78659543b177d31774793ca46645946c,1ae65b8d78659543b177d31774793ca46645946c,68462f345a075d56ad1f697722f16b35abc89262,68462f345a075d56ad1f697722f16b35abc89262,48c2c67789fbc94ba343a4fc5c05e97c2172f8fe,,2025-09-26T12:30:41.000Z,firemansghost,"Major system enhancements: Fix factor APIs, enhance G-Score algorithm, add health monitoring",2025-09-26,2025-09-26T12:17:47.746Z,as_of_utc,67,67,,Begin Scaling Out,109137.61,v3.1.0,,,green,true,8,,EXCLUDED_RECONSTRUCTION,INELIGIBLE_RECONSTRUCTION,reconstruction,C,UNSELECTED,reconstruction_path_latest_json,UNKNOWN,c29601abff2252a553ef12c5ed843ea705f9956f,h3.1-v1
c760f51eedbde12f90de962a6f5b9c9900b02878,c760f51eedbde12f90de962a6f5b9c9900b02878,b640ca566c91e29d20c3e020ec172a1359ac511b,b640ca566c91e29d20c3e020ec172a1359ac511b,705a5f48fb65fec9dc069535b06542324f914692,,2025-09-26T12:54:45.000Z,firemansghost,Add enhanced factor monitoring system,2025-09-26,2025-09-26T12:38:12.193Z,as_of_utc,67,67,,Begin Scaling Out,109597.9,v3.1.0,,,green,true,8,,COMMITTED_CONTEMPORANEOUS_CANDIDATE,REVIEW_REQUIRED,human_feature_commit,B,UNSELECTED,,UNKNOWN,c29601abff2252a553ef12c5ed843ea705f9956f,h3.1-v1
44cb77199d4a95d4cf7f09ddd0743735023754f0,44cb77199d4a95d4cf7f09ddd0743735023754f0,1647c787c1fa7e69ad208e53d60403cca64a8ea7,1647c787c1fa7e69ad208e53d60403cca64a8ea7,d1a77e192d8c9d8ed05093723aa1a38e33869253,,2025-09-26T16:33:56.000Z,firemansghost,Phase 2: Complete Alert System Implementation,2025-09-26,2025-09-26T13:40:09.482Z,as_of_utc,73,73,,Increase Selling,109452.54,v3.1.0,,,green,true,8,,COMMITTED_CONTEMPORANEOUS_CANDIDATE,REVIEW_REQUIRED,human_feature_commit,B,UNSELECTED,,UNKNOWN,c29601abff2252a553ef12c5ed843ea705f9956f,h3.1-v1
932a193c7bc6df63a9c058b97bc12dd80b7df108,932a193c7bc6df63a9c058b97bc12dd80b7df108,d96f89ea814648da8a82d9b8937482447c01eae2,d96f89ea814648da8a82d9b8937482447c01eae2,1647c787c1fa7e69ad208e53d60403cca64a8ea7,,2025-09-26T17:17:40.000Z,firemansghost,Phase 3: Complete Backtesting Framework Implementation,2025-09-26,2025-09-26T13:40:09.482Z,as_of_utc,53,53,,Hold/Neutral,109452.54,v3.1.0,,,green,true,8,,COMMITTED_CONTEMPORANEOUS_CANDIDATE,REVIEW_REQUIRED,human_feature_commit,B,UNSELECTED,,UNKNOWN,c29601abff2252a553ef12c5ed843ea705f9956f,h3.1-v1
c8833750cbc18b94ec2739ead0b63bb67a016137,c8833750cbc18b94ec2739ead0b63bb67a016137,163e14f186af9f3fa60965325830769335230be7,163e14f186af9f3fa60965325830769335230be7,1647c787c1fa7e69ad208e53d60403cca64a8ea7,,2025-09-26T17:04:01.000Z,ghostgauge-bot,chore(etl): update artifacts [skip ci],2025-09-26,2025-09-26T17:04:01.383Z,as_of_utc,50,50,,Hold/Neutral,109576.67,v3.1.0,,,green,true,8,,COMMITTED_CONTEMPORANEOUS_CANDIDATE,ELIGIBLE_SCHEDULED,scheduled_etl,B,UNSELECTED,,UNKNOWN,c29601abff2252a553ef12c5ed843ea705f9956f,h3.1-v1
02cbfd8c5afd21690fc61b60fdb357acfee09dd6,02cbfd8c5afd21690fc61b60fdb357acfee09dd6,068b5987179e9dfca767152d1dfe43f01211ea7e,068b5987179e9dfca767152d1dfe43f01211ea7e,3a7374b38197f98661776f310ef417841649bd29,,2025-09-27T11:16:58.000Z,ghostgauge-bot,chore(etl): update artifacts [skip ci],2025-09-27,2025-09-27T11:16:58.198Z,as_of_utc,75,75,,Increase Selling,109366.69,v3.1.0,,,green,true,8,,COMMITTED_CONTEMPORANEOUS_CANDIDATE,ELIGIBLE_SCHEDULED,scheduled_etl,B,UNSELECTED,,UNKNOWN,c29601abff2252a553ef12c5ed843ea705f9956f,h3.1-v1
75cdcbc728b2fb3923cc3971167fadf89ee1488d,75cdcbc728b2fb3923cc3971167fadf89ee1488d,dcdfe312aa046600de988c1c1ecf298d9dfb5278,dcdfe312aa046600de988c1c1ecf298d9dfb5278,3d730d42a336a82bf2654c5abe477c159b18b34f,,2025-09-28T11:17:12.000Z,ghostgauge-bot,chore(etl): update artifacts [skip ci],2025-09-28,2025-09-28T11:17:11.929Z,as_of_utc,77,77,,Increase Selling,109371.61,v3.1.0,,,green,true,8,,COMMITTED_CONTEMPORANEOUS_CANDIDATE,ELIGIBLE_SCHEDULED,scheduled_etl,B,UNSELECTED,,UNKNOWN,c29601abff2252a553ef12c5ed843ea705f9956f,h3.1-v1
8ff908a57b7c208f1616dff96b4837cf4a605457,8ff908a57b7c208f1616dff96b4837cf4a605457,57460c2284e86a1ae9b7248da1a71d3ff0ca745c,57460c2284e86a1ae9b7248da1a71d3ff0ca745c,3d730d42a336a82bf2654c5abe477c159b18b34f,,2025-09-28T13:41:38.000Z,firemansghost,Fix G-Score calculation anomaly,2025-09-28,2025-09-28T13:38:42.917Z,as_of_utc,54,54,,Hold/Neutral,109366.69,v3.1.0,,,green,true,8,,COMMITTED_CONTEMPORANEOUS_CANDIDATE,REVIEW_REQUIRED,human_feature_commit,B,UNSELECTED,,UNKNOWN,c29601abff2252a553ef12c5ed843ea705f9956f,h3.1-v1
5c3b546d752cf7f3c642c8f52ee556ed396411a3,5c3b546d752cf7f3c642c8f52ee556ed396411a3,b5ecaa40719593009e03ef4bbd433a4736c3515b,b5ecaa40719593009e03ef4bbd433a4736c3515b,9e5b3332647f3c9b69e18705809d5b1d2500243d,,2025-09-28T13:47:54.000Z,firemansghost,Fix JSON parsing error in latest.json,2025-09-28,2025-09-28T13:47:33.372Z,as_of_utc,55,55,,Begin Scaling Out,109371.61,v3.1.0,,,green,true,8,,COMMITTED_CONTEMPORANEOUS_CANDIDATE,REVIEW_REQUIRED,human_feature_commit,B,UNSELECTED,,UNKNOWN,c29601abff2252a553ef12c5ed843ea705f9956f,h3.1-v1
115a6f1245277c4d084675a910f142c608ef2a20,115a6f1245277c4d084675a910f142c608ef2a20,fabe9833bced7cb895de22c32da5949a00fbe409,fabe9833bced7cb895de22c32da5949a00fbe409,b5ecaa40719593009e03ef4bbd433a4736c3515b,,2025-09-28T13:53:23.000Z,firemansghost,Implement weekend staleness logic for G-Score,2025-09-28,2025-09-28T13:53:09.860Z,as_of_utc,52,52,,Hold/Neutral,109371.61,v3.1.0,,,green,true,8,,COMMITTED_CONTEMPORANEOUS_CANDIDATE,REVIEW_REQUIRED,human_feature_commit,B,UNSELECTED,,UNKNOWN,c29601abff2252a553ef12c5ed843ea705f9956f,h3.1-v1
1f52bd67154353cd5dfb1528a2844cd41b6e4774,1f52bd67154353cd5dfb1528a2844cd41b6e4774,5d6a3abab7bc0a3a2336cc1df95d364f4b9d61a9,5d6a3abab7bc0a3a2336cc1df95d364f4b9d61a9,59e3d54ee06c70a4097b47ed20d262fcec1503bb,,2025-09-29T11:19:35.000Z,ghostgauge-bot,chore(etl): update artifacts [skip ci],2025-09-29,2025-09-29T11:19:35.080Z,as_of_utc,56,56,,Begin Scaling Out,112062.6,v3.1.0,,,green,true,8,,COMMITTED_CONTEMPORANEOUS_CANDIDATE,ELIGIBLE_SCHEDULED,scheduled_etl,B,UNSELECTED,,UNKNOWN,c29601abff2252a553ef12c5ed843ea705f9956f,h3.1-v1
081ee215e2751b0ddd8ed4a524d182bff3b3f79f,081ee215e2751b0ddd8ed4a524d182bff3b3f79f,2fc3e8268dd75f9fcd6d25385f24a54c388313de,2fc3e8268dd75f9fcd6d25385f24a54c388313de,f9e36879b39215235bdc2a0d3bb9534c74225d08,,2025-09-29T17:39:35.000Z,ghostgauge-bot,chore(etl): update artifacts [skip ci],2025-09-29,2025-09-29T17:39:35.208Z,as_of_utc,55,55,,Begin Scaling Out,113960.2,v3.1.0,,,green,true,8,,COMMITTED_CONTEMPORANEOUS_CANDIDATE,ELIGIBLE_SCHEDULED,scheduled_etl,B,UNSELECTED,,UNKNOWN,c29601abff2252a553ef12c5ed843ea705f9956f,h3.1-v1
3f3fae80b173e7ef7b0e02f5c2cf18bf721718ec,3f3fae80b173e7ef7b0e02f5c2cf18bf721718ec,5cca5c5b3297581c1d3a4ac25076c7af328bcc5d,5cca5c5b3297581c1d3a4ac25076c7af328bcc5d,f0423bf2f32f8fe9334deba371c67b2e6deaa1a6,,2025-09-29T19:00:03.000Z,ghostgauge-bot,chore(etl): update artifacts [skip ci],2025-09-29,2025-09-29T19:00:03.164Z,as_of_utc,55,55,,Hold & Wait,114075.01,v3.1.0,,,green,true,8,,COMMITTED_CONTEMPORANEOUS_CANDIDATE,ELIGIBLE_SCHEDULED,scheduled_etl,B,UNSELECTED,,UNKNOWN,c29601abff2252a553ef12c5ed843ea705f9956f,h3.1-v1
b001064f1280c2050ba2a8fd8b4a949b4838dabf,b001064f1280c2050ba2a8fd8b4a949b4838dabf,79a6c87c82d133ea1f1dd19112be7237ed64e799,79a6c87c82d133ea1f1dd19112be7237ed64e799,bacc64959f0fdbc6f6399ee9edcf434cae9508d5,,2025-09-29T19:36:17.000Z,ghostgauge-bot,chore(etl): update artifacts [skip ci],2025-09-29,2025-09-29T19:36:17.172Z,as_of_utc,55,55,,Hold & Wait,113948,v3.1.0,,,green,true,8,,COMMITTED_CONTEMPORANEOUS_CANDIDATE,ELIGIBLE_SCHEDULED,scheduled_etl,B,UNSELECTED,,UNKNOWN,c29601abff2252a553ef12c5ed843ea705f9956f,h3.1-v1
6a68d2e09492d457e99550afb582455e6de6e393,6a68d2e09492d457e99550afb582455e6de6e393,14ff43cd137c2a9913295e62e5c0248100ed525f,14ff43cd137c2a9913295e62e5c0248100ed525f,92aaad62d032abc02cff409e496f7a284a540086,,2025-09-29T20:44:42.000Z,ghostgauge-bot,chore(etl): update artifacts [skip ci],2025-09-29,2025-09-29T20:44:41.940Z,as_of_utc,55,55,,Hold & Wait,114472.79,v3.1.0,,,green,true,8,,COMMITTED_CONTEMPORANEOUS_CANDIDATE,ELIGIBLE_SCHEDULED,scheduled_etl,B,UNSELECTED,,UNKNOWN,c29601abff2252a553ef12c5ed843ea705f9956f,h3.1-v1
f9287ab6cd332f790c883ab3ccf3441fe056e7d4,f9287ab6cd332f790c883ab3ccf3441fe056e7d4,4cfc72a416887d68f8ca837c9b1dd77280cff52b,4cfc72a416887d68f8ca837c9b1dd77280cff52b,8877fd9df6b64034a16a7482a6fa97f866a88200,,2025-09-29T22:38:18.000Z,ghostgauge-bot,chore(etl): update artifacts [skip ci],2025-09-29,2025-09-29T22:38:18.173Z,as_of_utc,55,55,,Hold & Wait,114089.03,v3.1.0,,,green,true,8,,COMMITTED_CONTEMPORANEOUS_CANDIDATE,ELIGIBLE_SCHEDULED,scheduled_etl,B,UNSELECTED,,UNKNOWN,c29601abff2252a553ef12c5ed843ea705f9956f,h3.1-v1
92f552582dba59377cd455935c9d275f931fbbe6,92f552582dba59377cd455935c9d275f931fbbe6,89272d7ab16e0c529fa78a97f4547956a629631f,89272d7ab16e0c529fa78a97f4547956a629631f,68ec4a7210dcf32fb89a897c25e3beef208918a9,,2025-09-30T00:54:46.000Z,ghostgauge-bot,chore(etl): update artifacts [skip ci],2025-09-30,2025-09-30T00:54:46.043Z,as_of_utc,56,56,,Hold & Wait,114596.23,v3.1.0,,,green,true,8,,COMMITTED_CONTEMPORANEOUS_CANDIDATE,ELIGIBLE_SCHEDULED,scheduled_etl,B,UNSELECTED,,UNKNOWN,c29601abff2252a553ef12c5ed843ea705f9956f,h3.1-v1
93d9e8890033b7651599aca6a8e641c6d57de5b5,93d9e8890033b7651599aca6a8e641c6d57de5b5,3cad4af604b7aff043c049cb4ceb0317d339af2e,3cad4af604b7aff043c049cb4ceb0317d339af2e,ce0c0fd07e4551bb33fbf8a5aace175645a8ac09,,2025-09-30T01:24:11.000Z,ghostgauge-bot,chore(etl): update artifacts [skip ci],2025-09-30,2025-09-30T01:24:11.552Z,as_of_utc,55,55,,Hold & Wait,114792,v3.1.0,,,green,true,8,,COMMITTED_CONTEMPORANEOUS_CANDIDATE,ELIGIBLE_SCHEDULED,scheduled_etl,B,UNSELECTED,,UNKNOWN,c29601abff2252a553ef12c5ed843ea705f9956f,h3.1-v1
716fd7d58adbda3e6726fd8ebdf4b2d0aa5c9de8,716fd7d58adbda3e6726fd8ebdf4b2d0aa5c9de8,e1eaa4129bbd237860d082531242c1b8d69d6191,e1eaa4129bbd237860d082531242c1b8d69d6191,b2552df3986077f731f8534f825902b5c2c022f7,,2025-09-30T11:19:46.000Z,ghostgauge-bot,chore(etl): update artifacts [skip ci],2025-09-30,2025-09-30T11:19:46.239Z,as_of_utc,56,56,,Hold & Wait,112866.77,v3.1.0,,,green,true,8,,COMMITTED_CONTEMPORANEOUS_CANDIDATE,ELIGIBLE_SCHEDULED,scheduled_etl,B,UNSELECTED,,UNKNOWN,c29601abff2252a553ef12c5ed843ea705f9956f,h3.1-v1
a5ea9014cddebfdae26f78ad56241c26c6bd1af5,a5ea9014cddebfdae26f78ad56241c26c6bd1af5,d916ea44210af56d5c6b9478b38ded40708029d5,d916ea44210af56d5c6b9478b38ded40708029d5,46dd9df21468ee9c77c5714c0bc02e52f81978cf,,2025-09-30T22:32:33.000Z,ghostgauge-bot,chore(etl): update artifacts [skip ci],2025-09-30,2025-09-30T22:32:33.047Z,as_of_utc,58,58,,Hold & Wait,114057.87,v3.1.0,,,green,true,8,,COMMITTED_CONTEMPORANEOUS_CANDIDATE,ELIGIBLE_SCHEDULED,scheduled_etl,B,UNSELECTED,,UNKNOWN,c29601abff2252a553ef12c5ed843ea705f9956f,h3.1-v1
76b2a7ea76755f7ddee3529b3b84e82ef97cb99e,76b2a7ea76755f7ddee3529b3b84e82ef97cb99e,25a6a52c80dffac8f08de0d267660d2e093cd287,25a6a52c80dffac8f08de0d267660d2e093cd287,c5e7732fe8420adc2b1e7541587015be82fabbc6,,2025-10-01T11:19:59.000Z,ghostgauge-bot,chore(etl): update artifacts [skip ci],2025-10-01,2025-10-01T11:19:59.429Z,as_of_utc,57,57,,Hold & Wait,116457.11,v3.1.0,,,green,true,8,,COMMITTED_CONTEMPORANEOUS_CANDIDATE,ELIGIBLE_SCHEDULED,scheduled_etl,B,UNSELECTED,,UNKNOWN,c29601abff2252a553ef12c5ed843ea705f9956f,h3.1-v1
27752d50560fb2860bd4c9ff08bbc4db69cd65e4,27752d50560fb2860bd4c9ff08bbc4db69cd65e4,fdd623fd27736a488c7a038b55757e2560c6bec7,fdd623fd27736a488c7a038b55757e2560c6bec7,25a6a52c80dffac8f08de0d267660d2e093cd287,,2025-10-01T16:01:44.000Z,ghostgauge-bot,chore(etl): update artifacts [skip ci],2025-10-01,2025-10-01T16:01:43.856Z,as_of_utc,56,56,,Hold & Wait,117497.05,v3.1.0,,,green,true,8,,COMMITTED_CONTEMPORANEOUS_CANDIDATE,ELIGIBLE_SCHEDULED,scheduled_etl,B,UNSELECTED,,UNKNOWN,c29601abff2252a553ef12c5ed843ea705f9956f,h3.1-v1
f974aec38e9fa365bfc7d6c04d0d761e52ea1753,f974aec38e9fa365bfc7d6c04d0d761e52ea1753,06ec9b65a64968e9f66040f48b3e290182f6eb9c,06ec9b65a64968e9f66040f48b3e290182f6eb9c,fdd623fd27736a488c7a038b55757e2560c6bec7,,2025-10-02T00:21:41.000Z,ghostgauge-bot,chore(etl): update artifacts [skip ci],2025-10-02,2025-10-02T00:21:41.758Z,as_of_utc,55,55,,Hold & Wait,118991.46,v3.1.0,,,green,true,8,,COMMITTED_CONTEMPORANEOUS_CANDIDATE,ELIGIBLE_SCHEDULED,scheduled_etl,B,UNSELECTED,,UNKNOWN,c29601abff2252a553ef12c5ed843ea705f9956f,h3.1-v1
67f476d42b3f20cd1d52b734bcb0a4c5be602687,67f476d42b3f20cd1d52b734bcb0a4c5be602687,40f510b1ac06aeb6a015f66d5d7ca962f9543cb6,40f510b1ac06aeb6a015f66d5d7ca962f9543cb6,643549d1e6b931a90d225aba619f195542f3fd8a,,2025-10-02T02:41:04.000Z,firemansghost,feat: implement unified alert severity system,2025-10-02,2025-10-02T01:30:59.407Z,as_of_utc,56,56,,Hold & Wait,118592.06,v3.1.0,,,green,true,8,,COMMITTED_CONTEMPORANEOUS_CANDIDATE,REVIEW_REQUIRED,human_feature_commit,B,UNSELECTED,,UNKNOWN,c29601abff2252a553ef12c5ed843ea705f9956f,h3.1-v1
5e82fbe120da9120e8d924c0884925d34cba023c,5e82fbe120da9120e8d924c0884925d34cba023c,98d4a3423e383ad0aa12b3b0c558e87a9ccff382,98d4a3423e383ad0aa12b3b0c558e87a9ccff382,27de943271f1244bbb4f74733dc133bef6c695ea,,2025-10-02T03:11:23.000Z,ghostgauge-bot,chore(etl): update artifacts [skip ci],2025-10-02,2025-10-02T03:11:21.068Z,as_of_utc,56,56,,Hold & Wait,119048.17,v3.1.0,,,green,true,8,,COMMITTED_CONTEMPORANEOUS_CANDIDATE,ELIGIBLE_SCHEDULED,scheduled_etl,B,UNSELECTED,,UNKNOWN,c29601abff2252a553ef12c5ed843ea705f9956f,h3.1-v1
9d0365dc0d75ad45053b9beff45a6483551015d2,9d0365dc0d75ad45053b9beff45a6483551015d2,7b36396736d85d18a63577369c17d87a9eafa0a8,7b36396736d85d18a63577369c17d87a9eafa0a8,98d4a3423e383ad0aa12b3b0c558e87a9ccff382,,2025-10-02T11:18:22.000Z,ghostgauge-bot,chore(etl): update artifacts [skip ci],2025-10-02,2025-10-02T11:18:20.546Z,as_of_utc,57,57,,Hold & Wait,118653,v3.1.0,,,green,true,8,,COMMITTED_CONTEMPORANEOUS_CANDIDATE,ELIGIBLE_SCHEDULED,scheduled_etl,B,UNSELECTED,,UNKNOWN,c29601abff2252a553ef12c5ed843ea705f9956f,h3.1-v1
ce21746eecaac1da327cb248e13185651e52ecfa,ce21746eecaac1da327cb248e13185651e52ecfa,3941194839e5945efe814f138acbdf31cce076c6,3941194839e5945efe814f138acbdf31cce076c6,5304e9cf15f8fa7647893efec4ab57a337aec721,,2025-10-02T15:20:13.000Z,ghostgauge-bot,chore(etl): update artifacts [skip ci],2025-10-02,2025-10-02T15:20:11.347Z,as_of_utc,57,57,,Hold & Wait,119188.52,v3.1.0,,,green,true,8,,COMMITTED_CONTEMPORANEOUS_CANDIDATE,ELIGIBLE_SCHEDULED,scheduled_etl,B,UNSELECTED,,UNKNOWN,c29601abff2252a553ef12c5ed843ea705f9956f,h3.1-v1
88db4249314d57ac6137d74da6b1321849bff0b3,88db4249314d57ac6137d74da6b1321849bff0b3,8bcb6117f730aab7e8b3095842bc6b27ee96b497,8bcb6117f730aab7e8b3095842bc6b27ee96b497,0696415f92708b60ce5f137751e5ae3adfac520b,,2025-10-02T18:11:43.000Z,ghostgauge-bot,chore(etl): update artifacts [skip ci],2025-10-02,2025-10-02T18:11:42.201Z,as_of_utc,57,57,,Hold & Wait,120204.03,v3.1.0,,,green,true,8,,COMMITTED_CONTEMPORANEOUS_CANDIDATE,ELIGIBLE_SCHEDULED,scheduled_etl,B,UNSELECTED,,UNKNOWN,c29601abff2252a553ef12c5ed843ea705f9956f,h3.1-v1
03dd927ea252ac34dcb2078649a4de126b3fe8ed,03dd927ea252ac34dcb2078649a4de126b3fe8ed,bca75dcc14a0ab27ff9a07e7f5eeab210c6a2f84,bca75dcc14a0ab27ff9a07e7f5eeab210c6a2f84,6982dc594e65a1ff7e77d768ab501e577c7b7288,,2025-10-02T18:25:01.000Z,ghostgauge-bot,chore(etl): update artifacts [skip ci],2025-10-02,2025-10-02T18:24:59.149Z,as_of_utc,57,57,,Hold & Wait,120276,v3.1.0,,,green,true,8,,COMMITTED_CONTEMPORANEOUS_CANDIDATE,ELIGIBLE_SCHEDULED,scheduled_etl,B,UNSELECTED,,UNKNOWN,c29601abff2252a553ef12c5ed843ea705f9956f,h3.1-v1
29ba4843e0ea02c4258f793700f1071bcb6357a6,29ba4843e0ea02c4258f793700f1071bcb6357a6,29445954bd285469aa1202b3835c98604f50d159,29445954bd285469aa1202b3835c98604f50d159,8203e17d743fc936cc409c22e44e267350737dca,,2025-10-02T18:50:15.000Z,ghostgauge-bot,chore(etl): update artifacts [skip ci],2025-10-02,2025-10-02T18:50:14.232Z,as_of_utc,57,57,,Hold & Wait,120265.01,v3.1.0,,,green,true,8,,COMMITTED_CONTEMPORANEOUS_CANDIDATE,ELIGIBLE_SCHEDULED,scheduled_etl,B,UNSELECTED,,UNKNOWN,c29601abff2252a553ef12c5ed843ea705f9956f,h3.1-v1
1b1d0b36524c58a3fabffbc8bca788dedb2517e5,1b1d0b36524c58a3fabffbc8bca788dedb2517e5,3cbeaf599f3158dea528d67d64142ec82e441d1e,3cbeaf599f3158dea528d67d64142ec82e441d1e,8c38baf97810d69c860c9f8eab5a7177f89997da,,2025-10-02T20:03:30.000Z,ghostgauge-bot,chore(etl): update artifacts [skip ci],2025-10-02,2025-10-02T20:03:28.747Z,as_of_utc,58,58,,Hold & Wait,120843.69,v3.1.0,,,green,true,8,,COMMITTED_CONTEMPORANEOUS_CANDIDATE,ELIGIBLE_SCHEDULED,scheduled_etl,B,UNSELECTED,,UNKNOWN,c29601abff2252a553ef12c5ed843ea705f9956f,h3.1-v1
199adeae0ba4085f2c83e4f87f87b959ccab1c7b,199adeae0ba4085f2c83e4f87f87b959ccab1c7b,d207e18881792f0ba830c26d61b3dcba3786f852,d207e18881792f0ba830c26d61b3dcba3786f852,ecec1c954d00964faf0940b8d09d9c35cf837521,,2025-10-02T20:19:36.000Z,ghostgauge-bot,chore(etl): update artifacts [skip ci],2025-10-02,2025-10-02T20:19:35.008Z,as_of_utc,57,57,,Hold & Wait,120850.23,v3.1.0,,,green,true,8,,COMMITTED_CONTEMPORANEOUS_CANDIDATE,ELIGIBLE_SCHEDULED,scheduled_etl,B,UNSELECTED,,UNKNOWN,c29601abff2252a553ef12c5ed843ea705f9956f,h3.1-v1
13b9e3327632077da2db31a5f34e91036bab2fac,13b9e3327632077da2db31a5f34e91036bab2fac,b97ac2ebe4babf06d0bdd40c943af461aa020eb0,b97ac2ebe4babf06d0bdd40c943af461aa020eb0,4d7855ab855c7237f3fb871a34cb37589d6e52fa,,2025-10-02T20:42:25.000Z,ghostgauge-bot,chore(etl): update artifacts [skip ci],2025-10-02,2025-10-02T20:42:23.170Z,as_of_utc,58,58,,Hold & Wait,120600.02,v3.1.0,,,green,true,8,,COMMITTED_CONTEMPORANEOUS_CANDIDATE,ELIGIBLE_SCHEDULED,scheduled_etl,B,UNSELECTED,,UNKNOWN,c29601abff2252a553ef12c5ed843ea705f9956f,h3.1-v1
606701f99f3eb34b22567e98ae5305a57d1621bd,606701f99f3eb34b22567e98ae5305a57d1621bd,f581c633ce3c964ec5a7bdd432ebc52f37c4e79e,f581c633ce3c964ec5a7bdd432ebc52f37c4e79e,cb6144a59213c6b3442bddb519fc9abb4ec51357,,2025-10-02T21:10:47.000Z,ghostgauge-bot,chore(etl): update artifacts [skip ci],2025-10-02,2025-10-02T21:10:44.904Z,as_of_utc,58,58,,Hold & Wait,120754.82,v3.1.0,,,green,true,8,,COMMITTED_CONTEMPORANEOUS_CANDIDATE,ELIGIBLE_SCHEDULED,scheduled_etl,B,UNSELECTED,,UNKNOWN,c29601abff2252a553ef12c5ed843ea705f9956f,h3.1-v1
49418b88166cb754eab05fb62b09b07d0dccc305,49418b88166cb754eab05fb62b09b07d0dccc305,7bc3fbf93d0894b6a95b930b10962faf71c6c3e0,7bc3fbf93d0894b6a95b930b10962faf71c6c3e0,22214bc23c86f20953b892b5cc882d41567f21a7,,2025-10-02T22:44:06.000Z,ghostgauge-bot,chore(etl): update artifacts [skip ci],2025-10-02,2025-10-02T22:44:04.578Z,as_of_utc,58,58,,Hold & Wait,120219.82,v3.1.0,,,green,true,8,,COMMITTED_CONTEMPORANEOUS_CANDIDATE,ELIGIBLE_SCHEDULED,scheduled_etl,B,UNSELECTED,,UNKNOWN,c29601abff2252a553ef12c5ed843ea705f9956f,h3.1-v1
011f86904acf456086f28989184c6395fad8626c,011f86904acf456086f28989184c6395fad8626c,3741fd1efa7bb354600f0ccb92437e3dca6476de,3741fd1efa7bb354600f0ccb92437e3dca6476de,8421698a7119243420c30fc19a8eb83f734e8d30,,2025-10-03T11:18:55.000Z,ghostgauge-bot,chore(etl): update artifacts [skip ci],2025-10-03,2025-10-03T11:18:54.176Z,as_of_utc,54,54,,Hold & Wait,120269.42,v3.1.0,,,green,true,8,,COMMITTED_CONTEMPORANEOUS_CANDIDATE,ELIGIBLE_SCHEDULED,scheduled_etl,B,UNSELECTED,,UNKNOWN,c29601abff2252a553ef12c5ed843ea705f9956f,h3.1-v1
82eb8fa8703e32b1314ff4f0c562c6aad9638186,82eb8fa8703e32b1314ff4f0c562c6aad9638186,db68498301ec8871ba6ff03061a3e6bab7cb0680,db68498301ec8871ba6ff03061a3e6bab7cb0680,6fb476d2b9e8c397d7cebdf8864331985a3967f3,,2025-10-03T20:53:31.000Z,ghostgauge-bot,chore(etl): update artifacts [skip ci],2025-10-03,2025-10-03T20:53:29.345Z,as_of_utc,55,55,,Hold & Wait,122644.02,v3.1.0,,,green,true,8,,COMMITTED_CONTEMPORANEOUS_CANDIDATE,ELIGIBLE_SCHEDULED,scheduled_etl,B,UNSELECTED,,UNKNOWN,c29601abff2252a553ef12c5ed843ea705f9956f,h3.1-v1
e3de669ee6802ffc72c6c138a4f58aa397cd5833,e3de669ee6802ffc72c6c138a4f58aa397cd5833,e500c5fc9d84aa071c29d6cd76fca5197e860ca1,e500c5fc9d84aa071c29d6cd76fca5197e860ca1,ffd5bf4c22037f55e99c39a728151b89171faae9,,2025-10-04T01:55:39.000Z,ghostgauge-bot,chore(etl): update artifacts [skip ci],2025-10-04,2025-10-04T01:55:36.267Z,as_of_utc,53,53,,Hold & Wait,121783.88,v3.1.0,,,green,true,8,,COMMITTED_CONTEMPORANEOUS_CANDIDATE,ELIGIBLE_SCHEDULED,scheduled_etl,B,UNSELECTED,,UNKNOWN,c29601abff2252a553ef12c5ed843ea705f9956f,h3.1-v1
8de3989cb34862ce1da748643f41b43e4b20479a,8de3989cb34862ce1da748643f41b43e4b20479a,69d081120bc093b6c1d4cbab08161f627fe1cc1d,69d081120bc093b6c1d4cbab08161f627fe1cc1d,d08e4ce431950e7475b4def830e1ab4ab3988006,,2025-10-04T11:16:46.000Z,ghostgauge-bot,chore(etl): update artifacts [skip ci],2025-10-04,2025-10-04T11:16:44.555Z,as_of_utc,53,53,,Hold & Wait,122156.68,v3.1.0,,,green,true,8,,COMMITTED_CONTEMPORANEOUS_CANDIDATE,ELIGIBLE_SCHEDULED,scheduled_etl,B,UNSELECTED,,UNKNOWN,c29601abff2252a553ef12c5ed843ea705f9956f,h3.1-v1
13a40643568192f8a066acc52d38671eaf72318f,13a40643568192f8a066acc52d38671eaf72318f,6593b1a3a79da6d65083906ef3b6a81deb6b3504,6593b1a3a79da6d65083906ef3b6a81deb6b3504,69d081120bc093b6c1d4cbab08161f627fe1cc1d,,2025-10-04T21:56:01.000Z,ghostgauge-bot,chore(etl): update artifacts [skip ci],2025-10-04,2025-10-04T21:55:58.660Z,as_of_utc,54,54,,Hold & Wait,122247.29,v3.1.0,,,green,true,8,,COMMITTED_CONTEMPORANEOUS_CANDIDATE,ELIGIBLE_SCHEDULED,scheduled_etl,B,UNSELECTED,,UNKNOWN,c29601abff2252a553ef12c5ed843ea705f9956f,h3.1-v1
b298a5ce76d47bf473df381fe5cae2310d1c20e0,b298a5ce76d47bf473df381fe5cae2310d1c20e0,5e3f72ffcb4fac38219aa6a72432b575b627e615,5e3f72ffcb4fac38219aa6a72432b575b627e615,9bbc9cb71ae8717b5d7e874306010664c95862ff,,2025-10-04T22:03:36.000Z,ghostgauge-bot,chore(etl): update artifacts [skip ci],2025-10-04,2025-10-04T22:03:34.955Z,as_of_utc,54,54,,Hold & Wait,122250.17,v3.1.0,,,green,true,8,,COMMITTED_CONTEMPORANEOUS_CANDIDATE,ELIGIBLE_SCHEDULED,scheduled_etl,B,UNSELECTED,,UNKNOWN,c29601abff2252a553ef12c5ed843ea705f9956f,h3.1-v1
bbac8d4047bfba5753a229eac47073087ce8037e,bbac8d4047bfba5753a229eac47073087ce8037e,8f3152d1fdbcc6f32b3ee24c563164a0ae5c413f,8f3152d1fdbcc6f32b3ee24c563164a0ae5c413f,5e3f72ffcb4fac38219aa6a72432b575b627e615,,2025-10-04T22:17:39.000Z,ghostgauge-bot,chore(etl): update artifacts [skip ci],2025-10-04,2025-10-04T22:17:37.406Z,as_of_utc,54,54,,Hold & Wait,122258,v3.1.0,,,green,true,8,,COMMITTED_CONTEMPORANEOUS_CANDIDATE,ELIGIBLE_SCHEDULED,scheduled_etl,B,UNSELECTED,,UNKNOWN,c29601abff2252a553ef12c5ed843ea705f9956f,h3.1-v1
4fa423180b1a3495ee1d53811ffd9d53a7b21fff,4fa423180b1a3495ee1d53811ffd9d53a7b21fff,bccd07d3e2029dbe631c83662856685833457a19,bccd07d3e2029dbe631c83662856685833457a19,8a676d126420776147e96bd796b5d542a749991e,,2025-10-04T22:48:47.000Z,ghostgauge-bot,chore(etl): update artifacts [skip ci],2025-10-04,2025-10-04T22:48:45.658Z,as_of_utc,54,54,,Hold & Wait,122403.98,v3.1.0,,,green,true,8,,COMMITTED_CONTEMPORANEOUS_CANDIDATE,ELIGIBLE_SCHEDULED,scheduled_etl,B,UNSELECTED,,UNKNOWN,c29601abff2252a553ef12c5ed843ea705f9956f,h3.1-v1
0b054128e76e66d3f662d46c4a59d3eab1505c5a,0b054128e76e66d3f662d46c4a59d3eab1505c5a,abcd59b1a3bde885c96d90f8adcd97e327c10058,abcd59b1a3bde885c96d90f8adcd97e327c10058,31cb2ce027c46e0ba77519528087a1105fd327fb,,2025-10-04T23:11:49.000Z,ghostgauge-bot,chore(etl): update artifacts [skip ci],2025-10-04,2025-10-04T23:11:47.349Z,as_of_utc,54,54,,Hold & Wait,122308.01,v3.1.0,,,green,true,8,,COMMITTED_CONTEMPORANEOUS_CANDIDATE,ELIGIBLE_SCHEDULED,scheduled_etl,B,UNSELECTED,,UNKNOWN,c29601abff2252a553ef12c5ed843ea705f9956f,h3.1-v1
efd5edc63bdb2a488b7904e747d486c824fca4b5,efd5edc63bdb2a488b7904e747d486c824fca4b5,9cc8c632897ffa7ce6715a0407cd78ce6ea645a8,9cc8c632897ffa7ce6715a0407cd78ce6ea645a8,1183e1612c51f55f9c39c9d01c14e5c8ef04734a,,2025-10-04T23:29:28.000Z,ghostgauge-bot,chore(etl): update artifacts [skip ci],2025-10-04,2025-10-04T23:29:26.552Z,as_of_utc,62,62,,Hold & Wait,122267.98,v3.1.0,,,green,true,8,,COMMITTED_CONTEMPORANEOUS_CANDIDATE,ELIGIBLE_SCHEDULED,scheduled_etl,B,UNSELECTED,,UNKNOWN,c29601abff2252a553ef12c5ed843ea705f9956f,h3.1-v1
302a2e05b1994cf4a40ae8fe913fbab0ca23e1cf,302a2e05b1994cf4a40ae8fe913fbab0ca23e1cf,b3a4924bd593bb9f2564725eb2a773d3950328b7,b3a4924bd593bb9f2564725eb2a773d3950328b7,2ebb298d2056b3038289ec706181b0a0b4554eb6,,2025-10-05T00:05:42.000Z,ghostgauge-bot,chore(etl): update artifacts [skip ci],2025-10-05,2025-10-05T00:05:40.195Z,as_of_utc,65,65,,Reduce Risk,122360.57,v3.1.0,,,green,true,8,,COMMITTED_CONTEMPORANEOUS_CANDIDATE,ELIGIBLE_SCHEDULED,scheduled_etl,B,UNSELECTED,,UNKNOWN,c29601abff2252a553ef12c5ed843ea705f9956f,h3.1-v1
165c836443ed3efcc1a7402f22d366c81d28bc53,165c836443ed3efcc1a7402f22d366c81d28bc53,142a11e6e3f96537ed3cb5d1a7aa00ad7d42fcb1,142a11e6e3f96537ed3cb5d1a7aa00ad7d42fcb1,88ebe47413d8e0f459edae1364df058981b4aa14,,2025-10-05T00:22:45.000Z,ghostgauge-bot,chore(etl): update artifacts [skip ci],2025-10-05,2025-10-05T00:22:43.420Z,as_of_utc,65,65,,Reduce Risk,122432.19,v3.1.0,,,green,true,8,,COMMITTED_CONTEMPORANEOUS_CANDIDATE,ELIGIBLE_SCHEDULED,scheduled_etl,B,UNSELECTED,,UNKNOWN,c29601abff2252a553ef12c5ed843ea705f9956f,h3.1-v1
32faef7c818b16a83351d308ca9259f80a5d8af7,32faef7c818b16a83351d308ca9259f80a5d8af7,9095f18f7d34456e8c383f212a4568d1de6274cf,9095f18f7d34456e8c383f212a4568d1de6274cf,137808975a3a5b65315ad4ba5c3d759cd8804738,,2025-10-05T00:45:02.000Z,ghostgauge-bot,chore(etl): update artifacts [skip ci],2025-10-05,2025-10-05T00:45:00.632Z,as_of_utc,62,62,,Hold & Wait,122329.3,v3.1.0,,,green,true,8,,COMMITTED_CONTEMPORANEOUS_CANDIDATE,ELIGIBLE_SCHEDULED,scheduled_etl,B,UNSELECTED,,UNKNOWN,c29601abff2252a553ef12c5ed843ea705f9956f,h3.1-v1
f916c04c3e85675cf8f2baa38ccf727b030489e3,f916c04c3e85675cf8f2baa38ccf727b030489e3,a02108fd3df9d7b722c2cda3a13050feaddb6662,a02108fd3df9d7b722c2cda3a13050feaddb6662,9095f18f7d34456e8c383f212a4568d1de6274cf,,2025-10-05T00:46:16.000Z,ghostgauge-bot,chore(etl): update artifacts [skip ci],2025-10-05,2025-10-05T00:46:14.784Z,as_of_utc,63,63,,Hold & Wait,122329.3,v3.1.0,,,green,true,8,,COMMITTED_CONTEMPORANEOUS_CANDIDATE,ELIGIBLE_SCHEDULED,scheduled_etl,B,UNSELECTED,,UNKNOWN,c29601abff2252a553ef12c5ed843ea705f9956f,h3.1-v1
4330a37dffb39a808f3be31edd20d2cc6bfaaa31,4330a37dffb39a808f3be31edd20d2cc6bfaaa31,a0655088d25089cfec4324d7b0e1af74392a8442,a0655088d25089cfec4324d7b0e1af74392a8442,9eb68aae41fcea084786ebd2bfa91928a89e581b,,2025-10-05T00:56:47.000Z,ghostgauge-bot,chore(etl): update artifacts [skip ci],2025-10-05,2025-10-05T00:56:45.070Z,as_of_utc,63,63,,Hold & Wait,122229.28,v3.1.0,,,green,true,8,,COMMITTED_CONTEMPORANEOUS_CANDIDATE,ELIGIBLE_SCHEDULED,scheduled_etl,B,UNSELECTED,,UNKNOWN,c29601abff2252a553ef12c5ed843ea705f9956f,h3.1-v1
8f9c645072d6a853d934a21e13000f2ff1d67003,8f9c645072d6a853d934a21e13000f2ff1d67003,9cea0b4cd1c1446ac61e6b1fab98bdec8f12c377,9cea0b4cd1c1446ac61e6b1fab98bdec8f12c377,a0655088d25089cfec4324d7b0e1af74392a8442,,2025-10-05T00:57:21.000Z,ghostgauge-bot,chore(etl): update artifacts [skip ci],2025-10-05,2025-10-05T00:57:19.180Z,as_of_utc,63,63,,Hold & Wait,122222.84,v3.1.0,,,green,true,8,,COMMITTED_CONTEMPORANEOUS_CANDIDATE,ELIGIBLE_SCHEDULED,scheduled_etl,B,UNSELECTED,,UNKNOWN,c29601abff2252a553ef12c5ed843ea705f9956f,h3.1-v1
8ff985c0cf5de11698e723b6ee92847b972ef398,8ff985c0cf5de11698e723b6ee92847b972ef398,48b83bc68c1898b0a300bad18d10c58484272f2a,48b83bc68c1898b0a300bad18d10c58484272f2a,50edd6eb8f5f33492b6c0597144cc9173aa08616,,2025-10-05T01:28:16.000Z,ghostgauge-bot,chore(etl): update artifacts [skip ci],2025-10-05,2025-10-05T01:28:14.754Z,as_of_utc,63,63,,Hold & Wait,122353.99,v3.1.0,,,green,true,8,,COMMITTED_CONTEMPORANEOUS_CANDIDATE,ELIGIBLE_SCHEDULED,scheduled_etl,B,UNSELECTED,,UNKNOWN,c29601abff2252a553ef12c5ed843ea705f9956f,h3.1-v1
66cd7a551bda003aee40149991edd48013106d22,66cd7a551bda003aee40149991edd48013106d22,e2717abf8273c7eb463c216d014a41c4e2ebd067,e2717abf8273c7eb463c216d014a41c4e2ebd067,1e09bfeba367e5bda3d86403b9bf33db65fa0e4b,,2025-10-05T01:48:14.000Z,ghostgauge-bot,chore(etl): update artifacts [skip ci],2025-10-05,2025-10-05T01:48:12.719Z,as_of_utc,62,62,,Hold & Wait,122382.62,v3.1.0,,,green,true,8,,COMMITTED_CONTEMPORANEOUS_CANDIDATE,ELIGIBLE_SCHEDULED,scheduled_etl,B,UNSELECTED,,UNKNOWN,c29601abff2252a553ef12c5ed843ea705f9956f,h3.1-v1
b1c49c8a915bc3d66a815314ac959aae30298e8b,b1c49c8a915bc3d66a815314ac959aae30298e8b,62f8c4aa467af07729d39aeaa71a6509f5ebaede,62f8c4aa467af07729d39aeaa71a6509f5ebaede,e648fbe33f1bd1b0a182ce079387eb44944ae945,,2025-10-05T01:55:28.000Z,ghostgauge-bot,chore(etl): update artifacts [skip ci],2025-10-05,2025-10-05T01:55:25.601Z,as_of_utc,62,62,,Hold & Wait,122432.2,v3.1.0,,,green,true,8,,COMMITTED_CONTEMPORANEOUS_CANDIDATE,ELIGIBLE_SCHEDULED,scheduled_etl,B,UNSELECTED,,UNKNOWN,c29601abff2252a553ef12c5ed843ea705f9956f,h3.1-v1
ff6667354ac93b2d0f07e7e38ba7d501753e8cc6,ff6667354ac93b2d0f07e7e38ba7d501753e8cc6,3e87557188a500633f15e0927a4151a9eefbd51a,3e87557188a500633f15e0927a4151a9eefbd51a,a7fbee8d4f30f0cd86c0c3b1f134dd56f0afe14d,,2025-10-05T02:06:25.000Z,ghostgauge-bot,chore(etl): update artifacts [skip ci],2025-10-05,2025-10-05T02:06:23.567Z,as_of_utc,62,62,,Hold & Wait,122432,v3.1.0,,,green,true,8,,COMMITTED_CONTEMPORANEOUS_CANDIDATE,ELIGIBLE_SCHEDULED,scheduled_etl,B,UNSELECTED,,UNKNOWN,c29601abff2252a553ef12c5ed843ea705f9956f,h3.1-v1
d8659ca0a9c4249a2ccb28bd67d56701b6e69221,d8659ca0a9c4249a2ccb28bd67d56701b6e69221,786531abb4f96395b61812712c646ba744377f63,786531abb4f96395b61812712c646ba744377f63,3e87557188a500633f15e0927a4151a9eefbd51a,,2025-10-05T02:07:21.000Z,ghostgauge-bot,chore(etl): update artifacts [skip ci],2025-10-05,2025-10-05T02:07:19.265Z,as_of_utc,62,62,,Hold & Wait,122444.59,v3.1.0,,,green,true,8,,COMMITTED_CONTEMPORANEOUS_CANDIDATE,ELIGIBLE_SCHEDULED,scheduled_etl,B,UNSELECTED,,UNKNOWN,c29601abff2252a553ef12c5ed843ea705f9956f,h3.1-v1
fa938f66f5e75dc125b1abdb66261b9181afe375,fa938f66f5e75dc125b1abdb66261b9181afe375,89166d11a675072f95a143b23864a018ec8e85db,89166d11a675072f95a143b23864a018ec8e85db,c2a481d13c1a6c34472121723dbf8516556ba6c8,,2025-10-05T02:16:44.000Z,ghostgauge-bot,chore(etl): update artifacts [skip ci],2025-10-05,2025-10-05T02:16:42.261Z,as_of_utc,62,62,,Hold & Wait,122480.68,v3.1.0,,,green,true,8,,COMMITTED_CONTEMPORANEOUS_CANDIDATE,ELIGIBLE_SCHEDULED,scheduled_etl,B,UNSELECTED,,UNKNOWN,c29601abff2252a553ef12c5ed843ea705f9956f,h3.1-v1
998d8357deb42e5e18c66581c6899b4c424ec141,998d8357deb42e5e18c66581c6899b4c424ec141,3ad605fd4e0d837dd0b66f3d81d5898aa244505f,3ad605fd4e0d837dd0b66f3d81d5898aa244505f,89166d11a675072f95a143b23864a018ec8e85db,,2025-10-05T02:18:09.000Z,ghostgauge-bot,chore(etl): update artifacts [skip ci],2025-10-05,2025-10-05T02:18:06.338Z,as_of_utc,62,62,,Hold & Wait,122480.68,v3.1.0,,,green,true,8,,COMMITTED_CONTEMPORANEOUS_CANDIDATE,ELIGIBLE_SCHEDULED,scheduled_etl,B,UNSELECTED,,UNKNOWN,c29601abff2252a553ef12c5ed843ea705f9956f,h3.1-v1
2cee92d6919d9dce275c30967b2a01252a80a9ce,2cee92d6919d9dce275c30967b2a01252a80a9ce,ddf7e03a4cd7acef49f7850000465a4b0b9cf23f,ddf7e03a4cd7acef49f7850000465a4b0b9cf23f,6bad4c29470f01b778cbe16c742e4b620c5108c6,,2025-10-05T02:26:02.000Z,ghostgauge-bot,chore(etl): update artifacts [skip ci],2025-10-05,2025-10-05T02:26:00.010Z,as_of_utc,62,62,,Hold & Wait,122553.41,v3.1.0,,,green,true,8,,COMMITTED_CONTEMPORANEOUS_CANDIDATE,ELIGIBLE_SCHEDULED,scheduled_etl,B,UNSELECTED,,UNKNOWN,c29601abff2252a553ef12c5ed843ea705f9956f,h3.1-v1
364728c47046a2e219c2a411eaea470dfa992da4,364728c47046a2e219c2a411eaea470dfa992da4,3c5a095d742b590e6455b604207dfe81ef32ef32,3c5a095d742b590e6455b604207dfe81ef32ef32,ddf7e03a4cd7acef49f7850000465a4b0b9cf23f,,2025-10-05T02:27:39.000Z,ghostgauge-bot,chore(etl): update artifacts [skip ci],2025-10-05,2025-10-05T02:27:37.249Z,as_of_utc,62,62,,Hold & Wait,122639.69,v3.1.0,,,green,true,8,,COMMITTED_CONTEMPORANEOUS_CANDIDATE,ELIGIBLE_SCHEDULED,scheduled_etl,B,UNSELECTED,,UNKNOWN,c29601abff2252a553ef12c5ed843ea705f9956f,h3.1-v1
35d0db1b5da0013111c73007081cedf5cadc63e8,35d0db1b5da0013111c73007081cedf5cadc63e8,dd98140e558f5fac9cd66c781b3f009049a0352d,dd98140e558f5fac9cd66c781b3f009049a0352d,7381bc1e115f2f2b6e06c7b4ec219863e55c3b73,,2025-10-05T11:16:40.000Z,ghostgauge-bot,chore(etl): update artifacts [skip ci],2025-10-05,2025-10-05T11:16:38.632Z,as_of_utc,61,61,,Hold & Wait,122950.88,v3.1.0,,,green,true,8,,COMMITTED_CONTEMPORANEOUS_CANDIDATE,ELIGIBLE_SCHEDULED,scheduled_etl,B,UNSELECTED,,UNKNOWN,c29601abff2252a553ef12c5ed843ea705f9956f,h3.1-v1
fd2a4878bffd054a496b7fe75f4a29716bc903d2,fd2a4878bffd054a496b7fe75f4a29716bc903d2,3113e198040cd5d6a49b8067469907d9c3907d7e,3113e198040cd5d6a49b8067469907d9c3907d7e,ea05b7ff2a9bdeef5e8c36ad2ce1d38ed4ae5dce,,2025-10-06T11:19:15.000Z,ghostgauge-bot,chore(etl): update artifacts [skip ci],2025-10-06,2025-10-06T11:19:14.041Z,as_of_utc,61,61,,Hold & Wait,123944.69,v3.1.0,,,green,true,8,,COMMITTED_CONTEMPORANEOUS_CANDIDATE,ELIGIBLE_SCHEDULED,scheduled_etl,B,UNSELECTED,,UNKNOWN,c29601abff2252a553ef12c5ed843ea705f9956f,h3.1-v1
367cfb3215e4ad956f43ece28c467d1c19eb238a,367cfb3215e4ad956f43ece28c467d1c19eb238a,12884c64923996ab13a8f001acff469408d510f5,12884c64923996ab13a8f001acff469408d510f5,99b8fb44007ef54dec174ceae5018aa2f8e53a6f,,2025-10-06T17:18:35.000Z,ghostgauge-bot,chore(etl): update artifacts [skip ci],2025-10-06,2025-10-06T17:18:33.218Z,as_of_utc,61,61,,Hold & Wait,125585,v3.1.0,,,green,true,8,,COMMITTED_CONTEMPORANEOUS_CANDIDATE,ELIGIBLE_SCHEDULED,scheduled_etl,B,UNSELECTED,,UNKNOWN,c29601abff2252a553ef12c5ed843ea705f9956f,h3.1-v1
0c62bb045008420503a0ccfdbc7c7c446d0fd471,0c62bb045008420503a0ccfdbc7c7c446d0fd471,dc935557988969689b229345b1c14765067074cc,dc935557988969689b229345b1c14765067074cc,12884c64923996ab13a8f001acff469408d510f5,,2025-10-07T11:19:30.000Z,ghostgauge-bot,chore(etl): update artifacts [skip ci],2025-10-07,2025-10-07T11:19:28.705Z,as_of_utc,54,54,,Hold & Wait,124377.49,v3.1.0,,,green,true,8,,COMMITTED_CONTEMPORANEOUS_CANDIDATE,ELIGIBLE_SCHEDULED,scheduled_etl,B,UNSELECTED,,UNKNOWN,c29601abff2252a553ef12c5ed843ea705f9956f,h3.1-v1
fdc852982e918c0ad805cfbc751a503d3fdf8754,fdc852982e918c0ad805cfbc751a503d3fdf8754,644ac9f3b00ab4e326bfa8bdedde0e241cb1fdc8,644ac9f3b00ab4e326bfa8bdedde0e241cb1fdc8,dc935557988969689b229345b1c14765067074cc,,2025-10-08T11:19:38.000Z,ghostgauge-bot,chore(etl): update artifacts [skip ci],2025-10-08,2025-10-08T11:19:36.365Z,as_of_utc,59,59,,Hold & Wait,123019.99,v3.1.0,,,green,true,8,,COMMITTED_CONTEMPORANEOUS_CANDIDATE,ELIGIBLE_SCHEDULED,scheduled_etl,B,UNSELECTED,,UNKNOWN,c29601abff2252a553ef12c5ed843ea705f9956f,h3.1-v1
d747f76aaadad65ae41dcbd22308ded112d5967c,d747f76aaadad65ae41dcbd22308ded112d5967c,26d731f909a23ed258f863e659bf14e8827c26c3,26d731f909a23ed258f863e659bf14e8827c26c3,644ac9f3b00ab4e326bfa8bdedde0e241cb1fdc8,,2025-10-09T11:20:03.000Z,ghostgauge-bot,chore(etl): update artifacts [skip ci],2025-10-09,2025-10-09T11:20:01.988Z,as_of_utc,59,59,,Hold & Wait,122434,v3.1.0,,,green,true,8,,COMMITTED_CONTEMPORANEOUS_CANDIDATE,ELIGIBLE_SCHEDULED,scheduled_etl,B,UNSELECTED,,UNKNOWN,c29601abff2252a553ef12c5ed843ea705f9956f,h3.1-v1
005a33084b7854ac0db1c7a264e96dfb581815ee,005a33084b7854ac0db1c7a264e96dfb581815ee,a6a2e7854978759ca011bd78f18c9b87b65864ca,a6a2e7854978759ca011bd78f18c9b87b65864ca,26d731f909a23ed258f863e659bf14e8827c26c3,,2025-10-10T11:20:16.000Z,ghostgauge-bot,chore(etl): update artifacts [skip ci],2025-10-10,2025-10-10T11:20:13.758Z,as_of_utc,58,58,,Hold & Wait,121612.71,v3.1.0,,,green,true,8,,COMMITTED_CONTEMPORANEOUS_CANDIDATE,ELIGIBLE_SCHEDULED,scheduled_etl,B,UNSELECTED,,UNKNOWN,c29601abff2252a553ef12c5ed843ea705f9956f,h3.1-v1
68ca25b86705d0e0884ff896336818e0aa86b356,68ca25b86705d0e0884ff896336818e0aa86b356,6825e3cdf7938393de5112dc3080d1e64d2ffcb2,6825e3cdf7938393de5112dc3080d1e64d2ffcb2,a6a2e7854978759ca011bd78f18c9b87b65864ca,,2025-10-11T11:17:50.000Z,ghostgauge-bot,chore(etl): update artifacts [skip ci],2025-10-11,2025-10-11T11:17:48.227Z,as_of_utc,56,56,,Hold & Wait,111864.05,v3.1.0,,,green,true,8,,COMMITTED_CONTEMPORANEOUS_CANDIDATE,ELIGIBLE_SCHEDULED,scheduled_etl,B,UNSELECTED,,UNKNOWN,c29601abff2252a553ef12c5ed843ea705f9956f,h3.1-v1
d40784592fecc6a543c339880e2230f161bb0636,d40784592fecc6a543c339880e2230f161bb0636,f6b1848919137b5ca76fcb0e0bb80ee43cecfa21,f6b1848919137b5ca76fcb0e0bb80ee43cecfa21,6825e3cdf7938393de5112dc3080d1e64d2ffcb2,,2025-10-12T11:17:46.000Z,ghostgauge-bot,chore(etl): update artifacts [skip ci],2025-10-12,2025-10-12T11:17:44.155Z,as_of_utc,57,57,,Hold & Wait,111758.02,v3.1.0,,,green,true,8,,COMMITTED_CONTEMPORANEOUS_CANDIDATE,ELIGIBLE_SCHEDULED,scheduled_etl,B,UNSELECTED,,UNKNOWN,c29601abff2252a553ef12c5ed843ea705f9956f,h3.1-v1
d2a26b8f2e8e86f8b55cda89e9d9ff7434eb68d8,d2a26b8f2e8e86f8b55cda89e9d9ff7434eb68d8,e51a518d032d97742e3786aa076af48cd74229ef,e51a518d032d97742e3786aa076af48cd74229ef,4b0d75c164a908cabba978db0a7b26b07e274568,,2025-10-13T11:21:39.000Z,ghostgauge-bot,chore(etl): update artifacts [skip ci],2025-10-13,2025-10-13T11:21:37.524Z,as_of_utc,60,60,,Hold & Wait,114511.98,v3.1.0,,,green,true,8,,COMMITTED_CONTEMPORANEOUS_CANDIDATE,ELIGIBLE_SCHEDULED,scheduled_etl,B,UNSELECTED,,UNKNOWN,c29601abff2252a553ef12c5ed843ea705f9956f,h3.1-v1
f8de7d2d1822f92a3d25637c8dc94ee7403f50c6,f8de7d2d1822f92a3d25637c8dc94ee7403f50c6,67049177b4dbf76022ce6b47cbae729bc55ba430,67049177b4dbf76022ce6b47cbae729bc55ba430,e51a518d032d97742e3786aa076af48cd74229ef,,2025-10-14T11:19:34.000Z,ghostgauge-bot,chore(etl): update artifacts [skip ci],2025-10-14,2025-10-14T11:19:33.324Z,as_of_utc,58,58,,Hold & Wait,111372.71,v3.1.0,,,green,true,8,,COMMITTED_CONTEMPORANEOUS_CANDIDATE,ELIGIBLE_SCHEDULED,scheduled_etl,B,UNSELECTED,,UNKNOWN,c29601abff2252a553ef12c5ed843ea705f9956f,h3.1-v1
a8c84486a83ec200ec59f2b3607ef2c310b6e633,a8c84486a83ec200ec59f2b3607ef2c310b6e633,7458993c6a77aec8504cd65e273f95f7b4485485,7458993c6a77aec8504cd65e273f95f7b4485485,67049177b4dbf76022ce6b47cbae729bc55ba430,,2025-10-15T11:20:18.000Z,ghostgauge-bot,chore(etl): update artifacts [skip ci],2025-10-15,2025-10-15T11:20:16.862Z,as_of_utc,61,61,,Hold & Wait,111971.21,v3.1.0,,,green,true,8,,COMMITTED_CONTEMPORANEOUS_CANDIDATE,ELIGIBLE_SCHEDULED,scheduled_etl,B,UNSELECTED,,UNKNOWN,c29601abff2252a553ef12c5ed843ea705f9956f,h3.1-v1
8ed903048fe2b6603969fe0c7f2528c523f1da77,8ed903048fe2b6603969fe0c7f2528c523f1da77,778cbd1213cf8cfb0ccfce436bfd2cfaa51c35f7,778cbd1213cf8cfb0ccfce436bfd2cfaa51c35f7,7458993c6a77aec8504cd65e273f95f7b4485485,,2025-10-16T11:20:40.000Z,ghostgauge-bot,chore(etl): update artifacts [skip ci],2025-10-16,2025-10-16T11:20:38.708Z,as_of_utc,63,63,,Hold & Wait,111350.01,v3.1.0,,,green,true,8,,COMMITTED_CONTEMPORANEOUS_CANDIDATE,ELIGIBLE_SCHEDULED,scheduled_etl,B,UNSELECTED,,UNKNOWN,c29601abff2252a553ef12c5ed843ea705f9956f,h3.1-v1
884526a24c868466a541a2c055705fe9ee16c92b,884526a24c868466a541a2c055705fe9ee16c92b,33668089c2791fa58cc18f62fee4056f9c4ab35d,33668089c2791fa58cc18f62fee4056f9c4ab35d,778cbd1213cf8cfb0ccfce436bfd2cfaa51c35f7,,2025-10-17T11:19:39.000Z,ghostgauge-bot,chore(etl): update artifacts [skip ci],2025-10-17,2025-10-17T11:19:36.339Z,as_of_utc,59,59,,Hold & Wait,105986.05,v3.1.0,,,green,true,8,,COMMITTED_CONTEMPORANEOUS_CANDIDATE,ELIGIBLE_SCHEDULED,scheduled_etl,B,UNSELECTED,,UNKNOWN,c29601abff2252a553ef12c5ed843ea705f9956f,h3.1-v1
708899c787d0bef583a2d8386a0f0b991a73361b,708899c787d0bef583a2d8386a0f0b991a73361b,7d7d814142b84e917fe8ac43813c717ce8eb3793,7d7d814142b84e917fe8ac43813c717ce8eb3793,33668089c2791fa58cc18f62fee4056f9c4ab35d,,2025-10-18T11:17:55.000Z,ghostgauge-bot,chore(etl): update artifacts [skip ci],2025-10-18,2025-10-18T11:17:53.550Z,as_of_utc,59,59,,Hold & Wait,106964.02,v3.1.0,,,green,true,8,,COMMITTED_CONTEMPORANEOUS_CANDIDATE,ELIGIBLE_SCHEDULED,scheduled_etl,B,UNSELECTED,,UNKNOWN,c29601abff2252a553ef12c5ed843ea705f9956f,h3.1-v1
3bd71c61e3c5bb85e48fa4b25a80dd67e7054a97,3bd71c61e3c5bb85e48fa4b25a80dd67e7054a97,21e77f36918fda97088f268861dcd14e3d2adea1,21e77f36918fda97088f268861dcd14e3d2adea1,7d7d814142b84e917fe8ac43813c717ce8eb3793,,2025-10-19T11:17:41.000Z,ghostgauge-bot,chore(etl): update artifacts [skip ci],2025-10-19,2025-10-19T11:17:39.905Z,as_of_utc,60,60,,Hold & Wait,108139.85,v3.1.0,,,green,true,8,,COMMITTED_CONTEMPORANEOUS_CANDIDATE,ELIGIBLE_SCHEDULED,scheduled_etl,B,UNSELECTED,,UNKNOWN,c29601abff2252a553ef12c5ed843ea705f9956f,h3.1-v1
6746b1e1b892f7a7f5ad0541aaa77d3ac4531565,6746b1e1b892f7a7f5ad0541aaa77d3ac4531565,02796b835e96f627466b81ddf415529a2f8af01f,02796b835e96f627466b81ddf415529a2f8af01f,7b0c8466354e26faf67579e3f5dc7d96b59b8b38,,2025-10-20T11:21:04.000Z,ghostgauge-bot,chore(etl): update artifacts [skip ci],2025-10-20,2025-10-20T11:21:02.429Z,as_of_utc,61,61,,Hold & Wait,110795.56,v3.1.0,,,green,true,8,,COMMITTED_CONTEMPORANEOUS_CANDIDATE,ELIGIBLE_SCHEDULED,scheduled_etl,B,UNSELECTED,,UNKNOWN,c29601abff2252a553ef12c5ed843ea705f9956f,h3.1-v1
dbbd9be825593982d875d41bb30d5d267edd543f,dbbd9be825593982d875d41bb30d5d267edd543f,3fa06ba467926974fbea96a1ec327c0afe74d686,3fa06ba467926974fbea96a1ec327c0afe74d686,02796b835e96f627466b81ddf415529a2f8af01f,,2025-10-21T11:20:16.000Z,ghostgauge-bot,chore(etl): update artifacts [skip ci],2025-10-21,2025-10-21T11:20:13.778Z,as_of_utc,62,62,,Hold & Wait,108513.92,v3.1.0,,,green,true,8,,COMMITTED_CONTEMPORANEOUS_CANDIDATE,ELIGIBLE_SCHEDULED,scheduled_etl,B,UNSELECTED,,UNKNOWN,c29601abff2252a553ef12c5ed843ea705f9956f,h3.1-v1
169fbd4799d5b51f11625cfba6082c95e2da20b8,169fbd4799d5b51f11625cfba6082c95e2da20b8,6464ee833dfc58305f6694b6864d3d2b47a92860,6464ee833dfc58305f6694b6864d3d2b47a92860,3fa06ba467926974fbea96a1ec327c0afe74d686,,2025-10-22T11:21:25.000Z,ghostgauge-bot,chore(etl): update artifacts [skip ci],2025-10-22,2025-10-22T11:21:23.725Z,as_of_utc,61,61,,Hold & Wait,108209.74,v3.1.0,,,green,true,8,,COMMITTED_CONTEMPORANEOUS_CANDIDATE,ELIGIBLE_SCHEDULED,scheduled_etl,B,UNSELECTED,,UNKNOWN,c29601abff2252a553ef12c5ed843ea705f9956f,h3.1-v1
1210ee292ecc6824dd646230fae1d8a41796b0be,1210ee292ecc6824dd646230fae1d8a41796b0be,699695ec28e9a98ec1f8b8b9287478a3d54eb73b,699695ec28e9a98ec1f8b8b9287478a3d54eb73b,6464ee833dfc58305f6694b6864d3d2b47a92860,,2025-10-23T11:21:02.000Z,ghostgauge-bot,chore(etl): update artifacts [skip ci],2025-10-23,2025-10-23T11:21:00.895Z,as_of_utc,61,61,,Hold & Wait,109460.15,v3.1.0,,,green,true,8,,COMMITTED_CONTEMPORANEOUS_CANDIDATE,ELIGIBLE_SCHEDULED,scheduled_etl,B,UNSELECTED,,UNKNOWN,c29601abff2252a553ef12c5ed843ea705f9956f,h3.1-v1
35287bd3b274fb53bc505ec75f358436d908b394,35287bd3b274fb53bc505ec75f358436d908b394,42772751a5136b4d4263f5b11f050cd844a33533,42772751a5136b4d4263f5b11f050cd844a33533,699695ec28e9a98ec1f8b8b9287478a3d54eb73b,,2025-10-24T11:21:29.000Z,ghostgauge-bot,chore(etl): update artifacts [skip ci],2025-10-24,2025-10-24T11:21:27.050Z,as_of_utc,60,60,,Hold & Wait,111174,v3.1.0,,,green,true,8,,COMMITTED_CONTEMPORANEOUS_CANDIDATE,ELIGIBLE_SCHEDULED,scheduled_etl,B,UNSELECTED,,UNKNOWN,c29601abff2252a553ef12c5ed843ea705f9956f,h3.1-v1
23451afee350087c86eb675fa3ff06495c5b17ca,23451afee350087c86eb675fa3ff06495c5b17ca,43cb664bf03a6208949817f6f26fa544e3c1683d,43cb664bf03a6208949817f6f26fa544e3c1683d,42772751a5136b4d4263f5b11f050cd844a33533,,2025-10-25T11:17:50.000Z,ghostgauge-bot,chore(etl): update artifacts [skip ci],2025-10-25,2025-10-25T11:17:47.911Z,as_of_utc,60,60,,Hold & Wait,111583.3,v3.1.0,,,green,true,8,,COMMITTED_CONTEMPORANEOUS_CANDIDATE,ELIGIBLE_SCHEDULED,scheduled_etl,B,UNSELECTED,,UNKNOWN,c29601abff2252a553ef12c5ed843ea705f9956f,h3.1-v1
7ac9f190a6c0e745a706b5fb462a61c7e0474433,7ac9f190a6c0e745a706b5fb462a61c7e0474433,04a775aa97041a42681bdf3206458c190df7c83d,04a775aa97041a42681bdf3206458c190df7c83d,43cb664bf03a6208949817f6f26fa544e3c1683d,,2025-10-26T11:18:08.000Z,ghostgauge-bot,chore(etl): update artifacts [skip ci],2025-10-26,2025-10-26T11:18:06.632Z,as_of_utc,60,60,,Hold & Wait,112623.71,v3.1.0,,,green,true,8,,COMMITTED_CONTEMPORANEOUS_CANDIDATE,ELIGIBLE_SCHEDULED,scheduled_etl,B,UNSELECTED,,UNKNOWN,c29601abff2252a553ef12c5ed843ea705f9956f,h3.1-v1
5fa982f81cbd342b11bedec49d5f7e38036b0b77,5fa982f81cbd342b11bedec49d5f7e38036b0b77,271aaa5266a7604cd90a8752d5cce049d60700a2,271aaa5266a7604cd90a8752d5cce049d60700a2,10c64c14737bd0b8c4bb09a8307fe24983c89aa3,,2025-10-27T11:21:32.000Z,ghostgauge-bot,chore(etl): update artifacts [skip ci],2025-10-27,2025-10-27T11:21:30.968Z,as_of_utc,60,60,,Hold & Wait,115167.99,v3.1.0,,,green,true,8,,COMMITTED_CONTEMPORANEOUS_CANDIDATE,ELIGIBLE_SCHEDULED,scheduled_etl,B,UNSELECTED,,UNKNOWN,c29601abff2252a553ef12c5ed843ea705f9956f,h3.1-v1
2eb8215ddb08f943ddfe5d0a008c1397c0c05c99,2eb8215ddb08f943ddfe5d0a008c1397c0c05c99,01abb8c4e9b3c8701db482dec34049061c6f5a63,01abb8c4e9b3c8701db482dec34049061c6f5a63,271aaa5266a7604cd90a8752d5cce049d60700a2,,2025-10-28T11:20:09.000Z,ghostgauge-bot,chore(etl): update artifacts [skip ci],2025-10-28,2025-10-28T11:20:06.335Z,as_of_utc,58,58,,Hold & Wait,114582,v3.1.0,,,green,true,8,,COMMITTED_CONTEMPORANEOUS_CANDIDATE,ELIGIBLE_SCHEDULED,scheduled_etl,B,UNSELECTED,,UNKNOWN,c29601abff2252a553ef12c5ed843ea705f9956f,h3.1-v1
301c6abe51a4fb896a1659aa6ceb00c842ce8300,301c6abe51a4fb896a1659aa6ceb00c842ce8300,5c4535b2a8cc43ca52c74e66bba630b899c8cb09,5c4535b2a8cc43ca52c74e66bba630b899c8cb09,01abb8c4e9b3c8701db482dec34049061c6f5a63,,2025-10-29T11:21:39.000Z,ghostgauge-bot,chore(etl): update artifacts [skip ci],2025-10-29,2025-10-29T11:21:36.749Z,as_of_utc,55,55,,Hold & Wait,113122.86,v3.1.0,,,green,true,8,,COMMITTED_CONTEMPORANEOUS_CANDIDATE,ELIGIBLE_SCHEDULED,scheduled_etl,B,UNSELECTED,,UNKNOWN,c29601abff2252a553ef12c5ed843ea705f9956f,h3.1-v1
4b676f964da66b963ad12c2ca901e0d00f5e6205,4b676f964da66b963ad12c2ca901e0d00f5e6205,54d054b110ac779f45b073a27dac799d8a5b85a5,54d054b110ac779f45b073a27dac799d8a5b85a5,99b8fb44007ef54dec174ceae5018aa2f8e53a6f,,2025-10-29T15:54:41.000Z,firemansghost,"Phase 1-3: Fix weights to 30/30 balanced, update band descriptions, add multi-asset Coming Soon pages",2025-10-29,2025-10-29T15:42:29.269Z,as_of_utc,57,57,,Hold & Wait,111847.66,v3.1.0,,,green,true,7,,COMMITTED_CONTEMPORANEOUS_CANDIDATE,REVIEW_REQUIRED,human_feature_commit,B,UNSELECTED,,UNKNOWN,c29601abff2252a553ef12c5ed843ea705f9956f,h3.1-v1
5f23464bb0c1030dce35b15d86b54cb428893232,5f23464bb0c1030dce35b15d86b54cb428893232,983e04df58ef6f428158f4e143c067acea3cc0f0,983e04df58ef6f428158f4e143c067acea3cc0f0,6e8bec6aefeb6eaa8ca2c2e334523d88148aac25,,2025-10-29T19:37:32.000Z,firemansghost,Fix ETL script band descriptions to match SSOT v1.1,2025-10-29,2025-10-29T19:37:18.399Z,as_of_utc,57,57,,Hold & Wait,110369.38,v3.1.0,,,green,true,7,,COMMITTED_CONTEMPORANEOUS_CANDIDATE,REVIEW_REQUIRED,human_feature_commit,B,UNSELECTED,,UNKNOWN,c29601abff2252a553ef12c5ed843ea705f9956f,h3.1-v1
3e2c090977ac781e1d04e53fe2a81b6681a5b68c,3e2c090977ac781e1d04e53fe2a81b6681a5b68c,8324833c96638abd460fd7c8cbfd146b8787d2d7,8324833c96638abd460fd7c8cbfd146b8787d2d7,adcf11f5ac4ee6661a216235711580301f227986,,2025-10-30T11:20:39.000Z,ghostgauge-bot,chore(etl): update artifacts [skip ci],2025-10-30,2025-10-30T11:20:37.122Z,as_of_utc,55,55,,Hold & Wait,109967.66,v3.1.0,,,green,true,7,,COMMITTED_CONTEMPORANEOUS_CANDIDATE,ELIGIBLE_SCHEDULED,scheduled_etl,B,UNSELECTED,,UNKNOWN,c29601abff2252a553ef12c5ed843ea705f9956f,h3.1-v1
91b7aa644b5d9e7557b6b33c197c2c1df5cf8418,91b7aa644b5d9e7557b6b33c197c2c1df5cf8418,3345c26f51ffcfc64021fde450d8f5d3324108d0,3345c26f51ffcfc64021fde450d8f5d3324108d0,3c67f7f06faa1cedbe6904b7341380b9e4b86279,,2025-10-31T11:20:04.000Z,ghostgauge-bot,chore(etl): update artifacts [skip ci],2025-10-31,2025-10-31T11:20:02.237Z,as_of_utc,56,56,,Hold & Wait,109618.2,v3.1.0,,,green,true,7,,COMMITTED_CONTEMPORANEOUS_CANDIDATE,ELIGIBLE_SCHEDULED,scheduled_etl,B,UNSELECTED,,UNKNOWN,c29601abff2252a553ef12c5ed843ea705f9956f,h3.1-v1
16aa91c6b8b83cf3266efd431b9fc86e6afab7c9,16aa91c6b8b83cf3266efd431b9fc86e6afab7c9,3780db7a62fc96d2e4b044c502f72851887d1ac9,3780db7a62fc96d2e4b044c502f72851887d1ac9,3345c26f51ffcfc64021fde450d8f5d3324108d0,,2025-11-01T11:18:22.000Z,ghostgauge-bot,chore(etl): update artifacts [skip ci],2025-11-01,2025-11-01T11:18:20.013Z,as_of_utc,58,58,,Hold & Wait,110119.99,v3.1.0,,,green,true,7,,COMMITTED_CONTEMPORANEOUS_CANDIDATE,ELIGIBLE_SCHEDULED,scheduled_etl,B,UNSELECTED,,UNKNOWN,c29601abff2252a553ef12c5ed843ea705f9956f,h3.1-v1
2323b3fd8fbaf9d9dccdad0abcf5b3c9d2346e3d,2323b3fd8fbaf9d9dccdad0abcf5b3c9d2346e3d,56a3f38b9a09086304696e007eca2dd2b87d7519,56a3f38b9a09086304696e007eca2dd2b87d7519,3780db7a62fc96d2e4b044c502f72851887d1ac9,,2025-11-02T11:17:45.000Z,ghostgauge-bot,chore(etl): update artifacts [skip ci],2025-11-02,2025-11-02T11:17:43.209Z,as_of_utc,58,58,,Hold & Wait,110705.99,v3.1.0,,,green,true,7,,COMMITTED_CONTEMPORANEOUS_CANDIDATE,ELIGIBLE_SCHEDULED,scheduled_etl,B,UNSELECTED,,UNKNOWN,c29601abff2252a553ef12c5ed843ea705f9956f,h3.1-v1
f4ec215a663ca4c28ad7223924ad55da4453b6af,f4ec215a663ca4c28ad7223924ad55da4453b6af,bfd413c5f17c0bf238cd7380d26f30ceed80d090,bfd413c5f17c0bf238cd7380d26f30ceed80d090,0ef1854c1bbb422bf0fbd0cc73cc9bf75f22e3ac,,2025-11-03T11:21:09.000Z,ghostgauge-bot,chore(etl): update artifacts [skip ci],2025-11-03,2025-11-03T11:21:06.725Z,as_of_utc,58,58,,Hold & Wait,107675.72,v3.1.0,,,green,true,7,,COMMITTED_CONTEMPORANEOUS_CANDIDATE,ELIGIBLE_SCHEDULED,scheduled_etl,B,UNSELECTED,,UNKNOWN,c29601abff2252a553ef12c5ed843ea705f9956f,h3.1-v1
7be7a7d02c3792b8106373c7355705c2d77b3120,7be7a7d02c3792b8106373c7355705c2d77b3120,ecbae65daf2ed679bb6b0fb8f76628eed27b96ae,ecbae65daf2ed679bb6b0fb8f76628eed27b96ae,bfd413c5f17c0bf238cd7380d26f30ceed80d090,,2025-11-04T11:22:53.000Z,ghostgauge-bot,chore(etl): update artifacts [skip ci],2025-11-04,2025-11-04T11:22:52.134Z,as_of_utc,57,57,,Hold & Wait,104337.43,v3.1.0,,,green,true,7,,COMMITTED_CONTEMPORANEOUS_CANDIDATE,ELIGIBLE_SCHEDULED,scheduled_etl,B,UNSELECTED,,UNKNOWN,c29601abff2252a553ef12c5ed843ea705f9956f,h3.1-v1
1ea1425d4702c3af15dbfceb3b3385cd950e4b6d,1ea1425d4702c3af15dbfceb3b3385cd950e4b6d,bdbfcb23fc8af1cfb1023520ccd8a62c26355c57,bdbfcb23fc8af1cfb1023520ccd8a62c26355c57,ecbae65daf2ed679bb6b0fb8f76628eed27b96ae,,2025-11-05T11:22:26.000Z,ghostgauge-bot,chore(etl): update artifacts [skip ci],2025-11-05,2025-11-05T11:22:24.360Z,as_of_utc,55,55,,Hold & Wait,101543.83,v3.1.0,,,green,true,7,,COMMITTED_CONTEMPORANEOUS_CANDIDATE,ELIGIBLE_SCHEDULED,scheduled_etl,B,UNSELECTED,,UNKNOWN,c29601abff2252a553ef12c5ed843ea705f9956f,h3.1-v1
50cd77d5e75a9fd074874b77ab8837c97ce6ebba,50cd77d5e75a9fd074874b77ab8837c97ce6ebba,65562b230f19720d20ebd255843a88a11f266b3a,65562b230f19720d20ebd255843a88a11f266b3a,bdbfcb23fc8af1cfb1023520ccd8a62c26355c57,,2025-11-06T11:22:10.000Z,ghostgauge-bot,chore(etl): update artifacts [skip ci],2025-11-06,2025-11-06T11:22:09.102Z,as_of_utc,56,56,,Hold & Wait,103147.77,v3.1.0,,,green,true,7,,COMMITTED_CONTEMPORANEOUS_CANDIDATE,ELIGIBLE_SCHEDULED,scheduled_etl,B,UNSELECTED,,UNKNOWN,c29601abff2252a553ef12c5ed843ea705f9956f,h3.1-v1
bcb883b0fe7713e0320e13f47c659f13fde92b1d,bcb883b0fe7713e0320e13f47c659f13fde92b1d,6b7a32f4ff599938ba137b541b8df8dab0400e3e,6b7a32f4ff599938ba137b541b8df8dab0400e3e,65562b230f19720d20ebd255843a88a11f266b3a,,2025-11-07T11:20:27.000Z,ghostgauge-bot,chore(etl): update artifacts [skip ci],2025-11-07,2025-11-07T11:20:25.879Z,as_of_utc,59,59,,Hold & Wait,99992.96,v3.1.0,,,green,true,7,,COMMITTED_CONTEMPORANEOUS_CANDIDATE,ELIGIBLE_SCHEDULED,scheduled_etl,B,UNSELECTED,,UNKNOWN,c29601abff2252a553ef12c5ed843ea705f9956f,h3.1-v1
bf248bb3a563b2a1dca9837c9b0ae18de1c088b7,bf248bb3a563b2a1dca9837c9b0ae18de1c088b7,7ef96abdf52cd33c24de2a5f62be46379932bef5,7ef96abdf52cd33c24de2a5f62be46379932bef5,6b7a32f4ff599938ba137b541b8df8dab0400e3e,,2025-11-08T11:18:21.000Z,ghostgauge-bot,chore(etl): update artifacts [skip ci],2025-11-08,2025-11-08T11:18:19.465Z,as_of_utc,58,58,,Hold & Wait,102540.42,v3.1.0,,,green,true,7,,COMMITTED_CONTEMPORANEOUS_CANDIDATE,ELIGIBLE_SCHEDULED,scheduled_etl,B,UNSELECTED,,UNKNOWN,c29601abff2252a553ef12c5ed843ea705f9956f,h3.1-v1
09996e5616a6d95ae5837a925bdb850a531392af,09996e5616a6d95ae5837a925bdb850a531392af,78292aa17faef521754aebe76eac5216e728d4e4,78292aa17faef521754aebe76eac5216e728d4e4,7ef96abdf52cd33c24de2a5f62be46379932bef5,,2025-11-09T11:18:22.000Z,ghostgauge-bot,chore(etl): update artifacts [skip ci],2025-11-09,2025-11-09T11:18:20.529Z,as_of_utc,60,60,,Hold & Wait,102150.31,v3.1.0,,,green,true,7,,COMMITTED_CONTEMPORANEOUS_CANDIDATE,ELIGIBLE_SCHEDULED,scheduled_etl,B,UNSELECTED,,UNKNOWN,c29601abff2252a553ef12c5ed843ea705f9956f,h3.1-v1
c6ef0c2c5039e7f3b8f16933304c47571b9c0a88,c6ef0c2c5039e7f3b8f16933304c47571b9c0a88,25c86965a194d007451dea58230d3cf2fad8e70e,25c86965a194d007451dea58230d3cf2fad8e70e,45207512b460da66ec33082bedd769fdec134a9c,,2025-11-10T11:21:46.000Z,ghostgauge-bot,chore(etl): update artifacts [skip ci],2025-11-10,2025-11-10T11:21:45.002Z,as_of_utc,58,58,,Hold & Wait,106020.78,v3.1.0,,,green,true,7,,COMMITTED_CONTEMPORANEOUS_CANDIDATE,ELIGIBLE_SCHEDULED,scheduled_etl,B,UNSELECTED,,UNKNOWN,c29601abff2252a553ef12c5ed843ea705f9956f,h3.1-v1
7a54de05a68dae9fa8bacc3e01781e244765feef,7a54de05a68dae9fa8bacc3e01781e244765feef,9cd640c50daf45460d328203fd92f97fa1ac4d28,9cd640c50daf45460d328203fd92f97fa1ac4d28,25c86965a194d007451dea58230d3cf2fad8e70e,,2025-11-11T11:22:07.000Z,ghostgauge-bot,chore(etl): update artifacts [skip ci],2025-11-11,2025-11-11T11:22:05.864Z,as_of_utc,62,62,,Hold & Wait,105307.19,v3.1.0,,,green,true,7,,COMMITTED_CONTEMPORANEOUS_CANDIDATE,ELIGIBLE_SCHEDULED,scheduled_etl,B,UNSELECTED,,UNKNOWN,c29601abff2252a553ef12c5ed843ea705f9956f,h3.1-v1
4f5ef1f5f381611c775b93998ca5c581dd141848,4f5ef1f5f381611c775b93998ca5c581dd141848,fe28d5c09ad51798b652d4d3e3c4dd91355c2a53,fe28d5c09ad51798b652d4d3e3c4dd91355c2a53,9cd640c50daf45460d328203fd92f97fa1ac4d28,,2025-11-12T11:22:12.000Z,ghostgauge-bot,chore(etl): update artifacts [skip ci],2025-11-12,2025-11-12T11:22:10.971Z,as_of_utc,58,58,,Hold & Wait,105081.47,v3.1.0,,,green,true,7,,COMMITTED_CONTEMPORANEOUS_CANDIDATE,ELIGIBLE_SCHEDULED,scheduled_etl,B,UNSELECTED,,UNKNOWN,c29601abff2252a553ef12c5ed843ea705f9956f,h3.1-v1
be7cf391dbac451c96467cbcbae5a900e6cc76d6,be7cf391dbac451c96467cbcbae5a900e6cc76d6,38c8f20bd5af4d5068821693411d452e8f9e0422,38c8f20bd5af4d5068821693411d452e8f9e0422,fe28d5c09ad51798b652d4d3e3c4dd91355c2a53,,2025-11-13T11:22:43.000Z,ghostgauge-bot,chore(etl): update artifacts [skip ci],2025-11-13,2025-11-13T11:22:41.762Z,as_of_utc,56,56,,Hold & Wait,102889.95,v3.1.0,,,green,true,7,,COMMITTED_CONTEMPORANEOUS_CANDIDATE,ELIGIBLE_SCHEDULED,scheduled_etl,B,UNSELECTED,,UNKNOWN,c29601abff2252a553ef12c5ed843ea705f9956f,h3.1-v1
e98a9c66dabeb3b09c02d663802425669fa30227,e98a9c66dabeb3b09c02d663802425669fa30227,30fd33250cd27eda8ee3e298b50504aaf396b399,30fd33250cd27eda8ee3e298b50504aaf396b399,38c8f20bd5af4d5068821693411d452e8f9e0422,,2025-11-14T11:21:37.000Z,ghostgauge-bot,chore(etl): update artifacts [skip ci],2025-11-14,2025-11-14T11:21:35.648Z,as_of_utc,56,56,,Hold & Wait,96365.84,v3.1.0,,,green,true,7,,COMMITTED_CONTEMPORANEOUS_CANDIDATE,ELIGIBLE_SCHEDULED,scheduled_etl,B,UNSELECTED,,UNKNOWN,c29601abff2252a553ef12c5ed843ea705f9956f,h3.1-v1
1ba270f7ad7f1c6f6e4176027aa74486a9d28a6b,1ba270f7ad7f1c6f6e4176027aa74486a9d28a6b,f24bbd4056163dad6493ceb011c1af81cfd7b9b7,f24bbd4056163dad6493ceb011c1af81cfd7b9b7,30fd33250cd27eda8ee3e298b50504aaf396b399,,2025-11-15T11:18:37.000Z,ghostgauge-bot,chore(etl): update artifacts [skip ci],2025-11-15,2025-11-15T11:18:35.920Z,as_of_utc,57,57,,Hold & Wait,95665.21,v3.1.0,,,green,true,7,,COMMITTED_CONTEMPORANEOUS_CANDIDATE,ELIGIBLE_SCHEDULED,scheduled_etl,B,UNSELECTED,,UNKNOWN,c29601abff2252a553ef12c5ed843ea705f9956f,h3.1-v1
894d298c75b4b32b3a3242cfe016d78611149f27,894d298c75b4b32b3a3242cfe016d78611149f27,0f23d5a084e934f115f55e77c4650af4fc374716,0f23d5a084e934f115f55e77c4650af4fc374716,f24bbd4056163dad6493ceb011c1af81cfd7b9b7,,2025-11-16T11:18:58.000Z,ghostgauge-bot,chore(etl): update artifacts [skip ci],2025-11-16,2025-11-16T11:18:57.072Z,as_of_utc,59,59,,Hold & Wait,95900,v3.1.0,,,green,true,7,,COMMITTED_CONTEMPORANEOUS_CANDIDATE,ELIGIBLE_SCHEDULED,scheduled_etl,B,UNSELECTED,,UNKNOWN,c29601abff2252a553ef12c5ed843ea705f9956f,h3.1-v1
176a97dba7cf55834ad3afb03d59d8d9eb268ab6,176a97dba7cf55834ad3afb03d59d8d9eb268ab6,c0212b33910a26f9d2aa54cb0cd95cf982889941,c0212b33910a26f9d2aa54cb0cd95cf982889941,55eb91c0c9d38fdb1974c83e2999bbafc7dcdb85,,2025-11-17T11:22:03.000Z,ghostgauge-bot,chore(etl): update artifacts [skip ci],2025-11-17,2025-11-17T11:22:01.391Z,as_of_utc,56,56,,Hold & Wait,95628.76,v3.1.0,,,green,true,7,,COMMITTED_CONTEMPORANEOUS_CANDIDATE,ELIGIBLE_SCHEDULED,scheduled_etl,B,UNSELECTED,,UNKNOWN,c29601abff2252a553ef12c5ed843ea705f9956f,h3.1-v1
90fc7989e553fdf4934c2be395be851ad44cce22,90fc7989e553fdf4934c2be395be851ad44cce22,f26cd377cc923fdb936655300c6af2ec6be05fec,f26cd377cc923fdb936655300c6af2ec6be05fec,c0212b33910a26f9d2aa54cb0cd95cf982889941,,2025-11-18T11:23:29.000Z,ghostgauge-bot,chore(etl): update artifacts [skip ci],2025-11-18,2025-11-18T11:23:28.285Z,as_of_utc,55,55,,Hold & Wait,91378.37,v3.1.0,,,green,true,7,,COMMITTED_CONTEMPORANEOUS_CANDIDATE,ELIGIBLE_SCHEDULED,scheduled_etl,B,UNSELECTED,,UNKNOWN,c29601abff2252a553ef12c5ed843ea705f9956f,h3.1-v1
ae855b0ae9f85198cc2c50cc8d223905da623f46,ae855b0ae9f85198cc2c50cc8d223905da623f46,28cb76736ab7e0c3a4636db9d154e7a196a31447,28cb76736ab7e0c3a4636db9d154e7a196a31447,f26cd377cc923fdb936655300c6af2ec6be05fec,,2025-11-19T11:22:03.000Z,ghostgauge-bot,chore(etl): update artifacts [skip ci],2025-11-19,2025-11-19T11:22:00.610Z,as_of_utc,56,56,,Hold & Wait,91654.31,v3.1.0,,,green,true,7,,COMMITTED_CONTEMPORANEOUS_CANDIDATE,ELIGIBLE_SCHEDULED,scheduled_etl,B,UNSELECTED,,UNKNOWN,c29601abff2252a553ef12c5ed843ea705f9956f,h3.1-v1
2647b97a6ab765a5cb2e1100833851409ec70a84,2647b97a6ab765a5cb2e1100833851409ec70a84,26ff7f131362bc33b18f02cde3398457d6800ca7,26ff7f131362bc33b18f02cde3398457d6800ca7,28cb76736ab7e0c3a4636db9d154e7a196a31447,,2025-11-20T11:22:01.000Z,ghostgauge-bot,chore(etl): update artifacts [skip ci],2025-11-20,2025-11-20T11:21:59.912Z,as_of_utc,55,55,,Hold & Wait,91687.13,v3.1.0,,,green,true,7,,COMMITTED_CONTEMPORANEOUS_CANDIDATE,ELIGIBLE_SCHEDULED,scheduled_etl,B,UNSELECTED,,UNKNOWN,c29601abff2252a553ef12c5ed843ea705f9956f,h3.1-v1
8d93c9a386a171135252e99f13f6e23914ee5779,8d93c9a386a171135252e99f13f6e23914ee5779,b10a24d6349ab5abdc78042e6ec3e3fb5095acea,b10a24d6349ab5abdc78042e6ec3e3fb5095acea,26ff7f131362bc33b18f02cde3398457d6800ca7,,2025-11-21T11:21:08.000Z,ghostgauge-bot,chore(etl): update artifacts [skip ci],2025-11-21,2025-11-21T11:21:06.311Z,as_of_utc,52,52,,Hold & Wait,82931.8,v3.1.0,,,green,true,7,,COMMITTED_CONTEMPORANEOUS_CANDIDATE,ELIGIBLE_SCHEDULED,scheduled_etl,B,UNSELECTED,,UNKNOWN,c29601abff2252a553ef12c5ed843ea705f9956f,h3.1-v1
235f3b6a4fabc822c8d90103cfa53788a2cd767a,235f3b6a4fabc822c8d90103cfa53788a2cd767a,52e2ccb167c7fece33d4318ebe1d90d2c1ce4453,52e2ccb167c7fece33d4318ebe1d90d2c1ce4453,b10a24d6349ab5abdc78042e6ec3e3fb5095acea,,2025-11-22T11:18:20.000Z,ghostgauge-bot,chore(etl): update artifacts [skip ci],2025-11-22,2025-11-22T11:18:17.940Z,as_of_utc,53,53,,Hold & Wait,83923.94,v3.1.0,,,green,true,7,,COMMITTED_CONTEMPORANEOUS_CANDIDATE,ELIGIBLE_SCHEDULED,scheduled_etl,B,UNSELECTED,,UNKNOWN,c29601abff2252a553ef12c5ed843ea705f9956f,h3.1-v1
2ac5f203ea49db41f3a17f848cb4028a170e051e,2ac5f203ea49db41f3a17f848cb4028a170e051e,4a6e1296d709b5629d04d83d405573502da6a49e,4a6e1296d709b5629d04d83d405573502da6a49e,52e2ccb167c7fece33d4318ebe1d90d2c1ce4453,,2025-11-23T11:19:25.000Z,ghostgauge-bot,chore(etl): update artifacts [skip ci],2025-11-23,2025-11-23T11:19:23.770Z,as_of_utc,53,53,,Hold & Wait,85930.3,v3.1.0,,,green,true,7,,COMMITTED_CONTEMPORANEOUS_CANDIDATE,ELIGIBLE_SCHEDULED,scheduled_etl,B,UNSELECTED,,UNKNOWN,c29601abff2252a553ef12c5ed843ea705f9956f,h3.1-v1
201f735dedfe596ccadd46b0e377d982871f5d7d,201f735dedfe596ccadd46b0e377d982871f5d7d,9217d1eea9d0269e49a68901bde02f5c68042436,9217d1eea9d0269e49a68901bde02f5c68042436,921621a8a5b27c178d44cc8cfba61a36705e7c1e,,2025-11-24T11:22:49.000Z,ghostgauge-bot,chore(etl): update artifacts [skip ci],2025-11-24,2025-11-24T11:22:47.979Z,as_of_utc,54,54,,Hold & Wait,86042.17,v3.1.0,,,green,true,7,,COMMITTED_CONTEMPORANEOUS_CANDIDATE,ELIGIBLE_SCHEDULED,scheduled_etl,B,UNSELECTED,,UNKNOWN,c29601abff2252a553ef12c5ed843ea705f9956f,h3.1-v1
1e49ad954b58f9c7dc85e323a1cfb009e90821e7,1e49ad954b58f9c7dc85e323a1cfb009e90821e7,3897c1e0bdb52dc4593c143cc2d3b2e9c0b616b6,3897c1e0bdb52dc4593c143cc2d3b2e9c0b616b6,9217d1eea9d0269e49a68901bde02f5c68042436,,2025-11-25T11:23:18.000Z,ghostgauge-bot,chore(etl): update artifacts [skip ci],2025-11-25,2025-11-25T11:23:15.715Z,as_of_utc,55,55,,Hold & Wait,87290,v3.1.0,,,green,true,7,,COMMITTED_CONTEMPORANEOUS_CANDIDATE,ELIGIBLE_SCHEDULED,scheduled_etl,B,UNSELECTED,,UNKNOWN,c29601abff2252a553ef12c5ed843ea705f9956f,h3.1-v1
c5ff91ae69237aab98d3b855dd28ec8b5da164f2,c5ff91ae69237aab98d3b855dd28ec8b5da164f2,e8f6ddde2039e0767ca94a0bc75e81f141b8dae2,e8f6ddde2039e0767ca94a0bc75e81f141b8dae2,3897c1e0bdb52dc4593c143cc2d3b2e9c0b616b6,,2025-11-26T11:22:50.000Z,ghostgauge-bot,chore(etl): update artifacts [skip ci],2025-11-26,2025-11-26T11:22:48.979Z,as_of_utc,53,53,,Hold & Wait,86902.27,v3.1.0,,,green,true,7,,COMMITTED_CONTEMPORANEOUS_CANDIDATE,ELIGIBLE_SCHEDULED,scheduled_etl,B,UNSELECTED,,UNKNOWN,c29601abff2252a553ef12c5ed843ea705f9956f,h3.1-v1
d34f7dc5c23cac03bb0d55cf1544a768dfe3be38,d34f7dc5c23cac03bb0d55cf1544a768dfe3be38,f2331c6513b3be6a89bafbf6c4a87bf2ed348fb5,f2331c6513b3be6a89bafbf6c4a87bf2ed348fb5,e8f6ddde2039e0767ca94a0bc75e81f141b8dae2,,2025-11-27T11:23:06.000Z,ghostgauge-bot,chore(etl): update artifacts [skip ci],2025-11-27,2025-11-27T11:23:04.001Z,as_of_utc,53,53,,Hold & Wait,91405.86,v3.1.0,,,green,true,7,,COMMITTED_CONTEMPORANEOUS_CANDIDATE,ELIGIBLE_SCHEDULED,scheduled_etl,B,UNSELECTED,,UNKNOWN,c29601abff2252a553ef12c5ed843ea705f9956f,h3.1-v1
cb38884f439cfe0c5ed25fb81c0f977e11efc031,cb38884f439cfe0c5ed25fb81c0f977e11efc031,80c1c7839c14fc098aed7ca0f50e5fe26c0987f1,80c1c7839c14fc098aed7ca0f50e5fe26c0987f1,f2331c6513b3be6a89bafbf6c4a87bf2ed348fb5,,2025-11-28T11:22:33.000Z,ghostgauge-bot,chore(etl): update artifacts [skip ci],2025-11-28,2025-11-28T11:22:32.159Z,as_of_utc,57,57,,Hold & Wait,91161.98,v3.1.0,,,green,true,7,,COMMITTED_CONTEMPORANEOUS_CANDIDATE,ELIGIBLE_SCHEDULED,scheduled_etl,B,UNSELECTED,,UNKNOWN,c29601abff2252a553ef12c5ed843ea705f9956f,h3.1-v1
d10c0486da9ecc78bcd2cc35eb3751f006cf30f8,d10c0486da9ecc78bcd2cc35eb3751f006cf30f8,fde1777dc71c606eefc735911403f3a815e9a6e8,fde1777dc71c606eefc735911403f3a815e9a6e8,80c1c7839c14fc098aed7ca0f50e5fe26c0987f1,,2025-11-29T11:19:31.000Z,ghostgauge-bot,chore(etl): update artifacts [skip ci],2025-11-29,2025-11-29T11:19:29.448Z,as_of_utc,53,53,,Hold & Wait,90590.39,v3.1.0,,,green,true,7,,COMMITTED_CONTEMPORANEOUS_CANDIDATE,ELIGIBLE_SCHEDULED,scheduled_etl,B,UNSELECTED,,UNKNOWN,c29601abff2252a553ef12c5ed843ea705f9956f,h3.1-v1
d5813a654294393bdee00974521a7e5b4fa2b802,d5813a654294393bdee00974521a7e5b4fa2b802,63ff6cc462f1c17cdf0d7c914e7a26993469d4b9,63ff6cc462f1c17cdf0d7c914e7a26993469d4b9,fde1777dc71c606eefc735911403f3a815e9a6e8,,2025-11-30T11:19:36.000Z,ghostgauge-bot,chore(etl): update artifacts [skip ci],2025-11-30,2025-11-30T11:19:34.122Z,as_of_utc,53,53,,Hold & Wait,91280.29,v3.1.0,,,green,true,7,,COMMITTED_CONTEMPORANEOUS_CANDIDATE,ELIGIBLE_SCHEDULED,scheduled_etl,B,UNSELECTED,,UNKNOWN,c29601abff2252a553ef12c5ed843ea705f9956f,h3.1-v1
826e5e43b7ba6cc746c22e0156d8e184a7db2091,826e5e43b7ba6cc746c22e0156d8e184a7db2091,bd9adb09acc29a8fea7e55e595e0b0ed180cc479,bd9adb09acc29a8fea7e55e595e0b0ed180cc479,aeae92ceec633e23dbf92df99c41bb9837eb9151,,2025-12-01T11:23:27.000Z,ghostgauge-bot,chore(etl): update artifacts [skip ci],2025-12-01,2025-12-01T11:23:26.180Z,as_of_utc,52,52,,Hold & Wait,86426.99,v3.1.0,,,green,true,7,,COMMITTED_CONTEMPORANEOUS_CANDIDATE,ELIGIBLE_SCHEDULED,scheduled_etl,B,UNSELECTED,,UNKNOWN,c29601abff2252a553ef12c5ed843ea705f9956f,h3.1-v1
02085e574811618943ec37503a0cfc71ca029445,02085e574811618943ec37503a0cfc71ca029445,803d21a09c06837319377ab44d419a3299f45325,803d21a09c06837319377ab44d419a3299f45325,bd9adb09acc29a8fea7e55e595e0b0ed180cc479,,2025-12-02T11:24:50.000Z,ghostgauge-bot,chore(etl): update artifacts [skip ci],2025-12-02,2025-12-02T11:24:49.076Z,as_of_utc,49,49,,High Risk,87173.34,v3.1.0,,,green,true,7,,COMMITTED_CONTEMPORANEOUS_CANDIDATE,ELIGIBLE_SCHEDULED,scheduled_etl,B,UNSELECTED,,UNKNOWN,c29601abff2252a553ef12c5ed843ea705f9956f,h3.1-v1
fa3ee75847b6912f47754b3ecc796e70d23fba38,fa3ee75847b6912f47754b3ecc796e70d23fba38,25e249f55aeb0d8fe613b16565a18ec0fdc7171f,25e249f55aeb0d8fe613b16565a18ec0fdc7171f,803d21a09c06837319377ab44d419a3299f45325,,2025-12-03T11:24:14.000Z,ghostgauge-bot,chore(etl): update artifacts [skip ci],2025-12-03,2025-12-03T11:24:12.999Z,as_of_utc,55,55,,Hold & Wait,92998.72,v3.1.0,,,green,true,7,,COMMITTED_CONTEMPORANEOUS_CANDIDATE,ELIGIBLE_SCHEDULED,scheduled_etl,B,UNSELECTED,,UNKNOWN,c29601abff2252a553ef12c5ed843ea705f9956f,h3.1-v1
42082549e9d7898f70cda8c80f448ffdd76554c6,42082549e9d7898f70cda8c80f448ffdd76554c6,df3264f386972fcb9dbad83710b411b682b62fd8,df3264f386972fcb9dbad83710b411b682b62fd8,25e249f55aeb0d8fe613b16565a18ec0fdc7171f,,2025-12-04T11:24:47.000Z,ghostgauge-bot,chore(etl): update artifacts [skip ci],2025-12-04,2025-12-04T11:24:45.772Z,as_of_utc,52,52,,Hold & Wait,93162.74,v3.1.0,,,green,true,7,,COMMITTED_CONTEMPORANEOUS_CANDIDATE,ELIGIBLE_SCHEDULED,scheduled_etl,B,UNSELECTED,,UNKNOWN,c29601abff2252a553ef12c5ed843ea705f9956f,h3.1-v1
17adf7b2956cb11376d81b6ec986256dac0f18cd,17adf7b2956cb11376d81b6ec986256dac0f18cd,6bf0e7d54c9172a07f078ee9469879d4247a165e,6bf0e7d54c9172a07f078ee9469879d4247a165e,df3264f386972fcb9dbad83710b411b682b62fd8,,2025-12-05T11:23:49.000Z,ghostgauge-bot,chore(etl): update artifacts [skip ci],2025-12-05,2025-12-05T11:23:47.298Z,as_of_utc,49,49,,High Risk,91465.21,v3.1.0,,,green,true,7,,COMMITTED_CONTEMPORANEOUS_CANDIDATE,ELIGIBLE_SCHEDULED,scheduled_etl,B,UNSELECTED,,UNKNOWN,c29601abff2252a553ef12c5ed843ea705f9956f,h3.1-v1
087b7ced88ed3a873a5c831ba54b54a460e4b21d,087b7ced88ed3a873a5c831ba54b54a460e4b21d,7e6227aec44dcec53db43ad0b632a19bea00a2f9,7e6227aec44dcec53db43ad0b632a19bea00a2f9,6bf0e7d54c9172a07f078ee9469879d4247a165e,,2025-12-06T11:19:46.000Z,ghostgauge-bot,chore(etl): update artifacts [skip ci],2025-12-06,2025-12-06T11:19:44.317Z,as_of_utc,53,53,,Hold & Wait,89589.6,v3.1.0,,,green,true,7,,COMMITTED_CONTEMPORANEOUS_CANDIDATE,ELIGIBLE_SCHEDULED,scheduled_etl,B,UNSELECTED,,UNKNOWN,c29601abff2252a553ef12c5ed843ea705f9956f,h3.1-v1
67ebadf7c7f47fd0c45507f43fbc21f53e24df2a,67ebadf7c7f47fd0c45507f43fbc21f53e24df2a,602e416a9b2f3aac85ab5c779f1a2677ada08119,602e416a9b2f3aac85ab5c779f1a2677ada08119,7e6227aec44dcec53db43ad0b632a19bea00a2f9,,2025-12-07T11:19:45.000Z,ghostgauge-bot,chore(etl): update artifacts [skip ci],2025-12-07,2025-12-07T11:19:43.702Z,as_of_utc,53,53,,Hold & Wait,89284.38,v3.1.0,,,green,true,7,,COMMITTED_CONTEMPORANEOUS_CANDIDATE,ELIGIBLE_SCHEDULED,scheduled_etl,B,UNSELECTED,,UNKNOWN,c29601abff2252a553ef12c5ed843ea705f9956f,h3.1-v1
cad6f6bfc7a481ab5381e8c683877edc507f0556,cad6f6bfc7a481ab5381e8c683877edc507f0556,ae00f992df88ac62b32c530642848c2bed62b072,ae00f992df88ac62b32c530642848c2bed62b072,05d8975108ebb55bb9ea770efa5bfa0ebe9752e4,,2025-12-08T11:24:15.000Z,ghostgauge-bot,chore(etl): update artifacts [skip ci],2025-12-08,2025-12-08T11:24:13.335Z,as_of_utc,53,53,,Hold & Wait,92133.99,v3.1.0,,,green,true,7,,COMMITTED_CONTEMPORANEOUS_CANDIDATE,ELIGIBLE_SCHEDULED,scheduled_etl,B,UNSELECTED,,UNKNOWN,c29601abff2252a553ef12c5ed843ea705f9956f,h3.1-v1
a4ad32368f1fd06957c824324b1903cc59fbaf74,a4ad32368f1fd06957c824324b1903cc59fbaf74,55dca7aa546b2ea01105708e5c6a010262d50d14,55dca7aa546b2ea01105708e5c6a010262d50d14,ae00f992df88ac62b32c530642848c2bed62b072,,2025-12-09T11:24:40.000Z,ghostgauge-bot,chore(etl): update artifacts [skip ci],2025-12-09,2025-12-09T11:24:38.645Z,as_of_utc,51,51,,Hold & Wait,90224.66,v3.1.0,,,green,true,7,,COMMITTED_CONTEMPORANEOUS_CANDIDATE,ELIGIBLE_SCHEDULED,scheduled_etl,B,UNSELECTED,,UNKNOWN,c29601abff2252a553ef12c5ed843ea705f9956f,h3.1-v1
bfe56d404b588f4b6c0a37a381b6f13a1be463eb,bfe56d404b588f4b6c0a37a381b6f13a1be463eb,ec1b931b8dcc6612f59eb07b7423108732418061,ec1b931b8dcc6612f59eb07b7423108732418061,55dca7aa546b2ea01105708e5c6a010262d50d14,,2025-12-10T11:24:16.000Z,ghostgauge-bot,chore(etl): update artifacts [skip ci],2025-12-10,2025-12-10T11:24:13.762Z,as_of_utc,51,51,,Hold & Wait,92296.32,v3.1.0,,,green,true,7,,COMMITTED_CONTEMPORANEOUS_CANDIDATE,ELIGIBLE_SCHEDULED,scheduled_etl,B,UNSELECTED,,UNKNOWN,c29601abff2252a553ef12c5ed843ea705f9956f,h3.1-v1
e23e6caf46dad69dd367fcecd3310acc539b0587,e23e6caf46dad69dd367fcecd3310acc539b0587,6082a0f7b5a684f58aef79b220d8339f41b632d3,6082a0f7b5a684f58aef79b220d8339f41b632d3,d1124d7a89278e04f101810b55e689b02e7d477e,,2025-12-11T16:24:42.000Z,ghostgauge-bot,chore(etl): update artifacts [skip ci],2025-12-11,2025-12-11T16:24:40.519Z,as_of_utc,50,50,,Hold & Wait,89661.92,v1.1,,,green,true,7,,COMMITTED_CONTEMPORANEOUS_CANDIDATE,ELIGIBLE_SCHEDULED,scheduled_etl,B,UNSELECTED,,UNKNOWN,c29601abff2252a553ef12c5ed843ea705f9956f,h3.1-v1
371c88623480702a32401e7b29f9207ce221227a,371c88623480702a32401e7b29f9207ce221227a,d511199b5b04415b0379162ff2264fb8adf7d65f,d511199b5b04415b0379162ff2264fb8adf7d65f,e1faa06aca10f480eb86f581c5134ac1ac4ff9d3,,2025-12-11T19:26:00.000Z,ghostgauge-bot,chore(etl): update artifacts [skip ci],2025-12-11,2025-12-11T19:25:58.488Z,as_of_utc,50,50,,Hold & Wait,91104,v1.1,,,green,true,7,,COMMITTED_CONTEMPORANEOUS_CANDIDATE,ELIGIBLE_SCHEDULED,scheduled_etl,B,UNSELECTED,,UNKNOWN,c29601abff2252a553ef12c5ed843ea705f9956f,h3.1-v1
a465b6170c4078023ea542939ac0bef355226fc2,a465b6170c4078023ea542939ac0bef355226fc2,45fae5db911d0f30e63e82e8de0fabf4c7c746a4,45fae5db911d0f30e63e82e8de0fabf4c7c746a4,9c126781522d61cffb70f999fd230ce71b2a3e80,,2025-12-11T20:55:45.000Z,ghostgauge-bot,chore(etl): update artifacts [skip ci],2025-12-11,2025-12-11T20:55:44.149Z,as_of_utc,52,52,,Hold & Wait,91675.98,v1.1,,,green,true,7,,COMMITTED_CONTEMPORANEOUS_CANDIDATE,ELIGIBLE_SCHEDULED,scheduled_etl,B,UNSELECTED,,UNKNOWN,c29601abff2252a553ef12c5ed843ea705f9956f,h3.1-v1
66fd5cdaa2c0063e1e507fb32e71086bc704caf3,66fd5cdaa2c0063e1e507fb32e71086bc704caf3,ebdd6a50e365f9a378f0c201c14c14110f555f21,ebdd6a50e365f9a378f0c201c14c14110f555f21,45fae5db911d0f30e63e82e8de0fabf4c7c746a4,,2025-12-12T11:26:37.000Z,ghostgauge-bot,chore(etl): update artifacts [skip ci],2025-12-12,2025-12-12T11:26:34.630Z,as_of_utc,50,50,,Hold & Wait,92347.52,v1.1,,,green,true,7,,COMMITTED_CONTEMPORANEOUS_CANDIDATE,ELIGIBLE_SCHEDULED,scheduled_etl,B,UNSELECTED,,UNKNOWN,c29601abff2252a553ef12c5ed843ea705f9956f,h3.1-v1
41ce693adb5da39678424f5a1090d4aee3e7d454,41ce693adb5da39678424f5a1090d4aee3e7d454,a62231b65d7f5b969c99a4b1f0fcdc31f4309783,a62231b65d7f5b969c99a4b1f0fcdc31f4309783,ebdd6a50e365f9a378f0c201c14c14110f555f21,,2025-12-13T11:21:24.000Z,ghostgauge-bot,chore(etl): update artifacts [skip ci],2025-12-13,2025-12-13T11:21:21.776Z,as_of_utc,49,49,,High Risk,90515.63,v1.1,,,green,true,7,,COMMITTED_CONTEMPORANEOUS_CANDIDATE,ELIGIBLE_SCHEDULED,scheduled_etl,B,UNSELECTED,,UNKNOWN,c29601abff2252a553ef12c5ed843ea705f9956f,h3.1-v1
81f4297e8dc44b7870c01b420abd3b564dd1ce33,81f4297e8dc44b7870c01b420abd3b564dd1ce33,7b927e3db9fe8af0e59cb34143867730938964d0,7b927e3db9fe8af0e59cb34143867730938964d0,a62231b65d7f5b969c99a4b1f0fcdc31f4309783,,2025-12-14T11:22:03.000Z,ghostgauge-bot,chore(etl): update artifacts [skip ci],2025-12-14,2025-12-14T11:22:01.783Z,as_of_utc,49,49,,High Risk,89691.33,v1.1,,,green,true,7,,COMMITTED_CONTEMPORANEOUS_CANDIDATE,ELIGIBLE_SCHEDULED,scheduled_etl,B,UNSELECTED,,UNKNOWN,c29601abff2252a553ef12c5ed843ea705f9956f,h3.1-v1
9668e81224e518866a44859c0c0b17908ab23d15,9668e81224e518866a44859c0c0b17908ab23d15,1ea7692daecd80608b8580ba492de5d23ed311c7,1ea7692daecd80608b8580ba492de5d23ed311c7,f24c98b7fbba4b8ed71980ff8c6164e485baab3a,,2025-12-15T03:38:55.000Z,ghostgauge-bot,chore(etl): update artifacts [skip ci],2025-12-15,2025-12-15T03:38:53.726Z,as_of_utc,49,49,,Moderate Buying,89254.01,v1.1,,,green,true,7,,COMMITTED_CONTEMPORANEOUS_CANDIDATE,ELIGIBLE_SCHEDULED,scheduled_etl,B,UNSELECTED,,UNKNOWN,c29601abff2252a553ef12c5ed843ea705f9956f,h3.1-v1
5d1a0d27d7878103c373ad45b940ac5b6c35b550,5d1a0d27d7878103c373ad45b940ac5b6c35b550,8e6fd371c178b61fa7ff251683a168568aeadc59,8e6fd371c178b61fa7ff251683a168568aeadc59,1ea7692daecd80608b8580ba492de5d23ed311c7,,2025-12-15T11:25:31.000Z,ghostgauge-bot,chore(etl): update artifacts [skip ci],2025-12-15,2025-12-15T11:25:29.826Z,as_of_utc,48,48,,Moderate Buying,89808.54,v1.1,,,green,true,7,,COMMITTED_CONTEMPORANEOUS_CANDIDATE,ELIGIBLE_SCHEDULED,scheduled_etl,B,UNSELECTED,,UNKNOWN,c29601abff2252a553ef12c5ed843ea705f9956f,h3.1-v1
e7571b3c24971496874b3d87e323f58e1d71718e,e7571b3c24971496874b3d87e323f58e1d71718e,9a60cfc4ccdea8d94b78fc686d8ff52852f5f40a,9a60cfc4ccdea8d94b78fc686d8ff52852f5f40a,8e6fd371c178b61fa7ff251683a168568aeadc59,,2025-12-16T11:26:28.000Z,ghostgauge-bot,chore(etl): update artifacts [skip ci],2025-12-16,2025-12-16T11:26:26.574Z,as_of_utc,48,48,,Moderate Buying,87060.43,v1.1,,,green,true,7,,COMMITTED_CONTEMPORANEOUS_CANDIDATE,ELIGIBLE_SCHEDULED,scheduled_etl,B,UNSELECTED,,UNKNOWN,c29601abff2252a553ef12c5ed843ea705f9956f,h3.1-v1
79e40355649208efda6616a267507fd99c3a0c54,79e40355649208efda6616a267507fd99c3a0c54,e88d209a115b8ed38d9418b26ce780939578a990,e88d209a115b8ed38d9418b26ce780939578a990,9a60cfc4ccdea8d94b78fc686d8ff52852f5f40a,,2025-12-17T11:27:01.000Z,ghostgauge-bot,chore(etl): update artifacts [skip ci],2025-12-17,2025-12-17T11:26:59.878Z,as_of_utc,48,48,,Moderate Buying,86771.03,v1.1,,,green,true,7,,COMMITTED_CONTEMPORANEOUS_CANDIDATE,ELIGIBLE_SCHEDULED,scheduled_etl,B,UNSELECTED,,UNKNOWN,c29601abff2252a553ef12c5ed843ea705f9956f,h3.1-v1
daba2f077f6c2807745c80de96319250e803e2cc,daba2f077f6c2807745c80de96319250e803e2cc,3618d104026fa3de08d5238911a83ee4e52b79c5,3618d104026fa3de08d5238911a83ee4e52b79c5,e88d209a115b8ed38d9418b26ce780939578a990,,2025-12-18T11:25:10.000Z,ghostgauge-bot,chore(etl): update artifacts [skip ci],2025-12-18,2025-12-18T11:25:08.164Z,as_of_utc,46,46,,Moderate Buying,87096.78,v1.1,,,green,true,7,,COMMITTED_CONTEMPORANEOUS_CANDIDATE,ELIGIBLE_SCHEDULED,scheduled_etl,B,UNSELECTED,,UNKNOWN,c29601abff2252a553ef12c5ed843ea705f9956f,h3.1-v1
cc532d0daf760a5cff724c0243cf3350ed3d1d7b,cc532d0daf760a5cff724c0243cf3350ed3d1d7b,0610156e3bcdc2989c6621e4eae662091d175e5a,0610156e3bcdc2989c6621e4eae662091d175e5a,3618d104026fa3de08d5238911a83ee4e52b79c5,,2025-12-19T11:24:39.000Z,ghostgauge-bot,chore(etl): update artifacts [skip ci],2025-12-19,2025-12-19T11:24:37.793Z,as_of_utc,43,43,,Moderate Buying,88189.82,v1.1,,,green,true,7,,COMMITTED_CONTEMPORANEOUS_CANDIDATE,ELIGIBLE_SCHEDULED,scheduled_etl,B,UNSELECTED,,UNKNOWN,c29601abff2252a553ef12c5ed843ea705f9956f,h3.1-v1
3398047ed1f1fc8178b2b784c6468c92d0d38133,3398047ed1f1fc8178b2b784c6468c92d0d38133,dba4c18a43bd55f6b1faebfb93f2c8a05fc3e538,dba4c18a43bd55f6b1faebfb93f2c8a05fc3e538,0610156e3bcdc2989c6621e4eae662091d175e5a,,2025-12-20T11:21:21.000Z,ghostgauge-bot,chore(etl): update artifacts [skip ci],2025-12-20,2025-12-20T11:21:20.240Z,as_of_utc,46,46,,Moderate Buying,88110,v1.1,,,green,true,7,,COMMITTED_CONTEMPORANEOUS_CANDIDATE,ELIGIBLE_SCHEDULED,scheduled_etl,B,UNSELECTED,,UNKNOWN,c29601abff2252a553ef12c5ed843ea705f9956f,h3.1-v1
65e2f9fc25db0b5265973adc933ea375702a901c,65e2f9fc25db0b5265973adc933ea375702a901c,ad5f14ce8b3628bab9ed89699ba1f6a02fbd16f0,ad5f14ce8b3628bab9ed89699ba1f6a02fbd16f0,dba4c18a43bd55f6b1faebfb93f2c8a05fc3e538,,2025-12-21T11:22:04.000Z,ghostgauge-bot,chore(etl): update artifacts [skip ci],2025-12-21,2025-12-21T11:22:02.385Z,as_of_utc,46,46,,Moderate Buying,88608.85,v1.1,,,green,true,7,,COMMITTED_CONTEMPORANEOUS_CANDIDATE,ELIGIBLE_SCHEDULED,scheduled_etl,B,UNSELECTED,,UNKNOWN,c29601abff2252a553ef12c5ed843ea705f9956f,h3.1-v1
222b2f11c69802d177f2db96b8f1616f539176c0,222b2f11c69802d177f2db96b8f1616f539176c0,d81dbe7a5185f9fe28981b24f2b609f8e15fcc55,d81dbe7a5185f9fe28981b24f2b609f8e15fcc55,3da595ae4255ad18a6f350a330315488bd7968fe,,2025-12-22T11:24:53.000Z,ghostgauge-bot,chore(etl): update artifacts [skip ci],2025-12-22,2025-12-22T11:24:51.723Z,as_of_utc,43,43,,Moderate Buying,89690.01,v1.1,,,green,true,7,,COMMITTED_CONTEMPORANEOUS_CANDIDATE,ELIGIBLE_SCHEDULED,scheduled_etl,B,UNSELECTED,,UNKNOWN,c29601abff2252a553ef12c5ed843ea705f9956f,h3.1-v1
02fedaa9659ab96b8bb0c0518f1077dff2163796,02fedaa9659ab96b8bb0c0518f1077dff2163796,bfe6a2b2ec702e93fe776d4a30b9783d3ae87920,bfe6a2b2ec702e93fe776d4a30b9783d3ae87920,d81dbe7a5185f9fe28981b24f2b609f8e15fcc55,,2025-12-23T11:25:43.000Z,ghostgauge-bot,chore(etl): update artifacts [skip ci],2025-12-23,2025-12-23T11:25:40.822Z,as_of_utc,44,44,,Moderate Buying,87756.26,v1.1,,,green,true,7,,COMMITTED_CONTEMPORANEOUS_CANDIDATE,ELIGIBLE_SCHEDULED,scheduled_etl,B,UNSELECTED,,UNKNOWN,c29601abff2252a553ef12c5ed843ea705f9956f,h3.1-v1
bc4b7fff1467eff00603c8d4f09f0642dee03f26,bc4b7fff1467eff00603c8d4f09f0642dee03f26,5378f2876dbc2dc48fa9d92511bd1ba2e0508ca5,5378f2876dbc2dc48fa9d92511bd1ba2e0508ca5,5d8624ac7fcf8ae510635bcad47d1fe4283bff6f,,2025-12-24T14:55:59.000Z,ghostgauge-bot,chore(etl): update artifacts [skip ci],2025-12-24,2025-12-24T14:55:58.019Z,as_of_utc,44,44,,Moderate Buying,87019.73,v1.1,,,green,true,7,,COMMITTED_CONTEMPORANEOUS_CANDIDATE,ELIGIBLE_SCHEDULED,scheduled_etl,B,UNSELECTED,,UNKNOWN,c29601abff2252a553ef12c5ed843ea705f9956f,h3.1-v1
fbd05bd9c2c8b44f60eb05859d7fa13560fa31bd,fbd05bd9c2c8b44f60eb05859d7fa13560fa31bd,7b2b08b00d45d6470c256e862a12adf56eb4b252,7b2b08b00d45d6470c256e862a12adf56eb4b252,5378f2876dbc2dc48fa9d92511bd1ba2e0508ca5,,2025-12-25T11:23:45.000Z,ghostgauge-bot,chore(etl): update artifacts [skip ci],2025-12-25,2025-12-25T11:23:43.940Z,as_of_utc,43,43,,Moderate Buying,87436.4,v1.1,,,green,true,7,,COMMITTED_CONTEMPORANEOUS_CANDIDATE,ELIGIBLE_SCHEDULED,scheduled_etl,B,UNSELECTED,,UNKNOWN,c29601abff2252a553ef12c5ed843ea705f9956f,h3.1-v1
5f72fd2068b44548a1976a77eeaa4dd504693197,5f72fd2068b44548a1976a77eeaa4dd504693197,f819ab969f618f7c514f9b1d185b8a1be6b51e7c,f819ab969f618f7c514f9b1d185b8a1be6b51e7c,7b2b08b00d45d6470c256e862a12adf56eb4b252,,2025-12-26T11:24:40.000Z,ghostgauge-bot,chore(etl): update artifacts [skip ci],2025-12-26,2025-12-26T11:24:38.292Z,as_of_utc,42,42,,Moderate Buying,88555.84,v1.1,,,green,true,7,,COMMITTED_CONTEMPORANEOUS_CANDIDATE,ELIGIBLE_SCHEDULED,scheduled_etl,B,UNSELECTED,,UNKNOWN,c29601abff2252a553ef12c5ed843ea705f9956f,h3.1-v1
332b4ecdf3e0cf6df082aa79a9d2af93d0580e0d,332b4ecdf3e0cf6df082aa79a9d2af93d0580e0d,46e2b22c95d3bc594f7f4acead93a6d1b1ccce43,46e2b22c95d3bc594f7f4acead93a6d1b1ccce43,f819ab969f618f7c514f9b1d185b8a1be6b51e7c,,2025-12-27T11:21:53.000Z,ghostgauge-bot,chore(etl): update artifacts [skip ci],2025-12-27,2025-12-27T11:21:51.513Z,as_of_utc,44,44,,Moderate Buying,87488.01,v1.1,,,green,true,7,,COMMITTED_CONTEMPORANEOUS_CANDIDATE,ELIGIBLE_SCHEDULED,scheduled_etl,B,UNSELECTED,,UNKNOWN,c29601abff2252a553ef12c5ed843ea705f9956f,h3.1-v1
5cebc59f189e55442c009c066846c7ff21b661e5,5cebc59f189e55442c009c066846c7ff21b661e5,3a5fe74deb5e41722e83c88a3b1661aed7bc21ac,3a5fe74deb5e41722e83c88a3b1661aed7bc21ac,46e2b22c95d3bc594f7f4acead93a6d1b1ccce43,,2025-12-28T11:22:46.000Z,ghostgauge-bot,chore(etl): update artifacts [skip ci],2025-12-28,2025-12-28T11:22:44.210Z,as_of_utc,44,44,,Moderate Buying,87844.63,v1.1,,,green,true,7,,COMMITTED_CONTEMPORANEOUS_CANDIDATE,ELIGIBLE_SCHEDULED,scheduled_etl,B,UNSELECTED,,UNKNOWN,c29601abff2252a553ef12c5ed843ea705f9956f,h3.1-v1
ad76d0f49925150ff8c169c1f77678b8e2581ffd,ad76d0f49925150ff8c169c1f77678b8e2581ffd,701b29e5d5f201f27ca734e3678977197892b506,701b29e5d5f201f27ca734e3678977197892b506,6a08900435555effc374cf6fdf4b4515d4ade5ae,,2025-12-29T11:26:06.000Z,ghostgauge-bot,chore(etl): update artifacts [skip ci],2025-12-29,2025-12-29T11:26:04.045Z,as_of_utc,44,44,,Moderate Buying,87630.89,v1.1,,,green,true,7,,COMMITTED_CONTEMPORANEOUS_CANDIDATE,ELIGIBLE_SCHEDULED,scheduled_etl,B,UNSELECTED,,UNKNOWN,c29601abff2252a553ef12c5ed843ea705f9956f,h3.1-v1
bdafce6046f14868ce274b0272ae0d9d56bf208c,bdafce6046f14868ce274b0272ae0d9d56bf208c,d15d79d8160a88d9f5b30e087082d9f877eac0ea,d15d79d8160a88d9f5b30e087082d9f877eac0ea,701b29e5d5f201f27ca734e3678977197892b506,,2025-12-30T11:26:03.000Z,ghostgauge-bot,chore(etl): update artifacts [skip ci],2025-12-30,2025-12-30T11:26:01.189Z,as_of_utc,42,42,,Moderate Buying,87849.69,v1.1,,,green,true,7,,COMMITTED_CONTEMPORANEOUS_CANDIDATE,ELIGIBLE_SCHEDULED,scheduled_etl,B,UNSELECTED,,UNKNOWN,c29601abff2252a553ef12c5ed843ea705f9956f,h3.1-v1
7506c2b1bf2ac96f7548bd342bf8e38f1f959fbf,7506c2b1bf2ac96f7548bd342bf8e38f1f959fbf,42cf77e5b9c25ef0ecc5a913dffd8448d4eb8ae3,42cf77e5b9c25ef0ecc5a913dffd8448d4eb8ae3,d15d79d8160a88d9f5b30e087082d9f877eac0ea,,2025-12-31T11:25:08.000Z,ghostgauge-bot,chore(etl): update artifacts [skip ci],2025-12-31,2025-12-31T11:25:06.456Z,as_of_utc,41,41,,Moderate Buying,88770.17,v1.1,,,green,true,7,,COMMITTED_CONTEMPORANEOUS_CANDIDATE,ELIGIBLE_SCHEDULED,scheduled_etl,B,UNSELECTED,,UNKNOWN,c29601abff2252a553ef12c5ed843ea705f9956f,h3.1-v1
4f98127b854175c5e5a161945dd9f17c6c98511c,4f98127b854175c5e5a161945dd9f17c6c98511c,692b31c764932018185d8fbf41f878ede5ed9a97,692b31c764932018185d8fbf41f878ede5ed9a97,42cf77e5b9c25ef0ecc5a913dffd8448d4eb8ae3,,2026-01-01T11:24:39.000Z,ghostgauge-bot,chore(etl): update artifacts [skip ci],2026-01-01,2026-01-01T11:24:36.877Z,as_of_utc,43,43,,Moderate Buying,87797.5,v1.1,,,green,true,7,,COMMITTED_CONTEMPORANEOUS_CANDIDATE,ELIGIBLE_SCHEDULED,scheduled_etl,B,UNSELECTED,,UNKNOWN,c29601abff2252a553ef12c5ed843ea705f9956f,h3.1-v1
0dd5e80db99e8a08d716b41a54974bbcaa01a3a1,0dd5e80db99e8a08d716b41a54974bbcaa01a3a1,e1d6edfcdeb45d48921c7aa8029a6385351c80e6,e1d6edfcdeb45d48921c7aa8029a6385351c80e6,692b31c764932018185d8fbf41f878ede5ed9a97,,2026-01-02T11:24:35.000Z,ghostgauge-bot,chore(etl): update artifacts [skip ci],2026-01-02,2026-01-02T11:24:34.050Z,as_of_utc,43,43,,Moderate Buying,89436.01,v1.1,,,green,true,7,,COMMITTED_CONTEMPORANEOUS_CANDIDATE,ELIGIBLE_SCHEDULED,scheduled_etl,B,UNSELECTED,,UNKNOWN,c29601abff2252a553ef12c5ed843ea705f9956f,h3.1-v1
4b1d255f2f8d1428b4c5de9dba0a579488e71206,4b1d255f2f8d1428b4c5de9dba0a579488e71206,6cf7cf1d898b8e64bd0cb5bbbd1ef07bdf534f05,6cf7cf1d898b8e64bd0cb5bbbd1ef07bdf534f05,e1d6edfcdeb45d48921c7aa8029a6385351c80e6,,2026-01-03T11:22:39.000Z,ghostgauge-bot,chore(etl): update artifacts [skip ci],2026-01-03,2026-01-03T11:22:37.705Z,as_of_utc,41,41,,Moderate Buying,89700.45,v1.1,,,green,true,7,,COMMITTED_CONTEMPORANEOUS_CANDIDATE,ELIGIBLE_SCHEDULED,scheduled_etl,B,UNSELECTED,,UNKNOWN,c29601abff2252a553ef12c5ed843ea705f9956f,h3.1-v1
ae752e91a4cb744cd1b19c5e76269a4d687ca3fb,ae752e91a4cb744cd1b19c5e76269a4d687ca3fb,b2d7d609d43a2efe867e7514bb3280cfac3bd963,b2d7d609d43a2efe867e7514bb3280cfac3bd963,6cf7cf1d898b8e64bd0cb5bbbd1ef07bdf534f05,,2026-01-04T11:22:22.000Z,ghostgauge-bot,chore(etl): update artifacts [skip ci],2026-01-04,2026-01-04T11:22:20.198Z,as_of_utc,41,41,,Moderate Buying,91354.02,v1.1,,,green,true,7,,COMMITTED_CONTEMPORANEOUS_CANDIDATE,ELIGIBLE_SCHEDULED,scheduled_etl,B,UNSELECTED,,UNKNOWN,c29601abff2252a553ef12c5ed843ea705f9956f,h3.1-v1
f1b0c32bf51ccbe4da14fa2fe04f061b2a807140,f1b0c32bf51ccbe4da14fa2fe04f061b2a807140,751dda55b8339cf53fe83406d5dfcc2bdf9926f8,751dda55b8339cf53fe83406d5dfcc2bdf9926f8,ee1ef740405da93ea304b062dc98b204a80273ba,,2026-01-05T11:26:36.000Z,ghostgauge-bot,chore(etl): update artifacts [skip ci],2026-01-05,2026-01-05T11:26:34.426Z,as_of_utc,43,43,,Moderate Buying,93103.73,v1.1,,,green,true,7,,COMMITTED_CONTEMPORANEOUS_CANDIDATE,ELIGIBLE_SCHEDULED,scheduled_etl,B,UNSELECTED,,UNKNOWN,c29601abff2252a553ef12c5ed843ea705f9956f,h3.1-v1
e70040217b294eba893cca98f308f475ff890a6e,e70040217b294eba893cca98f308f475ff890a6e,d86556fe6c70a34f0e92782a6628d06e645d6559,d86556fe6c70a34f0e92782a6628d06e645d6559,751dda55b8339cf53fe83406d5dfcc2bdf9926f8,,2026-01-06T11:26:03.000Z,ghostgauge-bot,chore(etl): update artifacts [skip ci],2026-01-06,2026-01-06T11:26:00.150Z,as_of_utc,43,43,,Moderate Buying,93741.36,v1.1,,,green,true,7,,COMMITTED_CONTEMPORANEOUS_CANDIDATE,ELIGIBLE_SCHEDULED,scheduled_etl,B,UNSELECTED,,UNKNOWN,c29601abff2252a553ef12c5ed843ea705f9956f,h3.1-v1
8ed973b4e48f938de396494d737bfa8d09096650,8ed973b4e48f938de396494d737bfa8d09096650,0906494f3069465748eb067aaa6ef23f9ada62b8,0906494f3069465748eb067aaa6ef23f9ada62b8,d86556fe6c70a34f0e92782a6628d06e645d6559,,2026-01-07T11:27:20.000Z,ghostgauge-bot,chore(etl): update artifacts [skip ci],2026-01-07,2026-01-07T11:27:17.160Z,as_of_utc,43,43,,Moderate Buying,92111.66,v1.1,,,green,true,7,,COMMITTED_CONTEMPORANEOUS_CANDIDATE,ELIGIBLE_SCHEDULED,scheduled_etl,B,UNSELECTED,,UNKNOWN,c29601abff2252a553ef12c5ed843ea705f9956f,h3.1-v1
802f29748aa2039c3919dd6c130fb2e22d8ff43d,802f29748aa2039c3919dd6c130fb2e22d8ff43d,f16a8554c9cd48bb4468ab34c580a8eb30102f41,f16a8554c9cd48bb4468ab34c580a8eb30102f41,0906494f3069465748eb067aaa6ef23f9ada62b8,,2026-01-08T11:27:24.000Z,ghostgauge-bot,chore(etl): update artifacts [skip ci],2026-01-08,2026-01-08T11:27:22.743Z,as_of_utc,40,40,,Moderate Buying,90036.1,v1.1,,,green,true,7,,COMMITTED_CONTEMPORANEOUS_CANDIDATE,ELIGIBLE_SCHEDULED,scheduled_etl,B,UNSELECTED,,UNKNOWN,c29601abff2252a553ef12c5ed843ea705f9956f,h3.1-v1
81f8b02df1f6a20ca74dac53d391eca5de5e3e9a,81f8b02df1f6a20ca74dac53d391eca5de5e3e9a,537238dd54cc9c2272843c881020a2b79a4edd82,537238dd54cc9c2272843c881020a2b79a4edd82,f16a8554c9cd48bb4468ab34c580a8eb30102f41,,2026-01-09T11:25:58.000Z,ghostgauge-bot,chore(etl): update artifacts [skip ci],2026-01-09,2026-01-09T11:25:56.436Z,as_of_utc,42,42,,Moderate Buying,90437.17,v1.1,,,green,true,7,,COMMITTED_CONTEMPORANEOUS_CANDIDATE,ELIGIBLE_SCHEDULED,scheduled_etl,B,UNSELECTED,,UNKNOWN,c29601abff2252a553ef12c5ed843ea705f9956f,h3.1-v1
c162d99e2ab31943dc068745cf8e9259118b68ef,c162d99e2ab31943dc068745cf8e9259118b68ef,14a40597f571835a4769fa372bbd6554dfc50486,14a40597f571835a4769fa372bbd6554dfc50486,537238dd54cc9c2272843c881020a2b79a4edd82,,2026-01-10T11:23:10.000Z,ghostgauge-bot,chore(etl): update artifacts [skip ci],2026-01-10,2026-01-10T11:23:08.421Z,as_of_utc,45,45,,Moderate Buying,90667.48,v1.1,,,green,true,7,,COMMITTED_CONTEMPORANEOUS_CANDIDATE,ELIGIBLE_SCHEDULED,scheduled_etl,B,UNSELECTED,,UNKNOWN,c29601abff2252a553ef12c5ed843ea705f9956f,h3.1-v1
49cc7908abf7eb8b1d987797b3657138d9f930fd,49cc7908abf7eb8b1d987797b3657138d9f930fd,bc1ec0748677c567814e4e396002a20d7cf8555e,bc1ec0748677c567814e4e396002a20d7cf8555e,14a40597f571835a4769fa372bbd6554dfc50486,,2026-01-11T11:23:17.000Z,ghostgauge-bot,chore(etl): update artifacts [skip ci],2026-01-11,2026-01-11T11:23:15.171Z,as_of_utc,44,44,,Moderate Buying,90572.02,v1.1,,,green,true,7,,COMMITTED_CONTEMPORANEOUS_CANDIDATE,ELIGIBLE_SCHEDULED,scheduled_etl,B,UNSELECTED,,UNKNOWN,c29601abff2252a553ef12c5ed843ea705f9956f,h3.1-v1
34c7e4a58cbe061fe69e68bb8b43ac03baac9984,34c7e4a58cbe061fe69e68bb8b43ac03baac9984,54e1e31e26f5f19e5b08e6c787761fc4970a92ac,54e1e31e26f5f19e5b08e6c787761fc4970a92ac,162f6a368ea7e353ad8507965560a28d3a61acce,,2026-01-12T11:27:35.000Z,ghostgauge-bot,chore(etl): update artifacts [skip ci],2026-01-12,2026-01-12T11:27:33.805Z,as_of_utc,44,44,,Moderate Buying,90655.5,v1.1,,,green,true,7,,COMMITTED_CONTEMPORANEOUS_CANDIDATE,ELIGIBLE_SCHEDULED,scheduled_etl,B,UNSELECTED,,UNKNOWN,c29601abff2252a553ef12c5ed843ea705f9956f,h3.1-v1
2293f37a175fb4e265097e9fbf30d251dba049a0,2293f37a175fb4e265097e9fbf30d251dba049a0,7715f6099edc4cd84f9622aa093f9529da0596cc,7715f6099edc4cd84f9622aa093f9529da0596cc,54e1e31e26f5f19e5b08e6c787761fc4970a92ac,,2026-01-13T11:27:50.000Z,ghostgauge-bot,chore(etl): update artifacts [skip ci],2026-01-13,2026-01-13T11:27:48.903Z,as_of_utc,43,43,,Moderate Buying,92115.16,v1.1,,,green,true,7,,COMMITTED_CONTEMPORANEOUS_CANDIDATE,ELIGIBLE_SCHEDULED,scheduled_etl,B,UNSELECTED,,UNKNOWN,c29601abff2252a553ef12c5ed843ea705f9956f,h3.1-v1
36f32b891ddd49ee7f2cc08024537efc4b323aa4,36f32b891ddd49ee7f2cc08024537efc4b323aa4,012f099e5c80d0a2db3dbeb9e26002202421049e,012f099e5c80d0a2db3dbeb9e26002202421049e,af4a2e96e7cac7071325bd42dbcc3b8d8f70f229,,2026-01-13T20:16:30.000Z,ghostgauge-bot,chore(etl): update artifacts [skip ci],2026-01-13,2026-01-13T20:16:28.022Z,as_of_utc,42,42,,Moderate Buying,94392,v1.1,,,green,true,7,,COMMITTED_CONTEMPORANEOUS_CANDIDATE,ELIGIBLE_SCHEDULED,scheduled_etl,B,UNSELECTED,,UNKNOWN,c29601abff2252a553ef12c5ed843ea705f9956f,h3.1-v1
0644a2fe545c8951a80940f7fa18214a7c18b511,0644a2fe545c8951a80940f7fa18214a7c18b511,011d3c990e9370bfde78ad1b5ad1de6b2207b58a,011d3c990e9370bfde78ad1b5ad1de6b2207b58a,f52932a8669b9d110c007851e084f7b7773206dd,,2026-01-15T11:27:18.000Z,ghostgauge-bot,chore(etl): update artifacts [skip ci],2026-01-15,2026-01-15T11:27:16.633Z,as_of_utc,44,44,,Moderate Buying,96769.63,v1.1,,,green,true,7,,COMMITTED_CONTEMPORANEOUS_CANDIDATE,ELIGIBLE_SCHEDULED,scheduled_etl,B,UNSELECTED,,UNKNOWN,c29601abff2252a553ef12c5ed843ea705f9956f,h3.1-v1
f2521173ea9ac4bf284a53137149feabe1ded9e2,f2521173ea9ac4bf284a53137149feabe1ded9e2,54ddb244c1498578e705992dbf7e917fbf6db603,54ddb244c1498578e705992dbf7e917fbf6db603,5581cf886ff06734cb0e1de34a8d083f2c0b5803,,2026-01-16T11:26:31.000Z,ghostgauge-bot,chore(etl): update artifacts [skip ci],2026-01-16,2026-01-16T11:26:30.040Z,as_of_utc,45,45,,Moderate Buying,95295.64,v1.1,,,green,true,7,,COMMITTED_CONTEMPORANEOUS_CANDIDATE,ELIGIBLE_SCHEDULED,scheduled_etl,B,UNSELECTED,,UNKNOWN,c29601abff2252a553ef12c5ed843ea705f9956f,h3.1-v1
14dc0975d3cac4d82e24de79211827d527a18575,14dc0975d3cac4d82e24de79211827d527a18575,b2f7d9e54339f7f3c186ed446155ad40cc853aab,b2f7d9e54339f7f3c186ed446155ad40cc853aab,54ddb244c1498578e705992dbf7e917fbf6db603,,2026-01-17T11:22:49.000Z,ghostgauge-bot,chore(etl): update artifacts [skip ci],2026-01-17,2026-01-17T11:22:47.578Z,as_of_utc,47,47,,Moderate Buying,95137.7,v1.1,,,green,true,7,,COMMITTED_CONTEMPORANEOUS_CANDIDATE,ELIGIBLE_SCHEDULED,scheduled_etl,B,UNSELECTED,,UNKNOWN,c29601abff2252a553ef12c5ed843ea705f9956f,h3.1-v1
739b65126ac0a3138c80f207e4eab053af7900b1,739b65126ac0a3138c80f207e4eab053af7900b1,84b0075c8431464d9ef644c01993c2fa80663c23,84b0075c8431464d9ef644c01993c2fa80663c23,b2f7d9e54339f7f3c186ed446155ad40cc853aab,,2026-01-18T11:22:15.000Z,ghostgauge-bot,chore(etl): update artifacts [skip ci],2026-01-18,2026-01-18T11:22:12.844Z,as_of_utc,48,48,,Moderate Buying,95084.3,v1.1,,,green,true,7,,COMMITTED_CONTEMPORANEOUS_CANDIDATE,ELIGIBLE_SCHEDULED,scheduled_etl,B,UNSELECTED,,UNKNOWN,c29601abff2252a553ef12c5ed843ea705f9956f,h3.1-v1
25c7cf0b999c9df0ac12707608941dad2cbdf430,25c7cf0b999c9df0ac12707608941dad2cbdf430,093636cff4dc4e418805499809f5279b4eb914be,093636cff4dc4e418805499809f5279b4eb914be,49754313c19d8ce535f035a75c95025f516712b7,,2026-01-19T11:28:17.000Z,ghostgauge-bot,chore(etl): update artifacts [skip ci],2026-01-19,2026-01-19T11:28:14.272Z,as_of_utc,49,49,,Moderate Buying,93064.04,v1.1,,,green,true,7,,COMMITTED_CONTEMPORANEOUS_CANDIDATE,ELIGIBLE_SCHEDULED,scheduled_etl,B,UNSELECTED,,UNKNOWN,c29601abff2252a553ef12c5ed843ea705f9956f,h3.1-v1
37e830a9d421f22bddb55f9df279b75f61b048c3,37e830a9d421f22bddb55f9df279b75f61b048c3,fdc22623bf743ae8f1283490fab87c1278796f39,fdc22623bf743ae8f1283490fab87c1278796f39,093636cff4dc4e418805499809f5279b4eb914be,,2026-01-20T11:29:47.000Z,ghostgauge-bot,chore(etl): update artifacts [skip ci],2026-01-20,2026-01-20T11:29:45.648Z,as_of_utc,49,49,,Moderate Buying,91336.69,v1.1,,,green,true,7,,COMMITTED_CONTEMPORANEOUS_CANDIDATE,ELIGIBLE_SCHEDULED,scheduled_etl,B,UNSELECTED,,UNKNOWN,c29601abff2252a553ef12c5ed843ea705f9956f,h3.1-v1
4f6871b3083320606fb985f5321590413f572159,4f6871b3083320606fb985f5321590413f572159,b298d4e77648cfe4b2fda8f5c2dd34ea0691804e,b298d4e77648cfe4b2fda8f5c2dd34ea0691804e,fdc22623bf743ae8f1283490fab87c1278796f39,,2026-01-21T11:30:58.000Z,ghostgauge-bot,chore(etl): update artifacts [skip ci],2026-01-21,2026-01-21T11:30:56.543Z,as_of_utc,49,49,,Moderate Buying,89217.7,v1.1,,,green,true,7,,COMMITTED_CONTEMPORANEOUS_CANDIDATE,ELIGIBLE_SCHEDULED,scheduled_etl,B,UNSELECTED,,UNKNOWN,c29601abff2252a553ef12c5ed843ea705f9956f,h3.1-v1
1db580e9a00eceb2ec1dbab64a91eeb4e7220023,1db580e9a00eceb2ec1dbab64a91eeb4e7220023,717ac03cc62437c52a0e4cff309fccf23f3e4fb4,717ac03cc62437c52a0e4cff309fccf23f3e4fb4,b298d4e77648cfe4b2fda8f5c2dd34ea0691804e,,2026-01-22T11:29:30.000Z,ghostgauge-bot,chore(etl): update artifacts [skip ci],2026-01-22,2026-01-22T11:29:28.784Z,as_of_utc,51,51,,Hold & Wait,89874.01,v1.1,,,green,true,7,,COMMITTED_CONTEMPORANEOUS_CANDIDATE,ELIGIBLE_SCHEDULED,scheduled_etl,B,UNSELECTED,,UNKNOWN,c29601abff2252a553ef12c5ed843ea705f9956f,h3.1-v1
e09f99e488133d254bf803b0732b271a10b2d77c,e09f99e488133d254bf803b0732b271a10b2d77c,2d3cdc886f061bcfc4881f4f81a6a316e7a4f96a,2d3cdc886f061bcfc4881f4f81a6a316e7a4f96a,717ac03cc62437c52a0e4cff309fccf23f3e4fb4,,2026-01-23T11:27:55.000Z,ghostgauge-bot,chore(etl): update artifacts [skip ci],2026-01-23,2026-01-23T11:27:53.459Z,as_of_utc,56,56,,Hold & Wait,89155.46,v1.1,,,green,true,7,,COMMITTED_CONTEMPORANEOUS_CANDIDATE,ELIGIBLE_SCHEDULED,scheduled_etl,B,UNSELECTED,,UNKNOWN,c29601abff2252a553ef12c5ed843ea705f9956f,h3.1-v1
7d4625b0bafc741c624d1fea047ec34bd653132a,7d4625b0bafc741c624d1fea047ec34bd653132a,f0f06e6fc72e7c65588ee8772f67c159ab32a3e6,f0f06e6fc72e7c65588ee8772f67c159ab32a3e6,2d3cdc886f061bcfc4881f4f81a6a316e7a4f96a,,2026-01-24T11:23:57.000Z,ghostgauge-bot,chore(etl): update artifacts [skip ci],2026-01-24,2026-01-24T11:23:55.332Z,as_of_utc,54,54,,Hold & Wait,89493.93,v1.1,,,green,true,7,,COMMITTED_CONTEMPORANEOUS_CANDIDATE,ELIGIBLE_SCHEDULED,scheduled_etl,B,UNSELECTED,,UNKNOWN,c29601abff2252a553ef12c5ed843ea705f9956f,h3.1-v1
7f6c6e42c827afb4fd0941e2499449f326a3b684,7f6c6e42c827afb4fd0941e2499449f326a3b684,7770c655c6b3095710546b797d3af7b1beb7b69c,7770c655c6b3095710546b797d3af7b1beb7b69c,f0f06e6fc72e7c65588ee8772f67c159ab32a3e6,,2026-01-25T11:24:03.000Z,ghostgauge-bot,chore(etl): update artifacts [skip ci],2026-01-25,2026-01-25T11:24:01.489Z,as_of_utc,54,54,,Hold & Wait,88511.99,v1.1,,,green,true,7,,COMMITTED_CONTEMPORANEOUS_CANDIDATE,ELIGIBLE_SCHEDULED,scheduled_etl,B,UNSELECTED,,UNKNOWN,c29601abff2252a553ef12c5ed843ea705f9956f,h3.1-v1
6651845ec2789e22a6731666c16537f0670faac1,6651845ec2789e22a6731666c16537f0670faac1,83b1a2b5b2d2a99594353434d2d082ace7fba46d,83b1a2b5b2d2a99594353434d2d082ace7fba46d,a6cb1d67e3859ce53bf2e41b2d529cad24661765,,2026-01-26T11:27:40.000Z,ghostgauge-bot,chore(etl): update artifacts [skip ci],2026-01-26,2026-01-26T11:27:38.154Z,as_of_utc,53,53,,Hold & Wait,87786.09,v1.1,,,green,true,7,,COMMITTED_CONTEMPORANEOUS_CANDIDATE,ELIGIBLE_SCHEDULED,scheduled_etl,B,UNSELECTED,,UNKNOWN,c29601abff2252a553ef12c5ed843ea705f9956f,h3.1-v1
77e113401e0e5196eb948ebbe516381379200c1d,77e113401e0e5196eb948ebbe516381379200c1d,a675e8fe36a73f893bbd02d07abea367446e9747,a675e8fe36a73f893bbd02d07abea367446e9747,83b1a2b5b2d2a99594353434d2d082ace7fba46d,,2026-01-27T11:29:36.000Z,ghostgauge-bot,chore(etl): update artifacts [skip ci],2026-01-27,2026-01-27T11:29:35.096Z,as_of_utc,52,52,,Hold & Wait,87737.46,v1.1,,,green,true,7,,COMMITTED_CONTEMPORANEOUS_CANDIDATE,ELIGIBLE_SCHEDULED,scheduled_etl,B,UNSELECTED,,UNKNOWN,c29601abff2252a553ef12c5ed843ea705f9956f,h3.1-v1
ebc1772c6f0dc7491d5c0d79bfee129c2e22c06c,ebc1772c6f0dc7491d5c0d79bfee129c2e22c06c,a12f0b51c9369809c07e503a3e23d547cc7a462f,a12f0b51c9369809c07e503a3e23d547cc7a462f,a675e8fe36a73f893bbd02d07abea367446e9747,,2026-01-28T11:29:38.000Z,ghostgauge-bot,chore(etl): update artifacts [skip ci],2026-01-28,2026-01-28T11:29:35.860Z,as_of_utc,51,51,,Hold & Wait,89288.26,v1.1,,,green,true,7,,COMMITTED_CONTEMPORANEOUS_CANDIDATE,ELIGIBLE_SCHEDULED,scheduled_etl,B,UNSELECTED,,UNKNOWN,c29601abff2252a553ef12c5ed843ea705f9956f,h3.1-v1
d5335a95eb31ceae3eb87c113de684f5072a1418,d5335a95eb31ceae3eb87c113de684f5072a1418,6be09b5806bf162cdd7bc92300e4692c1f2b0de4,6be09b5806bf162cdd7bc92300e4692c1f2b0de4,a12f0b51c9369809c07e503a3e23d547cc7a462f,,2026-01-29T11:37:10.000Z,ghostgauge-bot,chore(etl): update artifacts [skip ci],2026-01-29,2026-01-29T11:37:07.842Z,as_of_utc,53,53,,Hold & Wait,87723.83,v1.1,,,green,true,7,,COMMITTED_CONTEMPORANEOUS_CANDIDATE,ELIGIBLE_SCHEDULED,scheduled_etl,B,UNSELECTED,,UNKNOWN,c29601abff2252a553ef12c5ed843ea705f9956f,h3.1-v1
a258fca7e6a8d6b6d6033d0800f02e891e446692,a258fca7e6a8d6b6d6033d0800f02e891e446692,74c8623d313bf0c26074013fa3d4d2347ff60519,74c8623d313bf0c26074013fa3d4d2347ff60519,6be09b5806bf162cdd7bc92300e4692c1f2b0de4,,2026-01-30T11:35:18.000Z,ghostgauge-bot,chore(etl): update artifacts [skip ci],2026-01-30,2026-01-30T11:35:17.007Z,as_of_utc,52,52,,Hold & Wait,82671.31,v1.1,,,green,true,7,,COMMITTED_CONTEMPORANEOUS_CANDIDATE,ELIGIBLE_SCHEDULED,scheduled_etl,B,UNSELECTED,,UNKNOWN,c29601abff2252a553ef12c5ed843ea705f9956f,h3.1-v1
170da21ea339a507c9600deabe1ad1de168ed974,170da21ea339a507c9600deabe1ad1de168ed974,607eb45145353af93318bfc5e5f865db093ac268,607eb45145353af93318bfc5e5f865db093ac268,74c8623d313bf0c26074013fa3d4d2347ff60519,,2026-01-31T11:27:10.000Z,ghostgauge-bot,chore(etl): update artifacts [skip ci],2026-01-31,2026-01-31T11:27:08.557Z,as_of_utc,55,55,,Hold & Wait,82914.89,v1.1,,,green,true,7,,COMMITTED_CONTEMPORANEOUS_CANDIDATE,ELIGIBLE_SCHEDULED,scheduled_etl,B,UNSELECTED,,UNKNOWN,c29601abff2252a553ef12c5ed843ea705f9956f,h3.1-v1
5eae897413e361a533100adb46823dd9645518e6,5eae897413e361a533100adb46823dd9645518e6,75385da293ece79a812974ed56b16c137b3b61df,75385da293ece79a812974ed56b16c137b3b61df,607eb45145353af93318bfc5e5f865db093ac268,,2026-02-01T11:28:18.000Z,ghostgauge-bot,chore(etl): update artifacts [skip ci],2026-02-01,2026-02-01T11:28:15.191Z,as_of_utc,55,55,,Hold & Wait,78375.24,v1.1,,,green,true,7,,COMMITTED_CONTEMPORANEOUS_CANDIDATE,ELIGIBLE_SCHEDULED,scheduled_etl,B,UNSELECTED,,UNKNOWN,c29601abff2252a553ef12c5ed843ea705f9956f,h3.1-v1
a5870e30b11a0d153d9194016fd1dbf65d3ca524,a5870e30b11a0d153d9194016fd1dbf65d3ca524,c288e50df6742df4d718db61d2f9c363a29ad12e,c288e50df6742df4d718db61d2f9c363a29ad12e,e7e8f227806ac3ffb5498115e8565c8cae34000c,,2026-02-02T11:40:32.000Z,ghostgauge-bot,chore(etl): update artifacts [skip ci],2026-02-02,2026-02-02T11:40:27.758Z,as_of_utc,55,55,,Hold & Wait,77818.86,v1.1,,,green,true,7,,COMMITTED_CONTEMPORANEOUS_CANDIDATE,ELIGIBLE_SCHEDULED,scheduled_etl,B,UNSELECTED,,UNKNOWN,c29601abff2252a553ef12c5ed843ea705f9956f,h3.1-v1
5b0e93df7fd1f2f1635286a2b506e5d3e9c01dc6,5b0e93df7fd1f2f1635286a2b506e5d3e9c01dc6,4a93c795be27931f4cfccd8ce577d06cf407cdf9,4a93c795be27931f4cfccd8ce577d06cf407cdf9,c288e50df6742df4d718db61d2f9c363a29ad12e,,2026-02-03T11:40:04.000Z,ghostgauge-bot,chore(etl): update artifacts [skip ci],2026-02-03,2026-02-03T11:40:02.610Z,as_of_utc,52,52,,Hold & Wait,78163.39,v1.1,,,green,true,7,,COMMITTED_CONTEMPORANEOUS_CANDIDATE,ELIGIBLE_SCHEDULED,scheduled_etl,B,UNSELECTED,,UNKNOWN,c29601abff2252a553ef12c5ed843ea705f9956f,h3.1-v1
de9c8f650116d43305d5dc279ed5e4e1d3d7bd9f,de9c8f650116d43305d5dc279ed5e4e1d3d7bd9f,370084e7a66cecd7267402d3fd87a4aeff536b55,370084e7a66cecd7267402d3fd87a4aeff536b55,4a93c795be27931f4cfccd8ce577d06cf407cdf9,,2026-02-04T11:39:15.000Z,ghostgauge-bot,chore(etl): update artifacts [skip ci],2026-02-04,2026-02-04T11:39:12.823Z,as_of_utc,52,52,,Hold & Wait,75979.72,v1.1,,,green,true,7,,COMMITTED_CONTEMPORANEOUS_CANDIDATE,ELIGIBLE_SCHEDULED,scheduled_etl,B,UNSELECTED,,UNKNOWN,c29601abff2252a553ef12c5ed843ea705f9956f,h3.1-v1
a953a1c9708da879990caaf8bad283469ffb2025,a953a1c9708da879990caaf8bad283469ffb2025,9b2b0d7b5056b26bf4767b506c94232932f239d3,9b2b0d7b5056b26bf4767b506c94232932f239d3,370084e7a66cecd7267402d3fd87a4aeff536b55,,2026-02-05T11:40:37.000Z,ghostgauge-bot,chore(etl): update artifacts [skip ci],2026-02-05,2026-02-05T11:40:35.054Z,as_of_utc,51,51,,Hold & Wait,70448.32,v1.1,,,green,true,7,,COMMITTED_CONTEMPORANEOUS_CANDIDATE,ELIGIBLE_SCHEDULED,scheduled_etl,B,UNSELECTED,,UNKNOWN,c29601abff2252a553ef12c5ed843ea705f9956f,h3.1-v1
b98698473dc800eafab66ad52d48bd5b91baa5ac,b98698473dc800eafab66ad52d48bd5b91baa5ac,2dbbe9af968f83f0529762afea872bbaf8ac5a97,2dbbe9af968f83f0529762afea872bbaf8ac5a97,9b2b0d7b5056b26bf4767b506c94232932f239d3,,2026-02-06T11:39:41.000Z,ghostgauge-bot,chore(etl): update artifacts [skip ci],2026-02-06,2026-02-06T11:39:38.725Z,as_of_utc,54,54,,Hold & Wait,66018.07,v1.1,,,green,true,7,,COMMITTED_CONTEMPORANEOUS_CANDIDATE,ELIGIBLE_SCHEDULED,scheduled_etl,B,UNSELECTED,,UNKNOWN,c29601abff2252a553ef12c5ed843ea705f9956f,h3.1-v1
a3156df39af22b49ab63a27a1035ec4f0deb100b,a3156df39af22b49ab63a27a1035ec4f0deb100b,3962d4981135e89f4b3f5cce04f3c4c46a0ecd4e,3962d4981135e89f4b3f5cce04f3c4c46a0ecd4e,2dbbe9af968f83f0529762afea872bbaf8ac5a97,,2026-02-07T11:28:51.000Z,ghostgauge-bot,chore(etl): update artifacts [skip ci],2026-02-07,2026-02-07T11:28:49.378Z,as_of_utc,58,58,,Hold & Wait,67920,v1.1,,,green,true,7,,COMMITTED_CONTEMPORANEOUS_CANDIDATE,ELIGIBLE_SCHEDULED,scheduled_etl,B,UNSELECTED,,UNKNOWN,c29601abff2252a553ef12c5ed843ea705f9956f,h3.1-v1
a6906c60a719ab257abb10c91d0e9be3d1b96651,a6906c60a719ab257abb10c91d0e9be3d1b96651,686e1c07452726e29c3fafc7e8f6e01de576c781,686e1c07452726e29c3fafc7e8f6e01de576c781,3962d4981135e89f4b3f5cce04f3c4c46a0ecd4e,,2026-02-08T11:29:36.000Z,ghostgauge-bot,chore(etl): update artifacts [skip ci],2026-02-08,2026-02-08T11:29:34.426Z,as_of_utc,58,58,,Hold & Wait,70680,v1.1,,,green,true,7,,COMMITTED_CONTEMPORANEOUS_CANDIDATE,ELIGIBLE_SCHEDULED,scheduled_etl,B,UNSELECTED,,UNKNOWN,c29601abff2252a553ef12c5ed843ea705f9956f,h3.1-v1
0dd9d6e651c2ff8784b0d6af2d85e00bb45c080c,0dd9d6e651c2ff8784b0d6af2d85e00bb45c080c,65b19b5070c4d3087d679f8cde640b2f2d684404,65b19b5070c4d3087d679f8cde640b2f2d684404,1a66e5a509ae30c75249f98bf19cad6ecaf9d137,,2026-02-09T11:52:38.000Z,ghostgauge-bot,chore(etl): update artifacts [skip ci],2026-02-09,2026-02-09T11:52:36.652Z,as_of_utc,57,57,,Hold & Wait,68784.97,v1.1,,,green,true,7,,COMMITTED_CONTEMPORANEOUS_CANDIDATE,ELIGIBLE_SCHEDULED,scheduled_etl,B,UNSELECTED,,UNKNOWN,c29601abff2252a553ef12c5ed843ea705f9956f,h3.1-v1
0f81227a4cc8eb3f81a2992b2dad94950563bd85,0f81227a4cc8eb3f81a2992b2dad94950563bd85,72dc35ef302c6e2e3bc53d4d9931d6ba391a576d,72dc35ef302c6e2e3bc53d4d9931d6ba391a576d,65b19b5070c4d3087d679f8cde640b2f2d684404,,2026-02-10T11:55:13.000Z,ghostgauge-bot,chore(etl): update artifacts [skip ci],2026-02-10,2026-02-10T11:55:11.084Z,as_of_utc,55,55,,Hold & Wait,68493.77,v1.1,,,green,true,7,,COMMITTED_CONTEMPORANEOUS_CANDIDATE,ELIGIBLE_SCHEDULED,scheduled_etl,B,UNSELECTED,,UNKNOWN,c29601abff2252a553ef12c5ed843ea705f9956f,h3.1-v1
8e0d764f96a6a5b342997e6bc19f41d1140542ba,8e0d764f96a6a5b342997e6bc19f41d1140542ba,34d808b764de2f9be3421769ca106b756018070f,34d808b764de2f9be3421769ca106b756018070f,72dc35ef302c6e2e3bc53d4d9931d6ba391a576d,,2026-02-11T11:50:39.000Z,ghostgauge-bot,chore(etl): update artifacts [skip ci],2026-02-11,2026-02-11T11:50:37.986Z,as_of_utc,55,55,,Hold & Wait,66958.94,v1.1,,,green,true,7,,COMMITTED_CONTEMPORANEOUS_CANDIDATE,ELIGIBLE_SCHEDULED,scheduled_etl,B,UNSELECTED,,UNKNOWN,c29601abff2252a553ef12c5ed843ea705f9956f,h3.1-v1
2c893920faf201a37d8bec438da07c7dc46160f1,2c893920faf201a37d8bec438da07c7dc46160f1,4ed1350bd2ca8deb5703b7c3e3b3dfff5bc20276,4ed1350bd2ca8deb5703b7c3e3b3dfff5bc20276,34d808b764de2f9be3421769ca106b756018070f,,2026-02-12T11:45:20.000Z,ghostgauge-bot,chore(etl): update artifacts [skip ci],2026-02-12,2026-02-12T11:45:18.628Z,as_of_utc,55,55,,Hold & Wait,68048.44,v1.1,,,green,true,7,,COMMITTED_CONTEMPORANEOUS_CANDIDATE,ELIGIBLE_SCHEDULED,scheduled_etl,B,UNSELECTED,,UNKNOWN,c29601abff2252a553ef12c5ed843ea705f9956f,h3.1-v1
6d928f682ff0755e92b1cf0c200efcf937eb554c,6d928f682ff0755e92b1cf0c200efcf937eb554c,d3d920775cc089973f379effc3be1fe1ff3e14df,d3d920775cc089973f379effc3be1fe1ff3e14df,4ed1350bd2ca8deb5703b7c3e3b3dfff5bc20276,,2026-02-13T11:37:14.000Z,ghostgauge-bot,chore(etl): update artifacts [skip ci],2026-02-13,2026-02-13T11:37:10.922Z,as_of_utc,55,55,,Hold & Wait,66802.01,v1.1,,,green,true,7,,COMMITTED_CONTEMPORANEOUS_CANDIDATE,ELIGIBLE_SCHEDULED,scheduled_etl,B,UNSELECTED,,UNKNOWN,c29601abff2252a553ef12c5ed843ea705f9956f,h3.1-v1
14c50e00dbb43a1466282ed835e7b08835b5d377,14c50e00dbb43a1466282ed835e7b08835b5d377,8a0472c60c3322cd4198cef0bb4bab27c8afdc1b,8a0472c60c3322cd4198cef0bb4bab27c8afdc1b,d3d920775cc089973f379effc3be1fe1ff3e14df,,2026-02-14T11:29:04.000Z,ghostgauge-bot,chore(etl): update artifacts [skip ci],2026-02-14,2026-02-14T11:29:00.705Z,as_of_utc,52,52,,Hold & Wait,70180.23,v1.1,,,green,true,7,,COMMITTED_CONTEMPORANEOUS_CANDIDATE,ELIGIBLE_SCHEDULED,scheduled_etl,B,UNSELECTED,,UNKNOWN,c29601abff2252a553ef12c5ed843ea705f9956f,h3.1-v1
7f8184c2cabc23f03a052952d0b844243822b720,7f8184c2cabc23f03a052952d0b844243822b720,a229052ac0d76d9fdd807b3415be7a0ca78e4650,a229052ac0d76d9fdd807b3415be7a0ca78e4650,8a0472c60c3322cd4198cef0bb4bab27c8afdc1b,,2026-02-15T11:29:46.000Z,ghostgauge-bot,chore(etl): update artifacts [skip ci],2026-02-15,2026-02-15T11:29:43.881Z,as_of_utc,52,52,,Hold & Wait,70338.6,v1.1,,,green,true,7,,COMMITTED_CONTEMPORANEOUS_CANDIDATE,ELIGIBLE_SCHEDULED,scheduled_etl,B,UNSELECTED,,UNKNOWN,c29601abff2252a553ef12c5ed843ea705f9956f,h3.1-v1
b87f360bb19ebc86b22210926e5c2b0633fbb405,b87f360bb19ebc86b22210926e5c2b0633fbb405,56a50ab08717dfaf1061bf9602036cce8bfae35c,56a50ab08717dfaf1061bf9602036cce8bfae35c,bc5de9eccd237ce03eb8d3dc4dd6b927a3f45158,,2026-02-16T11:44:26.000Z,ghostgauge-bot,chore(etl): update artifacts [skip ci],2026-02-16,2026-02-16T11:44:23.197Z,as_of_utc,51,51,,Hold & Wait,68525.51,v1.1,,,green,true,7,,COMMITTED_CONTEMPORANEOUS_CANDIDATE,ELIGIBLE_SCHEDULED,scheduled_etl,B,UNSELECTED,,UNKNOWN,c29601abff2252a553ef12c5ed843ea705f9956f,h3.1-v1
a55faec1974e0e5730a69adabc49534bc4425a59,a55faec1974e0e5730a69adabc49534bc4425a59,14ed61d02b9beca9a9a409ed095228634faea27d,14ed61d02b9beca9a9a409ed095228634faea27d,56a50ab08717dfaf1061bf9602036cce8bfae35c,,2026-02-17T11:44:24.000Z,ghostgauge-bot,chore(etl): update artifacts [skip ci],2026-02-17,2026-02-17T11:44:22.074Z,as_of_utc,50,50,,Hold & Wait,67757.14,v1.1,,,green,true,7,,COMMITTED_CONTEMPORANEOUS_CANDIDATE,ELIGIBLE_SCHEDULED,scheduled_etl,B,UNSELECTED,,UNKNOWN,c29601abff2252a553ef12c5ed843ea705f9956f,h3.1-v1
eda30ce27687fd4916ed3af716aaeea4ec27cdb3,eda30ce27687fd4916ed3af716aaeea4ec27cdb3,180e7ebbe2578402949b82bbfd5206232d88cf85,180e7ebbe2578402949b82bbfd5206232d88cf85,14ed61d02b9beca9a9a409ed095228634faea27d,,2026-02-18T11:43:47.000Z,ghostgauge-bot,chore(etl): update artifacts [skip ci],2026-02-18,2026-02-18T11:43:45.338Z,as_of_utc,49,49,,Moderate Buying,67516.3,v1.1,,,green,true,7,,COMMITTED_CONTEMPORANEOUS_CANDIDATE,ELIGIBLE_SCHEDULED,scheduled_etl,B,UNSELECTED,,UNKNOWN,c29601abff2252a553ef12c5ed843ea705f9956f,h3.1-v1
b0b9c6ef3a5b071b3750c7bc432636ed04224d65,b0b9c6ef3a5b071b3750c7bc432636ed04224d65,2555a478e9f86b9a4b4b7a36aeaf0e5622e25426,2555a478e9f86b9a4b4b7a36aeaf0e5622e25426,180e7ebbe2578402949b82bbfd5206232d88cf85,,2026-02-19T11:43:18.000Z,ghostgauge-bot,chore(etl): update artifacts [skip ci],2026-02-19,2026-02-19T11:43:16.203Z,as_of_utc,51,51,,Hold & Wait,66686.56,v1.1,,,green,true,7,,COMMITTED_CONTEMPORANEOUS_CANDIDATE,ELIGIBLE_SCHEDULED,scheduled_etl,B,UNSELECTED,,UNKNOWN,c29601abff2252a553ef12c5ed843ea705f9956f,h3.1-v1
c770b29f020925a54d54960796f9ee9a6fec7a91,c770b29f020925a54d54960796f9ee9a6fec7a91,4d5b1e018b0060a47a5b0fccde1f63e07eb36224,4d5b1e018b0060a47a5b0fccde1f63e07eb36224,2555a478e9f86b9a4b4b7a36aeaf0e5622e25426,,2026-02-20T11:38:29.000Z,ghostgauge-bot,chore(etl): update artifacts [skip ci],2026-02-20,2026-02-20T11:38:27.983Z,as_of_utc,48,48,,Moderate Buying,67712.97,v1.1,,,green,true,7,,COMMITTED_CONTEMPORANEOUS_CANDIDATE,ELIGIBLE_SCHEDULED,scheduled_etl,B,UNSELECTED,,UNKNOWN,c29601abff2252a553ef12c5ed843ea705f9956f,h3.1-v1
ffd3cc8bdf90c35a5fb062147303a566c6e98c31,ffd3cc8bdf90c35a5fb062147303a566c6e98c31,bdca20607609fe890b16f7472ed0448b03ec7138,bdca20607609fe890b16f7472ed0448b03ec7138,4d5b1e018b0060a47a5b0fccde1f63e07eb36224,,2026-02-21T11:28:39.000Z,ghostgauge-bot,chore(etl): update artifacts [skip ci],2026-02-21,2026-02-21T11:28:37.169Z,as_of_utc,48,48,,Moderate Buying,68161.11,v1.1,,,green,true,7,,COMMITTED_CONTEMPORANEOUS_CANDIDATE,ELIGIBLE_SCHEDULED,scheduled_etl,B,UNSELECTED,,UNKNOWN,c29601abff2252a553ef12c5ed843ea705f9956f,h3.1-v1
f5c491960c48ef14aa200a74b408cde7bd6bbdd8,f5c491960c48ef14aa200a74b408cde7bd6bbdd8,38905ae9aefa42256740537f259d5408b0f66e74,38905ae9aefa42256740537f259d5408b0f66e74,bdca20607609fe890b16f7472ed0448b03ec7138,,2026-02-22T11:28:32.000Z,ghostgauge-bot,chore(etl): update artifacts [skip ci],2026-02-22,2026-02-22T11:28:29.826Z,as_of_utc,48,48,,Moderate Buying,68205.12,v1.1,,,green,true,7,,COMMITTED_CONTEMPORANEOUS_CANDIDATE,ELIGIBLE_SCHEDULED,scheduled_etl,B,UNSELECTED,,UNKNOWN,c29601abff2252a553ef12c5ed843ea705f9956f,h3.1-v1
be27e5adbf768dd2e2602fab67bece887ca7c689,be27e5adbf768dd2e2602fab67bece887ca7c689,d156d5ce6da98cc230d38bc6ce547efc952cc357,d156d5ce6da98cc230d38bc6ce547efc952cc357,70b61317bd5cb4fe0a31a00fcf7994be03cc579b,,2026-02-23T11:43:53.000Z,ghostgauge-bot,chore(etl): update artifacts [skip ci],2026-02-23,2026-02-23T11:43:50.609Z,as_of_utc,50,50,,Hold & Wait,66140.35,v1.1,,,green,true,7,,COMMITTED_CONTEMPORANEOUS_CANDIDATE,ELIGIBLE_SCHEDULED,scheduled_etl,B,UNSELECTED,,UNKNOWN,c29601abff2252a553ef12c5ed843ea705f9956f,h3.1-v1
dbce51fdc9ff9327abe631bb08fe90c25610ab96,dbce51fdc9ff9327abe631bb08fe90c25610ab96,afb5140d1f1e75ff4a159f17a7aa8cf464e3d86a,afb5140d1f1e75ff4a159f17a7aa8cf464e3d86a,d156d5ce6da98cc230d38bc6ce547efc952cc357,,2026-02-24T11:44:56.000Z,ghostgauge-bot,chore(etl): update artifacts [skip ci],2026-02-24,2026-02-24T11:44:54.951Z,as_of_utc,51,51,,Hold & Wait,63189.98,v1.1,,,green,true,7,,COMMITTED_CONTEMPORANEOUS_CANDIDATE,ELIGIBLE_SCHEDULED,scheduled_etl,B,UNSELECTED,,UNKNOWN,c29601abff2252a553ef12c5ed843ea705f9956f,h3.1-v1
cbfb2d124806baeea6c4d103d8b53f60f2c90d5c,cbfb2d124806baeea6c4d103d8b53f60f2c90d5c,9c4ba8d508a8e84af08b8e340a83657dfaf3ac0f,9c4ba8d508a8e84af08b8e340a83657dfaf3ac0f,afb5140d1f1e75ff4a159f17a7aa8cf464e3d86a,,2026-02-25T11:44:16.000Z,ghostgauge-bot,chore(etl): update artifacts [skip ci],2026-02-25,2026-02-25T11:44:14.494Z,as_of_utc,49,49,,Moderate Buying,65405.59,v1.1,,,green,true,7,,COMMITTED_CONTEMPORANEOUS_CANDIDATE,ELIGIBLE_SCHEDULED,scheduled_etl,B,UNSELECTED,,UNKNOWN,c29601abff2252a553ef12c5ed843ea705f9956f,h3.1-v1
efd1a15e8f03549127bd4cd88e0cded93926f7c7,efd1a15e8f03549127bd4cd88e0cded93926f7c7,665acecb6195da03cb24b662f41c2c1292e0b130,665acecb6195da03cb24b662f41c2c1292e0b130,9c4ba8d508a8e84af08b8e340a83657dfaf3ac0f,,2026-02-26T11:44:22.000Z,ghostgauge-bot,chore(etl): update artifacts [skip ci],2026-02-26,2026-02-26T11:44:20.553Z,as_of_utc,51,51,,Hold & Wait,68118.43,v1.1,,,green,true,7,,COMMITTED_CONTEMPORANEOUS_CANDIDATE,ELIGIBLE_SCHEDULED,scheduled_etl,B,UNSELECTED,,UNKNOWN,c29601abff2252a553ef12c5ed843ea705f9956f,h3.1-v1
03b6c89e8c5dd6f417569ffc01e19c5ae215e3f7,03b6c89e8c5dd6f417569ffc01e19c5ae215e3f7,4a865529bc22e65d99456d956e9d1636be08f5eb,4a865529bc22e65d99456d956e9d1636be08f5eb,665acecb6195da03cb24b662f41c2c1292e0b130,,2026-02-27T11:38:32.000Z,ghostgauge-bot,chore(etl): update artifacts [skip ci],2026-02-27,2026-02-27T11:38:29.551Z,as_of_utc,51,51,,Hold & Wait,66253.38,v1.1,,,green,true,7,,COMMITTED_CONTEMPORANEOUS_CANDIDATE,ELIGIBLE_SCHEDULED,scheduled_etl,B,UNSELECTED,,UNKNOWN,c29601abff2252a553ef12c5ed843ea705f9956f,h3.1-v1
7fdade36ddebed1e9a49c2186b5456d4b16001d9,7fdade36ddebed1e9a49c2186b5456d4b16001d9,b6a882fa96dfc2ea97eab1505846a7ad9cfb4209,b6a882fa96dfc2ea97eab1505846a7ad9cfb4209,4a865529bc22e65d99456d956e9d1636be08f5eb,,2026-02-28T11:26:26.000Z,ghostgauge-bot,chore(etl): update artifacts [skip ci],2026-02-28,2026-02-28T11:26:23.540Z,as_of_utc,52,52,,Hold & Wait,64121.52,v1.1,,,green,true,7,,COMMITTED_CONTEMPORANEOUS_CANDIDATE,ELIGIBLE_SCHEDULED,scheduled_etl,B,UNSELECTED,,UNKNOWN,c29601abff2252a553ef12c5ed843ea705f9956f,h3.1-v1
8ba60ce9a40fe4007f5e7d99ef0ab7b9ddc3cd88,8ba60ce9a40fe4007f5e7d99ef0ab7b9ddc3cd88,73f38037872f41a8fd1c666718fda0d1f2bf110d,73f38037872f41a8fd1c666718fda0d1f2bf110d,b6a882fa96dfc2ea97eab1505846a7ad9cfb4209,,2026-03-01T11:27:27.000Z,ghostgauge-bot,chore(etl): update artifacts [skip ci],2026-03-01,2026-03-01T11:27:26.028Z,as_of_utc,54,54,,Hold & Wait,66581.51,v1.1,,,green,true,7,,COMMITTED_CONTEMPORANEOUS_CANDIDATE,ELIGIBLE_SCHEDULED,scheduled_etl,B,UNSELECTED,,UNKNOWN,c29601abff2252a553ef12c5ed843ea705f9956f,h3.1-v1
cab65356a9d3af0ca915f300dfea968fa2e82f0d,cab65356a9d3af0ca915f300dfea968fa2e82f0d,92a8f45ca10aefc38169fa36f7cc048a897df92c,92a8f45ca10aefc38169fa36f7cc048a897df92c,6435aa6ea5393e5ff059c55a46b47219d51a9cfb,,2026-03-02T11:36:00.000Z,ghostgauge-bot,chore(etl): update artifacts [skip ci],2026-03-02,2026-03-02T11:35:58.421Z,as_of_utc,55,55,,Hold & Wait,66129.73,v1.1,,,green,true,7,,COMMITTED_CONTEMPORANEOUS_CANDIDATE,ELIGIBLE_SCHEDULED,scheduled_etl,B,UNSELECTED,,UNKNOWN,c29601abff2252a553ef12c5ed843ea705f9956f,h3.1-v1
95269f5446835339d855c9aadcd18d503afa1c79,95269f5446835339d855c9aadcd18d503afa1c79,5e2b20edcb82e4923ab9ebb5b874b4e73b9facfe,5e2b20edcb82e4923ab9ebb5b874b4e73b9facfe,92a8f45ca10aefc38169fa36f7cc048a897df92c,,2026-03-03T11:39:20.000Z,ghostgauge-bot,chore(etl): update artifacts [skip ci],2026-03-03,2026-03-03T11:39:18.059Z,as_of_utc,56,56,,Hold & Wait,67014,v1.1,,,green,true,7,,COMMITTED_CONTEMPORANEOUS_CANDIDATE,ELIGIBLE_SCHEDULED,scheduled_etl,B,UNSELECTED,,UNKNOWN,c29601abff2252a553ef12c5ed843ea705f9956f,h3.1-v1
9ef6e636d5e4c06b564c6e50da86a14ed1ee4991,9ef6e636d5e4c06b564c6e50da86a14ed1ee4991,b2d2c3e39bcb406f916cbe12e010438b0ab2f361,b2d2c3e39bcb406f916cbe12e010438b0ab2f361,5e2b20edcb82e4923ab9ebb5b874b4e73b9facfe,,2026-03-04T11:37:19.000Z,ghostgauge-bot,chore(etl): update artifacts [skip ci],2026-03-04,2026-03-04T11:37:17.361Z,as_of_utc,56,56,,Hold & Wait,71063,v1.1,,,green,true,7,,COMMITTED_CONTEMPORANEOUS_CANDIDATE,ELIGIBLE_SCHEDULED,scheduled_etl,B,UNSELECTED,,UNKNOWN,c29601abff2252a553ef12c5ed843ea705f9956f,h3.1-v1
f98eb6b1afc666fd406823f1fba0206b6d061c1d,f98eb6b1afc666fd406823f1fba0206b6d061c1d,4ee21e69bb7a0a1495f3121b1bbf8c988afca967,4ee21e69bb7a0a1495f3121b1bbf8c988afca967,b2d2c3e39bcb406f916cbe12e010438b0ab2f361,,2026-03-05T11:39:50.000Z,ghostgauge-bot,chore(etl): update artifacts [skip ci],2026-03-05,2026-03-05T11:39:48.566Z,as_of_utc,59,59,,Hold & Wait,72906.89,v1.1,,,green,true,7,,COMMITTED_CONTEMPORANEOUS_CANDIDATE,ELIGIBLE_SCHEDULED,scheduled_etl,B,UNSELECTED,,UNKNOWN,c29601abff2252a553ef12c5ed843ea705f9956f,h3.1-v1
ab870bafa8f1210d6952772eb9b6d196c094519d,ab870bafa8f1210d6952772eb9b6d196c094519d,27d42dab7fe1cd146fc43a23e6e01f07ded27ca7,27d42dab7fe1cd146fc43a23e6e01f07ded27ca7,4ee21e69bb7a0a1495f3121b1bbf8c988afca967,,2026-03-07T11:27:11.000Z,ghostgauge-bot,chore(etl): update artifacts [skip ci],2026-03-07,2026-03-07T11:27:09.776Z,as_of_utc,53,53,,Hold & Wait,68150.18,v1.1,,,green,true,7,,COMMITTED_CONTEMPORANEOUS_CANDIDATE,ELIGIBLE_SCHEDULED,scheduled_etl,B,UNSELECTED,,UNKNOWN,c29601abff2252a553ef12c5ed843ea705f9956f,h3.1-v1
90f9243262468da0bd946e01590d47c0da0d0cc4,90f9243262468da0bd946e01590d47c0da0d0cc4,09ff567b16373ded95cd1742f559abe13b9988c3,09ff567b16373ded95cd1742f559abe13b9988c3,27d42dab7fe1cd146fc43a23e6e01f07ded27ca7,,2026-03-08T11:28:11.000Z,ghostgauge-bot,chore(etl): update artifacts [skip ci],2026-03-08,2026-03-08T11:28:09.047Z,as_of_utc,56,56,,Hold & Wait,67678.06,v1.1,,,green,true,7,,COMMITTED_CONTEMPORANEOUS_CANDIDATE,ELIGIBLE_SCHEDULED,scheduled_etl,B,UNSELECTED,,UNKNOWN,c29601abff2252a553ef12c5ed843ea705f9956f,h3.1-v1
56f8ee1f700f34eb101b307a66a0e2336386d7f6,56f8ee1f700f34eb101b307a66a0e2336386d7f6,1e3fcd6d1e51d4a8d7b2f0fd52d8e98f15b0143e,1e3fcd6d1e51d4a8d7b2f0fd52d8e98f15b0143e,432dde5ab3cd8530375a7b10367de0838ea526b8,,2026-03-09T11:38:55.000Z,ghostgauge-bot,chore(etl): update artifacts [skip ci],2026-03-09,2026-03-09T11:38:53.644Z,as_of_utc,57,57,,Hold & Wait,67650,v1.1,,,green,true,7,,COMMITTED_CONTEMPORANEOUS_CANDIDATE,ELIGIBLE_SCHEDULED,scheduled_etl,B,UNSELECTED,,UNKNOWN,c29601abff2252a553ef12c5ed843ea705f9956f,h3.1-v1
f0cb61adb665ece11d2ed499e59a0b1dab69d52b,f0cb61adb665ece11d2ed499e59a0b1dab69d52b,665eb1a5ce926e454675ee8aafcd873fe70e248a,665eb1a5ce926e454675ee8aafcd873fe70e248a,1e3fcd6d1e51d4a8d7b2f0fd52d8e98f15b0143e,,2026-03-10T11:38:46.000Z,ghostgauge-bot,chore(etl): update artifacts [skip ci],2026-03-10,2026-03-10T11:38:44.498Z,as_of_utc,52,52,,Hold & Wait,70620.48,v1.1,,,green,true,7,,COMMITTED_CONTEMPORANEOUS_CANDIDATE,ELIGIBLE_SCHEDULED,scheduled_etl,B,UNSELECTED,,UNKNOWN,c29601abff2252a553ef12c5ed843ea705f9956f,h3.1-v1
d0ca1f7a916e10881bca5d1242dc813ef9114ea1,d0ca1f7a916e10881bca5d1242dc813ef9114ea1,db9e38b49fcf26ca1b9024dfe366627f2fc9d294,db9e38b49fcf26ca1b9024dfe366627f2fc9d294,665eb1a5ce926e454675ee8aafcd873fe70e248a,,2026-03-11T11:39:19.000Z,ghostgauge-bot,chore(etl): update artifacts [skip ci],2026-03-11,2026-03-11T11:39:16.966Z,as_of_utc,57,57,,Hold & Wait,69512,v1.1,,,green,true,7,,COMMITTED_CONTEMPORANEOUS_CANDIDATE,ELIGIBLE_SCHEDULED,scheduled_etl,B,UNSELECTED,,UNKNOWN,c29601abff2252a553ef12c5ed843ea705f9956f,h3.1-v1
48418b162babb097e24cd08af948ef973bf8b26c,48418b162babb097e24cd08af948ef973bf8b26c,8f93f0641d630dc680bb51743ba9a92442801fa3,8f93f0641d630dc680bb51743ba9a92442801fa3,db9e38b49fcf26ca1b9024dfe366627f2fc9d294,,2026-03-12T11:36:54.000Z,ghostgauge-bot,chore(etl): update artifacts [skip ci],2026-03-12,2026-03-12T11:36:52.002Z,as_of_utc,56,56,,Hold & Wait,70555.99,v1.1,,,green,true,7,,COMMITTED_CONTEMPORANEOUS_CANDIDATE,ELIGIBLE_SCHEDULED,scheduled_etl,B,UNSELECTED,,UNKNOWN,c29601abff2252a553ef12c5ed843ea705f9956f,h3.1-v1
0f28fa16f7479c51c4f82ff05e66396e851a6033,0f28fa16f7479c51c4f82ff05e66396e851a6033,157360a40935a036bbf76590ba12a811f6004d82,157360a40935a036bbf76590ba12a811f6004d82,8f93f0641d630dc680bb51743ba9a92442801fa3,,2026-03-13T11:37:23.000Z,ghostgauge-bot,chore(etl): update artifacts [skip ci],2026-03-13,2026-03-13T11:37:20.675Z,as_of_utc,53,53,,Hold & Wait,72347.78,v1.1,,,green,true,7,,COMMITTED_CONTEMPORANEOUS_CANDIDATE,ELIGIBLE_SCHEDULED,scheduled_etl,B,UNSELECTED,,UNKNOWN,c29601abff2252a553ef12c5ed843ea705f9956f,h3.1-v1
f4bf18c99c070d2c994110ddb1174de5a08def0f,f4bf18c99c070d2c994110ddb1174de5a08def0f,54b042fa410d43eed02d6243c44ab0925e1b1073,54b042fa410d43eed02d6243c44ab0925e1b1073,157360a40935a036bbf76590ba12a811f6004d82,,2026-03-14T11:30:40.000Z,ghostgauge-bot,chore(etl): update artifacts [skip ci],2026-03-14,2026-03-14T11:30:38.668Z,as_of_utc,56,56,,Hold & Wait,70719.48,v1.1,,,green,true,7,,COMMITTED_CONTEMPORANEOUS_CANDIDATE,ELIGIBLE_SCHEDULED,scheduled_etl,B,UNSELECTED,,UNKNOWN,c29601abff2252a553ef12c5ed843ea705f9956f,h3.1-v1
f58220352b2c618734df20c1a64a46f75b8d04b7,f58220352b2c618734df20c1a64a46f75b8d04b7,e7169b772bd5a514c1657bd881eeee2af9656b69,e7169b772bd5a514c1657bd881eeee2af9656b69,54b042fa410d43eed02d6243c44ab0925e1b1073,,2026-03-15T11:33:19.000Z,ghostgauge-bot,chore(etl): update artifacts [skip ci],2026-03-15,2026-03-15T11:33:17.598Z,as_of_utc,58,58,,Hold & Wait,71740.65,v1.1,,,green,true,7,,COMMITTED_CONTEMPORANEOUS_CANDIDATE,ELIGIBLE_SCHEDULED,scheduled_etl,B,UNSELECTED,,UNKNOWN,c29601abff2252a553ef12c5ed843ea705f9956f,h3.1-v1
b8b3baea747c48e62de1f3ea928d629fbfaba0ee,b8b3baea747c48e62de1f3ea928d629fbfaba0ee,9f51d8f4f6c8c6c887d672c98f3a050755449587,9f51d8f4f6c8c6c887d672c98f3a050755449587,a8a06ac2688461793e9bfc395a3c8ef270e61a27,,2026-03-16T11:52:48.000Z,ghostgauge-bot,chore(etl): update artifacts [skip ci],2026-03-16,2026-03-16T11:52:46.189Z,as_of_utc,58,58,,Hold & Wait,73605.53,v1.1,,,green,true,7,,COMMITTED_CONTEMPORANEOUS_CANDIDATE,ELIGIBLE_SCHEDULED,scheduled_etl,B,UNSELECTED,,UNKNOWN,c29601abff2252a553ef12c5ed843ea705f9956f,h3.1-v1
0c04564813ef3b696863b1c616287347be902a1b,0c04564813ef3b696863b1c616287347be902a1b,1145685a9a6ad535317f9187abcc418323c02144,1145685a9a6ad535317f9187abcc418323c02144,9f51d8f4f6c8c6c887d672c98f3a050755449587,,2026-03-17T11:48:24.000Z,ghostgauge-bot,chore(etl): update artifacts [skip ci],2026-03-17,2026-03-17T11:48:22.224Z,as_of_utc,55,55,,Hold & Wait,74114.13,v1.1,,,green,true,7,,COMMITTED_CONTEMPORANEOUS_CANDIDATE,ELIGIBLE_SCHEDULED,scheduled_etl,B,UNSELECTED,,UNKNOWN,c29601abff2252a553ef12c5ed843ea705f9956f,h3.1-v1
fef0f6d2588eb15e4c182aac99fdb2d029e4cdd1,fef0f6d2588eb15e4c182aac99fdb2d029e4cdd1,fa732908d4f707097e3e952809375830d5a791b2,fa732908d4f707097e3e952809375830d5a791b2,1145685a9a6ad535317f9187abcc418323c02144,,2026-03-18T11:51:34.000Z,ghostgauge-bot,chore(etl): update artifacts [skip ci],2026-03-18,2026-03-18T11:51:31.358Z,as_of_utc,51,51,,Hold & Wait,73086.85,v1.1,,,green,true,7,,COMMITTED_CONTEMPORANEOUS_CANDIDATE,ELIGIBLE_SCHEDULED,scheduled_etl,B,UNSELECTED,,UNKNOWN,c29601abff2252a553ef12c5ed843ea705f9956f,h3.1-v1
13eb76987ded7d54a0956a942cbdc1aabc11cd70,13eb76987ded7d54a0956a942cbdc1aabc11cd70,f171f9f541933389b28c2b12d1b68b67ff4000a0,f171f9f541933389b28c2b12d1b68b67ff4000a0,fa732908d4f707097e3e952809375830d5a791b2,,2026-03-19T11:41:28.000Z,ghostgauge-bot,chore(etl): update artifacts [skip ci],2026-03-19,2026-03-19T11:41:25.362Z,as_of_utc,54,54,,Hold & Wait,70048.24,v1.1,,,green,true,7,,COMMITTED_CONTEMPORANEOUS_CANDIDATE,ELIGIBLE_SCHEDULED,scheduled_etl,B,UNSELECTED,,UNKNOWN,c29601abff2252a553ef12c5ed843ea705f9956f,h3.1-v1
6afc2c728cc9c352be244011f3872b024bc8258d,6afc2c728cc9c352be244011f3872b024bc8258d,3fc7926748d733039eecf765549e0db8b2dfcfa7,3fc7926748d733039eecf765549e0db8b2dfcfa7,f171f9f541933389b28c2b12d1b68b67ff4000a0,,2026-03-20T11:37:36.000Z,ghostgauge-bot,chore(etl): update artifacts [skip ci],2026-03-20,2026-03-20T11:37:34.712Z,as_of_utc,50,50,,Hold & Wait,70679.21,v1.1,,,green,true,7,,COMMITTED_CONTEMPORANEOUS_CANDIDATE,ELIGIBLE_SCHEDULED,scheduled_etl,B,UNSELECTED,,UNKNOWN,c29601abff2252a553ef12c5ed843ea705f9956f,h3.1-v1
2bc7811899c22eb9a3d6ad793dc8ad3fc1a3a6ed,2bc7811899c22eb9a3d6ad793dc8ad3fc1a3a6ed,d733c0fb830ce07a7e906904b8a288b73dabc8fd,d733c0fb830ce07a7e906904b8a288b73dabc8fd,3fc7926748d733039eecf765549e0db8b2dfcfa7,,2026-03-21T11:29:52.000Z,ghostgauge-bot,chore(etl): update artifacts [skip ci],2026-03-21,2026-03-21T11:29:50.532Z,as_of_utc,50,50,,Hold & Wait,70599.42,v1.1,,,green,true,7,,COMMITTED_CONTEMPORANEOUS_CANDIDATE,ELIGIBLE_SCHEDULED,scheduled_etl,B,UNSELECTED,,UNKNOWN,c29601abff2252a553ef12c5ed843ea705f9956f,h3.1-v1
f2d9f8cfffb36cd8e6afda0317a3390bbaa9131d,f2d9f8cfffb36cd8e6afda0317a3390bbaa9131d,b9605f343e2c4ebb0ef790c0f80fca0f105013f6,b9605f343e2c4ebb0ef790c0f80fca0f105013f6,d733c0fb830ce07a7e906904b8a288b73dabc8fd,,2026-03-22T11:30:27.000Z,ghostgauge-bot,chore(etl): update artifacts [skip ci],2026-03-22,2026-03-22T11:30:25.379Z,as_of_utc,50,50,,Hold & Wait,68411.71,v1.1,,,green,true,7,,COMMITTED_CONTEMPORANEOUS_CANDIDATE,ELIGIBLE_SCHEDULED,scheduled_etl,B,UNSELECTED,,UNKNOWN,c29601abff2252a553ef12c5ed843ea705f9956f,h3.1-v1
82aa6a90ae0f7d443c1803060ec053cc42f718ed,82aa6a90ae0f7d443c1803060ec053cc42f718ed,6ffce9f46e1f726dd9385d4c34779191ab3affcc,6ffce9f46e1f726dd9385d4c34779191ab3affcc,4904bf3c0f794b3b6206dc6c937db8681ef087ed,,2026-03-23T11:49:55.000Z,ghostgauge-bot,chore(etl): update artifacts [skip ci],2026-03-23,2026-03-23T11:49:52.823Z,as_of_utc,50,50,,Hold & Wait,70242.6,v1.1,,,green,true,7,,COMMITTED_CONTEMPORANEOUS_CANDIDATE,ELIGIBLE_SCHEDULED,scheduled_etl,B,UNSELECTED,,UNKNOWN,c29601abff2252a553ef12c5ed843ea705f9956f,h3.1-v1
02fa4f8d6f92a4a8923ef9e0b258539faa8fd8aa,02fa4f8d6f92a4a8923ef9e0b258539faa8fd8aa,9884815c488d9af090a0004279342320f225c91e,9884815c488d9af090a0004279342320f225c91e,6ffce9f46e1f726dd9385d4c34779191ab3affcc,,2026-03-24T11:50:16.000Z,ghostgauge-bot,chore(etl): update artifacts [skip ci],2026-03-24,2026-03-24T11:50:13.804Z,as_of_utc,46,46,,Moderate Buying,71297.6,v1.1,,,green,true,7,,COMMITTED_CONTEMPORANEOUS_CANDIDATE,ELIGIBLE_SCHEDULED,scheduled_etl,B,UNSELECTED,,UNKNOWN,c29601abff2252a553ef12c5ed843ea705f9956f,h3.1-v1
e729a533c5a9a76d2022bd4fa126466d73505824,e729a533c5a9a76d2022bd4fa126466d73505824,2e480e6398c427c1fe9f32a017e21c89530d80bd,2e480e6398c427c1fe9f32a017e21c89530d80bd,9884815c488d9af090a0004279342320f225c91e,,2026-03-25T11:47:57.000Z,ghostgauge-bot,chore(etl): update artifacts [skip ci],2026-03-25,2026-03-25T11:47:55.469Z,as_of_utc,50,50,,Hold & Wait,71800.51,v1.1,,,green,true,7,,COMMITTED_CONTEMPORANEOUS_CANDIDATE,ELIGIBLE_SCHEDULED,scheduled_etl,B,UNSELECTED,,UNKNOWN,c29601abff2252a553ef12c5ed843ea705f9956f,h3.1-v1
2e49dcf88657516414c4c46ea9c57f0564d63888,2e49dcf88657516414c4c46ea9c57f0564d63888,c444abdd0a9135ca0f75582c5697228df3a06d06,c444abdd0a9135ca0f75582c5697228df3a06d06,2f24764f1ad138dc892fd1821d6cd9f6c6ff6f15,,2026-03-25T18:30:28.000Z,firemansghost,chore(etl): regenerate latest.json after keyed-merge fix,2026-03-25,2026-03-25T18:29:59.645Z,as_of_utc,58,58,,Hold & Wait,70955.99,v1.1,,,green,true,7,,COMMITTED_CONTEMPORANEOUS_CANDIDATE,REVIEW_REQUIRED,human_feature_commit,B,UNSELECTED,,UNKNOWN,c29601abff2252a553ef12c5ed843ea705f9956f,h3.1-v1
745c2223c5603e5981f2bfd78058cb43634db599,745c2223c5603e5981f2bfd78058cb43634db599,81035753b22df3f9c087bcc259e6be9b435b4866,81035753b22df3f9c087bcc259e6be9b435b4866,8702e33ad77b6ff2bfda41aa3af8215ab4da827b,,2026-03-26T11:54:57.000Z,ghostgauge-bot,chore(etl): update artifacts [skip ci],2026-03-26,2026-03-26T11:54:54.675Z,as_of_utc,55,55,,Hold & Wait,69321.14,v1.1,,,green,true,7,,COMMITTED_CONTEMPORANEOUS_CANDIDATE,ELIGIBLE_SCHEDULED,scheduled_etl,B,UNSELECTED,,UNKNOWN,c29601abff2252a553ef12c5ed843ea705f9956f,h3.1-v1
99d4199228cd8dc280d65e54e8b49b6d32af4ce5,99d4199228cd8dc280d65e54e8b49b6d32af4ce5,2a7c695bf2438ed16423ee6ca778492ccef20669,2a7c695bf2438ed16423ee6ca778492ccef20669,81035753b22df3f9c087bcc259e6be9b435b4866,,2026-03-27T11:47:17.000Z,ghostgauge-bot,chore(etl): update artifacts [skip ci],2026-03-27,2026-03-27T11:47:14.451Z,as_of_utc,60,60,,Hold & Wait,66692.69,v1.1,,,green,true,7,,COMMITTED_CONTEMPORANEOUS_CANDIDATE,ELIGIBLE_SCHEDULED,scheduled_etl,B,UNSELECTED,,UNKNOWN,c29601abff2252a553ef12c5ed843ea705f9956f,h3.1-v1
578519eb3b98bb9a30c2749387cfedb3e026737b,578519eb3b98bb9a30c2749387cfedb3e026737b,8f23ae8312b6085fc96df52818395d77e7952be8,8f23ae8312b6085fc96df52818395d77e7952be8,2a7c695bf2438ed16423ee6ca778492ccef20669,,2026-03-28T11:35:16.000Z,ghostgauge-bot,chore(etl): update artifacts [skip ci],2026-03-28,2026-03-28T11:35:13.687Z,as_of_utc,55,55,,Hold & Wait,66272,v1.1,,,green,true,7,,COMMITTED_CONTEMPORANEOUS_CANDIDATE,ELIGIBLE_SCHEDULED,scheduled_etl,B,UNSELECTED,,UNKNOWN,c29601abff2252a553ef12c5ed843ea705f9956f,h3.1-v1
d6312269a38db11da92d5b125176b7e14cd10fd9,d6312269a38db11da92d5b125176b7e14cd10fd9,4fea4aec349e6313ac7dc8a0ef26bb2d5d3f1109,4fea4aec349e6313ac7dc8a0ef26bb2d5d3f1109,24034cca80fcde437c066f062ee6753042e3a70f,,2026-03-31T11:54:41.000Z,ghostgauge-bot,chore(etl): update artifacts [skip ci],2026-03-31,2026-03-31T11:54:39.642Z,as_of_utc,56,56,,Hold & Wait,66523.58,v1.1,,,green,true,7,,COMMITTED_CONTEMPORANEOUS_CANDIDATE,ELIGIBLE_SCHEDULED,scheduled_etl,B,UNSELECTED,,UNKNOWN,c29601abff2252a553ef12c5ed843ea705f9956f,h3.1-v1
b732c5ff4b27d2c99206e6d86c404bc0bddd6aa6,b732c5ff4b27d2c99206e6d86c404bc0bddd6aa6,ffe5945b8197ee49be9a9fded26680528b26571a,ffe5945b8197ee49be9a9fded26680528b26571a,4fea4aec349e6313ac7dc8a0ef26bb2d5d3f1109,,2026-04-01T11:56:38.000Z,ghostgauge-bot,chore(etl): update artifacts [skip ci],2026-04-01,2026-04-01T11:56:36.701Z,as_of_utc,61,61,,Hold & Wait,68703.71,v1.1,,,green,true,7,,COMMITTED_CONTEMPORANEOUS_CANDIDATE,ELIGIBLE_SCHEDULED,scheduled_etl,B,UNSELECTED,,UNKNOWN,c29601abff2252a553ef12c5ed843ea705f9956f,h3.1-v1
06bb979d0135e91050848ec39f9efae2036602a1,06bb979d0135e91050848ec39f9efae2036602a1,5c5e38826e21223c988a74de0e80ecce02976c24,5c5e38826e21223c988a74de0e80ecce02976c24,ffe5945b8197ee49be9a9fded26680528b26571a,,2026-04-02T11:52:09.000Z,ghostgauge-bot,chore(etl): update artifacts [skip ci],2026-04-02,2026-04-02T11:52:06.998Z,as_of_utc,58,58,,Hold & Wait,66335.01,v1.1,,,green,true,7,,COMMITTED_CONTEMPORANEOUS_CANDIDATE,ELIGIBLE_SCHEDULED,scheduled_etl,B,UNSELECTED,,UNKNOWN,c29601abff2252a553ef12c5ed843ea705f9956f,h3.1-v1
98afb36f80636253b2392313d2b4364bad0a8dc5,98afb36f80636253b2392313d2b4364bad0a8dc5,b80747b670a170d63a5e2d79bb53796fd5163347,b80747b670a170d63a5e2d79bb53796fd5163347,5c5e38826e21223c988a74de0e80ecce02976c24,,2026-04-03T11:42:14.000Z,ghostgauge-bot,chore(etl): update artifacts [skip ci],2026-04-03,2026-04-03T11:42:12.843Z,as_of_utc,62,62,,Hold & Wait,66979.08,v1.1,,,green,true,7,,COMMITTED_CONTEMPORANEOUS_CANDIDATE,ELIGIBLE_SCHEDULED,scheduled_etl,B,UNSELECTED,,UNKNOWN,c29601abff2252a553ef12c5ed843ea705f9956f,h3.1-v1
063f1a8f2aa1c1ccfd917027ba6795ec0be14f2c,063f1a8f2aa1c1ccfd917027ba6795ec0be14f2c,2c9741f344c97f5e97286ab69b485a6d96ed0cf7,2c9741f344c97f5e97286ab69b485a6d96ed0cf7,c91e987b2a27a08c6d30524c8633cb33a5a0f755,,2026-04-07T11:57:07.000Z,ghostgauge-bot,chore(etl): update artifacts [skip ci],2026-04-07,2026-04-07T11:57:05.407Z,as_of_utc,58,58,,Hold & Wait,68343.78,v1.1,,,green,true,7,,COMMITTED_CONTEMPORANEOUS_CANDIDATE,ELIGIBLE_SCHEDULED,scheduled_etl,B,UNSELECTED,,UNKNOWN,c29601abff2252a553ef12c5ed843ea705f9956f,h3.1-v1
dc6db82f8c89464a34ede61146493ed41fb27eff,dc6db82f8c89464a34ede61146493ed41fb27eff,45d9581c8cca3644fee85641639eab9e04450e27,45d9581c8cca3644fee85641639eab9e04450e27,2c9741f344c97f5e97286ab69b485a6d96ed0cf7,,2026-04-08T11:58:43.000Z,ghostgauge-bot,chore(etl): update artifacts [skip ci],2026-04-08,2026-04-08T11:58:40.888Z,as_of_utc,63,63,,Hold & Wait,71713.17,v1.1,,,green,true,7,,COMMITTED_CONTEMPORANEOUS_CANDIDATE,ELIGIBLE_SCHEDULED,scheduled_etl,B,UNSELECTED,,UNKNOWN,c29601abff2252a553ef12c5ed843ea705f9956f,h3.1-v1
a4ca31d384f02c78ade21f351274bcbfb40d4d84,a4ca31d384f02c78ade21f351274bcbfb40d4d84,b8b8c3997e71b81bde4a7c0f835e2b38f7e3f72c,b8b8c3997e71b81bde4a7c0f835e2b38f7e3f72c,45d9581c8cca3644fee85641639eab9e04450e27,,2026-04-09T11:58:32.000Z,ghostgauge-bot,chore(etl): update artifacts [skip ci],2026-04-09,2026-04-09T11:58:30.562Z,as_of_utc,58,58,,Hold & Wait,71156.16,v1.1,,,green,true,7,,COMMITTED_CONTEMPORANEOUS_CANDIDATE,ELIGIBLE_SCHEDULED,scheduled_etl,B,UNSELECTED,,UNKNOWN,c29601abff2252a553ef12c5ed843ea705f9956f,h3.1-v1
80826f6074f40db3e75d0cf02a9740bfd5e907e4,80826f6074f40db3e75d0cf02a9740bfd5e907e4,1eb47357f003049bb6bd91e89600669bdec772eb,1eb47357f003049bb6bd91e89600669bdec772eb,b8b8c3997e71b81bde4a7c0f835e2b38f7e3f72c,,2026-04-10T11:53:45.000Z,ghostgauge-bot,chore(etl): update artifacts [skip ci],2026-04-10,2026-04-10T11:53:43.249Z,as_of_utc,62,62,,Hold & Wait,72240.26,v1.1,,,green,true,7,,COMMITTED_CONTEMPORANEOUS_CANDIDATE,ELIGIBLE_SCHEDULED,scheduled_etl,B,UNSELECTED,,UNKNOWN,c29601abff2252a553ef12c5ed843ea705f9956f,h3.1-v1
d5c651ca0c979820ba95de82a0b4357f326c92e0,d5c651ca0c979820ba95de82a0b4357f326c92e0,8c277f773b4df9a53e2cfeb056cec10ec4bfe7b0,8c277f773b4df9a53e2cfeb056cec10ec4bfe7b0,1eb47357f003049bb6bd91e89600669bdec772eb,,2026-04-11T11:37:13.000Z,ghostgauge-bot,chore(etl): update artifacts [skip ci],2026-04-11,2026-04-11T11:37:11.720Z,as_of_utc,60,60,,Hold & Wait,72874.69,v1.1,,,green,true,7,,COMMITTED_CONTEMPORANEOUS_CANDIDATE,ELIGIBLE_SCHEDULED,scheduled_etl,B,UNSELECTED,,UNKNOWN,c29601abff2252a553ef12c5ed843ea705f9956f,h3.1-v1
e35fb5d25f928965f189243db4bfcdfdb90bcafe,e35fb5d25f928965f189243db4bfcdfdb90bcafe,06d454acc445520d473cf151bf69358aefb2cfb9,06d454acc445520d473cf151bf69358aefb2cfb9,78406b0d02462218f67ab5d07c9d8109c222b272,,2026-04-13T12:07:54.000Z,ghostgauge-bot,chore(etl): update artifacts [skip ci],2026-04-13,2026-04-13T12:07:51.892Z,as_of_utc,58,58,,Hold & Wait,70896.98,v1.1,,,green,true,7,,COMMITTED_CONTEMPORANEOUS_CANDIDATE,ELIGIBLE_SCHEDULED,scheduled_etl,B,UNSELECTED,,UNKNOWN,c29601abff2252a553ef12c5ed843ea705f9956f,h3.1-v1
7aacfb8666b078bc2681d43f55d4213acc38a20d,7aacfb8666b078bc2681d43f55d4213acc38a20d,5818b3b948b422e2a9f614db9943a8b89582a08c,5818b3b948b422e2a9f614db9943a8b89582a08c,555d161364248ff7f7bbe5f680d9c8d293489afd,,2026-04-14T12:39:14.000Z,ghostgauge-bot,chore(etl): update artifacts [skip ci],2026-04-14,2026-04-14T12:39:11.955Z,as_of_utc,60,60,,Hold & Wait,74347.65,v1.1,,,green,true,7,,COMMITTED_CONTEMPORANEOUS_CANDIDATE,ELIGIBLE_SCHEDULED,scheduled_etl,B,UNSELECTED,,UNKNOWN,c29601abff2252a553ef12c5ed843ea705f9956f,h3.1-v1
b85e003ed1f6f4e3e56e84bd8b40d8a844282687,b85e003ed1f6f4e3e56e84bd8b40d8a844282687,2236de110dfbc8e03eaf44a491f08ace89d8bfb7,2236de110dfbc8e03eaf44a491f08ace89d8bfb7,7848f6534c851abaa03673d54a4c75f3bdde0039,,2026-04-15T11:59:43.000Z,ghostgauge-bot,chore(etl): update artifacts [skip ci],2026-04-15,2026-04-15T11:59:40.385Z,as_of_utc,59,59,,Hold & Wait,74218.25,v1.1,,,green,true,7,,COMMITTED_CONTEMPORANEOUS_CANDIDATE,ELIGIBLE_SCHEDULED,scheduled_etl,B,UNSELECTED,,UNKNOWN,c29601abff2252a553ef12c5ed843ea705f9956f,h3.1-v1
3f6620d93d9efc0a28c07854887f160795a531ea,3f6620d93d9efc0a28c07854887f160795a531ea,ef6ca3dc4a3b13db8169fba3be09561dac05ec23,ef6ca3dc4a3b13db8169fba3be09561dac05ec23,4ee8748481c7be276caa08baced164465f58f084,,2026-04-16T12:02:47.000Z,ghostgauge-bot,chore(etl): update artifacts [skip ci],2026-04-16,2026-04-16T12:02:44.471Z,as_of_utc,52,52,,Hold & Wait,74678.22,v1.1,,,green,true,7,,COMMITTED_CONTEMPORANEOUS_CANDIDATE,ELIGIBLE_SCHEDULED,scheduled_etl,B,UNSELECTED,,UNKNOWN,c29601abff2252a553ef12c5ed843ea705f9956f,h3.1-v1
a68b4ff89fda1478454ceede05ac4dce2819ad1a,a68b4ff89fda1478454ceede05ac4dce2819ad1a,e4b6819ae8ce3952d299c85ba3a524ceb0fe0df3,e4b6819ae8ce3952d299c85ba3a524ceb0fe0df3,ef6ca3dc4a3b13db8169fba3be09561dac05ec23,,2026-04-17T11:56:37.000Z,ghostgauge-bot,chore(etl): update artifacts [skip ci],2026-04-17,2026-04-17T11:56:35.442Z,as_of_utc,56,56,,Hold & Wait,75569,v1.1,,,green,true,7,,COMMITTED_CONTEMPORANEOUS_CANDIDATE,ELIGIBLE_SCHEDULED,scheduled_etl,B,UNSELECTED,,UNKNOWN,c29601abff2252a553ef12c5ed843ea705f9956f,h3.1-v1
39869271e3c082737d236e7aaab7ae7a1db1175f,39869271e3c082737d236e7aaab7ae7a1db1175f,7ce988a7b7eab69e109701c382ad5fcf5dff7ba1,7ce988a7b7eab69e109701c382ad5fcf5dff7ba1,e4b6819ae8ce3952d299c85ba3a524ceb0fe0df3,,2026-04-18T11:40:30.000Z,ghostgauge-bot,chore(etl): update artifacts [skip ci],2026-04-18,2026-04-18T11:40:28.666Z,as_of_utc,56,56,,Hold & Wait,75975,v1.1,,,green,true,7,,COMMITTED_CONTEMPORANEOUS_CANDIDATE,ELIGIBLE_SCHEDULED,scheduled_etl,B,UNSELECTED,,UNKNOWN,c29601abff2252a553ef12c5ed843ea705f9956f,h3.1-v1
ebf761e7f52aa427419998c824b5b0c462fe0060,ebf761e7f52aa427419998c824b5b0c462fe0060,6d7afdf61b52f3c5f9b924801919e9fdab271695,6d7afdf61b52f3c5f9b924801919e9fdab271695,1db34876780472c49e1fb18fa932a2999e49cb4f,,2026-04-19T18:04:34.000Z,ghostgauge-bot,chore(etl): update artifacts [skip ci],2026-04-19,2026-04-19T18:04:31.994Z,as_of_utc,55,55,,Hold & Wait,74849.89,v1.1,,,green,true,7,,COMMITTED_CONTEMPORANEOUS_CANDIDATE,ELIGIBLE_SCHEDULED,scheduled_etl,B,UNSELECTED,,UNKNOWN,c29601abff2252a553ef12c5ed843ea705f9956f,h3.1-v1
5e75e3564d2606f073957bbb690cb0f07717a609,5e75e3564d2606f073957bbb690cb0f07717a609,660ccfdb16911871367f041c0fef8df18456122a,660ccfdb16911871367f041c0fef8df18456122a,994b403fde517d46a3f77b443a94d19fcfab2979,,2026-04-20T12:08:55.000Z,ghostgauge-bot,chore(etl): update artifacts [skip ci],2026-04-20,2026-04-20T12:08:53.835Z,as_of_utc,55,55,,Hold & Wait,75301.86,v1.1,,,green,true,7,,COMMITTED_CONTEMPORANEOUS_CANDIDATE,ELIGIBLE_SCHEDULED,scheduled_etl,B,UNSELECTED,,UNKNOWN,c29601abff2252a553ef12c5ed843ea705f9956f,h3.1-v1
c373863c9ea9c0814b2d2810a21d9a70a6aae75d,c373863c9ea9c0814b2d2810a21d9a70a6aae75d,635bd0910dccb5ad91253acfb3b8fc8aab9c367f,635bd0910dccb5ad91253acfb3b8fc8aab9c367f,660ccfdb16911871367f041c0fef8df18456122a,,2026-04-21T12:03:14.000Z,ghostgauge-bot,chore(etl): update artifacts [skip ci],2026-04-21,2026-04-21T12:03:12.096Z,as_of_utc,57,57,,Hold & Wait,76513.1,v1.1,,,green,true,7,,COMMITTED_CONTEMPORANEOUS_CANDIDATE,ELIGIBLE_SCHEDULED,scheduled_etl,B,UNSELECTED,,UNKNOWN,c29601abff2252a553ef12c5ed843ea705f9956f,h3.1-v1
68493787c0503e19e3fe642b6051b3f23caf130a,68493787c0503e19e3fe642b6051b3f23caf130a,0d66c0b828622ffebf94bc2d51d383b5cd2e6df7,0d66c0b828622ffebf94bc2d51d383b5cd2e6df7,635bd0910dccb5ad91253acfb3b8fc8aab9c367f,,2026-04-22T12:02:45.000Z,ghostgauge-bot,chore(etl): update artifacts [skip ci],2026-04-22,2026-04-22T12:02:42.923Z,as_of_utc,57,57,,Hold & Wait,78288.85,v1.1,,,green,true,7,,COMMITTED_CONTEMPORANEOUS_CANDIDATE,ELIGIBLE_SCHEDULED,scheduled_etl,B,UNSELECTED,,UNKNOWN,c29601abff2252a553ef12c5ed843ea705f9956f,h3.1-v1
7e374da92a0140b538379cbff03d4b4f07a32dc7,7e374da92a0140b538379cbff03d4b4f07a32dc7,ad7be3246b9829609041d58f463f40bdd52e01c2,ad7be3246b9829609041d58f463f40bdd52e01c2,0d66c0b828622ffebf94bc2d51d383b5cd2e6df7,,2026-04-23T12:02:47.000Z,ghostgauge-bot,chore(etl): update artifacts [skip ci],2026-04-23,2026-04-23T12:02:44.931Z,as_of_utc,58,58,,Hold & Wait,77778.64,v1.1,,,green,true,7,,COMMITTED_CONTEMPORANEOUS_CANDIDATE,ELIGIBLE_SCHEDULED,scheduled_etl,B,UNSELECTED,,UNKNOWN,c29601abff2252a553ef12c5ed843ea705f9956f,h3.1-v1
6d37de82930aabbffb1ff4e4e3a47d8d988849bc,6d37de82930aabbffb1ff4e4e3a47d8d988849bc,790fd9c3aa5b4013ab626244c036907a5440c5c4,790fd9c3aa5b4013ab626244c036907a5440c5c4,ad7be3246b9829609041d58f463f40bdd52e01c2,,2026-04-24T12:01:50.000Z,ghostgauge-bot,chore(etl): update artifacts [skip ci],2026-04-24,2026-04-24T12:01:47.949Z,as_of_utc,58,58,,Hold & Wait,78263.97,v1.1,,,green,true,7,,COMMITTED_CONTEMPORANEOUS_CANDIDATE,ELIGIBLE_SCHEDULED,scheduled_etl,B,UNSELECTED,,UNKNOWN,c29601abff2252a553ef12c5ed843ea705f9956f,h3.1-v1
367f2d14750d40168d52c2f6dc65111326108f84,367f2d14750d40168d52c2f6dc65111326108f84,1095549297b6289acd1a71e1c08f43340df7cd4d,1095549297b6289acd1a71e1c08f43340df7cd4d,790fd9c3aa5b4013ab626244c036907a5440c5c4,,2026-04-25T11:43:19.000Z,ghostgauge-bot,chore(etl): update artifacts [skip ci],2026-04-25,2026-04-25T11:43:17.042Z,as_of_utc,52,52,,Hold & Wait,77698.05,v1.1,,,green,true,7,,COMMITTED_CONTEMPORANEOUS_CANDIDATE,ELIGIBLE_SCHEDULED,scheduled_etl,B,UNSELECTED,,UNKNOWN,c29601abff2252a553ef12c5ed843ea705f9956f,h3.1-v1
6737a94cea5a17d440ebdf7009479ea89e417dde,6737a94cea5a17d440ebdf7009479ea89e417dde,55178238f6ed9e5735d954cc525499ecd8aaf437,55178238f6ed9e5735d954cc525499ecd8aaf437,1095549297b6289acd1a71e1c08f43340df7cd4d,,2026-04-26T11:44:33.000Z,ghostgauge-bot,chore(etl): update artifacts [skip ci],2026-04-26,2026-04-26T11:44:30.598Z,as_of_utc,60,60,,Hold & Wait,78103.36,v1.1,,,green,true,7,,COMMITTED_CONTEMPORANEOUS_CANDIDATE,ELIGIBLE_SCHEDULED,scheduled_etl,B,UNSELECTED,,UNKNOWN,c29601abff2252a553ef12c5ed843ea705f9956f,h3.1-v1
87254fa3d33b4022d79a4573476b0f8ade1fe3c7,87254fa3d33b4022d79a4573476b0f8ade1fe3c7,4e21b0b0a90c66d125fabf902d1c7133fb6818e7,4e21b0b0a90c66d125fabf902d1c7133fb6818e7,4924e6d1186ffd180407494845d56fe97a0e1d9b,,2026-04-27T12:22:40.000Z,ghostgauge-bot,chore(etl): update artifacts [skip ci],2026-04-27,2026-04-27T12:22:38.011Z,as_of_utc,60,60,,Hold & Wait,77849.8,v1.1,,,green,true,7,,COMMITTED_CONTEMPORANEOUS_CANDIDATE,ELIGIBLE_SCHEDULED,scheduled_etl,B,UNSELECTED,,UNKNOWN,c29601abff2252a553ef12c5ed843ea705f9956f,h3.1-v1
a497e15640692abea608e06c92ccced2651a993a,a497e15640692abea608e06c92ccced2651a993a,ef117d32322e7a6dd9d2efe43eaf642ed7e009f2,ef117d32322e7a6dd9d2efe43eaf642ed7e009f2,4e21b0b0a90c66d125fabf902d1c7133fb6818e7,,2026-04-28T12:26:23.000Z,ghostgauge-bot,chore(etl): update artifacts [skip ci],2026-04-28,2026-04-28T12:26:21.567Z,as_of_utc,51,51,,Hold & Wait,76217.69,v1.1,,,green,true,7,,COMMITTED_CONTEMPORANEOUS_CANDIDATE,ELIGIBLE_SCHEDULED,scheduled_etl,B,UNSELECTED,,UNKNOWN,c29601abff2252a553ef12c5ed843ea705f9956f,h3.1-v1
bf1b92c932aca2bc6db4c578cb893c547c029e49,bf1b92c932aca2bc6db4c578cb893c547c029e49,cd858b50c5d4e667a0e26d988801108e5d7d46cb,cd858b50c5d4e667a0e26d988801108e5d7d46cb,ef117d32322e7a6dd9d2efe43eaf642ed7e009f2,,2026-04-29T12:20:36.000Z,ghostgauge-bot,chore(etl): update artifacts [skip ci],2026-04-29,2026-04-29T12:20:34.918Z,as_of_utc,60,60,,Hold & Wait,77355.39,v1.1,,,green,true,7,,COMMITTED_CONTEMPORANEOUS_CANDIDATE,ELIGIBLE_SCHEDULED,scheduled_etl,B,UNSELECTED,,UNKNOWN,c29601abff2252a553ef12c5ed843ea705f9956f,h3.1-v1
85db28d5a19acbf670d92267a8fca63186d878c9,85db28d5a19acbf670d92267a8fca63186d878c9,b27ccb7682fb328c406394b1b6ec58b2fd23d4a3,b27ccb7682fb328c406394b1b6ec58b2fd23d4a3,cd858b50c5d4e667a0e26d988801108e5d7d46cb,,2026-04-30T12:18:26.000Z,ghostgauge-bot,chore(etl): update artifacts [skip ci],2026-04-30,2026-04-30T12:18:23.942Z,as_of_utc,53,53,,Hold & Wait,76181.62,v1.1,,,green,true,7,,COMMITTED_CONTEMPORANEOUS_CANDIDATE,ELIGIBLE_SCHEDULED,scheduled_etl,B,UNSELECTED,,UNKNOWN,c29601abff2252a553ef12c5ed843ea705f9956f,h3.1-v1
f836cbb5fdeb47ca299cdab58d3a6af53b76faa1,f836cbb5fdeb47ca299cdab58d3a6af53b76faa1,f8c4222248b0a937e5573dc89658a9e1a140eadc,f8c4222248b0a937e5573dc89658a9e1a140eadc,b27ccb7682fb328c406394b1b6ec58b2fd23d4a3,,2026-05-01T12:03:22.000Z,ghostgauge-bot,chore(etl): update artifacts [skip ci],2026-05-01,2026-05-01T12:03:19.941Z,as_of_utc,61,61,,Hold & Wait,77435.79,v1.1,,,green,true,7,,COMMITTED_CONTEMPORANEOUS_CANDIDATE,ELIGIBLE_SCHEDULED,scheduled_etl,B,UNSELECTED,,UNKNOWN,c29601abff2252a553ef12c5ed843ea705f9956f,h3.1-v1
af65f610708de34797d418be09cdc394f67488ec,af65f610708de34797d418be09cdc394f67488ec,e5c3a15a0a7d1bd5d610624df03c7474b5b1eda8,e5c3a15a0a7d1bd5d610624df03c7474b5b1eda8,f8c4222248b0a937e5573dc89658a9e1a140eadc,,2026-05-02T11:52:01.000Z,ghostgauge-bot,chore(etl): update artifacts [skip ci],2026-05-02,2026-05-02T11:51:59.868Z,as_of_utc,62,62,,Hold & Wait,78102,v1.1,,,green,true,7,,COMMITTED_CONTEMPORANEOUS_CANDIDATE,ELIGIBLE_SCHEDULED,scheduled_etl,B,UNSELECTED,,UNKNOWN,c29601abff2252a553ef12c5ed843ea705f9956f,h3.1-v1
92287c2fd1cca366ac732efd36e644be045021df,92287c2fd1cca366ac732efd36e644be045021df,8b0e47adb60c10ef690948153d7f2a984d26f630,8b0e47adb60c10ef690948153d7f2a984d26f630,e5c3a15a0a7d1bd5d610624df03c7474b5b1eda8,,2026-05-03T11:50:56.000Z,ghostgauge-bot,chore(etl): update artifacts [skip ci],2026-05-03,2026-05-03T11:50:53.866Z,as_of_utc,54,54,,Hold & Wait,78794.01,v1.1,,,green,true,7,,COMMITTED_CONTEMPORANEOUS_CANDIDATE,ELIGIBLE_SCHEDULED,scheduled_etl,B,UNSELECTED,,UNKNOWN,c29601abff2252a553ef12c5ed843ea705f9956f,h3.1-v1
3c3046b81c757a7a1ab68256625dd44f1d0e0ee6,3c3046b81c757a7a1ab68256625dd44f1d0e0ee6,2fd494f8a85ac873292d6a22b13ad29e0db5bf44,2fd494f8a85ac873292d6a22b13ad29e0db5bf44,f39a852ef32b14797653d3c480d61965c475e665,,2026-05-04T12:23:14.000Z,ghostgauge-bot,chore(etl): update artifacts [skip ci],2026-05-04,2026-05-04T12:23:12.943Z,as_of_utc,53,53,,Hold & Wait,78956.51,v1.1,,,green,true,7,,COMMITTED_CONTEMPORANEOUS_CANDIDATE,ELIGIBLE_SCHEDULED,scheduled_etl,B,UNSELECTED,,UNKNOWN,c29601abff2252a553ef12c5ed843ea705f9956f,h3.1-v1
d55274557b3ed1fea7bd9fa62e1bbef879872b4b,d55274557b3ed1fea7bd9fa62e1bbef879872b4b,db1d9921e0fe5b1c2f8d64c5f548883ed67f302c,db1d9921e0fe5b1c2f8d64c5f548883ed67f302c,2fd494f8a85ac873292d6a22b13ad29e0db5bf44,,2026-05-05T12:07:38.000Z,ghostgauge-bot,chore(etl): update artifacts [skip ci],2026-05-05,2026-05-05T12:07:36.276Z,as_of_utc,61,61,,Hold & Wait,81009.95,v1.1,,,green,true,7,,COMMITTED_CONTEMPORANEOUS_CANDIDATE,ELIGIBLE_SCHEDULED,scheduled_etl,B,UNSELECTED,,UNKNOWN,c29601abff2252a553ef12c5ed843ea705f9956f,h3.1-v1
977140dc0debbc6f7ee50560d558f17885f4fd8d,977140dc0debbc6f7ee50560d558f17885f4fd8d,8fac5ed70775af0a7d96d689d30f5672c4525c57,8fac5ed70775af0a7d96d689d30f5672c4525c57,db1d9921e0fe5b1c2f8d64c5f548883ed67f302c,,2026-05-06T12:58:38.000Z,ghostgauge-bot,chore(etl): update artifacts [skip ci],2026-05-06,2026-05-06T12:58:35.906Z,as_of_utc,51,51,,Hold & Wait,82276.36,v1.1,,,green,true,7,,COMMITTED_CONTEMPORANEOUS_CANDIDATE,ELIGIBLE_SCHEDULED,scheduled_etl,B,UNSELECTED,,UNKNOWN,c29601abff2252a553ef12c5ed843ea705f9956f,h3.1-v1
ea29e5c6f64489deec5836e7524a492ae2244ba1,ea29e5c6f64489deec5836e7524a492ae2244ba1,da4616f39d3ccbeb2ec05b1f96c99db7204da395,da4616f39d3ccbeb2ec05b1f96c99db7204da395,8fac5ed70775af0a7d96d689d30f5672c4525c57,,2026-05-07T13:00:17.000Z,ghostgauge-bot,chore(etl): update artifacts [skip ci],2026-05-07,2026-05-07T13:00:09.674Z,as_of_utc,47,47,,Moderate Buying,81171.99,v1.1,,,green,true,7,,COMMITTED_CONTEMPORANEOUS_CANDIDATE,ELIGIBLE_SCHEDULED,scheduled_etl,B,UNSELECTED,,UNKNOWN,c29601abff2252a553ef12c5ed843ea705f9956f,h3.1-v1
7b10d52d09bdc0a1b056c3edd4be9dd3b4582b42,7b10d52d09bdc0a1b056c3edd4be9dd3b4582b42,a2414426b4e55b8ffbda6c7664b6acb82d3244c7,a2414426b4e55b8ffbda6c7664b6acb82d3244c7,05677ca86470dff49619eef4b9366d43c457932b,,2026-05-07T16:24:51.000Z,ghostgauge-bot,chore(etl): update artifacts [skip ci],2026-05-07,2026-05-07T16:24:49.361Z,as_of_utc,47,47,,Moderate Buying,79838.98,v1.1,,,green,true,7,,COMMITTED_CONTEMPORANEOUS_CANDIDATE,ELIGIBLE_SCHEDULED,scheduled_etl,B,UNSELECTED,,UNKNOWN,c29601abff2252a553ef12c5ed843ea705f9956f,h3.1-v1
cb4b8dbbd58c873b5d6f10f5db9284e640ced5b4,cb4b8dbbd58c873b5d6f10f5db9284e640ced5b4,0b12fde149b38f4fbe9134ba52fa27e0793f3284,0b12fde149b38f4fbe9134ba52fa27e0793f3284,f460652c352093ac5c64122eecd50ce3557bf170,,2026-05-07T17:59:54.000Z,ghostgauge-bot,chore(etl): update artifacts [skip ci],2026-05-07,2026-05-07T17:59:51.301Z,as_of_utc,47,47,,Moderate Buying,80076.36,v1.1,,,green,true,7,,COMMITTED_CONTEMPORANEOUS_CANDIDATE,ELIGIBLE_SCHEDULED,scheduled_etl,B,UNSELECTED,,UNKNOWN,c29601abff2252a553ef12c5ed843ea705f9956f,h3.1-v1
b03bc4cc5aaa4b058983d95f581fde162f8b1ed8,b03bc4cc5aaa4b058983d95f581fde162f8b1ed8,63cda212511ce4a362f54bb2e46cd5e3bda59e52,63cda212511ce4a362f54bb2e46cd5e3bda59e52,cbf58d21a54004bb7bceb34ac9acce990a4a3604,,2026-05-07T19:14:13.000Z,ghostgauge-bot,chore(etl): update artifacts [skip ci],2026-05-07,2026-05-07T19:14:10.666Z,as_of_utc,47,47,,Moderate Buying,80142.98,v1.1,,,green,true,7,,COMMITTED_CONTEMPORANEOUS_CANDIDATE,ELIGIBLE_SCHEDULED,scheduled_etl,B,UNSELECTED,,UNKNOWN,c29601abff2252a553ef12c5ed843ea705f9956f,h3.1-v1
55da28d9ab269167b6d53330bd43f7d1f801b759,55da28d9ab269167b6d53330bd43f7d1f801b759,ff1cdd0e7c3668d8ad20610d27d58f380ea2b59e,ff1cdd0e7c3668d8ad20610d27d58f380ea2b59e,dbdb79952bcf723ac86ff6142bf3e5c4ccc5a083,,2026-05-07T20:32:18.000Z,ghostgauge-bot,chore(etl): update artifacts [skip ci],2026-05-07,2026-05-07T20:32:15.274Z,as_of_utc,47,47,,Moderate Buying,80109,v1.1,,,green,true,7,,COMMITTED_CONTEMPORANEOUS_CANDIDATE,ELIGIBLE_SCHEDULED,scheduled_etl,B,UNSELECTED,,UNKNOWN,c29601abff2252a553ef12c5ed843ea705f9956f,h3.1-v1
19b889bde308915e7279ade1df3fbeb5e0bb2571,19b889bde308915e7279ade1df3fbeb5e0bb2571,1e4bce46cc4ec59f4700c911108aa6269740376e,1e4bce46cc4ec59f4700c911108aa6269740376e,a7ca6217d30a683dffdfe4a831361a03a05282bc,,2026-05-07T21:01:33.000Z,ghostgauge-bot,chore(etl): update artifacts [skip ci],2026-05-07,2026-05-07T21:01:30.861Z,as_of_utc,46,46,,Moderate Buying,79887.04,v1.1,,,green,true,7,,COMMITTED_CONTEMPORANEOUS_CANDIDATE,ELIGIBLE_SCHEDULED,scheduled_etl,B,UNSELECTED,,UNKNOWN,c29601abff2252a553ef12c5ed843ea705f9956f,h3.1-v1
883b3a17d41b1d481777dfc636600415c143ce21,883b3a17d41b1d481777dfc636600415c143ce21,e768f9540cda5ff37e62d95a0c44567ab5bad209,e768f9540cda5ff37e62d95a0c44567ab5bad209,bb42b99b0b38e058f694d640daae118a96e1ab0f,,2026-05-07T22:52:36.000Z,ghostgauge-bot,chore(etl): update artifacts [skip ci],2026-05-07,2026-05-07T22:52:34.125Z,as_of_utc,46,46,,Moderate Buying,79890.72,v1.1,,,green,true,7,,COMMITTED_CONTEMPORANEOUS_CANDIDATE,ELIGIBLE_SCHEDULED,scheduled_etl,B,UNSELECTED,,UNKNOWN,c29601abff2252a553ef12c5ed843ea705f9956f,h3.1-v1
58ac7f82ed39a495b96578ce1492a24a46c9c7b4,58ac7f82ed39a495b96578ce1492a24a46c9c7b4,348382d600019f8a0320b4bd950fda20aee3e973,348382d600019f8a0320b4bd950fda20aee3e973,4f77fc0467b439dcd03f9d301ded4bf619e7c921,,2026-05-07T23:19:41.000Z,ghostgauge-bot,chore(etl): update artifacts [skip ci],2026-05-07,2026-05-07T23:19:39.560Z,as_of_utc,46,46,,Moderate Buying,79870.5,v1.1,,,green,true,7,,COMMITTED_CONTEMPORANEOUS_CANDIDATE,ELIGIBLE_SCHEDULED,scheduled_etl,B,UNSELECTED,,UNKNOWN,c29601abff2252a553ef12c5ed843ea705f9956f,h3.1-v1
7aeee427df69540d67649dd1104222427a2208bf,7aeee427df69540d67649dd1104222427a2208bf,1c2e8bc570523135c2c1d08ff673625554658258,1c2e8bc570523135c2c1d08ff673625554658258,d81bf2f0b3a4b406b8e0188cfcbd9a0477305d24,,2026-05-08T15:47:58.000Z,ghostgauge-bot,chore(etl): update artifacts [skip ci],2026-05-08,2026-05-08T15:47:56.343Z,as_of_utc,47,47,,Moderate Buying,79933.79,v1.1,,,green,true,7,,COMMITTED_CONTEMPORANEOUS_CANDIDATE,ELIGIBLE_SCHEDULED,scheduled_etl,B,UNSELECTED,,UNKNOWN,c29601abff2252a553ef12c5ed843ea705f9956f,h3.1-v1
126f9980e35ecf8a4511213a779166b947612dc7,126f9980e35ecf8a4511213a779166b947612dc7,cbe9a4fa77d50b88a4870131cebae7cb3e457ec7,cbe9a4fa77d50b88a4870131cebae7cb3e457ec7,1c2e8bc570523135c2c1d08ff673625554658258,,2026-05-09T11:55:40.000Z,ghostgauge-bot,chore(etl): update artifacts [skip ci],2026-05-09,2026-05-09T11:55:39.006Z,as_of_utc,49,49,,Moderate Buying,80330.73,v1.1,,,green,true,7,,COMMITTED_CONTEMPORANEOUS_CANDIDATE,ELIGIBLE_SCHEDULED,scheduled_etl,B,UNSELECTED,,UNKNOWN,c29601abff2252a553ef12c5ed843ea705f9956f,h3.1-v1
38f800fc53f934d82c6fe0b59de06db9fd96faff,38f800fc53f934d82c6fe0b59de06db9fd96faff,2bca48bd80f2766d0c0e0c3726d29a53dd6ea614,2bca48bd80f2766d0c0e0c3726d29a53dd6ea614,cbe9a4fa77d50b88a4870131cebae7cb3e457ec7,,2026-05-10T11:58:04.000Z,ghostgauge-bot,chore(etl): update artifacts [skip ci],2026-05-10,2026-05-10T11:58:01.675Z,as_of_utc,51,51,,Hold & Wait,80815.93,v1.1,,,green,true,7,,COMMITTED_CONTEMPORANEOUS_CANDIDATE,ELIGIBLE_SCHEDULED,scheduled_etl,B,UNSELECTED,,UNKNOWN,c29601abff2252a553ef12c5ed843ea705f9956f,h3.1-v1
194c20550576fcb303afa66b5450071513383280,194c20550576fcb303afa66b5450071513383280,80619cf7f5ecd1a53dd99d8f40e87f28292b1db8,80619cf7f5ecd1a53dd99d8f40e87f28292b1db8,33d26c1a903af664cb8815025fd30b946ef285f0,,2026-05-11T13:50:28.000Z,ghostgauge-bot,chore(etl): update artifacts [skip ci],2026-05-11,2026-05-11T13:50:25.705Z,as_of_utc,52,52,,Hold & Wait,80985.83,v1.1,,,green,true,7,,COMMITTED_CONTEMPORANEOUS_CANDIDATE,ELIGIBLE_SCHEDULED,scheduled_etl,B,UNSELECTED,,UNKNOWN,c29601abff2252a553ef12c5ed843ea705f9956f,h3.1-v1
94607419d842d88ec59cbea6dd5d25819b956a0a,94607419d842d88ec59cbea6dd5d25819b956a0a,f47621e34ed4a139b6b441ce38067f528dced44a,f47621e34ed4a139b6b441ce38067f528dced44a,80619cf7f5ecd1a53dd99d8f40e87f28292b1db8,,2026-05-12T13:08:50.000Z,ghostgauge-bot,chore(etl): update artifacts [skip ci],2026-05-12,2026-05-12T13:08:47.851Z,as_of_utc,54,54,,Hold & Wait,80885.23,v1.1,,,green,true,7,,COMMITTED_CONTEMPORANEOUS_CANDIDATE,ELIGIBLE_SCHEDULED,scheduled_etl,B,UNSELECTED,,UNKNOWN,c29601abff2252a553ef12c5ed843ea705f9956f,h3.1-v1
a8ef8376188abb532beed8680e25e237edee91b1,a8ef8376188abb532beed8680e25e237edee91b1,42b38dec08670bc5a1a4165908d9b0a8f0384bf7,42b38dec08670bc5a1a4165908d9b0a8f0384bf7,f47621e34ed4a139b6b441ce38067f528dced44a,,2026-05-13T13:21:34.000Z,ghostgauge-bot,chore(etl): update artifacts [skip ci],2026-05-13,2026-05-13T13:21:31.784Z,as_of_utc,56,56,,Hold & Wait,80260.12,v1.1,,,green,true,7,,COMMITTED_CONTEMPORANEOUS_CANDIDATE,ELIGIBLE_SCHEDULED,scheduled_etl,B,UNSELECTED,,UNKNOWN,c29601abff2252a553ef12c5ed843ea705f9956f,h3.1-v1
41f2d198a492997f13aaf11ce3c756c685f3aa38,41f2d198a492997f13aaf11ce3c756c685f3aa38,559e1c9dbf94fbc8719ad40d25fb80dcf04abe81,559e1c9dbf94fbc8719ad40d25fb80dcf04abe81,42b38dec08670bc5a1a4165908d9b0a8f0384bf7,,2026-05-14T12:57:46.000Z,ghostgauge-bot,chore(etl): update artifacts [skip ci],2026-05-14,2026-05-14T12:57:44.285Z,as_of_utc,56,56,,Hold & Wait,79726,v1.1,,,green,true,7,,COMMITTED_CONTEMPORANEOUS_CANDIDATE,ELIGIBLE_SCHEDULED,scheduled_etl,B,UNSELECTED,,UNKNOWN,c29601abff2252a553ef12c5ed843ea705f9956f,h3.1-v1
9784ad6426b88b5526058c1d062fae4da747c271,9784ad6426b88b5526058c1d062fae4da747c271,c904b8a475706ae9847a2329aebc08b0aca1ffe4,c904b8a475706ae9847a2329aebc08b0aca1ffe4,559e1c9dbf94fbc8719ad40d25fb80dcf04abe81,,2026-05-15T12:59:13.000Z,ghostgauge-bot,chore(etl): update artifacts [skip ci],2026-05-15,2026-05-15T12:59:11.461Z,as_of_utc,56,56,,Hold & Wait,80370.39,v1.1,,,green,true,7,,COMMITTED_CONTEMPORANEOUS_CANDIDATE,ELIGIBLE_SCHEDULED,scheduled_etl,B,UNSELECTED,,UNKNOWN,c29601abff2252a553ef12c5ed843ea705f9956f,h3.1-v1
ee1e50230dea420f54b5b53a2fe83ff4c5cd971d,ee1e50230dea420f54b5b53a2fe83ff4c5cd971d,168052e455e156fbfa14599a1a1c6b6dd71e37d7,168052e455e156fbfa14599a1a1c6b6dd71e37d7,c904b8a475706ae9847a2329aebc08b0aca1ffe4,,2026-05-16T11:56:33.000Z,ghostgauge-bot,chore(etl): update artifacts [skip ci],2026-05-16,2026-05-16T11:56:31.013Z,as_of_utc,56,56,,Hold & Wait,78064.2,v1.1,,,green,true,7,,COMMITTED_CONTEMPORANEOUS_CANDIDATE,ELIGIBLE_SCHEDULED,scheduled_etl,B,UNSELECTED,,UNKNOWN,c29601abff2252a553ef12c5ed843ea705f9956f,h3.1-v1
283eca3fb47ceabfdbde3de0847d631609b31738,283eca3fb47ceabfdbde3de0847d631609b31738,655abbceaaa82c9dfaba348648d0a4f270a4318b,655abbceaaa82c9dfaba348648d0a4f270a4318b,168052e455e156fbfa14599a1a1c6b6dd71e37d7,,2026-05-17T12:02:43.000Z,ghostgauge-bot,chore(etl): update artifacts [skip ci],2026-05-17,2026-05-17T12:02:39.090Z,as_of_utc,57,57,,Hold & Wait,78387.15,v1.1,,,green,true,7,,COMMITTED_CONTEMPORANEOUS_CANDIDATE,ELIGIBLE_SCHEDULED,scheduled_etl,B,UNSELECTED,,UNKNOWN,c29601abff2252a553ef12c5ed843ea705f9956f,h3.1-v1
7476f7ab2c37338b1b339121e3ef384b5f372739,7476f7ab2c37338b1b339121e3ef384b5f372739,8819d7917aa575765346beff793deb4624b31691,8819d7917aa575765346beff793deb4624b31691,a95512777a84af68d804d59e65bce9cc662f14e7,,2026-05-18T14:34:17.000Z,ghostgauge-bot,chore(etl): update artifacts [skip ci],2026-05-18,2026-05-18T14:34:15.352Z,as_of_utc,58,58,,Hold & Wait,76427.99,v1.1,,,green,true,7,,COMMITTED_CONTEMPORANEOUS_CANDIDATE,ELIGIBLE_SCHEDULED,scheduled_etl,B,UNSELECTED,,UNKNOWN,c29601abff2252a553ef12c5ed843ea705f9956f,h3.1-v1
af3e6d196ec4e7803c849d56ec998a95847aa2c7,af3e6d196ec4e7803c849d56ec998a95847aa2c7,191b93cc77b34d97ad9337e1e59a76760e4e40bf,191b93cc77b34d97ad9337e1e59a76760e4e40bf,8819d7917aa575765346beff793deb4624b31691,,2026-05-19T13:57:12.000Z,ghostgauge-bot,chore(etl): update artifacts [skip ci],2026-05-19,2026-05-19T13:57:09.956Z,as_of_utc,62,62,,Hold & Wait,76907.25,v1.1,,,green,true,7,,COMMITTED_CONTEMPORANEOUS_CANDIDATE,ELIGIBLE_SCHEDULED,scheduled_etl,B,UNSELECTED,,UNKNOWN,c29601abff2252a553ef12c5ed843ea705f9956f,h3.1-v1
7a03f5fc5eee7fc9d2f9f218aeefde7db303eb42,7a03f5fc5eee7fc9d2f9f218aeefde7db303eb42,fae4b4fe9622ca3b25103476a69bb4decb937388,fae4b4fe9622ca3b25103476a69bb4decb937388,191b93cc77b34d97ad9337e1e59a76760e4e40bf,,2026-05-20T13:44:22.000Z,ghostgauge-bot,chore(etl): update artifacts [skip ci],2026-05-20,2026-05-20T13:44:20.731Z,as_of_utc,62,62,,Hold & Wait,76937.96,v1.1,,,green,true,7,,COMMITTED_CONTEMPORANEOUS_CANDIDATE,ELIGIBLE_SCHEDULED,scheduled_etl,B,UNSELECTED,,UNKNOWN,c29601abff2252a553ef12c5ed843ea705f9956f,h3.1-v1
f113f46a601932e8184998026d2d324762c6e004,f113f46a601932e8184998026d2d324762c6e004,3161ef9e407ccf0acc80a4a16b08b2239a1ad73b,3161ef9e407ccf0acc80a4a16b08b2239a1ad73b,fae4b4fe9622ca3b25103476a69bb4decb937388,,2026-05-21T14:16:19.000Z,ghostgauge-bot,chore(etl): update artifacts [skip ci],2026-05-21,2026-05-21T14:16:17.672Z,as_of_utc,61,61,,Hold & Wait,77006.99,v1.1,,,green,true,7,,COMMITTED_CONTEMPORANEOUS_CANDIDATE,ELIGIBLE_SCHEDULED,scheduled_etl,B,UNSELECTED,,UNKNOWN,c29601abff2252a553ef12c5ed843ea705f9956f,h3.1-v1
6d24c15d289d6fc9618a83d94350f9a2e2414959,6d24c15d289d6fc9618a83d94350f9a2e2414959,dd6af4ac0ea508e7074e6f390039232ae34f573a,dd6af4ac0ea508e7074e6f390039232ae34f573a,78d1b1ad144a9b71fdb130ad31106659e6bc96dd,,2026-05-22T13:34:19.000Z,ghostgauge-bot,chore(etl): update artifacts [skip ci],2026-05-22,2026-05-22T13:34:16.313Z,as_of_utc,60,60,,Hold & Wait,77187.76,v1.1,,,green,true,7,,COMMITTED_CONTEMPORANEOUS_CANDIDATE,ELIGIBLE_SCHEDULED,scheduled_etl,B,UNSELECTED,,UNKNOWN,c29601abff2252a553ef12c5ed843ea705f9956f,h3.1-v1
2d6c3bbb1d13be7da9688199d41c775dc4fdf184,2d6c3bbb1d13be7da9688199d41c775dc4fdf184,040a5f0c2b5823989f1332a3bfb922c9d8a02815,040a5f0c2b5823989f1332a3bfb922c9d8a02815,dd6af4ac0ea508e7074e6f390039232ae34f573a,,2026-05-23T12:03:17.000Z,ghostgauge-bot,chore(etl): update artifacts [skip ci],2026-05-23,2026-05-23T12:03:14.447Z,as_of_utc,58,58,,Hold & Wait,74702.59,v1.1,,,green,true,7,,COMMITTED_CONTEMPORANEOUS_CANDIDATE,ELIGIBLE_SCHEDULED,scheduled_etl,B,UNSELECTED,,UNKNOWN,c29601abff2252a553ef12c5ed843ea705f9956f,h3.1-v1
9b92502ff96e63da4059c37fcc2c7e2d89248c2c,9b92502ff96e63da4059c37fcc2c7e2d89248c2c,f7c4f67cf233aaffd44802ecd2c6295ace1c8ad4,f7c4f67cf233aaffd44802ecd2c6295ace1c8ad4,040a5f0c2b5823989f1332a3bfb922c9d8a02815,,2026-05-24T12:04:42.000Z,ghostgauge-bot,chore(etl): update artifacts [skip ci],2026-05-24,2026-05-24T12:04:40.538Z,as_of_utc,58,58,,Hold & Wait,77159.36,v1.1,,,green,true,7,,COMMITTED_CONTEMPORANEOUS_CANDIDATE,ELIGIBLE_SCHEDULED,scheduled_etl,B,UNSELECTED,,UNKNOWN,c29601abff2252a553ef12c5ed843ea705f9956f,h3.1-v1
a78c4e34f1b984e08448c97d50cf39318c1719f3,a78c4e34f1b984e08448c97d50cf39318c1719f3,b333e3221c872d1835058d5c6ce793c366dd6a74,b333e3221c872d1835058d5c6ce793c366dd6a74,f79e9dd68a4ac67c40a462b9479cf0804be3e610,,2026-05-26T13:57:26.000Z,ghostgauge-bot,chore(etl): update artifacts [skip ci],2026-05-26,2026-05-26T13:57:24.837Z,as_of_utc,57,57,,Hold & Wait,77242.39,v1.1,,,green,true,7,,COMMITTED_CONTEMPORANEOUS_CANDIDATE,ELIGIBLE_SCHEDULED,scheduled_etl,B,UNSELECTED,,UNKNOWN,c29601abff2252a553ef12c5ed843ea705f9956f,h3.1-v1
8e3471166822119b7d78fe90b1de1b6d87b60815,8e3471166822119b7d78fe90b1de1b6d87b60815,7b88b7fb82cdf7c9df96efc2db209b2c00f84d9a,7b88b7fb82cdf7c9df96efc2db209b2c00f84d9a,b333e3221c872d1835058d5c6ce793c366dd6a74,,2026-05-27T14:30:49.000Z,ghostgauge-bot,chore(etl): update artifacts [skip ci],2026-05-27,2026-05-27T14:30:46.512Z,as_of_utc,57,57,,Hold & Wait,74694.95,v1.1,,,green,true,7,,COMMITTED_CONTEMPORANEOUS_CANDIDATE,ELIGIBLE_SCHEDULED,scheduled_etl,B,UNSELECTED,,UNKNOWN,c29601abff2252a553ef12c5ed843ea705f9956f,h3.1-v1
c9a92c4777b61ab69267ed948d7a3fba83af40f2,c9a92c4777b61ab69267ed948d7a3fba83af40f2,fb6df29dab40f1ce6102135e50d18d8b501977cf,fb6df29dab40f1ce6102135e50d18d8b501977cf,7b88b7fb82cdf7c9df96efc2db209b2c00f84d9a,,2026-05-28T14:40:44.000Z,ghostgauge-bot,chore(etl): update artifacts [skip ci],2026-05-28,2026-05-28T14:40:42.128Z,as_of_utc,55,55,,Hold & Wait,72818.68,v1.1,,,green,true,7,,COMMITTED_CONTEMPORANEOUS_CANDIDATE,ELIGIBLE_SCHEDULED,scheduled_etl,B,UNSELECTED,,UNKNOWN,c29601abff2252a553ef12c5ed843ea705f9956f,h3.1-v1
3c41ebd3d92ff6b6e9648953a2c4a421035087be,3c41ebd3d92ff6b6e9648953a2c4a421035087be,6b02b3b5c89afe73f223758aa64fa4750ce8bc1d,6b02b3b5c89afe73f223758aa64fa4750ce8bc1d,fb6df29dab40f1ce6102135e50d18d8b501977cf,,2026-05-29T14:12:00.000Z,ghostgauge-bot,chore(etl): update artifacts [skip ci],2026-05-29,2026-05-29T14:11:58.353Z,as_of_utc,55,55,,Hold & Wait,72834.91,v1.1,,,green,true,7,,COMMITTED_CONTEMPORANEOUS_CANDIDATE,ELIGIBLE_SCHEDULED,scheduled_etl,B,UNSELECTED,,UNKNOWN,c29601abff2252a553ef12c5ed843ea705f9956f,h3.1-v1
19482a0e38b6db393161bc99392833c7a63fb9ee,19482a0e38b6db393161bc99392833c7a63fb9ee,a39ebe027954166bd5a27f6804101de6052c3f1a,a39ebe027954166bd5a27f6804101de6052c3f1a,6b02b3b5c89afe73f223758aa64fa4750ce8bc1d,,2026-05-30T12:07:32.000Z,ghostgauge-bot,chore(etl): update artifacts [skip ci],2026-05-30,2026-05-30T12:07:29.319Z,as_of_utc,54,54,,Hold & Wait,73499.55,v1.1,,,green,true,7,,COMMITTED_CONTEMPORANEOUS_CANDIDATE,ELIGIBLE_SCHEDULED,scheduled_etl,B,UNSELECTED,,UNKNOWN,c29601abff2252a553ef12c5ed843ea705f9956f,h3.1-v1
22d217f7d0f61e0822332c158a9b0a8be95a4a7a,22d217f7d0f61e0822332c158a9b0a8be95a4a7a,5ffe778a07caa16f78bea957ac108d18e5584793,5ffe778a07caa16f78bea957ac108d18e5584793,a39ebe027954166bd5a27f6804101de6052c3f1a,,2026-05-31T12:15:13.000Z,ghostgauge-bot,chore(etl): update artifacts [skip ci],2026-05-31,2026-05-31T12:15:10.284Z,as_of_utc,55,55,,Hold & Wait,73799.94,v1.1,,,green,true,7,,COMMITTED_CONTEMPORANEOUS_CANDIDATE,ELIGIBLE_SCHEDULED,scheduled_etl,B,UNSELECTED,,UNKNOWN,c29601abff2252a553ef12c5ed843ea705f9956f,h3.1-v1
052caf7e576dbed2e8ae3a987675a1fe221e30d0,052caf7e576dbed2e8ae3a987675a1fe221e30d0,7eab77b851618173441b941460427aecc4b33791,7eab77b851618173441b941460427aecc4b33791,c114e3a99962773752f37df9f64b87b36384c35a,,2026-06-02T16:14:50.000Z,ghostgauge-bot,chore(etl): update artifacts [skip ci],2026-06-02,2026-06-02T16:14:47.872Z,as_of_utc,57,57,,Hold & Wait,67775.7,v1.1,,,green,true,7,,COMMITTED_CONTEMPORANEOUS_CANDIDATE,ELIGIBLE_SCHEDULED,scheduled_etl,B,UNSELECTED,,UNKNOWN,c29601abff2252a553ef12c5ed843ea705f9956f,h3.1-v1
3a087fbe563e6168df9930d68a28af8abb425229,3a087fbe563e6168df9930d68a28af8abb425229,89ea64de84500ccb81fa285e132bbf836a47aeb8,89ea64de84500ccb81fa285e132bbf836a47aeb8,7eab77b851618173441b941460427aecc4b33791,,2026-06-03T15:49:56.000Z,ghostgauge-bot,chore(etl): update artifacts [skip ci],2026-06-03,2026-06-03T15:49:54.228Z,as_of_utc,57,57,,Hold & Wait,66100.92,v1.1,,,green,true,7,,COMMITTED_CONTEMPORANEOUS_CANDIDATE,ELIGIBLE_SCHEDULED,scheduled_etl,B,UNSELECTED,,UNKNOWN,c29601abff2252a553ef12c5ed843ea705f9956f,h3.1-v1
907005e1a8c4eb9f78bb9cfa159f1aa6d89a03da,907005e1a8c4eb9f78bb9cfa159f1aa6d89a03da,9652d2599d6e890754a98502534ff348a0b293a6,9652d2599d6e890754a98502534ff348a0b293a6,89ea64de84500ccb81fa285e132bbf836a47aeb8,,2026-06-04T14:07:21.000Z,ghostgauge-bot,chore(etl): update artifacts [skip ci],2026-06-04,2026-06-04T14:07:18.662Z,as_of_utc,57,57,,Hold & Wait,64104.72,v1.1,,,green,true,7,,COMMITTED_CONTEMPORANEOUS_CANDIDATE,ELIGIBLE_SCHEDULED,scheduled_etl,B,UNSELECTED,,UNKNOWN,c29601abff2252a553ef12c5ed843ea705f9956f,h3.1-v1
2a5ce7130202f663e54277212f24fd010f4a670a,2a5ce7130202f663e54277212f24fd010f4a670a,3da679bb5bc36b1b4a0eb9fa47bc58706d8e240f,3da679bb5bc36b1b4a0eb9fa47bc58706d8e240f,9652d2599d6e890754a98502534ff348a0b293a6,,2026-06-05T13:55:06.000Z,ghostgauge-bot,chore(etl): update artifacts [skip ci],2026-06-05,2026-06-05T13:55:03.758Z,as_of_utc,56,56,,Hold & Wait,61060.32,v1.1,,,green,true,7,,COMMITTED_CONTEMPORANEOUS_CANDIDATE,ELIGIBLE_SCHEDULED,scheduled_etl,B,UNSELECTED,,UNKNOWN,c29601abff2252a553ef12c5ed843ea705f9956f,h3.1-v1
acc0a9424c18571050320f502e22c0447c25a1ad,acc0a9424c18571050320f502e22c0447c25a1ad,192e5161c4d9547bd23cc08d9e60394e66e5ad64,192e5161c4d9547bd23cc08d9e60394e66e5ad64,3da679bb5bc36b1b4a0eb9fa47bc58706d8e240f,,2026-06-06T12:10:31.000Z,ghostgauge-bot,chore(etl): update artifacts [skip ci],2026-06-06,2026-06-06T12:10:29.091Z,as_of_utc,58,58,,Hold & Wait,61056,v1.1,,,green,true,7,,COMMITTED_CONTEMPORANEOUS_CANDIDATE,ELIGIBLE_SCHEDULED,scheduled_etl,B,UNSELECTED,,UNKNOWN,c29601abff2252a553ef12c5ed843ea705f9956f,h3.1-v1
030d4cfcaa58bb9f0cb2e279fe5ec9a4d9b8ed1e,030d4cfcaa58bb9f0cb2e279fe5ec9a4d9b8ed1e,728d27d742b19aab6a4a22386ca18e133a534a12,728d27d742b19aab6a4a22386ca18e133a534a12,192e5161c4d9547bd23cc08d9e60394e66e5ad64,,2026-06-07T12:24:28.000Z,ghostgauge-bot,chore(etl): update artifacts [skip ci],2026-06-07,2026-06-07T12:24:26.089Z,as_of_utc,58,58,,Hold & Wait,61991.93,v1.1,,,green,true,7,,COMMITTED_CONTEMPORANEOUS_CANDIDATE,ELIGIBLE_SCHEDULED,scheduled_etl,B,UNSELECTED,,UNKNOWN,c29601abff2252a553ef12c5ed843ea705f9956f,h3.1-v1
f3d3f2ad182d8c7c5456dbbc559fa66043aef02c,f3d3f2ad182d8c7c5456dbbc559fa66043aef02c,61c120879725de6d1bc914259ce30201b0717e36,61c120879725de6d1bc914259ce30201b0717e36,dfa3c4dfd16df3778b39c3ee2f25dce7c1173423,,2026-06-08T14:51:13.000Z,ghostgauge-bot,chore(etl): update artifacts [skip ci],2026-06-08,2026-06-08T14:51:11.473Z,as_of_utc,60,60,,Hold & Wait,63854.39,v1.1,,,green,true,7,,COMMITTED_CONTEMPORANEOUS_CANDIDATE,ELIGIBLE_SCHEDULED,scheduled_etl,B,UNSELECTED,,UNKNOWN,c29601abff2252a553ef12c5ed843ea705f9956f,h3.1-v1
d45476ab27ee696d0e0c5fbbed3db772c3db0462,d45476ab27ee696d0e0c5fbbed3db772c3db0462,9934fc9aca43f10397c2673493c833a680b99671,9934fc9aca43f10397c2673493c833a680b99671,61c120879725de6d1bc914259ce30201b0717e36,,2026-06-09T13:46:45.000Z,ghostgauge-bot,chore(etl): update artifacts [skip ci],2026-06-09,2026-06-09T13:46:42.888Z,as_of_utc,61,61,,Hold & Wait,62377.78,v1.1,,,green,true,7,,COMMITTED_CONTEMPORANEOUS_CANDIDATE,ELIGIBLE_SCHEDULED,scheduled_etl,B,UNSELECTED,,UNKNOWN,c29601abff2252a553ef12c5ed843ea705f9956f,h3.1-v1
354239c871ec57983c1cc2004476c83526593cc4,354239c871ec57983c1cc2004476c83526593cc4,48c8ca17c10569c9d301d77bd660e4827c601c05,48c8ca17c10569c9d301d77bd660e4827c601c05,7474a5cf3bffe8f90fc9672fbfcdc3eb863217cd,,2026-06-10T14:04:51.000Z,ghostgauge-bot,chore(etl): update artifacts [skip ci],2026-06-10,2026-06-10T14:04:48.919Z,as_of_utc,62,62,,Hold & Wait,62118.5,v1.1,,,green,true,7,,COMMITTED_CONTEMPORANEOUS_CANDIDATE,ELIGIBLE_SCHEDULED,scheduled_etl,B,UNSELECTED,,UNKNOWN,c29601abff2252a553ef12c5ed843ea705f9956f,h3.1-v1
f66e9da6504e58b3a564a4c8be63fecfc4e220dc,f66e9da6504e58b3a564a4c8be63fecfc4e220dc,852b688c764cf5527b15222bc33cadc2e99972bc,852b688c764cf5527b15222bc33cadc2e99972bc,48c8ca17c10569c9d301d77bd660e4827c601c05,,2026-06-10T14:25:57.000Z,ghostgauge-bot,chore(etl): update artifacts [skip ci],2026-06-10,2026-06-10T14:25:54.894Z,as_of_utc,62,62,,Hold & Wait,61945.02,v1.1,,,green,true,7,,COMMITTED_CONTEMPORANEOUS_CANDIDATE,ELIGIBLE_SCHEDULED,scheduled_etl,B,UNSELECTED,,UNKNOWN,c29601abff2252a553ef12c5ed843ea705f9956f,h3.1-v1
dd14e52fcadc94825b408c497141fa30ce37b239,dd14e52fcadc94825b408c497141fa30ce37b239,ea442d9e9f3d1c1589b618fab645d1ecc801f853,ea442d9e9f3d1c1589b618fab645d1ecc801f853,852b688c764cf5527b15222bc33cadc2e99972bc,,2026-06-11T14:43:47.000Z,ghostgauge-bot,chore(etl): update artifacts [skip ci],2026-06-11,2026-06-11T14:43:44.619Z,as_of_utc,62,62,,Hold & Wait,62810.75,v1.1,,,green,true,7,,COMMITTED_CONTEMPORANEOUS_CANDIDATE,ELIGIBLE_SCHEDULED,scheduled_etl,B,UNSELECTED,,UNKNOWN,c29601abff2252a553ef12c5ed843ea705f9956f,h3.1-v1
b7095deab742640eab0977b4c1e4612b96649a46,b7095deab742640eab0977b4c1e4612b96649a46,1dba207eb360b3df353901752a60866df3ebdff1,1dba207eb360b3df353901752a60866df3ebdff1,ea442d9e9f3d1c1589b618fab645d1ecc801f853,,2026-06-12T14:12:27.000Z,ghostgauge-bot,chore(etl): update artifacts [skip ci],2026-06-12,2026-06-12T14:12:25.912Z,as_of_utc,60,60,,Hold & Wait,63354.96,v1.1,,,green,true,7,,COMMITTED_CONTEMPORANEOUS_CANDIDATE,ELIGIBLE_SCHEDULED,scheduled_etl,B,UNSELECTED,,UNKNOWN,c29601abff2252a553ef12c5ed843ea705f9956f,h3.1-v1
94bf2f660d7949f06893c2471b04553f0cf9b766,94bf2f660d7949f06893c2471b04553f0cf9b766,02787e6f8b399eddd43a3bd16acc9ce410da1b28,02787e6f8b399eddd43a3bd16acc9ce410da1b28,1dba207eb360b3df353901752a60866df3ebdff1,,2026-06-13T12:54:07.000Z,ghostgauge-bot,chore(etl): update artifacts [skip ci],2026-06-13,2026-06-13T12:54:05.297Z,as_of_utc,60,60,,Hold & Wait,64045.62,v1.1,,,green,true,7,,COMMITTED_CONTEMPORANEOUS_CANDIDATE,ELIGIBLE_SCHEDULED,scheduled_etl,B,UNSELECTED,,UNKNOWN,c29601abff2252a553ef12c5ed843ea705f9956f,h3.1-v1
1660484c0044955ab109e285d50d5a7f9315d5f0,1660484c0044955ab109e285d50d5a7f9315d5f0,013be594022ce0a20ba9e3cdc58ba34e258ede77,013be594022ce0a20ba9e3cdc58ba34e258ede77,02787e6f8b399eddd43a3bd16acc9ce410da1b28,,2026-06-14T13:01:54.000Z,ghostgauge-bot,chore(etl): update artifacts [skip ci],2026-06-14,2026-06-14T13:01:52.216Z,as_of_utc,59,59,,Hold & Wait,64294.23,v1.1,,,green,true,7,,COMMITTED_CONTEMPORANEOUS_CANDIDATE,ELIGIBLE_SCHEDULED,scheduled_etl,B,UNSELECTED,,UNKNOWN,c29601abff2252a553ef12c5ed843ea705f9956f,h3.1-v1
c053ca8c33e4ffb9654ecb55253d23a4f9e8ca6c,c053ca8c33e4ffb9654ecb55253d23a4f9e8ca6c,e699a4ed89ecd7fa8d645764d738dd3678b2bcb2,e699a4ed89ecd7fa8d645764d738dd3678b2bcb2,edaab14c4c9a97966fd9d707037488ac25063074,,2026-06-15T16:20:17.000Z,ghostgauge-bot,chore(etl): update artifacts [skip ci],2026-06-15,2026-06-15T16:20:14.508Z,as_of_utc,59,59,,Hold & Wait,67089.09,v1.1,,,green,true,7,,COMMITTED_CONTEMPORANEOUS_CANDIDATE,ELIGIBLE_SCHEDULED,scheduled_etl,B,UNSELECTED,,UNKNOWN,c29601abff2252a553ef12c5ed843ea705f9956f,h3.1-v1
aed85f8eeb1316d5642ec06bee5aca6be6a2fa84,aed85f8eeb1316d5642ec06bee5aca6be6a2fa84,e10d7083a7efa6befec202680fb736f30c02327a,e10d7083a7efa6befec202680fb736f30c02327a,e699a4ed89ecd7fa8d645764d738dd3678b2bcb2,,2026-06-16T16:01:26.000Z,ghostgauge-bot,chore(etl): update artifacts [skip ci],2026-06-16,2026-06-16T16:01:24.168Z,as_of_utc,57,57,,Hold & Wait,65837.01,v1.1,,,green,true,7,,COMMITTED_CONTEMPORANEOUS_CANDIDATE,ELIGIBLE_SCHEDULED,scheduled_etl,B,UNSELECTED,,UNKNOWN,c29601abff2252a553ef12c5ed843ea705f9956f,h3.1-v1
a1b5d8023ab9c38c5f9ef5cca6be8dc89858eda1,a1b5d8023ab9c38c5f9ef5cca6be8dc89858eda1,113e97ec7d417a00a4c2631a9f7486a96b832a47,113e97ec7d417a00a4c2631a9f7486a96b832a47,e10d7083a7efa6befec202680fb736f30c02327a,,2026-06-17T14:28:15.000Z,ghostgauge-bot,chore(etl): update artifacts [skip ci],2026-06-17,2026-06-17T14:28:13.690Z,as_of_utc,55,55,,Hold & Wait,65117.98,v1.1,,,green,true,7,,COMMITTED_CONTEMPORANEOUS_CANDIDATE,ELIGIBLE_SCHEDULED,scheduled_etl,B,UNSELECTED,,UNKNOWN,c29601abff2252a553ef12c5ed843ea705f9956f,h3.1-v1
3f64c8a4f5bfbf55113e04a6f762384ad2393aae,3f64c8a4f5bfbf55113e04a6f762384ad2393aae,8078c9af7079e2d12418cef83528df9e2f06d160,8078c9af7079e2d12418cef83528df9e2f06d160,113e97ec7d417a00a4c2631a9f7486a96b832a47,,2026-06-18T14:14:51.000Z,ghostgauge-bot,chore(etl): update artifacts [skip ci],2026-06-18,2026-06-18T14:14:49.315Z,as_of_utc,55,55,,Hold & Wait,63679.99,v1.1,,,green,true,7,,COMMITTED_CONTEMPORANEOUS_CANDIDATE,ELIGIBLE_SCHEDULED,scheduled_etl,B,UNSELECTED,,UNKNOWN,c29601abff2252a553ef12c5ed843ea705f9956f,h3.1-v1
661d551b0722e08aab71cd216487a20f8d6f9fc1,661d551b0722e08aab71cd216487a20f8d6f9fc1,2ec5b24cb09f1a168a1ab87e127d716af612e314,2ec5b24cb09f1a168a1ab87e127d716af612e314,8078c9af7079e2d12418cef83528df9e2f06d160,,2026-06-19T14:15:17.000Z,ghostgauge-bot,chore(etl): update artifacts [skip ci],2026-06-19,2026-06-19T14:15:14.758Z,as_of_utc,56,56,,Hold & Wait,63012.85,v1.1,,,green,true,7,,COMMITTED_CONTEMPORANEOUS_CANDIDATE,ELIGIBLE_SCHEDULED,scheduled_etl,B,UNSELECTED,,UNKNOWN,c29601abff2252a553ef12c5ed843ea705f9956f,h3.1-v1
ab0dd0798b6739d880d16c96e68e0733275e0697,ab0dd0798b6739d880d16c96e68e0733275e0697,9a0bb189ec6d1a8f88afec38f346b4fb0ec87c9e,9a0bb189ec6d1a8f88afec38f346b4fb0ec87c9e,b23b331864b3ce194dab3563c691a81ee0518985,,2026-06-21T14:55:28.000Z,ghostgauge-bot,chore(etl): update artifacts [skip ci],2026-06-21,2026-06-21T14:55:25.525Z,as_of_utc,58,58,,Hold & Wait,64006.2,v1.1,,,green,true,7,,COMMITTED_CONTEMPORANEOUS_CANDIDATE,ELIGIBLE_SCHEDULED,scheduled_etl,B,UNSELECTED,,UNKNOWN,c29601abff2252a553ef12c5ed843ea705f9956f,h3.1-v1
b5eda7f17ba2eb4c153163dfd874287933098561,b5eda7f17ba2eb4c153163dfd874287933098561,d76f8a6b1c82eea4475aea2ff595c708589ecffa,d76f8a6b1c82eea4475aea2ff595c708589ecffa,9a0bb189ec6d1a8f88afec38f346b4fb0ec87c9e,,2026-06-22T15:58:07.000Z,ghostgauge-bot,chore(etl): update artifacts [skip ci],2026-06-22,2026-06-22T15:58:04.659Z,as_of_utc,58,58,,Hold & Wait,64691.58,v1.1,,,green,true,7,,COMMITTED_CONTEMPORANEOUS_CANDIDATE,ELIGIBLE_SCHEDULED,scheduled_etl,B,UNSELECTED,,UNKNOWN,c29601abff2252a553ef12c5ed843ea705f9956f,h3.1-v1
2b144e089d1f245ace7f161c1b8bfaad4833dac3,2b144e089d1f245ace7f161c1b8bfaad4833dac3,d733a4f7fb7955d1f858d800a2be9e5941076603,d733a4f7fb7955d1f858d800a2be9e5941076603,d76f8a6b1c82eea4475aea2ff595c708589ecffa,,2026-06-23T13:45:00.000Z,ghostgauge-bot,chore(etl): update artifacts [skip ci],2026-06-23,2026-06-23T13:44:57.648Z,as_of_utc,56,56,,Hold & Wait,62266.47,v1.1,,,green,true,7,,COMMITTED_CONTEMPORANEOUS_CANDIDATE,ELIGIBLE_SCHEDULED,scheduled_etl,B,UNSELECTED,,UNKNOWN,c29601abff2252a553ef12c5ed843ea705f9956f,h3.1-v1
d1f3ac1b35ba82f1ac5d195b4cd9d3010bb9047a,d1f3ac1b35ba82f1ac5d195b4cd9d3010bb9047a,1a10f316b607d2e0cdf09110cf6c70c157a54145,1a10f316b607d2e0cdf09110cf6c70c157a54145,d733a4f7fb7955d1f858d800a2be9e5941076603,,2026-06-24T13:26:22.000Z,ghostgauge-bot,chore(etl): update artifacts [skip ci],2026-06-24,2026-06-24T13:26:19.613Z,as_of_utc,57,57,,Hold & Wait,61737.7,v1.1,,,green,true,7,,COMMITTED_CONTEMPORANEOUS_CANDIDATE,ELIGIBLE_SCHEDULED,scheduled_etl,B,UNSELECTED,,UNKNOWN,c29601abff2252a553ef12c5ed843ea705f9956f,h3.1-v1
881126947e4aa207342e7ade47c6cc6512a4a662,881126947e4aa207342e7ade47c6cc6512a4a662,211195448b2187ffdccbd2c94c65801376777465,211195448b2187ffdccbd2c94c65801376777465,1a10f316b607d2e0cdf09110cf6c70c157a54145,,2026-06-25T13:23:27.000Z,ghostgauge-bot,chore(etl): update artifacts [skip ci],2026-06-25,2026-06-25T13:23:25.374Z,as_of_utc,58,58,,Hold & Wait,61142.15,v1.1,,,green,true,7,,COMMITTED_CONTEMPORANEOUS_CANDIDATE,ELIGIBLE_SCHEDULED,scheduled_etl,B,UNSELECTED,,UNKNOWN,c29601abff2252a553ef12c5ed843ea705f9956f,h3.1-v1
76f6fd5b0d94d757a1c24f2765d47389eabd4568,76f6fd5b0d94d757a1c24f2765d47389eabd4568,fd8a21350374dfdab2a4be01ceacdd8cb110ecad,fd8a21350374dfdab2a4be01ceacdd8cb110ecad,211195448b2187ffdccbd2c94c65801376777465,,2026-06-26T13:15:40.000Z,ghostgauge-bot,chore(etl): update artifacts [skip ci],2026-06-26,2026-06-26T13:15:38.871Z,as_of_utc,57,57,,Hold & Wait,59070.23,v1.1,,,green,true,7,,COMMITTED_CONTEMPORANEOUS_CANDIDATE,ELIGIBLE_SCHEDULED,scheduled_etl,B,UNSELECTED,,UNKNOWN,c29601abff2252a553ef12c5ed843ea705f9956f,h3.1-v1
447c555211f6008387ed7c170a64965c57559d5a,447c555211f6008387ed7c170a64965c57559d5a,7d3eb669195c4515ab74d99a9ac568c8e79446f5,7d3eb669195c4515ab74d99a9ac568c8e79446f5,fd8a21350374dfdab2a4be01ceacdd8cb110ecad,,2026-06-27T12:12:03.000Z,ghostgauge-bot,chore(etl): update artifacts [skip ci],2026-06-27,2026-06-27T12:12:00.406Z,as_of_utc,59,59,,Hold & Wait,60217.77,v1.1,,,green,true,7,,COMMITTED_CONTEMPORANEOUS_CANDIDATE,ELIGIBLE_SCHEDULED,scheduled_etl,B,UNSELECTED,,UNKNOWN,c29601abff2252a553ef12c5ed843ea705f9956f,h3.1-v1
7a6c43ee02f8a56298e1b6e021f2f306d036a87f,7a6c43ee02f8a56298e1b6e021f2f306d036a87f,4729fa5fb6f4607ee953daac956fb6331fae966b,4729fa5fb6f4607ee953daac956fb6331fae966b,7d3eb669195c4515ab74d99a9ac568c8e79446f5,,2026-06-28T12:19:23.000Z,ghostgauge-bot,chore(etl): update artifacts [skip ci],2026-06-28,2026-06-28T12:19:20.892Z,as_of_utc,61,61,,Hold & Wait,60122.55,v1.1,,,green,true,7,,COMMITTED_CONTEMPORANEOUS_CANDIDATE,ELIGIBLE_SCHEDULED,scheduled_etl,B,UNSELECTED,,UNKNOWN,c29601abff2252a553ef12c5ed843ea705f9956f,h3.1-v1
8343718d1b89b3284ec4f7d9bd6c46d0315787cb,8343718d1b89b3284ec4f7d9bd6c46d0315787cb,7bb844553077614bfd85e16bd344abd61fcd0587,7bb844553077614bfd85e16bd344abd61fcd0587,b73e067d43cca151eb8a83d47b8c2ac8a7834052,,2026-06-29T14:50:28.000Z,ghostgauge-bot,chore(etl): update artifacts [skip ci],2026-06-29,2026-06-29T14:50:25.460Z,as_of_utc,61,61,,Hold & Wait,59148.67,v1.1,,,green,true,7,,COMMITTED_CONTEMPORANEOUS_CANDIDATE,ELIGIBLE_SCHEDULED,scheduled_etl,B,UNSELECTED,,UNKNOWN,c29601abff2252a553ef12c5ed843ea705f9956f,h3.1-v1
90f6fd012ae33450cef2b931aee524fb23055299,90f6fd012ae33450cef2b931aee524fb23055299,62759c967cfae90992a6064ffab42cd7762a4f0d,62759c967cfae90992a6064ffab42cd7762a4f0d,7bb844553077614bfd85e16bd344abd61fcd0587,,2026-06-30T13:11:18.000Z,ghostgauge-bot,chore(etl): update artifacts [skip ci],2026-06-30,2026-06-30T13:11:15.728Z,as_of_utc,59,59,,Hold & Wait,58507.9,v1.1,,,green,true,7,,COMMITTED_CONTEMPORANEOUS_CANDIDATE,ELIGIBLE_SCHEDULED,scheduled_etl,B,UNSELECTED,,UNKNOWN,c29601abff2252a553ef12c5ed843ea705f9956f,h3.1-v1
3a5d806bba33adc9f08fef76fc782fc9a67db214,3a5d806bba33adc9f08fef76fc782fc9a67db214,ab88441c175765e019807a5fbce9c640b7b45dc8,ab88441c175765e019807a5fbce9c640b7b45dc8,62759c967cfae90992a6064ffab42cd7762a4f0d,,2026-07-01T13:36:08.000Z,ghostgauge-bot,chore(etl): update artifacts [skip ci],2026-07-01,2026-07-01T13:36:06.684Z,as_of_utc,58,58,,Hold & Wait,58706.56,v1.1,,,green,true,7,,COMMITTED_CONTEMPORANEOUS_CANDIDATE,ELIGIBLE_SCHEDULED,scheduled_etl,B,UNSELECTED,,UNKNOWN,c29601abff2252a553ef12c5ed843ea705f9956f,h3.1-v1
f48b7580875027275a040c232764e24f8bb77a39,f48b7580875027275a040c232764e24f8bb77a39,77bde051b80fa0ef18eb47c1905494b2a016150f,77bde051b80fa0ef18eb47c1905494b2a016150f,ab88441c175765e019807a5fbce9c640b7b45dc8,,2026-07-02T13:01:37.000Z,ghostgauge-bot,chore(etl): update artifacts [skip ci],2026-07-02,2026-07-02T13:01:33.296Z,as_of_utc,56,56,,Hold & Wait,61497.04,v1.1,,,green,true,7,,COMMITTED_CONTEMPORANEOUS_CANDIDATE,ELIGIBLE_SCHEDULED,scheduled_etl,B,UNSELECTED,,UNKNOWN,c29601abff2252a553ef12c5ed843ea705f9956f,h3.1-v1
408609b5cb0f72fc7d9f70c0fc29df583bde7df1,408609b5cb0f72fc7d9f70c0fc29df583bde7df1,439843d25e5aa746cb48040b960643d9f153223c,439843d25e5aa746cb48040b960643d9f153223c,77bde051b80fa0ef18eb47c1905494b2a016150f,,2026-07-03T13:01:07.000Z,ghostgauge-bot,chore(etl): update artifacts [skip ci],2026-07-03,2026-07-03T13:00:58.701Z,as_of_utc,56,56,,Hold & Wait,61904.83,v1.1,,,green,true,7,,COMMITTED_CONTEMPORANEOUS_CANDIDATE,ELIGIBLE_SCHEDULED,scheduled_etl,B,UNSELECTED,,UNKNOWN,c29601abff2252a553ef12c5ed843ea705f9956f,h3.1-v1
059c3b1220fc618435215e2c305901f484769dad,059c3b1220fc618435215e2c305901f484769dad,ff4f34c294f4b6e0d8a2be67542b186bfcf93e8e,ff4f34c294f4b6e0d8a2be67542b186bfcf93e8e,439843d25e5aa746cb48040b960643d9f153223c,,2026-07-04T12:10:31.000Z,ghostgauge-bot,chore(etl): update artifacts [skip ci],2026-07-04,2026-07-04T12:10:29.891Z,as_of_utc,58,58,,Hold & Wait,62499.74,v1.1,,,green,true,7,,COMMITTED_CONTEMPORANEOUS_CANDIDATE,ELIGIBLE_SCHEDULED,scheduled_etl,B,UNSELECTED,,UNKNOWN,c29601abff2252a553ef12c5ed843ea705f9956f,h3.1-v1
10ce71a393973ce9ac021c48ba73352f0c7cfab9,10ce71a393973ce9ac021c48ba73352f0c7cfab9,37221b653533789493e8eedfad291fb741aa5c81,37221b653533789493e8eedfad291fb741aa5c81,ff4f34c294f4b6e0d8a2be67542b186bfcf93e8e,,2026-07-05T12:21:31.000Z,ghostgauge-bot,chore(etl): update artifacts [skip ci],2026-07-05,2026-07-05T12:21:29.762Z,as_of_utc,57,57,,Hold & Wait,62587.12,v1.1,,,green,true,7,,COMMITTED_CONTEMPORANEOUS_CANDIDATE,ELIGIBLE_SCHEDULED,scheduled_etl,B,UNSELECTED,,UNKNOWN,c29601abff2252a553ef12c5ed843ea705f9956f,h3.1-v1
f090ab4d0c8079f774033758819f6f0b9e88dd42,f090ab4d0c8079f774033758819f6f0b9e88dd42,3e87d3bc9a9e2890d5925438bde00a20ced21d4a,3e87d3bc9a9e2890d5925438bde00a20ced21d4a,446c2c2db275221be070ac81eaa6f63f74f35cd6,,2026-07-06T14:31:25.000Z,ghostgauge-bot,chore(etl): update artifacts [skip ci],2026-07-06,2026-07-06T14:31:22.564Z,as_of_utc,57,57,,Hold & Wait,62046,v1.1,,,green,true,7,,COMMITTED_CONTEMPORANEOUS_CANDIDATE,ELIGIBLE_SCHEDULED,scheduled_etl,B,UNSELECTED,,UNKNOWN,c29601abff2252a553ef12c5ed843ea705f9956f,h3.1-v1
2bfe4fd2db2367a3267bd79e657b8c78c0ce1925,2bfe4fd2db2367a3267bd79e657b8c78c0ce1925,6b90c64eeef4e48341ab40e33e71d4305f4b7f04,6b90c64eeef4e48341ab40e33e71d4305f4b7f04,3e87d3bc9a9e2890d5925438bde00a20ced21d4a,,2026-07-07T13:23:58.000Z,ghostgauge-bot,chore(etl): update artifacts [skip ci],2026-07-07,2026-07-07T13:23:55.928Z,as_of_utc,57,57,,Hold & Wait,63191.06,v1.1,,,green,true,7,,COMMITTED_CONTEMPORANEOUS_CANDIDATE,ELIGIBLE_SCHEDULED,scheduled_etl,B,UNSELECTED,,UNKNOWN,c29601abff2252a553ef12c5ed843ea705f9956f,h3.1-v1
c3e04b0d302e437d58f828539e522ceffa81ba34,c3e04b0d302e437d58f828539e522ceffa81ba34,b157ca7ef6f3d7ea5fcf507ec9cfcacff245c3d1,b157ca7ef6f3d7ea5fcf507ec9cfcacff245c3d1,6b90c64eeef4e48341ab40e33e71d4305f4b7f04,,2026-07-08T12:25:17.000Z,ghostgauge-bot,chore(etl): update artifacts [skip ci],2026-07-08,2026-07-08T12:25:14.925Z,as_of_utc,55,55,,Hold & Wait,62215.7,v1.1,,,green,true,7,,COMMITTED_CONTEMPORANEOUS_CANDIDATE,ELIGIBLE_SCHEDULED,scheduled_etl,B,UNSELECTED,,UNKNOWN,c29601abff2252a553ef12c5ed843ea705f9956f,h3.1-v1
39509981994ef8d012148818a13fe88530a8a3c4,39509981994ef8d012148818a13fe88530a8a3c4,3c5aaf7b3df4497ee005501a81773feb4b841bd9,3c5aaf7b3df4497ee005501a81773feb4b841bd9,b157ca7ef6f3d7ea5fcf507ec9cfcacff245c3d1,,2026-07-09T13:52:22.000Z,ghostgauge-bot,chore(etl): update artifacts [skip ci],2026-07-09,2026-07-09T13:52:20.279Z,as_of_utc,55,55,,Hold & Wait,62891.89,v1.1,,,green,true,7,,COMMITTED_CONTEMPORANEOUS_CANDIDATE,ELIGIBLE_SCHEDULED,scheduled_etl,B,UNSELECTED,,UNKNOWN,c29601abff2252a553ef12c5ed843ea705f9956f,h3.1-v1
85c3530dfd4b07c98876c507ede059dc9135e312,85c3530dfd4b07c98876c507ede059dc9135e312,d061cf748b0caf1a1b1b2aaeb9ce213841985305,d061cf748b0caf1a1b1b2aaeb9ce213841985305,3c5aaf7b3df4497ee005501a81773feb4b841bd9,,2026-07-10T13:16:20.000Z,ghostgauge-bot,chore(etl): update artifacts [skip ci],2026-07-10,2026-07-10T13:16:17.306Z,as_of_utc,48,48,,Moderate Buying,64191.59,v1.1,,,green,true,7,,COMMITTED_CONTEMPORANEOUS_CANDIDATE,ELIGIBLE_SCHEDULED,scheduled_etl,B,UNSELECTED,,UNKNOWN,c29601abff2252a553ef12c5ed843ea705f9956f,h3.1-v1
6c39b632dc5c26495c0c4e65ae1592688235ffeb,6c39b632dc5c26495c0c4e65ae1592688235ffeb,9b795a67ddec05290d0deb12e41e4823d90f2b5c,9b795a67ddec05290d0deb12e41e4823d90f2b5c,d061cf748b0caf1a1b1b2aaeb9ce213841985305,,2026-07-11T11:56:56.000Z,ghostgauge-bot,chore(etl): update artifacts [skip ci],2026-07-11,2026-07-11T11:56:53.556Z,as_of_utc,49,49,,Moderate Buying,64134.25,v1.1,,,green,true,7,,COMMITTED_CONTEMPORANEOUS_CANDIDATE,ELIGIBLE_SCHEDULED,scheduled_etl,B,UNSELECTED,,UNKNOWN,c29601abff2252a553ef12c5ed843ea705f9956f,h3.1-v1
73b71bbed38e0efa75fd3792c3d55ec0c952b79f,73b71bbed38e0efa75fd3792c3d55ec0c952b79f,72fdd054e6653eca806eaf83d31510f6999ccb81,72fdd054e6653eca806eaf83d31510f6999ccb81,9b795a67ddec05290d0deb12e41e4823d90f2b5c,,2026-07-12T12:04:07.000Z,ghostgauge-bot,chore(etl): update artifacts [skip ci],2026-07-12,2026-07-12T12:04:04.165Z,as_of_utc,49,49,,Moderate Buying,63941.07,v1.1,,,green,true,7,,COMMITTED_CONTEMPORANEOUS_CANDIDATE,ELIGIBLE_SCHEDULED,scheduled_etl,B,UNSELECTED,,UNKNOWN,c29601abff2252a553ef12c5ed843ea705f9956f,h3.1-v1
bc40ee68e10976e2b0b68437a11681af27ab8054,bc40ee68e10976e2b0b68437a11681af27ab8054,b5e3274e24f59011dce2d41df7b017e9852abf3a,b5e3274e24f59011dce2d41df7b017e9852abf3a,4d866dec3dbfd96a8f7e249ca9b321dea7544a7d,,2026-07-13T13:28:24.000Z,ghostgauge-bot,chore(etl): update artifacts [skip ci],2026-07-13,2026-07-13T13:28:21.243Z,as_of_utc,50,50,,Hold & Wait,62472.4,v1.1,,,green,true,7,,COMMITTED_CONTEMPORANEOUS_CANDIDATE,ELIGIBLE_SCHEDULED,scheduled_etl,B,UNSELECTED,,UNKNOWN,c29601abff2252a553ef12c5ed843ea705f9956f,h3.1-v1
3e08d375545483361132c278e971d8075b956601,3e08d375545483361132c278e971d8075b956601,2d15e76100e36a793db47b46c83c0524c22454b6,2d15e76100e36a793db47b46c83c0524c22454b6,b5e3274e24f59011dce2d41df7b017e9852abf3a,,2026-07-14T12:19:16.000Z,ghostgauge-bot,chore(etl): update artifacts [skip ci],2026-07-14,2026-07-14T12:19:15.350Z,as_of_utc,56,56,,Hold & Wait,62808.12,v1.1,,,green,true,7,,COMMITTED_CONTEMPORANEOUS_CANDIDATE,ELIGIBLE_SCHEDULED,scheduled_etl,B,UNSELECTED,,UNKNOWN,c29601abff2252a553ef12c5ed843ea705f9956f,h3.1-v1
fd8fd9e4a37f2bd1e1843d580c10b8a37aa04ec6,fd8fd9e4a37f2bd1e1843d580c10b8a37aa04ec6,29ce3800d215e741238abdc486e8bf0b0d662013,29ce3800d215e741238abdc486e8bf0b0d662013,2d15e76100e36a793db47b46c83c0524c22454b6,,2026-07-15T12:20:29.000Z,ghostgauge-bot,chore(etl): update artifacts [skip ci],2026-07-15,2026-07-15T12:20:27.379Z,as_of_utc,58,58,,Hold & Wait,64657.56,v1.1,,,green,true,7,,COMMITTED_CONTEMPORANEOUS_CANDIDATE,ELIGIBLE_SCHEDULED,scheduled_etl,B,UNSELECTED,,UNKNOWN,c29601abff2252a553ef12c5ed843ea705f9956f,h3.1-v1
a816a3e0f705737637ed2fb69a873f5b63cb6dd9,a816a3e0f705737637ed2fb69a873f5b63cb6dd9,0d670d3d14dd441554cebad637568a366d39b13a,0d670d3d14dd441554cebad637568a366d39b13a,29ce3800d215e741238abdc486e8bf0b0d662013,,2026-07-16T12:24:31.000Z,ghostgauge-bot,chore(etl): update artifacts [skip ci],2026-07-16,2026-07-16T12:24:29.078Z,as_of_utc,56,56,,Hold & Wait,64111.98,v1.1,,,green,true,7,,COMMITTED_CONTEMPORANEOUS_CANDIDATE,ELIGIBLE_SCHEDULED,scheduled_etl,B,UNSELECTED,,UNKNOWN,c29601abff2252a553ef12c5ed843ea705f9956f,h3.1-v1
e32e271953d1237217e6905b1f5efb67200d6d22,e32e271953d1237217e6905b1f5efb67200d6d22,3a8bbc141d9b477e6d40ad0ed9a83615bda9f09a,3a8bbc141d9b477e6d40ad0ed9a83615bda9f09a,0d670d3d14dd441554cebad637568a366d39b13a,,2026-07-17T12:14:49.000Z,ghostgauge-bot,chore(etl): update artifacts [skip ci],2026-07-17,2026-07-17T12:14:47.318Z,as_of_utc,56,56,,Hold & Wait,63179.93,v1.1,,,green,true,7,,COMMITTED_CONTEMPORANEOUS_CANDIDATE,ELIGIBLE_SCHEDULED,scheduled_etl,B,UNSELECTED,,UNKNOWN,c29601abff2252a553ef12c5ed843ea705f9956f,h3.1-v1
fb327b4079664c5f7a9768bd4b9e7546a163e251,fb327b4079664c5f7a9768bd4b9e7546a163e251,8a76c0331fe563fc075ce9dc847511f7d1e2d0de,8a76c0331fe563fc075ce9dc847511f7d1e2d0de,3a8bbc141d9b477e6d40ad0ed9a83615bda9f09a,,2026-07-18T11:57:34.000Z,ghostgauge-bot,chore(etl): update artifacts [skip ci],2026-07-18,2026-07-18T11:57:32.018Z,as_of_utc,57,57,,Hold & Wait,63977.65,v1.1,,,green,true,7,,COMMITTED_CONTEMPORANEOUS_CANDIDATE,ELIGIBLE_SCHEDULED,scheduled_etl,B,UNSELECTED,,UNKNOWN,c29601abff2252a553ef12c5ed843ea705f9956f,h3.1-v1
f184aad9ecf7d2d1507ba513eadf26611c8abdf4,f184aad9ecf7d2d1507ba513eadf26611c8abdf4,75afbe138d47af4c5ebda4c2df11301db4486c79,75afbe138d47af4c5ebda4c2df11301db4486c79,8a76c0331fe563fc075ce9dc847511f7d1e2d0de,,2026-07-19T12:03:00.000Z,ghostgauge-bot,chore(etl): update artifacts [skip ci],2026-07-19,2026-07-19T12:02:57.952Z,as_of_utc,58,58,,Hold & Wait,64400.01,v1.1,,,green,true,7,,COMMITTED_CONTEMPORANEOUS_CANDIDATE,ELIGIBLE_SCHEDULED,scheduled_etl,B,UNSELECTED,,UNKNOWN,c29601abff2252a553ef12c5ed843ea705f9956f,h3.1-v1
645ce2af0e82c790f37baa973914dd5faa747bb3,645ce2af0e82c790f37baa973914dd5faa747bb3,0979f592ba185574bd8d9e519acc7ce55c47d79b,0979f592ba185574bd8d9e519acc7ce55c47d79b,27273301402400879de7af215ca7bf8a4d993b3b,,2026-07-20T13:11:52.000Z,ghostgauge-bot,chore(etl): update artifacts [skip ci],2026-07-20,2026-07-20T13:11:49.731Z,as_of_utc,58,58,,Hold & Wait,64656.19,v1.1,,,green,true,7,,COMMITTED_CONTEMPORANEOUS_CANDIDATE,ELIGIBLE_SCHEDULED,scheduled_etl,B,UNSELECTED,,UNKNOWN,c29601abff2252a553ef12c5ed843ea705f9956f,h3.1-v1
5fc6761fe6d3c19389730ac9312823d7c35f86e0,5fc6761fe6d3c19389730ac9312823d7c35f86e0,7f47e31a37da864f6afac717aa380d31b118250e,7f47e31a37da864f6afac717aa380d31b118250e,0979f592ba185574bd8d9e519acc7ce55c47d79b,,2026-07-21T12:26:22.000Z,ghostgauge-bot,chore(etl): update artifacts [skip ci],2026-07-21,2026-07-21T12:26:19.986Z,as_of_utc,58,58,,Hold & Wait,66411.87,v1.1,,,green,true,7,,COMMITTED_CONTEMPORANEOUS_CANDIDATE,ELIGIBLE_SCHEDULED,scheduled_etl,B,UNSELECTED,,UNKNOWN,c29601abff2252a553ef12c5ed843ea705f9956f,h3.1-v1
bd25affbb8acc5fa118b0d32a7567fa2cf9da817,bd25affbb8acc5fa118b0d32a7567fa2cf9da817,4f9a9fce296bb742985af389fe9a72bdca6f467e,4f9a9fce296bb742985af389fe9a72bdca6f467e,7f47e31a37da864f6afac717aa380d31b118250e,,2026-07-22T12:43:47.000Z,ghostgauge-bot,chore(etl): update artifacts [skip ci],2026-07-22,2026-07-22T12:43:44.658Z,as_of_utc,57,57,,Hold & Wait,65778.89,v1.1,,,green,true,7,,COMMITTED_CONTEMPORANEOUS_CANDIDATE,ELIGIBLE_SCHEDULED,scheduled_etl,B,UNSELECTED,,UNKNOWN,c29601abff2252a553ef12c5ed843ea705f9956f,h3.1-v1
d4d01923b0881ccd709240ec68dc2e90f4e2c296,d4d01923b0881ccd709240ec68dc2e90f4e2c296,b094190e2fa16bb374b46fcc211bb5e4d50e7850,b094190e2fa16bb374b46fcc211bb5e4d50e7850,4f9a9fce296bb742985af389fe9a72bdca6f467e,,2026-07-23T12:27:17.000Z,ghostgauge-bot,chore(etl): update artifacts [skip ci],2026-07-23,2026-07-23T12:27:15.244Z,as_of_utc,55,55,,Hold & Wait,65400.79,v1.1,,,green,true,7,,COMMITTED_CONTEMPORANEOUS_CANDIDATE,ELIGIBLE_SCHEDULED,scheduled_etl,B,UNSELECTED,,UNKNOWN,c29601abff2252a553ef12c5ed843ea705f9956f,h3.1-v1
09d150b9f531d42e38be611f2191758109070fc8,09d150b9f531d42e38be611f2191758109070fc8,eb7d2aa3952c6d55d52e935ca1b7823f1a88f2bc,eb7d2aa3952c6d55d52e935ca1b7823f1a88f2bc,b094190e2fa16bb374b46fcc211bb5e4d50e7850,,2026-07-24T12:23:52.000Z,ghostgauge-bot,chore(etl): update artifacts [skip ci],2026-07-24,2026-07-24T12:23:49.291Z,as_of_utc,58,58,,Hold & Wait,64981.18,v1.1,,,green,true,7,,COMMITTED_CONTEMPORANEOUS_CANDIDATE,ELIGIBLE_SCHEDULED,scheduled_etl,B,UNSELECTED,,UNKNOWN,c29601abff2252a553ef12c5ed843ea705f9956f,h3.1-v1
24d068783f9ecba9c31351b13c0035fee7765dad,24d068783f9ecba9c31351b13c0035fee7765dad,f0bafe1fd0b028797925f85dc8614179534ae66d,f0bafe1fd0b028797925f85dc8614179534ae66d,eb7d2aa3952c6d55d52e935ca1b7823f1a88f2bc,,2026-07-25T12:06:01.000Z,ghostgauge-bot,chore(etl): update artifacts [skip ci],2026-07-25,2026-07-25T12:05:59.564Z,as_of_utc,58,58,,Hold & Wait,64016.48,v1.1,,,green,true,7,,COMMITTED_CONTEMPORANEOUS_CANDIDATE,ELIGIBLE_SCHEDULED,scheduled_etl,B,UNSELECTED,,UNKNOWN,c29601abff2252a553ef12c5ed843ea705f9956f,h3.1-v1
0db153fd2f5d88523c97b417a0db050659e050d8,0db153fd2f5d88523c97b417a0db050659e050d8,1990046dfb78cf68407ffbb1eeb15e0c24391e19,1990046dfb78cf68407ffbb1eeb15e0c24391e19,f0bafe1fd0b028797925f85dc8614179534ae66d,,2026-07-26T12:09:15.000Z,ghostgauge-bot,chore(etl): update artifacts [skip ci],2026-07-26,2026-07-26T12:09:13.021Z,as_of_utc,59,59,,Hold & Wait,64590.31,v1.1,,,green,true,7,,COMMITTED_CONTEMPORANEOUS_CANDIDATE,ELIGIBLE_SCHEDULED,scheduled_etl,B,UNSELECTED,,UNKNOWN,c29601abff2252a553ef12c5ed843ea705f9956f,h3.1-v1
3a9588fdc6601431ef2dffd1f0e10a7b9c2fe03c,3a9588fdc6601431ef2dffd1f0e10a7b9c2fe03c,740e87ecef7021afd7a431784901374cb0c905d3,740e87ecef7021afd7a431784901374cb0c905d3,7ef298d9ca2d8889a99691dc3172fdf4649412b0,,2026-07-27T13:42:23.000Z,ghostgauge-bot,chore(etl): update artifacts [skip ci],2026-07-27,2026-07-27T13:42:20.523Z,as_of_utc,60,60,,Hold & Wait,65497.99,v1.1,,,green,true,7,,COMMITTED_CONTEMPORANEOUS_CANDIDATE,ELIGIBLE_SCHEDULED,scheduled_etl,B,UNSELECTED,,UNKNOWN,c29601abff2252a553ef12c5ed843ea705f9956f,h3.1-v1
3daa33b541db06256d31bfb911eb6affa197f79d,3daa33b541db06256d31bfb911eb6affa197f79d,4743ac76861ff94abf4754c1848553b89cad4918,4743ac76861ff94abf4754c1848553b89cad4918,740e87ecef7021afd7a431784901374cb0c905d3,,2026-07-28T12:58:17.000Z,ghostgauge-bot,chore(etl): update artifacts [skip ci],2026-07-28,2026-07-28T12:58:15.083Z,as_of_utc,58,58,,Hold & Wait,63468.71,v1.1,,,green,true,7,,COMMITTED_CONTEMPORANEOUS_CANDIDATE,ELIGIBLE_SCHEDULED,scheduled_etl,B,UNSELECTED,,UNKNOWN,c29601abff2252a553ef12c5ed843ea705f9956f,h3.1-v1
203f868413b5dec4bc2c166f979304f3695a6778,203f868413b5dec4bc2c166f979304f3695a6778,d16ab59d08dd39cf3ae08a31b43cc061c98148a1,d16ab59d08dd39cf3ae08a31b43cc061c98148a1,4743ac76861ff94abf4754c1848553b89cad4918,,2026-07-29T13:05:03.000Z,ghostgauge-bot,chore(etl): update artifacts [skip ci],2026-07-29,2026-07-29T13:04:59.716Z,as_of_utc,59,59,,Hold & Wait,64159.35,v1.1,,,green,true,7,,COMMITTED_CONTEMPORANEOUS_CANDIDATE,ELIGIBLE_SCHEDULED,scheduled_etl,B,UNSELECTED,,UNKNOWN,c29601abff2252a553ef12c5ed843ea705f9956f,h3.1-v1
4e4ffb26a8f50dbad90e87baacbd0f76a352c363,4e4ffb26a8f50dbad90e87baacbd0f76a352c363,ff7ee5cb637e6c78732448d5e3bf6491dbe40d75,ff7ee5cb637e6c78732448d5e3bf6491dbe40d75,d16ab59d08dd39cf3ae08a31b43cc061c98148a1,,2026-07-30T12:49:29.000Z,ghostgauge-bot,chore(etl): update artifacts [skip ci],2026-07-30,2026-07-30T12:49:25.347Z,as_of_utc,57,57,,Hold & Wait,64790.76,v1.1,,,green,true,7,,COMMITTED_CONTEMPORANEOUS_CANDIDATE,ELIGIBLE_SCHEDULED,scheduled_etl,B,UNSELECTED,,UNKNOWN,c29601abff2252a553ef12c5ed843ea705f9956f,h3.1-v1
46d9f15fd80ffbad3a926bd5a9e754293d950867,46d9f15fd80ffbad3a926bd5a9e754293d950867,466c53cb343bdc80e452ad036b1e88a9f29b68af,466c53cb343bdc80e452ad036b1e88a9f29b68af,ff7ee5cb637e6c78732448d5e3bf6491dbe40d75,,2026-07-31T13:00:54.000Z,ghostgauge-bot,chore(etl): update artifacts [skip ci],2026-07-31,2026-07-31T13:00:44.992Z,as_of_utc,56,56,,Hold & Wait,63674.57,v1.1,,,green,true,7,,COMMITTED_CONTEMPORANEOUS_CANDIDATE,ELIGIBLE_SCHEDULED,scheduled_etl,B,UNSELECTED,,UNKNOWN,c29601abff2252a553ef12c5ed843ea705f9956f,h3.1-v1
91fb03f190c3286f5d25c23b92ec54b80f7c5147,91fb03f190c3286f5d25c23b92ec54b80f7c5147,4d76f9c2ed00827cf9f9c8c48dff513a0138b043,4d76f9c2ed00827cf9f9c8c48dff513a0138b043,466c53cb343bdc80e452ad036b1e88a9f29b68af,,2026-08-01T12:05:40.000Z,ghostgauge-bot,chore(etl): update artifacts [skip ci],2026-08-01,2026-08-01T12:05:37.972Z,as_of_utc,56,56,,Hold & Wait,63040.86,v1.1,,,green,true,7,,COMMITTED_CONTEMPORANEOUS_CANDIDATE,ELIGIBLE_SCHEDULED,scheduled_etl,B,UNSELECTED,,UNKNOWN,c29601abff2252a553ef12c5ed843ea705f9956f,h3.1-v1
1dbf77f8b2200bc43679764b04a5f2a6bbc2bce7,1dbf77f8b2200bc43679764b04a5f2a6bbc2bce7,2d9dc161d187647a1bd9d47221195c80d77ebe1b,2d9dc161d187647a1bd9d47221195c80d77ebe1b,4d76f9c2ed00827cf9f9c8c48dff513a0138b043,,2026-08-02T12:07:50.000Z,ghostgauge-bot,chore(etl): update artifacts [skip ci],2026-08-02,2026-08-02T12:07:47.285Z,as_of_utc,53,53,,Hold & Wait,63044.84,v1.1,,,green,true,7,,COMMITTED_CONTEMPORANEOUS_CANDIDATE,ELIGIBLE_SCHEDULED,scheduled_etl,B,UNSELECTED,,UNKNOWN,c29601abff2252a553ef12c5ed843ea705f9956f,h3.1-v1
188ed2c0759c4fa417ed0306dfb73bd8f496be71,188ed2c0759c4fa417ed0306dfb73bd8f496be71,eb8bd2b5458dbf7ef35faed5a20d9ddc9c8861fb,eb8bd2b5458dbf7ef35faed5a20d9ddc9c8861fb,465ec129ab01ada045919f9c9efb5f4b1f756573,,2026-08-03T13:44:56.000Z,ghostgauge-bot,chore(etl): update artifacts [skip ci],2026-08-03,2026-08-03T13:44:53.588Z,as_of_utc,53,53,,Hold & Wait,62799.94,v1.1,,,green,true,7,,COMMITTED_CONTEMPORANEOUS_CANDIDATE,ELIGIBLE_SCHEDULED,scheduled_etl,B,UNSELECTED,,UNKNOWN,c29601abff2252a553ef12c5ed843ea705f9956f,h3.1-v1
1805e8f95cc0c0186b147c63c9dea7c0ce16d95a,1805e8f95cc0c0186b147c63c9dea7c0ce16d95a,271429374844d8a6aef744907fb625ea63919796,271429374844d8a6aef744907fb625ea63919796,eb8bd2b5458dbf7ef35faed5a20d9ddc9c8861fb,,2026-08-04T13:06:13.000Z,ghostgauge-bot,chore(etl): update artifacts [skip ci],2026-08-04,2026-08-04T13:06:11.041Z,as_of_utc,54,54,,Hold & Wait,63869.26,v1.1,,,green,true,7,,COMMITTED_CONTEMPORANEOUS_CANDIDATE,ELIGIBLE_SCHEDULED,scheduled_etl,B,UNSELECTED,,UNKNOWN,c29601abff2252a553ef12c5ed843ea705f9956f,h3.1-v1
7c006cb769a5491f37c2afdab71a418d557ef2e5,7c006cb769a5491f37c2afdab71a418d557ef2e5,96849281f9a2fddba318394d5b23725e02b3560d,96849281f9a2fddba318394d5b23725e02b3560d,271429374844d8a6aef744907fb625ea63919796,,2026-08-05T12:59:05.000Z,ghostgauge-bot,chore(etl): update artifacts [skip ci],2026-08-05,2026-08-05T12:59:02.632Z,as_of_utc,54,54,,Hold & Wait,64319.84,v1.1,,,green,true,7,,COMMITTED_CONTEMPORANEOUS_CANDIDATE,ELIGIBLE_SCHEDULED,scheduled_etl,B,UNSELECTED,,UNKNOWN,c29601abff2252a553ef12c5ed843ea705f9956f,h3.1-v1
092d094b828e3f62e46409337a88e8c37018c7ab,092d094b828e3f62e46409337a88e8c37018c7ab,647bfd16fff03734e15ddf28bf5adab90a52164e,647bfd16fff03734e15ddf28bf5adab90a52164e,96849281f9a2fddba318394d5b23725e02b3560d,,2026-08-06T13:00:31.000Z,ghostgauge-bot,chore(etl): update artifacts [skip ci],2026-08-06,2026-08-06T13:00:18.038Z,as_of_utc,51,51,,Hold & Wait,64356.15,v1.1,,,green,true,7,,COMMITTED_CONTEMPORANEOUS_CANDIDATE,ELIGIBLE_SCHEDULED,scheduled_etl,B,UNSELECTED,,UNKNOWN,c29601abff2252a553ef12c5ed843ea705f9956f,h3.1-v1
522b305ee16516a337a70ae88687b6dabeee384e,522b305ee16516a337a70ae88687b6dabeee384e,2a6805f39b35cad3b78365329301d3b7e054715c,2a6805f39b35cad3b78365329301d3b7e054715c,647bfd16fff03734e15ddf28bf5adab90a52164e,,2026-08-07T11:50:37.000Z,ghostgauge-bot,chore(etl): update artifacts [skip ci],2026-08-07,2026-08-07T11:50:35.273Z,as_of_utc,51,51,,Hold & Wait,64989.85,v1.1,,,green,true,7,,COMMITTED_CONTEMPORANEOUS_CANDIDATE,ELIGIBLE_SCHEDULED,scheduled_etl,B,UNSELECTED,,UNKNOWN,c29601abff2252a553ef12c5ed843ea705f9956f,h3.1-v1
af4146a98403e4fc6e0df2f288b5ab09c086e2ce,af4146a98403e4fc6e0df2f288b5ab09c086e2ce,c6acf252fbd1649f1e950802ae78ae1405cd1bf7,c6acf252fbd1649f1e950802ae78ae1405cd1bf7,2a6805f39b35cad3b78365329301d3b7e054715c,,2026-08-08T11:34:42.000Z,ghostgauge-bot,chore(etl): update artifacts [skip ci],2026-08-08,2026-08-08T11:34:39.477Z,as_of_utc,51,51,,Hold & Wait,64939.48,v1.1,,,green,true,7,,COMMITTED_CONTEMPORANEOUS_CANDIDATE,ELIGIBLE_SCHEDULED,scheduled_etl,B,UNSELECTED,,UNKNOWN,c29601abff2252a553ef12c5ed843ea705f9956f,h3.1-v1
2331b89e73df632a67b848defa1fb4be4e3fa648,2331b89e73df632a67b848defa1fb4be4e3fa648,6a716e14b6b5b8c4b815e95f5988f2f05f46a4e8,6a716e14b6b5b8c4b815e95f5988f2f05f46a4e8,c6acf252fbd1649f1e950802ae78ae1405cd1bf7,,2026-08-09T11:35:41.000Z,ghostgauge-bot,chore(etl): update artifacts [skip ci],2026-08-09,2026-08-09T11:35:37.859Z,as_of_utc,53,53,,Hold & Wait,64935.49,v1.1,,,green,true,7,,COMMITTED_CONTEMPORANEOUS_CANDIDATE,ELIGIBLE_SCHEDULED,scheduled_etl,B,UNSELECTED,,UNKNOWN,c29601abff2252a553ef12c5ed843ea705f9956f,h3.1-v1
d6223ff888dd83604947e2cacb2835197b3adf0a,d6223ff888dd83604947e2cacb2835197b3adf0a,5f4bec7af4814e72d16ce267d5401e8212a25beb,5f4bec7af4814e72d16ce267d5401e8212a25beb,4133bd781583b3c520beeb30898f44aa04f65397,,2026-08-10T11:52:54.000Z,ghostgauge-bot,chore(etl): update artifacts [skip ci],2026-08-10,2026-08-10T11:52:51.239Z,as_of_utc,52,52,,Hold & Wait,65021.85,v1.1,,,green,true,7,,COMMITTED_CONTEMPORANEOUS_CANDIDATE,ELIGIBLE_SCHEDULED,scheduled_etl,B,UNSELECTED,,UNKNOWN,c29601abff2252a553ef12c5ed843ea705f9956f,h3.1-v1
f5f3f9f302bf118c92507244a1c210a652aed36b,f5f3f9f302bf118c92507244a1c210a652aed36b,e25a506e35fa6fcad2418c72426a28c0588990b5,e25a506e35fa6fcad2418c72426a28c0588990b5,5f4bec7af4814e72d16ce267d5401e8212a25beb,,2026-08-11T11:49:42.000Z,ghostgauge-bot,chore(etl): update artifacts [skip ci],2026-08-11,2026-08-11T11:49:40.211Z,as_of_utc,49,49,,Moderate Buying,64287.12,v1.1,,,green,true,7,,COMMITTED_CONTEMPORANEOUS_CANDIDATE,ELIGIBLE_SCHEDULED,scheduled_etl,B,UNSELECTED,,UNKNOWN,c29601abff2252a553ef12c5ed843ea705f9956f,h3.1-v1
dcf54e866f1976ead019b5a626f1b3b4cc9fbbaa,dcf54e866f1976ead019b5a626f1b3b4cc9fbbaa,e2c83f2e839d834e49f949b555b68420258daf3f,e2c83f2e839d834e49f949b555b68420258daf3f,e25a506e35fa6fcad2418c72426a28c0588990b5,,2026-08-12T11:52:45.000Z,ghostgauge-bot,chore(etl): update artifacts [skip ci],2026-08-12,2026-08-12T11:52:41.908Z,as_of_utc,53,53,,Hold & Wait,64182.45,v1.1,,,green,true,7,,COMMITTED_CONTEMPORANEOUS_CANDIDATE,ELIGIBLE_SCHEDULED,scheduled_etl,B,UNSELECTED,,UNKNOWN,c29601abff2252a553ef12c5ed843ea705f9956f,h3.1-v1
9ce337924110c40acb05e39e7dd36e6e2d8fdcdf,9ce337924110c40acb05e39e7dd36e6e2d8fdcdf,f2ff4615da2b7fccf49fa512c0bbf17e335715b1,f2ff4615da2b7fccf49fa512c0bbf17e335715b1,e2c83f2e839d834e49f949b555b68420258daf3f,,2026-08-13T11:53:08.000Z,ghostgauge-bot,chore(etl): update artifacts [skip ci],2026-08-13,2026-08-13T11:53:06.305Z,as_of_utc,55,55,,Hold & Wait,63401.96,v1.1,,,green,true,7,,COMMITTED_CONTEMPORANEOUS_CANDIDATE,ELIGIBLE_SCHEDULED,scheduled_etl,B,UNSELECTED,,UNKNOWN,c29601abff2252a553ef12c5ed843ea705f9956f,h3.1-v1
ff8722e0261b4a207c01b0cbbf8bb3fd71c93ffe,ff8722e0261b4a207c01b0cbbf8bb3fd71c93ffe,56ec0993797f35768f6faac8a66031ab16308e94,56ec0993797f35768f6faac8a66031ab16308e94,f2ff4615da2b7fccf49fa512c0bbf17e335715b1,,2026-08-14T11:49:57.000Z,ghostgauge-bot,chore(etl): update artifacts [skip ci],2026-08-14,2026-08-14T11:49:54.875Z,as_of_utc,55,55,,Hold & Wait,62789.12,v1.1,,,green,true,7,,COMMITTED_CONTEMPORANEOUS_CANDIDATE,ELIGIBLE_SCHEDULED,scheduled_etl,B,UNSELECTED,,UNKNOWN,c29601abff2252a553ef12c5ed843ea705f9956f,h3.1-v1
5c972fa7571360dcae530cd79dea5772ca3c36a9,5c972fa7571360dcae530cd79dea5772ca3c36a9,723eaac39923baabc35e4ad5e934f2efdd14945b,723eaac39923baabc35e4ad5e934f2efdd14945b,56ec0993797f35768f6faac8a66031ab16308e94,,2026-08-15T11:25:40.000Z,ghostgauge-bot,chore(etl): update artifacts [skip ci],2026-08-15,2026-08-15T11:25:38.367Z,as_of_utc,54,54,,Hold & Wait,62963.58,v1.1,,,green,true,7,,COMMITTED_CONTEMPORANEOUS_CANDIDATE,ELIGIBLE_SCHEDULED,scheduled_etl,B,UNSELECTED,,UNKNOWN,c29601abff2252a553ef12c5ed843ea705f9956f,h3.1-v1
462a96322e28e6f7c61fe0555cbfc7b0019ba8d8,462a96322e28e6f7c61fe0555cbfc7b0019ba8d8,0032a72942f70cf26a5dc7ca66a8161bfc0db909,0032a72942f70cf26a5dc7ca66a8161bfc0db909,723eaac39923baabc35e4ad5e934f2efdd14945b,,2026-08-16T11:25:59.000Z,ghostgauge-bot,chore(etl): update artifacts [skip ci],2026-08-16,2026-08-16T11:25:56.794Z,as_of_utc,54,54,,Hold & Wait,62918.32,v1.1,,,green,true,7,,COMMITTED_CONTEMPORANEOUS_CANDIDATE,ELIGIBLE_SCHEDULED,scheduled_etl,B,UNSELECTED,,UNKNOWN,c29601abff2252a553ef12c5ed843ea705f9956f,h3.1-v1
82db3c2c0525aaa6dc1aa16932eabe143d7dff45,82db3c2c0525aaa6dc1aa16932eabe143d7dff45,db789cd9c59b474044d428bfdccbe07312798236,db789cd9c59b474044d428bfdccbe07312798236,23733a077c5b978a16565d0cba1fe273f3f51d68,,2026-08-17T15:44:34.000Z,ghostgauge-bot,chore(etl): update artifacts [skip ci],2026-08-17,2026-08-17T15:44:32.381Z,snapshot_date,47,47,,Moderate Buying,64048.58,v1.1.1,integrity-2026-08,,green,true,7,,COMMITTED_CONTEMPORANEOUS_CANDIDATE,ELIGIBLE_VERIFIED_RECOVERY,verified_recovery,A,UNSELECTED,,UNKNOWN,c29601abff2252a553ef12c5ed843ea705f9956f,h3.1-v1
d16a1a140930888a590eaa5f0a56a1c9830971b7,d16a1a140930888a590eaa5f0a56a1c9830971b7,3e0c07ff08a236e59ad60e12373ff02eb138c7fb,3e0c07ff08a236e59ad60e12373ff02eb138c7fb,db789cd9c59b474044d428bfdccbe07312798236,,2026-08-18T11:30:50.000Z,ghostgauge-bot,chore(etl): update artifacts [skip ci],2026-08-18,2026-08-18T11:30:48.147Z,snapshot_date,47,47,,Moderate Buying,64317.37,v1.1.1,integrity-2026-08,,green,true,7,,COMMITTED_CONTEMPORANEOUS_CANDIDATE,ELIGIBLE_SCHEDULED,scheduled_etl,A,UNSELECTED,,UNKNOWN,c29601abff2252a553ef12c5ed843ea705f9956f,h3.1-v1
7893af3ba16b95dd0ea694d65b432d036396c129,7893af3ba16b95dd0ea694d65b432d036396c129,9e5b3332647f3c9b69e18705809d5b1d2500243d,9e5b3332647f3c9b69e18705809d5b1d2500243d,57460c2284e86a1ae9b7248da1a71d3ff0ca745c,dcdfe312aa046600de988c1c1ecf298d9dfb5278,2025-09-28T13:42:12.000Z,firemansghost,Resolve merge conflict in latest.json - keep corrected G-Score,,,unknown,,,,,,,,,,,,,UNCERTAIN_INVALID_JSON,INELIGIBLE_INVALID,invalid_conflict,U,UNSELECTED,unresolved_merge_conflict_markers,UNKNOWN,c29601abff2252a553ef12c5ed843ea705f9956f,h3.1-v1
fd174858b37d256e7ad10900727de60982a48921,fd174858b37d256e7ad10900727de60982a48921,961b50c693358719d5a952c3759488ec25cd13dd,961b50c693358719d5a952c3759488ec25cd13dd,37174a41097dfc3634e171db651431c59ed9f62f,0a51dcc45af807ce99b9514c843415887ef375b9,2025-09-16T21:01:22.000Z,firemansghost,"Resolve merge conflicts: keep updated Bitcoin price ,914",,,unknown,,,,,,,,,,,,,UNCERTAIN_INVALID_JSON,INELIGIBLE_INVALID,invalid_conflict,U,UNSELECTED,unresolved_merge_conflict_markers,UNKNOWN,c29601abff2252a553ef12c5ed843ea705f9956f,h3.1-v1
