artifact_id,artifact_commit_sha,observation_date,factor_key,factor_label,factor_score,factor_weight_pct,factor_weight_native,factor_weight_source_field,factor_weight_unit,factor_status,source_observation_time,source_fetch_time,model_version,implementation_revision
43a334d255a92984c6cdb412cc188aada23b792f,89baf11cec80c61c57245f574d63c4a9f44c55be,2025-09-15,etf_flows,ETF Flows,45,,10,weight,unknown,fresh,,,v3.1.0,
43a334d255a92984c6cdb412cc188aada23b792f,89baf11cec80c61c57245f574d63c4a9f44c55be,2025-09-15,macro_overlay,Macro Overlay,20,,5,weight,unknown,fresh,,,v3.1.0,
43a334d255a92984c6cdb412cc188aada23b792f,89baf11cec80c61c57245f574d63c4a9f44c55be,2025-09-15,net_liquidity,Net Liquidity (FRED),93,,10,weight,unknown,fresh,,,v3.1.0,
43a334d255a92984c6cdb412cc188aada23b792f,89baf11cec80c61c57245f574d63c4a9f44c55be,2025-09-15,onchain,On-chain Activity,20,,10,weight,unknown,fresh,,,v3.1.0,
43a334d255a92984c6cdb412cc188aada23b792f,89baf11cec80c61c57245f574d63c4a9f44c55be,2025-09-15,social_interest,Social Interest,95,,5,weight,unknown,fresh,,,v3.1.0,
43a334d255a92984c6cdb412cc188aada23b792f,89baf11cec80c61c57245f574d63c4a9f44c55be,2025-09-15,stablecoins,Stablecoins,26,,15,weight,unknown,fresh,,,v3.1.0,
43a334d255a92984c6cdb412cc188aada23b792f,89baf11cec80c61c57245f574d63c4a9f44c55be,2025-09-15,term_leverage,Term Structure & Leverage,40,,20,weight,unknown,fresh,,,v3.1.0,
43a334d255a92984c6cdb412cc188aada23b792f,89baf11cec80c61c57245f574d63c4a9f44c55be,2025-09-15,trend_valuation,Trend & Valuation,42,,25,weight,unknown,fresh,,,v3.1.0,
4bd57952ef7c434fc931106e03919ee57ae6bd46,b15ddab3d471883335a8df5a163fb6e791ae65de,2025-09-15,etf_flows,ETF Flows,,,10,weight,unknown,excluded,,,v3.1.0,
4bd57952ef7c434fc931106e03919ee57ae6bd46,b15ddab3d471883335a8df5a163fb6e791ae65de,2025-09-15,macro_overlay,Macro Overlay,20,,5,weight,unknown,fresh,,,v3.1.0,
4bd57952ef7c434fc931106e03919ee57ae6bd46,b15ddab3d471883335a8df5a163fb6e791ae65de,2025-09-15,net_liquidity,Net Liquidity (FRED),93,,10,weight,unknown,fresh,,,v3.1.0,
4bd57952ef7c434fc931106e03919ee57ae6bd46,b15ddab3d471883335a8df5a163fb6e791ae65de,2025-09-15,onchain,On-chain Activity,20,,10,weight,unknown,fresh,,,v3.1.0,
4bd57952ef7c434fc931106e03919ee57ae6bd46,b15ddab3d471883335a8df5a163fb6e791ae65de,2025-09-15,social_interest,Social Interest,95,,5,weight,unknown,fresh,,,v3.1.0,
4bd57952ef7c434fc931106e03919ee57ae6bd46,b15ddab3d471883335a8df5a163fb6e791ae65de,2025-09-15,stablecoins,Stablecoins,24,,15,weight,unknown,fresh,,,v3.1.0,
4bd57952ef7c434fc931106e03919ee57ae6bd46,b15ddab3d471883335a8df5a163fb6e791ae65de,2025-09-15,term_leverage,Term Structure & Leverage,40,,20,weight,unknown,fresh,,,v3.1.0,
4bd57952ef7c434fc931106e03919ee57ae6bd46,b15ddab3d471883335a8df5a163fb6e791ae65de,2025-09-15,trend_valuation,Trend & Valuation,42,,25,weight,unknown,fresh,,,v3.1.0,
6abc675f4509092ec4f6e0de74624a5442e2d7a8,30db2995015b7790600c311bc2ac631b3e534345,2025-09-15,etf_flows,ETF Flows,45,,10,weight,unknown,fresh,,,v3.1.0,
6abc675f4509092ec4f6e0de74624a5442e2d7a8,30db2995015b7790600c311bc2ac631b3e534345,2025-09-15,macro_overlay,Macro Overlay,,,5,weight,unknown,excluded,,,v3.1.0,
6abc675f4509092ec4f6e0de74624a5442e2d7a8,30db2995015b7790600c311bc2ac631b3e534345,2025-09-15,net_liquidity,Net Liquidity (FRED),,,10,weight,unknown,excluded,,,v3.1.0,
6abc675f4509092ec4f6e0de74624a5442e2d7a8,30db2995015b7790600c311bc2ac631b3e534345,2025-09-15,onchain,On-chain Activity,20,,10,weight,unknown,fresh,,,v3.1.0,
6abc675f4509092ec4f6e0de74624a5442e2d7a8,30db2995015b7790600c311bc2ac631b3e534345,2025-09-15,social_interest,Social Interest,95,,5,weight,unknown,fresh,,,v3.1.0,
6abc675f4509092ec4f6e0de74624a5442e2d7a8,30db2995015b7790600c311bc2ac631b3e534345,2025-09-15,stablecoins,Stablecoins,26,,15,weight,unknown,fresh,,,v3.1.0,
6abc675f4509092ec4f6e0de74624a5442e2d7a8,30db2995015b7790600c311bc2ac631b3e534345,2025-09-15,term_leverage,Term Structure & Leverage,40,,20,weight,unknown,fresh,,,v3.1.0,
6abc675f4509092ec4f6e0de74624a5442e2d7a8,30db2995015b7790600c311bc2ac631b3e534345,2025-09-15,trend_valuation,Trend & Valuation,42,,25,weight,unknown,fresh,,,v3.1.0,
87ee86ef1486cb08cfd3acbda42c1ddc66c773be,c9325a2c772d8290d063aefa211a1f1a4fb702c3,2025-09-15,etf_flows,ETF Flows,,,10,weight,unknown,excluded,,,v3.1.0,
87ee86ef1486cb08cfd3acbda42c1ddc66c773be,c9325a2c772d8290d063aefa211a1f1a4fb702c3,2025-09-15,macro_overlay,Macro Overlay,,,5,weight,unknown,excluded,,,v3.1.0,
87ee86ef1486cb08cfd3acbda42c1ddc66c773be,c9325a2c772d8290d063aefa211a1f1a4fb702c3,2025-09-15,net_liquidity,Net Liquidity (FRED),,,10,weight,unknown,excluded,,,v3.1.0,
87ee86ef1486cb08cfd3acbda42c1ddc66c773be,c9325a2c772d8290d063aefa211a1f1a4fb702c3,2025-09-15,onchain,On-chain Activity,20,,10,weight,unknown,fresh,,,v3.1.0,
87ee86ef1486cb08cfd3acbda42c1ddc66c773be,c9325a2c772d8290d063aefa211a1f1a4fb702c3,2025-09-15,social_interest,Social Interest,95,,5,weight,unknown,fresh,,,v3.1.0,
87ee86ef1486cb08cfd3acbda42c1ddc66c773be,c9325a2c772d8290d063aefa211a1f1a4fb702c3,2025-09-15,stablecoins,Stablecoins,24,,15,weight,unknown,fresh,,,v3.1.0,
87ee86ef1486cb08cfd3acbda42c1ddc66c773be,c9325a2c772d8290d063aefa211a1f1a4fb702c3,2025-09-15,term_leverage,Term Structure & Leverage,40,,20,weight,unknown,fresh,,,v3.1.0,
87ee86ef1486cb08cfd3acbda42c1ddc66c773be,c9325a2c772d8290d063aefa211a1f1a4fb702c3,2025-09-15,trend_valuation,Trend & Valuation,42,,25,weight,unknown,fresh,,,v3.1.0,
e65a1e1b7561dd815df06babeb163b75e4c83cac,53ede5a6baedf38ee2acc817380b325207953e06,2025-09-15,etf_flows,ETF Flows,,,10,weight,unknown,excluded,,,v3.1.0,
e65a1e1b7561dd815df06babeb163b75e4c83cac,53ede5a6baedf38ee2acc817380b325207953e06,2025-09-15,macro_overlay,Macro Overlay,,,5,weight,unknown,excluded,,,v3.1.0,
e65a1e1b7561dd815df06babeb163b75e4c83cac,53ede5a6baedf38ee2acc817380b325207953e06,2025-09-15,net_liquidity,Net Liquidity (FRED),,,10,weight,unknown,excluded,,,v3.1.0,
e65a1e1b7561dd815df06babeb163b75e4c83cac,53ede5a6baedf38ee2acc817380b325207953e06,2025-09-15,onchain,On-chain Activity,,,10,weight,unknown,excluded,,,v3.1.0,
e65a1e1b7561dd815df06babeb163b75e4c83cac,53ede5a6baedf38ee2acc817380b325207953e06,2025-09-15,social_interest,Social Interest,95,,5,weight,unknown,fresh,,,v3.1.0,
e65a1e1b7561dd815df06babeb163b75e4c83cac,53ede5a6baedf38ee2acc817380b325207953e06,2025-09-15,stablecoins,Stablecoins,30,,15,weight,unknown,fresh,,,v3.1.0,
e65a1e1b7561dd815df06babeb163b75e4c83cac,53ede5a6baedf38ee2acc817380b325207953e06,2025-09-15,term_leverage,Term Structure & Leverage,,,20,weight,unknown,excluded,,,v3.1.0,
e65a1e1b7561dd815df06babeb163b75e4c83cac,53ede5a6baedf38ee2acc817380b325207953e06,2025-09-15,trend_valuation,Trend & Valuation,43,,25,weight,unknown,fresh,,,v3.1.0,
f9c3b83369eac312eed7d97531ae024ad87d4904,d03d46c7703c1069d62a9d6b95b9b3939a358fbf,2025-09-15,etf_flows,ETF Flows,45,,10,weight,unknown,fresh,,,v3.1.0,
f9c3b83369eac312eed7d97531ae024ad87d4904,d03d46c7703c1069d62a9d6b95b9b3939a358fbf,2025-09-15,macro_overlay,Macro Overlay,,,5,weight,unknown,excluded,,,v3.1.0,
f9c3b83369eac312eed7d97531ae024ad87d4904,d03d46c7703c1069d62a9d6b95b9b3939a358fbf,2025-09-15,net_liquidity,Net Liquidity (FRED),,,10,weight,unknown,excluded,,,v3.1.0,
f9c3b83369eac312eed7d97531ae024ad87d4904,d03d46c7703c1069d62a9d6b95b9b3939a358fbf,2025-09-15,onchain,On-chain Activity,20,,10,weight,unknown,fresh,,,v3.1.0,
f9c3b83369eac312eed7d97531ae024ad87d4904,d03d46c7703c1069d62a9d6b95b9b3939a358fbf,2025-09-15,social_interest,Social Interest,95,,5,weight,unknown,fresh,,,v3.1.0,
f9c3b83369eac312eed7d97531ae024ad87d4904,d03d46c7703c1069d62a9d6b95b9b3939a358fbf,2025-09-15,stablecoins,Stablecoins,24,,15,weight,unknown,fresh,,,v3.1.0,
f9c3b83369eac312eed7d97531ae024ad87d4904,d03d46c7703c1069d62a9d6b95b9b3939a358fbf,2025-09-15,term_leverage,Term Structure & Leverage,40,,20,weight,unknown,fresh,,,v3.1.0,
f9c3b83369eac312eed7d97531ae024ad87d4904,d03d46c7703c1069d62a9d6b95b9b3939a358fbf,2025-09-15,trend_valuation,Trend & Valuation,42,,25,weight,unknown,fresh,,,v3.1.0,
45326d09f90d2e9c0bcf98679908ceb8f55f0505,4e06257cc748443386c9925200be60bb48adae9b,2025-09-16,etf_flows,ETF Flows,45,,10,weight,unknown,fresh,,,v3.1.0,
45326d09f90d2e9c0bcf98679908ceb8f55f0505,4e06257cc748443386c9925200be60bb48adae9b,2025-09-16,macro_overlay,Macro Overlay,20,,5,weight,unknown,fresh,,,v3.1.0,
45326d09f90d2e9c0bcf98679908ceb8f55f0505,4e06257cc748443386c9925200be60bb48adae9b,2025-09-16,net_liquidity,Net Liquidity (FRED),93,,10,weight,unknown,fresh,,,v3.1.0,
45326d09f90d2e9c0bcf98679908ceb8f55f0505,4e06257cc748443386c9925200be60bb48adae9b,2025-09-16,onchain,On-chain Activity,83,,10,weight,unknown,fresh,,,v3.1.0,
45326d09f90d2e9c0bcf98679908ceb8f55f0505,4e06257cc748443386c9925200be60bb48adae9b,2025-09-16,social_interest,Social Interest,95,,5,weight,unknown,fresh,,,v3.1.0,
45326d09f90d2e9c0bcf98679908ceb8f55f0505,4e06257cc748443386c9925200be60bb48adae9b,2025-09-16,stablecoins,Stablecoins,35,,15,weight,unknown,fresh,,,v3.1.0,
45326d09f90d2e9c0bcf98679908ceb8f55f0505,4e06257cc748443386c9925200be60bb48adae9b,2025-09-16,term_leverage,Term Structure & Leverage,40,,20,weight,unknown,fresh,,,v3.1.0,
45326d09f90d2e9c0bcf98679908ceb8f55f0505,4e06257cc748443386c9925200be60bb48adae9b,2025-09-16,trend_valuation,Trend & Valuation,49,,25,weight,unknown,fresh,,,v3.1.0,
4fc58f6a93e5103bd8f61d133864bfacbc29e944,ce6ff3f9adf2cb3fb1a7b9f1493bdc381f2c0498,2025-09-16,etf_flows,ETF Flows,56,,10,weight,unknown,fresh,,,v3.1.0,
4fc58f6a93e5103bd8f61d133864bfacbc29e944,ce6ff3f9adf2cb3fb1a7b9f1493bdc381f2c0498,2025-09-16,macro_overlay,Macro Overlay,30,,5,weight,unknown,fresh,,,v3.1.0,
4fc58f6a93e5103bd8f61d133864bfacbc29e944,ce6ff3f9adf2cb3fb1a7b9f1493bdc381f2c0498,2025-09-16,net_liquidity,Net Liquidity (FRED),93,,10,weight,unknown,fresh,,,v3.1.0,
4fc58f6a93e5103bd8f61d133864bfacbc29e944,ce6ff3f9adf2cb3fb1a7b9f1493bdc381f2c0498,2025-09-16,onchain,On-chain Activity,83,,10,weight,unknown,fresh,,,v3.1.0,
4fc58f6a93e5103bd8f61d133864bfacbc29e944,ce6ff3f9adf2cb3fb1a7b9f1493bdc381f2c0498,2025-09-16,social_interest,Social Interest,95,,5,weight,unknown,fresh,,,v3.1.0,
4fc58f6a93e5103bd8f61d133864bfacbc29e944,ce6ff3f9adf2cb3fb1a7b9f1493bdc381f2c0498,2025-09-16,stablecoins,Stablecoins,,,15,weight,unknown,excluded,,,v3.1.0,
4fc58f6a93e5103bd8f61d133864bfacbc29e944,ce6ff3f9adf2cb3fb1a7b9f1493bdc381f2c0498,2025-09-16,term_leverage,Term Structure & Leverage,40,,20,weight,unknown,fresh,,,v3.1.0,
4fc58f6a93e5103bd8f61d133864bfacbc29e944,ce6ff3f9adf2cb3fb1a7b9f1493bdc381f2c0498,2025-09-16,trend_valuation,Trend & Valuation,29,,25,weight,unknown,fresh,,,v3.1.0,
8715f91aa5c946ab8d6eec938c8514bf24f17604,37174a41097dfc3634e171db651431c59ed9f62f,2025-09-16,etf_flows,ETF Flows,56,,10,weight,unknown,fresh,,,v3.1.0,
8715f91aa5c946ab8d6eec938c8514bf24f17604,37174a41097dfc3634e171db651431c59ed9f62f,2025-09-16,macro_overlay,Macro Overlay,30,,5,weight,unknown,fresh,,,v3.1.0,
8715f91aa5c946ab8d6eec938c8514bf24f17604,37174a41097dfc3634e171db651431c59ed9f62f,2025-09-16,net_liquidity,Net Liquidity (FRED),93,,10,weight,unknown,fresh,,,v3.1.0,
8715f91aa5c946ab8d6eec938c8514bf24f17604,37174a41097dfc3634e171db651431c59ed9f62f,2025-09-16,onchain,On-chain Activity,83,,10,weight,unknown,fresh,,,v3.1.0,
8715f91aa5c946ab8d6eec938c8514bf24f17604,37174a41097dfc3634e171db651431c59ed9f62f,2025-09-16,social_interest,Social Interest,95,,5,weight,unknown,fresh,,,v3.1.0,
8715f91aa5c946ab8d6eec938c8514bf24f17604,37174a41097dfc3634e171db651431c59ed9f62f,2025-09-16,stablecoins,Stablecoins,32,,15,weight,unknown,fresh,,,v3.1.0,
8715f91aa5c946ab8d6eec938c8514bf24f17604,37174a41097dfc3634e171db651431c59ed9f62f,2025-09-16,term_leverage,Term Structure & Leverage,40,,20,weight,unknown,fresh,,,v3.1.0,
8715f91aa5c946ab8d6eec938c8514bf24f17604,37174a41097dfc3634e171db651431c59ed9f62f,2025-09-16,trend_valuation,Trend & Valuation,30,,25,weight,unknown,fresh,,,v3.1.0,
c9c567817e03cbdee45363bb2397cdfba6545d44,0a51dcc45af807ce99b9514c843415887ef375b9,2025-09-16,etf_flows,ETF Flows,45,,10,weight,unknown,fresh,,,v3.1.0,
c9c567817e03cbdee45363bb2397cdfba6545d44,0a51dcc45af807ce99b9514c843415887ef375b9,2025-09-16,macro_overlay,Macro Overlay,20,,5,weight,unknown,fresh,,,v3.1.0,
c9c567817e03cbdee45363bb2397cdfba6545d44,0a51dcc45af807ce99b9514c843415887ef375b9,2025-09-16,net_liquidity,Net Liquidity (FRED),93,,10,weight,unknown,fresh,,,v3.1.0,
c9c567817e03cbdee45363bb2397cdfba6545d44,0a51dcc45af807ce99b9514c843415887ef375b9,2025-09-16,onchain,On-chain Activity,83,,10,weight,unknown,fresh,,,v3.1.0,
c9c567817e03cbdee45363bb2397cdfba6545d44,0a51dcc45af807ce99b9514c843415887ef375b9,2025-09-16,social_interest,Social Interest,95,,5,weight,unknown,fresh,,,v3.1.0,
c9c567817e03cbdee45363bb2397cdfba6545d44,0a51dcc45af807ce99b9514c843415887ef375b9,2025-09-16,stablecoins,Stablecoins,35,,15,weight,unknown,fresh,,,v3.1.0,
c9c567817e03cbdee45363bb2397cdfba6545d44,0a51dcc45af807ce99b9514c843415887ef375b9,2025-09-16,term_leverage,Term Structure & Leverage,40,,20,weight,unknown,fresh,,,v3.1.0,
c9c567817e03cbdee45363bb2397cdfba6545d44,0a51dcc45af807ce99b9514c843415887ef375b9,2025-09-16,trend_valuation,Trend & Valuation,48,,25,weight,unknown,fresh,,,v3.1.0,
de480d7862143b84ddfb75a4a3fc0f7a97f0fd25,daf12b783a487bdfc9e24d1ac744a0f090065b6a,2025-09-16,etf_flows,ETF Flows,45,,10,weight,unknown,fresh,,,v3.1.0,
de480d7862143b84ddfb75a4a3fc0f7a97f0fd25,daf12b783a487bdfc9e24d1ac744a0f090065b6a,2025-09-16,macro_overlay,Macro Overlay,20,,5,weight,unknown,fresh,,,v3.1.0,
de480d7862143b84ddfb75a4a3fc0f7a97f0fd25,daf12b783a487bdfc9e24d1ac744a0f090065b6a,2025-09-16,net_liquidity,Net Liquidity (FRED),93,,10,weight,unknown,fresh,,,v3.1.0,
de480d7862143b84ddfb75a4a3fc0f7a97f0fd25,daf12b783a487bdfc9e24d1ac744a0f090065b6a,2025-09-16,onchain,On-chain Activity,83,,10,weight,unknown,fresh,,,v3.1.0,
de480d7862143b84ddfb75a4a3fc0f7a97f0fd25,daf12b783a487bdfc9e24d1ac744a0f090065b6a,2025-09-16,social_interest,Social Interest,95,,5,weight,unknown,fresh,,,v3.1.0,
de480d7862143b84ddfb75a4a3fc0f7a97f0fd25,daf12b783a487bdfc9e24d1ac744a0f090065b6a,2025-09-16,stablecoins,Stablecoins,35,,15,weight,unknown,fresh,,,v3.1.0,
de480d7862143b84ddfb75a4a3fc0f7a97f0fd25,daf12b783a487bdfc9e24d1ac744a0f090065b6a,2025-09-16,term_leverage,Term Structure & Leverage,40,,20,weight,unknown,fresh,,,v3.1.0,
de480d7862143b84ddfb75a4a3fc0f7a97f0fd25,daf12b783a487bdfc9e24d1ac744a0f090065b6a,2025-09-16,trend_valuation,Trend & Valuation,49,,25,weight,unknown,fresh,,,v3.1.0,
092aa4769832eacbb3bf22bd50d4e923d4e61a63,5f7468120bdf531a9edc6f5ffe0d53b219b99abb,2025-09-17,etf_flows,ETF Flows,93,,10,weight,unknown,fresh,,,v3.1.0,
092aa4769832eacbb3bf22bd50d4e923d4e61a63,5f7468120bdf531a9edc6f5ffe0d53b219b99abb,2025-09-17,macro_overlay,Macro Overlay,30,,5,weight,unknown,fresh,,,v3.1.0,
092aa4769832eacbb3bf22bd50d4e923d4e61a63,5f7468120bdf531a9edc6f5ffe0d53b219b99abb,2025-09-17,net_liquidity,Net Liquidity (FRED),93,,10,weight,unknown,fresh,,,v3.1.0,
092aa4769832eacbb3bf22bd50d4e923d4e61a63,5f7468120bdf531a9edc6f5ffe0d53b219b99abb,2025-09-17,onchain,On-chain Activity,77,,10,weight,unknown,fresh,,,v3.1.0,
092aa4769832eacbb3bf22bd50d4e923d4e61a63,5f7468120bdf531a9edc6f5ffe0d53b219b99abb,2025-09-17,social_interest,Social Interest,95,,5,weight,unknown,fresh,,,v3.1.0,
092aa4769832eacbb3bf22bd50d4e923d4e61a63,5f7468120bdf531a9edc6f5ffe0d53b219b99abb,2025-09-17,stablecoins,Stablecoins,23,,15,weight,unknown,fresh,,,v3.1.0,
092aa4769832eacbb3bf22bd50d4e923d4e61a63,5f7468120bdf531a9edc6f5ffe0d53b219b99abb,2025-09-17,term_leverage,Term Structure & Leverage,40,,20,weight,unknown,fresh,,,v3.1.0,
092aa4769832eacbb3bf22bd50d4e923d4e61a63,5f7468120bdf531a9edc6f5ffe0d53b219b99abb,2025-09-17,trend_valuation,Trend & Valuation,37,,25,weight,unknown,fresh,,,v3.1.0,
0e05f7b40c6d2fee624cc3b5bee483132a0b0316,123fab03febdbe1ef86897f07d6079ea1af64d62,2025-09-17,etf_flows,ETF Flows,93,,10,weight,unknown,fresh,,,v3.1.0,
0e05f7b40c6d2fee624cc3b5bee483132a0b0316,123fab03febdbe1ef86897f07d6079ea1af64d62,2025-09-17,macro_overlay,Macro Overlay,34,,5,weight,unknown,fresh,,,v3.1.0,
0e05f7b40c6d2fee624cc3b5bee483132a0b0316,123fab03febdbe1ef86897f07d6079ea1af64d62,2025-09-17,net_liquidity,Net Liquidity (FRED),93,,10,weight,unknown,fresh,,,v3.1.0,
0e05f7b40c6d2fee624cc3b5bee483132a0b0316,123fab03febdbe1ef86897f07d6079ea1af64d62,2025-09-17,onchain,On-chain Activity,82,,10,weight,unknown,fresh,,,v3.1.0,
0e05f7b40c6d2fee624cc3b5bee483132a0b0316,123fab03febdbe1ef86897f07d6079ea1af64d62,2025-09-17,social_interest,Social Interest,21,,5,weight,unknown,fresh,,,v3.1.0,
0e05f7b40c6d2fee624cc3b5bee483132a0b0316,123fab03febdbe1ef86897f07d6079ea1af64d62,2025-09-17,stablecoins,Stablecoins,23,,15,weight,unknown,fresh,,,v3.1.0,
0e05f7b40c6d2fee624cc3b5bee483132a0b0316,123fab03febdbe1ef86897f07d6079ea1af64d62,2025-09-17,term_leverage,Term Structure & Leverage,40,,20,weight,unknown,fresh,,,v3.1.0,
0e05f7b40c6d2fee624cc3b5bee483132a0b0316,123fab03febdbe1ef86897f07d6079ea1af64d62,2025-09-17,trend_valuation,Trend & Valuation,45,,25,weight,unknown,fresh,,,v3.1.0,
1342a88a724a7c7963114508d800319de37e30b8,46736168793fe6fb109d3e8f8eac046b947e9e28,2025-09-17,etf_flows,ETF Flows,93,,10,weight,unknown,fresh,,,v3.1.0,
1342a88a724a7c7963114508d800319de37e30b8,46736168793fe6fb109d3e8f8eac046b947e9e28,2025-09-17,macro_overlay,Macro Overlay,34,,5,weight,unknown,fresh,,,v3.1.0,
1342a88a724a7c7963114508d800319de37e30b8,46736168793fe6fb109d3e8f8eac046b947e9e28,2025-09-17,net_liquidity,Net Liquidity (FRED),93,,10,weight,unknown,fresh,,,v3.1.0,
1342a88a724a7c7963114508d800319de37e30b8,46736168793fe6fb109d3e8f8eac046b947e9e28,2025-09-17,onchain,On-chain Activity,82,,10,weight,unknown,fresh,,,v3.1.0,
1342a88a724a7c7963114508d800319de37e30b8,46736168793fe6fb109d3e8f8eac046b947e9e28,2025-09-17,social_interest,Social Interest,21,,5,weight,unknown,fresh,,,v3.1.0,
1342a88a724a7c7963114508d800319de37e30b8,46736168793fe6fb109d3e8f8eac046b947e9e28,2025-09-17,stablecoins,Stablecoins,23,,15,weight,unknown,fresh,,,v3.1.0,
1342a88a724a7c7963114508d800319de37e30b8,46736168793fe6fb109d3e8f8eac046b947e9e28,2025-09-17,term_leverage,Term Structure & Leverage,40,,20,weight,unknown,fresh,,,v3.1.0,
1342a88a724a7c7963114508d800319de37e30b8,46736168793fe6fb109d3e8f8eac046b947e9e28,2025-09-17,trend_valuation,Trend & Valuation,43,,25,weight,unknown,fresh,,,v3.1.0,
2225f488198c87ef7f45e1b644df4bc91b19adaa,4817bf31daf02cdf5547add41d85f9f51185942f,2025-09-17,etf_flows,ETF Flows,93,,10,weight,unknown,fresh,,,v3.1.0,
2225f488198c87ef7f45e1b644df4bc91b19adaa,4817bf31daf02cdf5547add41d85f9f51185942f,2025-09-17,macro_overlay,Macro Overlay,34,,5,weight,unknown,fresh,,,v3.1.0,
2225f488198c87ef7f45e1b644df4bc91b19adaa,4817bf31daf02cdf5547add41d85f9f51185942f,2025-09-17,net_liquidity,Net Liquidity (FRED),93,,10,weight,unknown,fresh,,,v3.1.0,
2225f488198c87ef7f45e1b644df4bc91b19adaa,4817bf31daf02cdf5547add41d85f9f51185942f,2025-09-17,onchain,On-chain Activity,82,,10,weight,unknown,fresh,,,v3.1.0,
2225f488198c87ef7f45e1b644df4bc91b19adaa,4817bf31daf02cdf5547add41d85f9f51185942f,2025-09-17,social_interest,Social Interest,21,,5,weight,unknown,fresh,,,v3.1.0,
2225f488198c87ef7f45e1b644df4bc91b19adaa,4817bf31daf02cdf5547add41d85f9f51185942f,2025-09-17,stablecoins,Stablecoins,23,,15,weight,unknown,fresh,,,v3.1.0,
2225f488198c87ef7f45e1b644df4bc91b19adaa,4817bf31daf02cdf5547add41d85f9f51185942f,2025-09-17,term_leverage,Term Structure & Leverage,40,,20,weight,unknown,fresh,,,v3.1.0,
2225f488198c87ef7f45e1b644df4bc91b19adaa,4817bf31daf02cdf5547add41d85f9f51185942f,2025-09-17,trend_valuation,Trend & Valuation,48,,25,weight,unknown,fresh,,,v3.1.0,
2e1f600ebcabf3bc67fbf97c01e083a17af00ba0,4295560c47b373c9ed165332eca39833a1842885,2025-09-17,etf_flows,ETF Flows,93,,10,weight,unknown,fresh,,,v3.1.0,
2e1f600ebcabf3bc67fbf97c01e083a17af00ba0,4295560c47b373c9ed165332eca39833a1842885,2025-09-17,macro_overlay,Macro Overlay,34,,5,weight,unknown,fresh,,,v3.1.0,
2e1f600ebcabf3bc67fbf97c01e083a17af00ba0,4295560c47b373c9ed165332eca39833a1842885,2025-09-17,net_liquidity,Net Liquidity (FRED),93,,10,weight,unknown,fresh,,,v3.1.0,
2e1f600ebcabf3bc67fbf97c01e083a17af00ba0,4295560c47b373c9ed165332eca39833a1842885,2025-09-17,onchain,On-chain Activity,82,,10,weight,unknown,fresh,,,v3.1.0,
2e1f600ebcabf3bc67fbf97c01e083a17af00ba0,4295560c47b373c9ed165332eca39833a1842885,2025-09-17,social_interest,Social Interest,21,,5,weight,unknown,fresh,,,v3.1.0,
2e1f600ebcabf3bc67fbf97c01e083a17af00ba0,4295560c47b373c9ed165332eca39833a1842885,2025-09-17,stablecoins,Stablecoins,23,,15,weight,unknown,fresh,,,v3.1.0,
2e1f600ebcabf3bc67fbf97c01e083a17af00ba0,4295560c47b373c9ed165332eca39833a1842885,2025-09-17,term_leverage,Term Structure & Leverage,40,,20,weight,unknown,fresh,,,v3.1.0,
2e1f600ebcabf3bc67fbf97c01e083a17af00ba0,4295560c47b373c9ed165332eca39833a1842885,2025-09-17,trend_valuation,Trend & Valuation,43,,25,weight,unknown,fresh,,,v3.1.0,
356d99afba69343e9b24456f29a7a9c746a99b81,91c8d0a98116b96ef07ecc4ab1911d8e4c865944,2025-09-17,etf_flows,ETF Flows,93,,10,weight,unknown,fresh,,,v3.1.0,
356d99afba69343e9b24456f29a7a9c746a99b81,91c8d0a98116b96ef07ecc4ab1911d8e4c865944,2025-09-17,macro_overlay,Macro Overlay,34,,5,weight,unknown,fresh,,,v3.1.0,
356d99afba69343e9b24456f29a7a9c746a99b81,91c8d0a98116b96ef07ecc4ab1911d8e4c865944,2025-09-17,net_liquidity,Net Liquidity (FRED),93,,10,weight,unknown,fresh,,,v3.1.0,
356d99afba69343e9b24456f29a7a9c746a99b81,91c8d0a98116b96ef07ecc4ab1911d8e4c865944,2025-09-17,onchain,On-chain Activity,82,,10,weight,unknown,fresh,,,v3.1.0,
356d99afba69343e9b24456f29a7a9c746a99b81,91c8d0a98116b96ef07ecc4ab1911d8e4c865944,2025-09-17,social_interest,Social Interest,21,,5,weight,unknown,fresh,,,v3.1.0,
356d99afba69343e9b24456f29a7a9c746a99b81,91c8d0a98116b96ef07ecc4ab1911d8e4c865944,2025-09-17,stablecoins,Stablecoins,23,,15,weight,unknown,fresh,,,v3.1.0,
356d99afba69343e9b24456f29a7a9c746a99b81,91c8d0a98116b96ef07ecc4ab1911d8e4c865944,2025-09-17,term_leverage,Term Structure & Leverage,40,,20,weight,unknown,fresh,,,v3.1.0,
356d99afba69343e9b24456f29a7a9c746a99b81,91c8d0a98116b96ef07ecc4ab1911d8e4c865944,2025-09-17,trend_valuation,Trend & Valuation,43,,25,weight,unknown,fresh,,,v3.1.0,
5a3a1264f894a69153037d4bf99412a835443aca,6585b2010c9d429bd5037dab91d391edc1a76bf5,2025-09-17,etf_flows,ETF Flows,93,,10,weight,unknown,fresh,,,v3.1.0,
5a3a1264f894a69153037d4bf99412a835443aca,6585b2010c9d429bd5037dab91d391edc1a76bf5,2025-09-17,macro_overlay,Macro Overlay,34,,5,weight,unknown,fresh,,,v3.1.0,
5a3a1264f894a69153037d4bf99412a835443aca,6585b2010c9d429bd5037dab91d391edc1a76bf5,2025-09-17,net_liquidity,Net Liquidity (FRED),93,,10,weight,unknown,fresh,,,v3.1.0,
5a3a1264f894a69153037d4bf99412a835443aca,6585b2010c9d429bd5037dab91d391edc1a76bf5,2025-09-17,onchain,On-chain Activity,82,,10,weight,unknown,fresh,,,v3.1.0,
5a3a1264f894a69153037d4bf99412a835443aca,6585b2010c9d429bd5037dab91d391edc1a76bf5,2025-09-17,social_interest,Social Interest,21,,5,weight,unknown,fresh,,,v3.1.0,
5a3a1264f894a69153037d4bf99412a835443aca,6585b2010c9d429bd5037dab91d391edc1a76bf5,2025-09-17,stablecoins,Stablecoins,23,,15,weight,unknown,fresh,,,v3.1.0,
5a3a1264f894a69153037d4bf99412a835443aca,6585b2010c9d429bd5037dab91d391edc1a76bf5,2025-09-17,term_leverage,Term Structure & Leverage,40,,20,weight,unknown,fresh,,,v3.1.0,
5a3a1264f894a69153037d4bf99412a835443aca,6585b2010c9d429bd5037dab91d391edc1a76bf5,2025-09-17,trend_valuation,Trend & Valuation,48,,25,weight,unknown,fresh,,,v3.1.0,
81aa8a5298bec3bed6aeb29803ddc8ba12576956,4d2b6e0133e7a2d525a74496c20d5121a445a104,2025-09-17,etf_flows,ETF Flows,93,,10,weight,unknown,fresh,,,v3.1.0,
81aa8a5298bec3bed6aeb29803ddc8ba12576956,4d2b6e0133e7a2d525a74496c20d5121a445a104,2025-09-17,macro_overlay,Macro Overlay,34,,5,weight,unknown,fresh,,,v3.1.0,
81aa8a5298bec3bed6aeb29803ddc8ba12576956,4d2b6e0133e7a2d525a74496c20d5121a445a104,2025-09-17,net_liquidity,Net Liquidity (FRED),93,,10,weight,unknown,fresh,,,v3.1.0,
81aa8a5298bec3bed6aeb29803ddc8ba12576956,4d2b6e0133e7a2d525a74496c20d5121a445a104,2025-09-17,onchain,On-chain Activity,82,,10,weight,unknown,fresh,,,v3.1.0,
81aa8a5298bec3bed6aeb29803ddc8ba12576956,4d2b6e0133e7a2d525a74496c20d5121a445a104,2025-09-17,social_interest,Social Interest,21,,5,weight,unknown,fresh,,,v3.1.0,
81aa8a5298bec3bed6aeb29803ddc8ba12576956,4d2b6e0133e7a2d525a74496c20d5121a445a104,2025-09-17,stablecoins,Stablecoins,23,,15,weight,unknown,fresh,,,v3.1.0,
81aa8a5298bec3bed6aeb29803ddc8ba12576956,4d2b6e0133e7a2d525a74496c20d5121a445a104,2025-09-17,term_leverage,Term Structure & Leverage,40,,20,weight,unknown,fresh,,,v3.1.0,
81aa8a5298bec3bed6aeb29803ddc8ba12576956,4d2b6e0133e7a2d525a74496c20d5121a445a104,2025-09-17,trend_valuation,Trend & Valuation,43,,25,weight,unknown,fresh,,,v3.1.0,
97e46ff769e26fe370443d170d18055a729b8426,fdc1160ed97223347f31a11796c8973991f40f4f,2025-09-17,etf_flows,ETF Flows,93,,10,weight,unknown,fresh,,,v3.1.0,
97e46ff769e26fe370443d170d18055a729b8426,fdc1160ed97223347f31a11796c8973991f40f4f,2025-09-17,macro_overlay,Macro Overlay,30,,5,weight,unknown,fresh,,,v3.1.0,
97e46ff769e26fe370443d170d18055a729b8426,fdc1160ed97223347f31a11796c8973991f40f4f,2025-09-17,net_liquidity,Net Liquidity (FRED),93,,10,weight,unknown,fresh,,,v3.1.0,
97e46ff769e26fe370443d170d18055a729b8426,fdc1160ed97223347f31a11796c8973991f40f4f,2025-09-17,onchain,On-chain Activity,82,,10,weight,unknown,fresh,,,v3.1.0,
97e46ff769e26fe370443d170d18055a729b8426,fdc1160ed97223347f31a11796c8973991f40f4f,2025-09-17,social_interest,Social Interest,21,,5,weight,unknown,fresh,,,v3.1.0,
97e46ff769e26fe370443d170d18055a729b8426,fdc1160ed97223347f31a11796c8973991f40f4f,2025-09-17,stablecoins,Stablecoins,23,,15,weight,unknown,fresh,,,v3.1.0,
97e46ff769e26fe370443d170d18055a729b8426,fdc1160ed97223347f31a11796c8973991f40f4f,2025-09-17,term_leverage,Term Structure & Leverage,40,,20,weight,unknown,fresh,,,v3.1.0,
97e46ff769e26fe370443d170d18055a729b8426,fdc1160ed97223347f31a11796c8973991f40f4f,2025-09-17,trend_valuation,Trend & Valuation,38,,25,weight,unknown,fresh,,,v3.1.0,
a1af91397b9e36573fda5ffd6b80514b0c02b1a4,43826a2ac1e998f612e3609cfd5046c656a31785,2025-09-17,etf_flows,ETF Flows,93,,10,weight,unknown,fresh,,,v3.1.0,
a1af91397b9e36573fda5ffd6b80514b0c02b1a4,43826a2ac1e998f612e3609cfd5046c656a31785,2025-09-17,macro_overlay,Macro Overlay,30,,5,weight,unknown,fresh,,,v3.1.0,
a1af91397b9e36573fda5ffd6b80514b0c02b1a4,43826a2ac1e998f612e3609cfd5046c656a31785,2025-09-17,net_liquidity,Net Liquidity (FRED),93,,10,weight,unknown,fresh,,,v3.1.0,
a1af91397b9e36573fda5ffd6b80514b0c02b1a4,43826a2ac1e998f612e3609cfd5046c656a31785,2025-09-17,onchain,On-chain Activity,77,,10,weight,unknown,fresh,,,v3.1.0,
a1af91397b9e36573fda5ffd6b80514b0c02b1a4,43826a2ac1e998f612e3609cfd5046c656a31785,2025-09-17,social_interest,Social Interest,95,,5,weight,unknown,fresh,,,v3.1.0,
a1af91397b9e36573fda5ffd6b80514b0c02b1a4,43826a2ac1e998f612e3609cfd5046c656a31785,2025-09-17,stablecoins,Stablecoins,23,,15,weight,unknown,fresh,,,v3.1.0,
a1af91397b9e36573fda5ffd6b80514b0c02b1a4,43826a2ac1e998f612e3609cfd5046c656a31785,2025-09-17,term_leverage,Term Structure & Leverage,40,,20,weight,unknown,fresh,,,v3.1.0,
a1af91397b9e36573fda5ffd6b80514b0c02b1a4,43826a2ac1e998f612e3609cfd5046c656a31785,2025-09-17,trend_valuation,Trend & Valuation,37,,25,weight,unknown,fresh,,,v3.1.0,
a373dd5ab4cc2551d15f75d08d36b2f83f4e93fb,683409b325090d0dc1a36be9c240ac63fca2424e,2025-09-17,etf_flows,ETF Flows,53,,10,weight,unknown,fresh,,,v3.1.0,
a373dd5ab4cc2551d15f75d08d36b2f83f4e93fb,683409b325090d0dc1a36be9c240ac63fca2424e,2025-09-17,macro_overlay,Macro Overlay,30,,5,weight,unknown,fresh,,,v3.1.0,
a373dd5ab4cc2551d15f75d08d36b2f83f4e93fb,683409b325090d0dc1a36be9c240ac63fca2424e,2025-09-17,net_liquidity,Net Liquidity (FRED),93,,10,weight,unknown,fresh,,,v3.1.0,
a373dd5ab4cc2551d15f75d08d36b2f83f4e93fb,683409b325090d0dc1a36be9c240ac63fca2424e,2025-09-17,onchain,On-chain Activity,77,,10,weight,unknown,fresh,,,v3.1.0,
a373dd5ab4cc2551d15f75d08d36b2f83f4e93fb,683409b325090d0dc1a36be9c240ac63fca2424e,2025-09-17,social_interest,Social Interest,95,,5,weight,unknown,fresh,,,v3.1.0,
a373dd5ab4cc2551d15f75d08d36b2f83f4e93fb,683409b325090d0dc1a36be9c240ac63fca2424e,2025-09-17,stablecoins,Stablecoins,23,,15,weight,unknown,fresh,,,v3.1.0,
a373dd5ab4cc2551d15f75d08d36b2f83f4e93fb,683409b325090d0dc1a36be9c240ac63fca2424e,2025-09-17,term_leverage,Term Structure & Leverage,40,,20,weight,unknown,fresh,,,v3.1.0,
a373dd5ab4cc2551d15f75d08d36b2f83f4e93fb,683409b325090d0dc1a36be9c240ac63fca2424e,2025-09-17,trend_valuation,Trend & Valuation,37,,25,weight,unknown,fresh,,,v3.1.0,
c0681ed08646b95070b9cf6c78a8bf593bff1401,6dbd0e1316bcb7184d36a4972217ec73f44521ba,2025-09-17,etf_flows,ETF Flows,93,,10,weight,unknown,fresh,,,v3.1.0,
c0681ed08646b95070b9cf6c78a8bf593bff1401,6dbd0e1316bcb7184d36a4972217ec73f44521ba,2025-09-17,macro_overlay,Macro Overlay,30,,5,weight,unknown,fresh,,,v3.1.0,
c0681ed08646b95070b9cf6c78a8bf593bff1401,6dbd0e1316bcb7184d36a4972217ec73f44521ba,2025-09-17,net_liquidity,Net Liquidity (FRED),93,,10,weight,unknown,fresh,,,v3.1.0,
c0681ed08646b95070b9cf6c78a8bf593bff1401,6dbd0e1316bcb7184d36a4972217ec73f44521ba,2025-09-17,onchain,On-chain Activity,82,,10,weight,unknown,fresh,,,v3.1.0,
c0681ed08646b95070b9cf6c78a8bf593bff1401,6dbd0e1316bcb7184d36a4972217ec73f44521ba,2025-09-17,social_interest,Social Interest,21,,5,weight,unknown,fresh,,,v3.1.0,
c0681ed08646b95070b9cf6c78a8bf593bff1401,6dbd0e1316bcb7184d36a4972217ec73f44521ba,2025-09-17,stablecoins,Stablecoins,23,,15,weight,unknown,fresh,,,v3.1.0,
c0681ed08646b95070b9cf6c78a8bf593bff1401,6dbd0e1316bcb7184d36a4972217ec73f44521ba,2025-09-17,term_leverage,Term Structure & Leverage,40,,20,weight,unknown,fresh,,,v3.1.0,
c0681ed08646b95070b9cf6c78a8bf593bff1401,6dbd0e1316bcb7184d36a4972217ec73f44521ba,2025-09-17,trend_valuation,Trend & Valuation,37,,25,weight,unknown,fresh,,,v3.1.0,
d57f47087feb0f9b9dbad6d12f83dd78ac6faf9a,44a04b84e017a0c34451b2d154a83c99b8fa9d06,2025-09-17,etf_flows,ETF Flows,93,,10,weight,unknown,fresh,,,v3.1.0,
d57f47087feb0f9b9dbad6d12f83dd78ac6faf9a,44a04b84e017a0c34451b2d154a83c99b8fa9d06,2025-09-17,macro_overlay,Macro Overlay,30,,5,weight,unknown,fresh,,,v3.1.0,
d57f47087feb0f9b9dbad6d12f83dd78ac6faf9a,44a04b84e017a0c34451b2d154a83c99b8fa9d06,2025-09-17,net_liquidity,Net Liquidity (FRED),93,,10,weight,unknown,fresh,,,v3.1.0,
d57f47087feb0f9b9dbad6d12f83dd78ac6faf9a,44a04b84e017a0c34451b2d154a83c99b8fa9d06,2025-09-17,onchain,On-chain Activity,82,,10,weight,unknown,fresh,,,v3.1.0,
d57f47087feb0f9b9dbad6d12f83dd78ac6faf9a,44a04b84e017a0c34451b2d154a83c99b8fa9d06,2025-09-17,social_interest,Social Interest,95,,5,weight,unknown,fresh,,,v3.1.0,
d57f47087feb0f9b9dbad6d12f83dd78ac6faf9a,44a04b84e017a0c34451b2d154a83c99b8fa9d06,2025-09-17,stablecoins,Stablecoins,23,,15,weight,unknown,fresh,,,v3.1.0,
d57f47087feb0f9b9dbad6d12f83dd78ac6faf9a,44a04b84e017a0c34451b2d154a83c99b8fa9d06,2025-09-17,term_leverage,Term Structure & Leverage,40,,20,weight,unknown,fresh,,,v3.1.0,
d57f47087feb0f9b9dbad6d12f83dd78ac6faf9a,44a04b84e017a0c34451b2d154a83c99b8fa9d06,2025-09-17,trend_valuation,Trend & Valuation,38,,25,weight,unknown,fresh,,,v3.1.0,
e61070051af54b07ee4d9cf23bbea3aae0720169,d5a8ef74f3d830dc8b587d16cbc08085898d007c,2025-09-17,etf_flows,ETF Flows,93,,10,weight,unknown,fresh,,,v3.1.0,
e61070051af54b07ee4d9cf23bbea3aae0720169,d5a8ef74f3d830dc8b587d16cbc08085898d007c,2025-09-17,macro_overlay,Macro Overlay,34,,5,weight,unknown,fresh,,,v3.1.0,
e61070051af54b07ee4d9cf23bbea3aae0720169,d5a8ef74f3d830dc8b587d16cbc08085898d007c,2025-09-17,net_liquidity,Net Liquidity (FRED),93,,10,weight,unknown,fresh,,,v3.1.0,
e61070051af54b07ee4d9cf23bbea3aae0720169,d5a8ef74f3d830dc8b587d16cbc08085898d007c,2025-09-17,onchain,On-chain Activity,82,,10,weight,unknown,fresh,,,v3.1.0,
e61070051af54b07ee4d9cf23bbea3aae0720169,d5a8ef74f3d830dc8b587d16cbc08085898d007c,2025-09-17,social_interest,Social Interest,21,,5,weight,unknown,fresh,,,v3.1.0,
e61070051af54b07ee4d9cf23bbea3aae0720169,d5a8ef74f3d830dc8b587d16cbc08085898d007c,2025-09-17,stablecoins,Stablecoins,23,,15,weight,unknown,fresh,,,v3.1.0,
e61070051af54b07ee4d9cf23bbea3aae0720169,d5a8ef74f3d830dc8b587d16cbc08085898d007c,2025-09-17,term_leverage,Term Structure & Leverage,40,,20,weight,unknown,fresh,,,v3.1.0,
e61070051af54b07ee4d9cf23bbea3aae0720169,d5a8ef74f3d830dc8b587d16cbc08085898d007c,2025-09-17,trend_valuation,Trend & Valuation,43,,25,weight,unknown,fresh,,,v3.1.0,
1c95ff644ef96980111aadd481800d473b825029,aecc66986d00f28ed75484350f270da68481e776,2025-09-18,etf_flows,ETF Flows,90,,10,weight,unknown,fresh,,,v3.1.0,
1c95ff644ef96980111aadd481800d473b825029,aecc66986d00f28ed75484350f270da68481e776,2025-09-18,macro_overlay,Macro Overlay,31,,5,weight,unknown,fresh,,,v3.1.0,
1c95ff644ef96980111aadd481800d473b825029,aecc66986d00f28ed75484350f270da68481e776,2025-09-18,net_liquidity,Net Liquidity (FRED),93,,10,weight,unknown,fresh,,,v3.1.0,
1c95ff644ef96980111aadd481800d473b825029,aecc66986d00f28ed75484350f270da68481e776,2025-09-18,onchain,On-chain Activity,30,,10,weight,unknown,fresh,,,v3.1.0,
1c95ff644ef96980111aadd481800d473b825029,aecc66986d00f28ed75484350f270da68481e776,2025-09-18,social_interest,Social Interest,21,,5,weight,unknown,fresh,,,v3.1.0,
1c95ff644ef96980111aadd481800d473b825029,aecc66986d00f28ed75484350f270da68481e776,2025-09-18,stablecoins,Stablecoins,19,,15,weight,unknown,fresh,,,v3.1.0,
1c95ff644ef96980111aadd481800d473b825029,aecc66986d00f28ed75484350f270da68481e776,2025-09-18,term_leverage,Term Structure & Leverage,40,,20,weight,unknown,fresh,,,v3.1.0,
1c95ff644ef96980111aadd481800d473b825029,aecc66986d00f28ed75484350f270da68481e776,2025-09-18,trend_valuation,Trend & Valuation,25,,25,weight,unknown,fresh,,,v3.1.0,
5ddca60124c8f315b572cd97bc664e54880a98c6,c0d44f469eaf3e1d98df47e5f83c6c6e71ed3571,2025-09-18,etf_flows,ETF Flows,90,,10,weight,unknown,fresh,,,v3.1.0,
5ddca60124c8f315b572cd97bc664e54880a98c6,c0d44f469eaf3e1d98df47e5f83c6c6e71ed3571,2025-09-18,macro_overlay,Macro Overlay,34,,5,weight,unknown,fresh,,,v3.1.0,
5ddca60124c8f315b572cd97bc664e54880a98c6,c0d44f469eaf3e1d98df47e5f83c6c6e71ed3571,2025-09-18,net_liquidity,Net Liquidity (FRED),93,,10,weight,unknown,fresh,,,v3.1.0,
5ddca60124c8f315b572cd97bc664e54880a98c6,c0d44f469eaf3e1d98df47e5f83c6c6e71ed3571,2025-09-18,onchain,On-chain Activity,30,,10,weight,unknown,fresh,,,v3.1.0,
5ddca60124c8f315b572cd97bc664e54880a98c6,c0d44f469eaf3e1d98df47e5f83c6c6e71ed3571,2025-09-18,social_interest,Social Interest,21,,5,weight,unknown,fresh,,,v3.1.0,
5ddca60124c8f315b572cd97bc664e54880a98c6,c0d44f469eaf3e1d98df47e5f83c6c6e71ed3571,2025-09-18,stablecoins,Stablecoins,21,,15,weight,unknown,fresh,,,v3.1.0,
5ddca60124c8f315b572cd97bc664e54880a98c6,c0d44f469eaf3e1d98df47e5f83c6c6e71ed3571,2025-09-18,term_leverage,Term Structure & Leverage,40,,20,weight,unknown,fresh,,,v3.1.0,
5ddca60124c8f315b572cd97bc664e54880a98c6,c0d44f469eaf3e1d98df47e5f83c6c6e71ed3571,2025-09-18,trend_valuation,Trend & Valuation,26,,25,weight,unknown,fresh,,,v3.1.0,
76daeb8ca3a4a1f29b5ea9eae698a78760e29910,778b89fc4a12b7820885c78157efbec8fe69ba6e,2025-09-18,etf_flows,ETF Flows,90,,10,weight,unknown,fresh,,,v3.1.0,
76daeb8ca3a4a1f29b5ea9eae698a78760e29910,778b89fc4a12b7820885c78157efbec8fe69ba6e,2025-09-18,macro_overlay,Macro Overlay,34,,5,weight,unknown,fresh,,,v3.1.0,
76daeb8ca3a4a1f29b5ea9eae698a78760e29910,778b89fc4a12b7820885c78157efbec8fe69ba6e,2025-09-18,net_liquidity,Net Liquidity (FRED),93,,10,weight,unknown,fresh,,,v3.1.0,
76daeb8ca3a4a1f29b5ea9eae698a78760e29910,778b89fc4a12b7820885c78157efbec8fe69ba6e,2025-09-18,onchain,On-chain Activity,30,,10,weight,unknown,fresh,,,v3.1.0,
76daeb8ca3a4a1f29b5ea9eae698a78760e29910,778b89fc4a12b7820885c78157efbec8fe69ba6e,2025-09-18,social_interest,Social Interest,21,,5,weight,unknown,fresh,,,v3.1.0,
76daeb8ca3a4a1f29b5ea9eae698a78760e29910,778b89fc4a12b7820885c78157efbec8fe69ba6e,2025-09-18,stablecoins,Stablecoins,21,,15,weight,unknown,fresh,,,v3.1.0,
76daeb8ca3a4a1f29b5ea9eae698a78760e29910,778b89fc4a12b7820885c78157efbec8fe69ba6e,2025-09-18,term_leverage,Term Structure & Leverage,40,,20,weight,unknown,fresh,,,v3.1.0,
76daeb8ca3a4a1f29b5ea9eae698a78760e29910,778b89fc4a12b7820885c78157efbec8fe69ba6e,2025-09-18,trend_valuation,Trend & Valuation,31,,25,weight,unknown,fresh,,,v3.1.0,
7c8efd099d5f1754ef59fe768452593bf26c8101,ae27743df14da2f618419fa6b67c772cfc8dd407,2025-09-18,etf_flows,ETF Flows,90,,10,weight,unknown,fresh,,,v3.1.0,
7c8efd099d5f1754ef59fe768452593bf26c8101,ae27743df14da2f618419fa6b67c772cfc8dd407,2025-09-18,macro_overlay,Macro Overlay,31,,5,weight,unknown,fresh,,,v3.1.0,
7c8efd099d5f1754ef59fe768452593bf26c8101,ae27743df14da2f618419fa6b67c772cfc8dd407,2025-09-18,net_liquidity,Net Liquidity (FRED),93,,10,weight,unknown,fresh,,,v3.1.0,
7c8efd099d5f1754ef59fe768452593bf26c8101,ae27743df14da2f618419fa6b67c772cfc8dd407,2025-09-18,onchain,On-chain Activity,30,,10,weight,unknown,fresh,,,v3.1.0,
7c8efd099d5f1754ef59fe768452593bf26c8101,ae27743df14da2f618419fa6b67c772cfc8dd407,2025-09-18,social_interest,Social Interest,21,,5,weight,unknown,fresh,,,v3.1.0,
7c8efd099d5f1754ef59fe768452593bf26c8101,ae27743df14da2f618419fa6b67c772cfc8dd407,2025-09-18,stablecoins,Stablecoins,19,,15,weight,unknown,fresh,,,v3.1.0,
7c8efd099d5f1754ef59fe768452593bf26c8101,ae27743df14da2f618419fa6b67c772cfc8dd407,2025-09-18,term_leverage,Term Structure & Leverage,40,,20,weight,unknown,fresh,,,v3.1.0,
7c8efd099d5f1754ef59fe768452593bf26c8101,ae27743df14da2f618419fa6b67c772cfc8dd407,2025-09-18,trend_valuation,Trend & Valuation,25,,25,weight,unknown,fresh,,,v3.1.0,
8a59253b6f5e54022818a43b6bac1cd015f498dc,a79f810ab519ebbc4c70e5bec139d0fb34a12de1,2025-09-18,etf_flows,ETF Flows,90,,10,weight,unknown,fresh,,,v3.1.0,
8a59253b6f5e54022818a43b6bac1cd015f498dc,a79f810ab519ebbc4c70e5bec139d0fb34a12de1,2025-09-18,macro_overlay,Macro Overlay,31,,5,weight,unknown,fresh,,,v3.1.0,
8a59253b6f5e54022818a43b6bac1cd015f498dc,a79f810ab519ebbc4c70e5bec139d0fb34a12de1,2025-09-18,net_liquidity,Net Liquidity (FRED),93,,10,weight,unknown,fresh,,,v3.1.0,
8a59253b6f5e54022818a43b6bac1cd015f498dc,a79f810ab519ebbc4c70e5bec139d0fb34a12de1,2025-09-18,onchain,On-chain Activity,30,,10,weight,unknown,fresh,,,v3.1.0,
8a59253b6f5e54022818a43b6bac1cd015f498dc,a79f810ab519ebbc4c70e5bec139d0fb34a12de1,2025-09-18,social_interest,Social Interest,21,,5,weight,unknown,fresh,,,v3.1.0,
8a59253b6f5e54022818a43b6bac1cd015f498dc,a79f810ab519ebbc4c70e5bec139d0fb34a12de1,2025-09-18,stablecoins,Stablecoins,19,,15,weight,unknown,fresh,,,v3.1.0,
8a59253b6f5e54022818a43b6bac1cd015f498dc,a79f810ab519ebbc4c70e5bec139d0fb34a12de1,2025-09-18,term_leverage,Term Structure & Leverage,40,,20,weight,unknown,fresh,,,v3.1.0,
8a59253b6f5e54022818a43b6bac1cd015f498dc,a79f810ab519ebbc4c70e5bec139d0fb34a12de1,2025-09-18,trend_valuation,Trend & Valuation,25,,25,weight,unknown,fresh,,,v3.1.0,
b82a3c46163747fec4553fd6bb81beacc5597ddc,fb242c6fe1444440e0521b5cd7fe494c1ae6608f,2025-09-18,etf_flows,ETF Flows,90,,10,weight,unknown,fresh,,,v3.1.0,
b82a3c46163747fec4553fd6bb81beacc5597ddc,fb242c6fe1444440e0521b5cd7fe494c1ae6608f,2025-09-18,macro_overlay,Macro Overlay,31,,5,weight,unknown,fresh,,,v3.1.0,
b82a3c46163747fec4553fd6bb81beacc5597ddc,fb242c6fe1444440e0521b5cd7fe494c1ae6608f,2025-09-18,net_liquidity,Net Liquidity (FRED),93,,10,weight,unknown,fresh,,,v3.1.0,
b82a3c46163747fec4553fd6bb81beacc5597ddc,fb242c6fe1444440e0521b5cd7fe494c1ae6608f,2025-09-18,onchain,On-chain Activity,30,,10,weight,unknown,fresh,,,v3.1.0,
b82a3c46163747fec4553fd6bb81beacc5597ddc,fb242c6fe1444440e0521b5cd7fe494c1ae6608f,2025-09-18,social_interest,Social Interest,21,,5,weight,unknown,fresh,,,v3.1.0,
b82a3c46163747fec4553fd6bb81beacc5597ddc,fb242c6fe1444440e0521b5cd7fe494c1ae6608f,2025-09-18,stablecoins,Stablecoins,19,,15,weight,unknown,fresh,,,v3.1.0,
b82a3c46163747fec4553fd6bb81beacc5597ddc,fb242c6fe1444440e0521b5cd7fe494c1ae6608f,2025-09-18,term_leverage,Term Structure & Leverage,40,,20,weight,unknown,fresh,,,v3.1.0,
b82a3c46163747fec4553fd6bb81beacc5597ddc,fb242c6fe1444440e0521b5cd7fe494c1ae6608f,2025-09-18,trend_valuation,Trend & Valuation,31,,25,weight,unknown,fresh,,,v3.1.0,
d5c5189310e217b89c9e012281ec70c1d5f9fe4c,340bae1c31aba0f0f34a7cd9a99384e2e90db3ec,2025-09-18,etf_flows,ETF Flows,93,,10,weight,unknown,fresh,,,v3.1.0,
d5c5189310e217b89c9e012281ec70c1d5f9fe4c,340bae1c31aba0f0f34a7cd9a99384e2e90db3ec,2025-09-18,macro_overlay,Macro Overlay,34,,5,weight,unknown,fresh,,,v3.1.0,
d5c5189310e217b89c9e012281ec70c1d5f9fe4c,340bae1c31aba0f0f34a7cd9a99384e2e90db3ec,2025-09-18,net_liquidity,Net Liquidity (FRED),93,,10,weight,unknown,fresh,,,v3.1.0,
d5c5189310e217b89c9e012281ec70c1d5f9fe4c,340bae1c31aba0f0f34a7cd9a99384e2e90db3ec,2025-09-18,onchain,On-chain Activity,30,,10,weight,unknown,fresh,,,v3.1.0,
d5c5189310e217b89c9e012281ec70c1d5f9fe4c,340bae1c31aba0f0f34a7cd9a99384e2e90db3ec,2025-09-18,social_interest,Social Interest,21,,5,weight,unknown,fresh,,,v3.1.0,
d5c5189310e217b89c9e012281ec70c1d5f9fe4c,340bae1c31aba0f0f34a7cd9a99384e2e90db3ec,2025-09-18,stablecoins,Stablecoins,19,,15,weight,unknown,fresh,,,v3.1.0,
d5c5189310e217b89c9e012281ec70c1d5f9fe4c,340bae1c31aba0f0f34a7cd9a99384e2e90db3ec,2025-09-18,term_leverage,Term Structure & Leverage,40,,20,weight,unknown,fresh,,,v3.1.0,
d5c5189310e217b89c9e012281ec70c1d5f9fe4c,340bae1c31aba0f0f34a7cd9a99384e2e90db3ec,2025-09-18,trend_valuation,Trend & Valuation,29,,25,weight,unknown,fresh,,,v3.1.0,
0c9b77116a7ea2eeda573c573caf56394e2dd4b2,9d2c33a81e690ac718796c7bf96f6c9907908915,2025-09-19,etf_flows,ETF Flows,88,,10,weight,unknown,fresh,,,v3.1.0,
0c9b77116a7ea2eeda573c573caf56394e2dd4b2,9d2c33a81e690ac718796c7bf96f6c9907908915,2025-09-19,macro_overlay,Macro Overlay,31,,5,weight,unknown,fresh,,,v3.1.0,
0c9b77116a7ea2eeda573c573caf56394e2dd4b2,9d2c33a81e690ac718796c7bf96f6c9907908915,2025-09-19,net_liquidity,Net Liquidity (FRED),93,,10,weight,unknown,fresh,,,v3.1.0,
0c9b77116a7ea2eeda573c573caf56394e2dd4b2,9d2c33a81e690ac718796c7bf96f6c9907908915,2025-09-19,onchain,On-chain Activity,61,,10,weight,unknown,fresh,,,v3.1.0,
0c9b77116a7ea2eeda573c573caf56394e2dd4b2,9d2c33a81e690ac718796c7bf96f6c9907908915,2025-09-19,social_interest,Social Interest,21,,5,weight,unknown,fresh,,,v3.1.0,
0c9b77116a7ea2eeda573c573caf56394e2dd4b2,9d2c33a81e690ac718796c7bf96f6c9907908915,2025-09-19,stablecoins,Stablecoins,15,,15,weight,unknown,fresh,,,v3.1.0,
0c9b77116a7ea2eeda573c573caf56394e2dd4b2,9d2c33a81e690ac718796c7bf96f6c9907908915,2025-09-19,term_leverage,Term Structure & Leverage,40,,20,weight,unknown,fresh,,,v3.1.0,
0c9b77116a7ea2eeda573c573caf56394e2dd4b2,9d2c33a81e690ac718796c7bf96f6c9907908915,2025-09-19,trend_valuation,Trend & Valuation,41,,25,weight,unknown,fresh,,,v3.1.0,
21e3f6ca61190b8fcaa8ea6c1fe1106cce53ffe2,929f8befe23f8b9f5e98e8456f122e1aef3bebe8,2025-09-19,etf_flows,ETF Flows,36,,10,weight,unknown,fresh,2025-09-19T16:00:00.000Z,,v3.1.0,
21e3f6ca61190b8fcaa8ea6c1fe1106cce53ffe2,929f8befe23f8b9f5e98e8456f122e1aef3bebe8,2025-09-19,macro_overlay,Macro Overlay,27,,5,weight,unknown,fresh,2025-09-19T20:50:18.881Z,,v3.1.0,
21e3f6ca61190b8fcaa8ea6c1fe1106cce53ffe2,929f8befe23f8b9f5e98e8456f122e1aef3bebe8,2025-09-19,net_liquidity,Net Liquidity (FRED),59,,10,weight,unknown,fresh,2025-09-17T00:00:00.000Z,,v3.1.0,
21e3f6ca61190b8fcaa8ea6c1fe1106cce53ffe2,929f8befe23f8b9f5e98e8456f122e1aef3bebe8,2025-09-19,onchain,On-chain Activity,49,,5,weight,unknown,fresh,2025-09-19T20:50:19.332Z,,v3.1.0,
21e3f6ca61190b8fcaa8ea6c1fe1106cce53ffe2,929f8befe23f8b9f5e98e8456f122e1aef3bebe8,2025-09-19,social_interest,Social Interest,69,,5,weight,unknown,fresh,2025-09-19T20:50:18.576Z,,v3.1.0,
21e3f6ca61190b8fcaa8ea6c1fe1106cce53ffe2,929f8befe23f8b9f5e98e8456f122e1aef3bebe8,2025-09-19,stablecoins,Stablecoins,35,,15,weight,unknown,fresh,2025-09-19T20:50:18.804Z,,v3.1.0,
21e3f6ca61190b8fcaa8ea6c1fe1106cce53ffe2,929f8befe23f8b9f5e98e8456f122e1aef3bebe8,2025-09-19,term_leverage,Term Structure & Leverage,48,,20,weight,unknown,fresh,2025-09-19T20:50:19.118Z,,v3.1.0,
21e3f6ca61190b8fcaa8ea6c1fe1106cce53ffe2,929f8befe23f8b9f5e98e8456f122e1aef3bebe8,2025-09-19,trend_valuation,Trend & Valuation,52,,25,weight,unknown,fresh,2025-09-19T20:50:18.568Z,,v3.1.0,
23aaf900e0ef4c86277683d4eb57ef81d752b915,aae3c3964a383f12cbb77af66ba44417de6483c3,2025-09-19,etf_flows,ETF Flows,36,,10,weight,unknown,fresh,,,v3.1.0,
23aaf900e0ef4c86277683d4eb57ef81d752b915,aae3c3964a383f12cbb77af66ba44417de6483c3,2025-09-19,macro_overlay,Macro Overlay,31,,5,weight,unknown,fresh,,,v3.1.0,
23aaf900e0ef4c86277683d4eb57ef81d752b915,aae3c3964a383f12cbb77af66ba44417de6483c3,2025-09-19,net_liquidity,Net Liquidity (FRED),59,,10,weight,unknown,fresh,,,v3.1.0,
23aaf900e0ef4c86277683d4eb57ef81d752b915,aae3c3964a383f12cbb77af66ba44417de6483c3,2025-09-19,onchain,On-chain Activity,49,,5,weight,unknown,fresh,,,v3.1.0,
23aaf900e0ef4c86277683d4eb57ef81d752b915,aae3c3964a383f12cbb77af66ba44417de6483c3,2025-09-19,social_interest,Social Interest,71,,5,weight,unknown,fresh,,,v3.1.0,
23aaf900e0ef4c86277683d4eb57ef81d752b915,aae3c3964a383f12cbb77af66ba44417de6483c3,2025-09-19,stablecoins,Stablecoins,35,,15,weight,unknown,fresh,,,v3.1.0,
23aaf900e0ef4c86277683d4eb57ef81d752b915,aae3c3964a383f12cbb77af66ba44417de6483c3,2025-09-19,term_leverage,Term Structure & Leverage,43,,20,weight,unknown,fresh,,,v3.1.0,
23aaf900e0ef4c86277683d4eb57ef81d752b915,aae3c3964a383f12cbb77af66ba44417de6483c3,2025-09-19,trend_valuation,Trend & Valuation,52,,25,weight,unknown,fresh,,,v3.1.0,
36bbeb51f5fbd255cfa8887bc74313bca3dfa5fc,521a5efd8adc733cd8c0309837aeb5cae023bde7,2025-09-19,etf_flows,ETF Flows,36,,10,weight,unknown,fresh,,,v3.1.0,
36bbeb51f5fbd255cfa8887bc74313bca3dfa5fc,521a5efd8adc733cd8c0309837aeb5cae023bde7,2025-09-19,macro_overlay,Macro Overlay,26,,5,weight,unknown,fresh,,,v3.1.0,
36bbeb51f5fbd255cfa8887bc74313bca3dfa5fc,521a5efd8adc733cd8c0309837aeb5cae023bde7,2025-09-19,net_liquidity,Net Liquidity (FRED),59,,10,weight,unknown,fresh,,,v3.1.0,
36bbeb51f5fbd255cfa8887bc74313bca3dfa5fc,521a5efd8adc733cd8c0309837aeb5cae023bde7,2025-09-19,onchain,On-chain Activity,49,,5,weight,unknown,fresh,,,v3.1.0,
36bbeb51f5fbd255cfa8887bc74313bca3dfa5fc,521a5efd8adc733cd8c0309837aeb5cae023bde7,2025-09-19,social_interest,Social Interest,69,,5,weight,unknown,fresh,,,v3.1.0,
36bbeb51f5fbd255cfa8887bc74313bca3dfa5fc,521a5efd8adc733cd8c0309837aeb5cae023bde7,2025-09-19,stablecoins,Stablecoins,35,,15,weight,unknown,fresh,,,v3.1.0,
36bbeb51f5fbd255cfa8887bc74313bca3dfa5fc,521a5efd8adc733cd8c0309837aeb5cae023bde7,2025-09-19,term_leverage,Term Structure & Leverage,43,,20,weight,unknown,fresh,,,v3.1.0,
36bbeb51f5fbd255cfa8887bc74313bca3dfa5fc,521a5efd8adc733cd8c0309837aeb5cae023bde7,2025-09-19,trend_valuation,Trend & Valuation,54,,25,weight,unknown,fresh,,,v3.1.0,
464ad3a4074ac836ce5342d5aeb64e751a1fa602,bd39fc0f9e9e24b7be1316e9e2a8454f04acb19f,2025-09-19,etf_flows,ETF Flows,37,,10,weight,unknown,fresh,,,v3.1.0,
464ad3a4074ac836ce5342d5aeb64e751a1fa602,bd39fc0f9e9e24b7be1316e9e2a8454f04acb19f,2025-09-19,macro_overlay,Macro Overlay,31,,5,weight,unknown,fresh,,,v3.1.0,
464ad3a4074ac836ce5342d5aeb64e751a1fa602,bd39fc0f9e9e24b7be1316e9e2a8454f04acb19f,2025-09-19,net_liquidity,Net Liquidity (FRED),59,,10,weight,unknown,fresh,,,v3.1.0,
464ad3a4074ac836ce5342d5aeb64e751a1fa602,bd39fc0f9e9e24b7be1316e9e2a8454f04acb19f,2025-09-19,onchain,On-chain Activity,61,,5,weight,unknown,fresh,,,v3.1.0,
464ad3a4074ac836ce5342d5aeb64e751a1fa602,bd39fc0f9e9e24b7be1316e9e2a8454f04acb19f,2025-09-19,social_interest,Social Interest,21,,5,weight,unknown,fresh,,,v3.1.0,
464ad3a4074ac836ce5342d5aeb64e751a1fa602,bd39fc0f9e9e24b7be1316e9e2a8454f04acb19f,2025-09-19,stablecoins,Stablecoins,15,,15,weight,unknown,fresh,,,v3.1.0,
464ad3a4074ac836ce5342d5aeb64e751a1fa602,bd39fc0f9e9e24b7be1316e9e2a8454f04acb19f,2025-09-19,term_leverage,Term Structure & Leverage,40,,20,weight,unknown,fresh,,,v3.1.0,
464ad3a4074ac836ce5342d5aeb64e751a1fa602,bd39fc0f9e9e24b7be1316e9e2a8454f04acb19f,2025-09-19,trend_valuation,Trend & Valuation,52,,25,weight,unknown,fresh,,,v3.1.0,
4d602026502c68585a1d262969e5b08c6ce647fa,3d834f83e99c5bbf63735a754af529f8f19ddd7b,2025-09-19,etf_flows,ETF Flows,37,,10,weight,unknown,fresh,,,v3.1.0,
4d602026502c68585a1d262969e5b08c6ce647fa,3d834f83e99c5bbf63735a754af529f8f19ddd7b,2025-09-19,macro_overlay,Macro Overlay,31,,5,weight,unknown,fresh,,,v3.1.0,
4d602026502c68585a1d262969e5b08c6ce647fa,3d834f83e99c5bbf63735a754af529f8f19ddd7b,2025-09-19,net_liquidity,Net Liquidity (FRED),93,,10,weight,unknown,fresh,,,v3.1.0,
4d602026502c68585a1d262969e5b08c6ce647fa,3d834f83e99c5bbf63735a754af529f8f19ddd7b,2025-09-19,onchain,On-chain Activity,61,,5,weight,unknown,fresh,,,v3.1.0,
4d602026502c68585a1d262969e5b08c6ce647fa,3d834f83e99c5bbf63735a754af529f8f19ddd7b,2025-09-19,social_interest,Social Interest,21,,5,weight,unknown,fresh,,,v3.1.0,
4d602026502c68585a1d262969e5b08c6ce647fa,3d834f83e99c5bbf63735a754af529f8f19ddd7b,2025-09-19,stablecoins,Stablecoins,15,,15,weight,unknown,fresh,,,v3.1.0,
4d602026502c68585a1d262969e5b08c6ce647fa,3d834f83e99c5bbf63735a754af529f8f19ddd7b,2025-09-19,term_leverage,Term Structure & Leverage,40,,20,weight,unknown,fresh,,,v3.1.0,
4d602026502c68585a1d262969e5b08c6ce647fa,3d834f83e99c5bbf63735a754af529f8f19ddd7b,2025-09-19,trend_valuation,Trend & Valuation,53,,25,weight,unknown,fresh,,,v3.1.0,
63f743314afd52d3d655a4191ad6b268acca189b,6baa5d8644161853c62d069481bc3db44f66aa3d,2025-09-19,etf_flows,ETF Flows,36,,10,weight,unknown,fresh,2025-09-19T16:00:00.000Z,,v3.1.0,
63f743314afd52d3d655a4191ad6b268acca189b,6baa5d8644161853c62d069481bc3db44f66aa3d,2025-09-19,macro_overlay,Macro Overlay,27,,5,weight,unknown,fresh,2025-09-19T20:22:04.677Z,,v3.1.0,
63f743314afd52d3d655a4191ad6b268acca189b,6baa5d8644161853c62d069481bc3db44f66aa3d,2025-09-19,net_liquidity,Net Liquidity (FRED),59,,10,weight,unknown,fresh,2025-09-17T00:00:00.000Z,,v3.1.0,
63f743314afd52d3d655a4191ad6b268acca189b,6baa5d8644161853c62d069481bc3db44f66aa3d,2025-09-19,onchain,On-chain Activity,40,,5,weight,unknown,fresh,2025-09-19T20:22:04.419Z,,v3.1.0,
63f743314afd52d3d655a4191ad6b268acca189b,6baa5d8644161853c62d069481bc3db44f66aa3d,2025-09-19,social_interest,Social Interest,69,,5,weight,unknown,fresh,2025-09-19T20:22:04.515Z,,v3.1.0,
63f743314afd52d3d655a4191ad6b268acca189b,6baa5d8644161853c62d069481bc3db44f66aa3d,2025-09-19,stablecoins,Stablecoins,35,,15,weight,unknown,fresh,2025-09-19T20:22:04.415Z,,v3.1.0,
63f743314afd52d3d655a4191ad6b268acca189b,6baa5d8644161853c62d069481bc3db44f66aa3d,2025-09-19,term_leverage,Term Structure & Leverage,,,20,weight,unknown,excluded,,,v3.1.0,
63f743314afd52d3d655a4191ad6b268acca189b,6baa5d8644161853c62d069481bc3db44f66aa3d,2025-09-19,trend_valuation,Trend & Valuation,,,25,weight,unknown,excluded,,,v3.1.0,
81dc9916425fb1c44031b4dc9a46fe480d40735d,7f96fde694e4c025f82c5913ff92ca7bfc040be2,2025-09-19,etf_flows,ETF Flows,37,,10,weight,unknown,fresh,,,v3.1.0,
81dc9916425fb1c44031b4dc9a46fe480d40735d,7f96fde694e4c025f82c5913ff92ca7bfc040be2,2025-09-19,macro_overlay,Macro Overlay,31,,5,weight,unknown,fresh,,,v3.1.0,
81dc9916425fb1c44031b4dc9a46fe480d40735d,7f96fde694e4c025f82c5913ff92ca7bfc040be2,2025-09-19,net_liquidity,Net Liquidity (FRED),59,,10,weight,unknown,fresh,,,v3.1.0,
81dc9916425fb1c44031b4dc9a46fe480d40735d,7f96fde694e4c025f82c5913ff92ca7bfc040be2,2025-09-19,onchain,On-chain Activity,61,,5,weight,unknown,fresh,,,v3.1.0,
81dc9916425fb1c44031b4dc9a46fe480d40735d,7f96fde694e4c025f82c5913ff92ca7bfc040be2,2025-09-19,social_interest,Social Interest,21,,5,weight,unknown,fresh,,,v3.1.0,
81dc9916425fb1c44031b4dc9a46fe480d40735d,7f96fde694e4c025f82c5913ff92ca7bfc040be2,2025-09-19,stablecoins,Stablecoins,35,,15,weight,unknown,fresh,,,v3.1.0,
81dc9916425fb1c44031b4dc9a46fe480d40735d,7f96fde694e4c025f82c5913ff92ca7bfc040be2,2025-09-19,term_leverage,Term Structure & Leverage,40,,20,weight,unknown,fresh,,,v3.1.0,
81dc9916425fb1c44031b4dc9a46fe480d40735d,7f96fde694e4c025f82c5913ff92ca7bfc040be2,2025-09-19,trend_valuation,Trend & Valuation,52,,25,weight,unknown,fresh,,,v3.1.0,
866bf9342eda1d87abc5bdfa53178a8d9c52e5ef,1b22a8ff3aadb95e1dfbd0b3055a96558f9bcc92,2025-09-19,etf_flows,ETF Flows,37,,10,weight,unknown,fresh,,,v3.1.0,
866bf9342eda1d87abc5bdfa53178a8d9c52e5ef,1b22a8ff3aadb95e1dfbd0b3055a96558f9bcc92,2025-09-19,macro_overlay,Macro Overlay,,,5,weight,unknown,excluded,,,v3.1.0,
866bf9342eda1d87abc5bdfa53178a8d9c52e5ef,1b22a8ff3aadb95e1dfbd0b3055a96558f9bcc92,2025-09-19,net_liquidity,Net Liquidity (FRED),,,10,weight,unknown,excluded,,,v3.1.0,
866bf9342eda1d87abc5bdfa53178a8d9c52e5ef,1b22a8ff3aadb95e1dfbd0b3055a96558f9bcc92,2025-09-19,onchain,On-chain Activity,61,,5,weight,unknown,fresh,,,v3.1.0,
866bf9342eda1d87abc5bdfa53178a8d9c52e5ef,1b22a8ff3aadb95e1dfbd0b3055a96558f9bcc92,2025-09-19,social_interest,Social Interest,21,,5,weight,unknown,fresh,,,v3.1.0,
866bf9342eda1d87abc5bdfa53178a8d9c52e5ef,1b22a8ff3aadb95e1dfbd0b3055a96558f9bcc92,2025-09-19,stablecoins,Stablecoins,15,,15,weight,unknown,fresh,,,v3.1.0,
866bf9342eda1d87abc5bdfa53178a8d9c52e5ef,1b22a8ff3aadb95e1dfbd0b3055a96558f9bcc92,2025-09-19,term_leverage,Term Structure & Leverage,40,,20,weight,unknown,fresh,,,v3.1.0,
866bf9342eda1d87abc5bdfa53178a8d9c52e5ef,1b22a8ff3aadb95e1dfbd0b3055a96558f9bcc92,2025-09-19,trend_valuation,Trend & Valuation,41,,25,weight,unknown,fresh,,,v3.1.0,
df8ddf61794210af17385ac8d711d104890152cb,8479f5716374470767d8d719134300f77b8eb20a,2025-09-19,etf_flows,ETF Flows,37,,10,weight,unknown,fresh,,,v3.1.0,
df8ddf61794210af17385ac8d711d104890152cb,8479f5716374470767d8d719134300f77b8eb20a,2025-09-19,macro_overlay,Macro Overlay,31,,5,weight,unknown,fresh,,,v3.1.0,
df8ddf61794210af17385ac8d711d104890152cb,8479f5716374470767d8d719134300f77b8eb20a,2025-09-19,net_liquidity,Net Liquidity (FRED),93,,10,weight,unknown,fresh,,,v3.1.0,
df8ddf61794210af17385ac8d711d104890152cb,8479f5716374470767d8d719134300f77b8eb20a,2025-09-19,onchain,On-chain Activity,61,,5,weight,unknown,fresh,,,v3.1.0,
df8ddf61794210af17385ac8d711d104890152cb,8479f5716374470767d8d719134300f77b8eb20a,2025-09-19,social_interest,Social Interest,21,,5,weight,unknown,fresh,,,v3.1.0,
df8ddf61794210af17385ac8d711d104890152cb,8479f5716374470767d8d719134300f77b8eb20a,2025-09-19,stablecoins,Stablecoins,15,,15,weight,unknown,fresh,,,v3.1.0,
df8ddf61794210af17385ac8d711d104890152cb,8479f5716374470767d8d719134300f77b8eb20a,2025-09-19,term_leverage,Term Structure & Leverage,40,,20,weight,unknown,fresh,,,v3.1.0,
df8ddf61794210af17385ac8d711d104890152cb,8479f5716374470767d8d719134300f77b8eb20a,2025-09-19,trend_valuation,Trend & Valuation,51,,25,weight,unknown,fresh,,,v3.1.0,
e07755a80b2e5e629d71538e0c25413736d0a7ad,cadccbfe4599a418558d048415403665f03173d4,2025-09-19,etf_flows,ETF Flows,36,,10,weight,unknown,fresh,,,v3.1.0,
e07755a80b2e5e629d71538e0c25413736d0a7ad,cadccbfe4599a418558d048415403665f03173d4,2025-09-19,macro_overlay,Macro Overlay,26,,5,weight,unknown,fresh,,,v3.1.0,
e07755a80b2e5e629d71538e0c25413736d0a7ad,cadccbfe4599a418558d048415403665f03173d4,2025-09-19,net_liquidity,Net Liquidity (FRED),59,,10,weight,unknown,fresh,,,v3.1.0,
e07755a80b2e5e629d71538e0c25413736d0a7ad,cadccbfe4599a418558d048415403665f03173d4,2025-09-19,onchain,On-chain Activity,49,,5,weight,unknown,fresh,,,v3.1.0,
e07755a80b2e5e629d71538e0c25413736d0a7ad,cadccbfe4599a418558d048415403665f03173d4,2025-09-19,social_interest,Social Interest,71,,5,weight,unknown,fresh,,,v3.1.0,
e07755a80b2e5e629d71538e0c25413736d0a7ad,cadccbfe4599a418558d048415403665f03173d4,2025-09-19,stablecoins,Stablecoins,35,,15,weight,unknown,fresh,,,v3.1.0,
e07755a80b2e5e629d71538e0c25413736d0a7ad,cadccbfe4599a418558d048415403665f03173d4,2025-09-19,term_leverage,Term Structure & Leverage,43,,20,weight,unknown,fresh,,,v3.1.0,
e07755a80b2e5e629d71538e0c25413736d0a7ad,cadccbfe4599a418558d048415403665f03173d4,2025-09-19,trend_valuation,Trend & Valuation,56,,25,weight,unknown,fresh,,,v3.1.0,
918e8625a5c75cef5b226432b6a791576b0107d0,62d8ea526eaa5b125b74df8bf95189397f60bceb,2025-09-20,etf_flows,ETF Flows,66,,10,weight,unknown,fresh,2025-09-19T16:00:00.000Z,,v3.1.0,
918e8625a5c75cef5b226432b6a791576b0107d0,62d8ea526eaa5b125b74df8bf95189397f60bceb,2025-09-20,macro_overlay,Macro Overlay,26,,5,weight,unknown,fresh,2025-09-20T22:33:02.913Z,,v3.1.0,
918e8625a5c75cef5b226432b6a791576b0107d0,62d8ea526eaa5b125b74df8bf95189397f60bceb,2025-09-20,net_liquidity,Net Liquidity (FRED),59,,10,weight,unknown,fresh,2025-09-17T00:00:00.000Z,,v3.1.0,
918e8625a5c75cef5b226432b6a791576b0107d0,62d8ea526eaa5b125b74df8bf95189397f60bceb,2025-09-20,onchain,On-chain Activity,52,,5,weight,unknown,fresh,2025-09-20T22:33:03.245Z,,v3.1.0,
918e8625a5c75cef5b226432b6a791576b0107d0,62d8ea526eaa5b125b74df8bf95189397f60bceb,2025-09-20,social_interest,Social Interest,60,,5,weight,unknown,fresh,2025-09-20T22:33:02.656Z,,v3.1.0,
918e8625a5c75cef5b226432b6a791576b0107d0,62d8ea526eaa5b125b74df8bf95189397f60bceb,2025-09-20,stablecoins,Stablecoins,35,,15,weight,unknown,fresh,2025-09-20T22:33:02.824Z,,v3.1.0,
918e8625a5c75cef5b226432b6a791576b0107d0,62d8ea526eaa5b125b74df8bf95189397f60bceb,2025-09-20,term_leverage,Term Structure & Leverage,50,,20,weight,unknown,fresh,2025-09-20T22:33:02.938Z,,v3.1.0,
918e8625a5c75cef5b226432b6a791576b0107d0,62d8ea526eaa5b125b74df8bf95189397f60bceb,2025-09-20,trend_valuation,Trend & Valuation,49,,25,weight,unknown,fresh,2025-09-20T22:33:02.655Z,,v3.1.0,
c5d0c80e8d170ca45b2271e16a137324a0321903,c897c44c76bbc8d4ef9984a781a7116147aac2f1,2025-09-20,etf_flows,ETF Flows,66,,10,weight,unknown,fresh,2025-09-19T16:00:00.000Z,,v3.1.0,
c5d0c80e8d170ca45b2271e16a137324a0321903,c897c44c76bbc8d4ef9984a781a7116147aac2f1,2025-09-20,macro_overlay,Macro Overlay,26,,5,weight,unknown,fresh,2025-09-20T11:17:22.663Z,,v3.1.0,
c5d0c80e8d170ca45b2271e16a137324a0321903,c897c44c76bbc8d4ef9984a781a7116147aac2f1,2025-09-20,net_liquidity,Net Liquidity (FRED),59,,10,weight,unknown,fresh,2025-09-17T00:00:00.000Z,,v3.1.0,
c5d0c80e8d170ca45b2271e16a137324a0321903,c897c44c76bbc8d4ef9984a781a7116147aac2f1,2025-09-20,onchain,On-chain Activity,52,,5,weight,unknown,fresh,2025-09-20T11:17:23.620Z,,v3.1.0,
c5d0c80e8d170ca45b2271e16a137324a0321903,c897c44c76bbc8d4ef9984a781a7116147aac2f1,2025-09-20,social_interest,Social Interest,60,,5,weight,unknown,fresh,2025-09-20T11:17:23.618Z,,v3.1.0,
c5d0c80e8d170ca45b2271e16a137324a0321903,c897c44c76bbc8d4ef9984a781a7116147aac2f1,2025-09-20,stablecoins,Stablecoins,35,,15,weight,unknown,fresh,2025-09-20T11:17:22.222Z,,v3.1.0,
c5d0c80e8d170ca45b2271e16a137324a0321903,c897c44c76bbc8d4ef9984a781a7116147aac2f1,2025-09-20,term_leverage,Term Structure & Leverage,50,,20,weight,unknown,fresh,2025-09-20T11:17:23.617Z,,v3.1.0,
c5d0c80e8d170ca45b2271e16a137324a0321903,c897c44c76bbc8d4ef9984a781a7116147aac2f1,2025-09-20,trend_valuation,Trend & Valuation,49,,25,weight,unknown,fresh,2025-09-20T11:17:22.441Z,,v3.1.0,
3c5cc5e6645729bee756e69d283d66c64c9e80b5,97d359951fa662e056f7b936166878a4077c265a,2025-09-21,etf_flows,ETF Flows,66,,5,weight,unknown,fresh,2025-09-19T16:00:00.000Z,,v3.1.0,
3c5cc5e6645729bee756e69d283d66c64c9e80b5,97d359951fa662e056f7b936166878a4077c265a,2025-09-21,macro_overlay,Macro Overlay,27,,10,weight,unknown,fresh,2025-09-21T11:16:50.705Z,,v3.1.0,
3c5cc5e6645729bee756e69d283d66c64c9e80b5,97d359951fa662e056f7b936166878a4077c265a,2025-09-21,net_liquidity,Net Liquidity (FRED),59,,15,weight,unknown,fresh,2025-09-17T00:00:00.000Z,,v3.1.0,
3c5cc5e6645729bee756e69d283d66c64c9e80b5,97d359951fa662e056f7b936166878a4077c265a,2025-09-21,onchain,On-chain Activity,33,,5,weight,unknown,fresh,2025-09-21T11:16:51.057Z,,v3.1.0,
3c5cc5e6645729bee756e69d283d66c64c9e80b5,97d359951fa662e056f7b936166878a4077c265a,2025-09-21,social_interest,Social Interest,49,,10,weight,unknown,fresh,2025-09-21T11:16:50.098Z,,v3.1.0,
3c5cc5e6645729bee756e69d283d66c64c9e80b5,97d359951fa662e056f7b936166878a4077c265a,2025-09-21,stablecoins,Stablecoins,32,,15,weight,unknown,fresh,2025-09-21T11:16:50.364Z,,v3.1.0,
3c5cc5e6645729bee756e69d283d66c64c9e80b5,97d359951fa662e056f7b936166878a4077c265a,2025-09-21,term_leverage,Term Structure & Leverage,53,,20,weight,unknown,fresh,2025-09-21T11:16:50.476Z,,v3.1.0,
3c5cc5e6645729bee756e69d283d66c64c9e80b5,97d359951fa662e056f7b936166878a4077c265a,2025-09-21,trend_valuation,Trend & Valuation,50,,20,weight,unknown,fresh,2025-09-21T11:16:50.103Z,,v3.1.0,
74c57db8cc60701569bd27060f33c19d7bd383b3,c23e1050c570e214717229dada5f087680180529,2025-09-21,etf_flows,ETF Flows,66,,5,weight,unknown,fresh,2025-09-19T16:00:00.000Z,,v3.1.0,
74c57db8cc60701569bd27060f33c19d7bd383b3,c23e1050c570e214717229dada5f087680180529,2025-09-21,macro_overlay,Macro Overlay,27,,10,weight,unknown,fresh,2025-09-21T02:36:05.511Z,,v3.1.0,
74c57db8cc60701569bd27060f33c19d7bd383b3,c23e1050c570e214717229dada5f087680180529,2025-09-21,net_liquidity,Net Liquidity (FRED),59,,15,weight,unknown,fresh,2025-09-17T00:00:00.000Z,,v3.1.0,
74c57db8cc60701569bd27060f33c19d7bd383b3,c23e1050c570e214717229dada5f087680180529,2025-09-21,onchain,On-chain Activity,33,,5,weight,unknown,fresh,2025-09-21T02:36:05.759Z,,v3.1.0,
74c57db8cc60701569bd27060f33c19d7bd383b3,c23e1050c570e214717229dada5f087680180529,2025-09-21,social_interest,Social Interest,49,,10,weight,unknown,fresh,2025-09-21T02:36:04.807Z,,v3.1.0,
74c57db8cc60701569bd27060f33c19d7bd383b3,c23e1050c570e214717229dada5f087680180529,2025-09-21,stablecoins,Stablecoins,32,,15,weight,unknown,fresh,2025-09-21T02:36:05.066Z,,v3.1.0,
74c57db8cc60701569bd27060f33c19d7bd383b3,c23e1050c570e214717229dada5f087680180529,2025-09-21,term_leverage,Term Structure & Leverage,51,,20,weight,unknown,fresh,2025-09-21T02:36:05.368Z,,v3.1.0,
74c57db8cc60701569bd27060f33c19d7bd383b3,c23e1050c570e214717229dada5f087680180529,2025-09-21,trend_valuation,Trend & Valuation,50,,20,weight,unknown,fresh,2025-09-21T02:36:04.771Z,,v3.1.0,
b44ac7c6b99d894716e7fe1630e7f5afe5893a50,b9d4fe602e67a4199c1eb139847d0bef3f8abb2a,2025-09-22,etf_flows,ETF Flows,66,,5,weight,unknown,fresh,2025-09-19T16:00:00.000Z,,v3.1.0,
b44ac7c6b99d894716e7fe1630e7f5afe5893a50,b9d4fe602e67a4199c1eb139847d0bef3f8abb2a,2025-09-22,macro_overlay,Macro Overlay,27,,10,weight,unknown,fresh,2025-09-22T11:19:58.725Z,,v3.1.0,
b44ac7c6b99d894716e7fe1630e7f5afe5893a50,b9d4fe602e67a4199c1eb139847d0bef3f8abb2a,2025-09-22,net_liquidity,Net Liquidity (FRED),59,,15,weight,unknown,fresh,2025-09-17T00:00:00.000Z,,v3.1.0,
b44ac7c6b99d894716e7fe1630e7f5afe5893a50,b9d4fe602e67a4199c1eb139847d0bef3f8abb2a,2025-09-22,onchain,On-chain Activity,32,,5,weight,unknown,fresh,2025-09-22T11:19:58.934Z,,v3.1.0,
b44ac7c6b99d894716e7fe1630e7f5afe5893a50,b9d4fe602e67a4199c1eb139847d0bef3f8abb2a,2025-09-22,social_interest,Social Interest,49,,10,weight,unknown,fresh,2025-09-22T11:19:58.337Z,,v3.1.0,
b44ac7c6b99d894716e7fe1630e7f5afe5893a50,b9d4fe602e67a4199c1eb139847d0bef3f8abb2a,2025-09-22,stablecoins,Stablecoins,32,,15,weight,unknown,fresh,2025-09-22T11:19:58.487Z,,v3.1.0,
b44ac7c6b99d894716e7fe1630e7f5afe5893a50,b9d4fe602e67a4199c1eb139847d0bef3f8abb2a,2025-09-22,term_leverage,Term Structure & Leverage,52,,20,weight,unknown,fresh,2025-09-22T11:19:58.552Z,,v3.1.0,
b44ac7c6b99d894716e7fe1630e7f5afe5893a50,b9d4fe602e67a4199c1eb139847d0bef3f8abb2a,2025-09-22,trend_valuation,Trend & Valuation,50,,20,weight,unknown,fresh,2025-09-22T11:19:57.884Z,,v3.1.0,
07ee8faed91d617614bfa817e39a9863bd2ef383,f4472968a7392b51541c97b99f9b35db25874dac,2025-09-23,etf_flows,ETF Flows,60,9,9,weight_pct,pct,fresh,2025-09-22T16:00:00.000Z,,v3.1.0,
07ee8faed91d617614bfa817e39a9863bd2ef383,f4472968a7392b51541c97b99f9b35db25874dac,2025-09-23,macro_overlay,Macro Overlay,41,10,10,weight_pct,pct,fresh,2025-09-23T21:02:32.699Z,,v3.1.0,
07ee8faed91d617614bfa817e39a9863bd2ef383,f4472968a7392b51541c97b99f9b35db25874dac,2025-09-23,net_liquidity,Net Liquidity (FRED),59,5,5,weight_pct,pct,fresh,2025-09-17T00:00:00.000Z,,v3.1.0,
07ee8faed91d617614bfa817e39a9863bd2ef383,f4472968a7392b51541c97b99f9b35db25874dac,2025-09-23,onchain,On-chain Activity,88,5,5,weight_pct,pct,fresh,2025-09-22T00:00:00.000Z,,v3.1.0,
07ee8faed91d617614bfa817e39a9863bd2ef383,f4472968a7392b51541c97b99f9b35db25874dac,2025-09-23,social_interest,Social Interest,37,10,10,weight_pct,pct,fresh,2025-09-23T21:02:32.331Z,,v3.1.0,
07ee8faed91d617614bfa817e39a9863bd2ef383,f4472968a7392b51541c97b99f9b35db25874dac,2025-09-23,stablecoins,Stablecoins,32,21,21,weight_pct,pct,fresh,2025-09-23T21:02:32.428Z,,v3.1.0,
07ee8faed91d617614bfa817e39a9863bd2ef383,f4472968a7392b51541c97b99f9b35db25874dac,2025-09-23,term_leverage,Term Structure & Leverage,34,20,20,weight_pct,pct,fresh,2025-09-23T21:02:32.683Z,,v3.1.0,
07ee8faed91d617614bfa817e39a9863bd2ef383,f4472968a7392b51541c97b99f9b35db25874dac,2025-09-23,trend_valuation,Trend & Valuation,80,20,20,weight_pct,pct,fresh,2025-09-23T21:02:32.329Z,,v3.1.0,
427f0312085c0b4be9900ba6185da4be78b788e6,9fc59b73cc3074f12adb1e2c4523f0ad733293ba,2025-09-23,etf_flows,ETF Flows,60,9,9,weight_pct,pct,fresh,2025-09-22T16:00:00.000Z,,v3.1.0,
427f0312085c0b4be9900ba6185da4be78b788e6,9fc59b73cc3074f12adb1e2c4523f0ad733293ba,2025-09-23,macro_overlay,Macro Overlay,49,10,10,weight_pct,pct,fresh,2025-09-23T20:23:21.008Z,,v3.1.0,
427f0312085c0b4be9900ba6185da4be78b788e6,9fc59b73cc3074f12adb1e2c4523f0ad733293ba,2025-09-23,net_liquidity,Net Liquidity (FRED),32,5,5,weight_pct,pct,fresh,2025-09-23T20:23:21.225Z,,v3.1.0,
427f0312085c0b4be9900ba6185da4be78b788e6,9fc59b73cc3074f12adb1e2c4523f0ad733293ba,2025-09-23,onchain,On-chain Activity,59,5,5,weight_pct,pct,stale,2025-09-17T00:00:00.000Z,,v3.1.0,
427f0312085c0b4be9900ba6185da4be78b788e6,9fc59b73cc3074f12adb1e2c4523f0ad733293ba,2025-09-23,social_interest,Social Interest,41,10,10,weight_pct,pct,fresh,2025-09-23T20:23:21.459Z,,v3.1.0,
427f0312085c0b4be9900ba6185da4be78b788e6,9fc59b73cc3074f12adb1e2c4523f0ad733293ba,2025-09-23,stablecoins,Stablecoins,32,21,21,weight_pct,pct,fresh,2025-09-23T20:23:21.155Z,,v3.1.0,
427f0312085c0b4be9900ba6185da4be78b788e6,9fc59b73cc3074f12adb1e2c4523f0ad733293ba,2025-09-23,term_leverage,Term Structure & Leverage,76,20,20,weight_pct,pct,stale,2025-09-22T00:00:00.000Z,,v3.1.0,
427f0312085c0b4be9900ba6185da4be78b788e6,9fc59b73cc3074f12adb1e2c4523f0ad733293ba,2025-09-23,trend_valuation,Trend & Valuation,50,20,20,weight_pct,pct,fresh,2025-09-23T20:23:21.006Z,,v3.1.0,
5295abd2ef7cc293645edfbb7ff0c6979cc544e4,367bf2f42fa3467150c850aa70fdf746f98270fe,2025-09-23,etf_flows,ETF Flows,60,9,9,weight_pct,pct,fresh,2025-09-22T16:00:00.000Z,,v3.1.0,
5295abd2ef7cc293645edfbb7ff0c6979cc544e4,367bf2f42fa3467150c850aa70fdf746f98270fe,2025-09-23,macro_overlay,Macro Overlay,41,10,10,weight_pct,pct,fresh,2025-09-23T20:55:17.547Z,,v3.1.0,
5295abd2ef7cc293645edfbb7ff0c6979cc544e4,367bf2f42fa3467150c850aa70fdf746f98270fe,2025-09-23,net_liquidity,Net Liquidity (FRED),59,5,5,weight_pct,pct,fresh,2025-09-17T00:00:00.000Z,,v3.1.0,
5295abd2ef7cc293645edfbb7ff0c6979cc544e4,367bf2f42fa3467150c850aa70fdf746f98270fe,2025-09-23,onchain,On-chain Activity,84,5,5,weight_pct,pct,fresh,2025-09-22T00:00:00.000Z,,v3.1.0,
5295abd2ef7cc293645edfbb7ff0c6979cc544e4,367bf2f42fa3467150c850aa70fdf746f98270fe,2025-09-23,social_interest,Social Interest,37,10,10,weight_pct,pct,fresh,2025-09-23T20:55:17.214Z,,v3.1.0,
5295abd2ef7cc293645edfbb7ff0c6979cc544e4,367bf2f42fa3467150c850aa70fdf746f98270fe,2025-09-23,stablecoins,Stablecoins,26,21,21,weight_pct,pct,fresh,2025-09-23T20:55:17.470Z,,v3.1.0,
5295abd2ef7cc293645edfbb7ff0c6979cc544e4,367bf2f42fa3467150c850aa70fdf746f98270fe,2025-09-23,term_leverage,Term Structure & Leverage,34,20,20,weight_pct,pct,fresh,2025-09-23T20:55:17.515Z,,v3.1.0,
5295abd2ef7cc293645edfbb7ff0c6979cc544e4,367bf2f42fa3467150c850aa70fdf746f98270fe,2025-09-23,trend_valuation,Trend & Valuation,80,20,20,weight_pct,pct,fresh,2025-09-23T20:55:17.210Z,,v3.1.0,
7566e02eb3bffe5e44abf73fa2002a66a0aba709,171c9dfb4ce126f3f03d3cc9ee445019aa77da2d,2025-09-23,etf_flows,ETF Flows,60,9,9,weight_pct,pct,fresh,2025-09-22T16:00:00.000Z,,v3.1.0,
7566e02eb3bffe5e44abf73fa2002a66a0aba709,171c9dfb4ce126f3f03d3cc9ee445019aa77da2d,2025-09-23,macro_overlay,Macro Overlay,49,10,10,weight_pct,pct,fresh,2025-09-23T11:18:51.986Z,,v3.1.0,
7566e02eb3bffe5e44abf73fa2002a66a0aba709,171c9dfb4ce126f3f03d3cc9ee445019aa77da2d,2025-09-23,net_liquidity,Net Liquidity (FRED),32,5,5,weight_pct,pct,fresh,2025-09-23T11:18:52.169Z,,v3.1.0,
7566e02eb3bffe5e44abf73fa2002a66a0aba709,171c9dfb4ce126f3f03d3cc9ee445019aa77da2d,2025-09-23,onchain,On-chain Activity,59,5,5,weight_pct,pct,stale,2025-09-17T00:00:00.000Z,,v3.1.0,
7566e02eb3bffe5e44abf73fa2002a66a0aba709,171c9dfb4ce126f3f03d3cc9ee445019aa77da2d,2025-09-23,social_interest,Social Interest,38,10,10,weight_pct,pct,fresh,2025-09-23T11:18:52.507Z,,v3.1.0,
7566e02eb3bffe5e44abf73fa2002a66a0aba709,171c9dfb4ce126f3f03d3cc9ee445019aa77da2d,2025-09-23,stablecoins,Stablecoins,32,21,21,weight_pct,pct,fresh,2025-09-23T11:18:52.217Z,,v3.1.0,
7566e02eb3bffe5e44abf73fa2002a66a0aba709,171c9dfb4ce126f3f03d3cc9ee445019aa77da2d,2025-09-23,term_leverage,Term Structure & Leverage,26,20,20,weight_pct,pct,fresh,2025-09-23T11:18:52.676Z,,v3.1.0,
7566e02eb3bffe5e44abf73fa2002a66a0aba709,171c9dfb4ce126f3f03d3cc9ee445019aa77da2d,2025-09-23,trend_valuation,Trend & Valuation,50,20,20,weight_pct,pct,fresh,2025-09-23T11:18:51.954Z,,v3.1.0,
8f3bdd8e26ec8a0e6ed671d0d2a98d91c1c3e55d,ce443745db37b9b06cde9de5fd12decce6d073b7,2025-09-23,etf_flows,ETF Flows,60,9,9,weight_pct,pct,fresh,2025-09-22T16:00:00.000Z,,v3.1.0,
8f3bdd8e26ec8a0e6ed671d0d2a98d91c1c3e55d,ce443745db37b9b06cde9de5fd12decce6d073b7,2025-09-23,macro_overlay,Macro Overlay,49,10,10,weight_pct,pct,fresh,2025-09-23T19:57:01.877Z,,v3.1.0,
8f3bdd8e26ec8a0e6ed671d0d2a98d91c1c3e55d,ce443745db37b9b06cde9de5fd12decce6d073b7,2025-09-23,net_liquidity,Net Liquidity (FRED),32,5,5,weight_pct,pct,fresh,2025-09-23T19:57:02.209Z,,v3.1.0,
8f3bdd8e26ec8a0e6ed671d0d2a98d91c1c3e55d,ce443745db37b9b06cde9de5fd12decce6d073b7,2025-09-23,onchain,On-chain Activity,59,5,5,weight_pct,pct,stale,2025-09-17T00:00:00.000Z,,v3.1.0,
8f3bdd8e26ec8a0e6ed671d0d2a98d91c1c3e55d,ce443745db37b9b06cde9de5fd12decce6d073b7,2025-09-23,social_interest,Social Interest,42,10,10,weight_pct,pct,fresh,2025-09-23T19:57:02.115Z,,v3.1.0,
8f3bdd8e26ec8a0e6ed671d0d2a98d91c1c3e55d,ce443745db37b9b06cde9de5fd12decce6d073b7,2025-09-23,stablecoins,Stablecoins,32,21,21,weight_pct,pct,fresh,2025-09-23T19:57:02.060Z,,v3.1.0,
8f3bdd8e26ec8a0e6ed671d0d2a98d91c1c3e55d,ce443745db37b9b06cde9de5fd12decce6d073b7,2025-09-23,term_leverage,Term Structure & Leverage,82,20,20,weight_pct,pct,stale,2025-09-22T00:00:00.000Z,,v3.1.0,
8f3bdd8e26ec8a0e6ed671d0d2a98d91c1c3e55d,ce443745db37b9b06cde9de5fd12decce6d073b7,2025-09-23,trend_valuation,Trend & Valuation,50,20,20,weight_pct,pct,fresh,2025-09-23T19:57:01.875Z,,v3.1.0,
b0b530c892d02203b77e66fc0143111403bfcb80,b100fdb02c6915b93fd0483aecb50c42868be17f,2025-09-23,etf_flows,ETF Flows,60,9,9,weight_pct,pct,fresh,2025-09-22T16:00:00.000Z,,v3.1.0,
b0b530c892d02203b77e66fc0143111403bfcb80,b100fdb02c6915b93fd0483aecb50c42868be17f,2025-09-23,macro_overlay,Macro Overlay,49,10,10,weight_pct,pct,fresh,2025-09-23T18:58:22.349Z,,v3.1.0,
b0b530c892d02203b77e66fc0143111403bfcb80,b100fdb02c6915b93fd0483aecb50c42868be17f,2025-09-23,net_liquidity,Net Liquidity (FRED),32,5,5,weight_pct,pct,fresh,2025-09-23T18:58:22.772Z,,v3.1.0,
b0b530c892d02203b77e66fc0143111403bfcb80,b100fdb02c6915b93fd0483aecb50c42868be17f,2025-09-23,onchain,On-chain Activity,59,5,5,weight_pct,pct,stale,2025-09-17T00:00:00.000Z,,v3.1.0,
b0b530c892d02203b77e66fc0143111403bfcb80,b100fdb02c6915b93fd0483aecb50c42868be17f,2025-09-23,social_interest,Social Interest,42,10,10,weight_pct,pct,fresh,2025-09-23T18:58:22.795Z,,v3.1.0,
b0b530c892d02203b77e66fc0143111403bfcb80,b100fdb02c6915b93fd0483aecb50c42868be17f,2025-09-23,stablecoins,Stablecoins,32,21,21,weight_pct,pct,fresh,2025-09-23T18:58:22.552Z,,v3.1.0,
b0b530c892d02203b77e66fc0143111403bfcb80,b100fdb02c6915b93fd0483aecb50c42868be17f,2025-09-23,term_leverage,Term Structure & Leverage,,20,20,weight_pct,pct,excluded,,,v3.1.0,
b0b530c892d02203b77e66fc0143111403bfcb80,b100fdb02c6915b93fd0483aecb50c42868be17f,2025-09-23,trend_valuation,Trend & Valuation,50,20,20,weight_pct,pct,fresh,2025-09-23T18:58:22.346Z,,v3.1.0,
ec043019befde6aba042ab37f328b785fddcffac,330ac979915310ff1082bfb9d35b261976ce8278,2025-09-23,etf_flows,ETF Flows,60,9,9,weight_pct,pct,fresh,2025-09-22T16:00:00.000Z,,v3.1.0,
ec043019befde6aba042ab37f328b785fddcffac,330ac979915310ff1082bfb9d35b261976ce8278,2025-09-23,macro_overlay,Macro Overlay,41,10,10,weight_pct,pct,fresh,2025-09-23T21:24:47.963Z,,v3.1.0,
ec043019befde6aba042ab37f328b785fddcffac,330ac979915310ff1082bfb9d35b261976ce8278,2025-09-23,net_liquidity,Net Liquidity (FRED),59,5,5,weight_pct,pct,fresh,2025-09-17T00:00:00.000Z,,v3.1.0,
ec043019befde6aba042ab37f328b785fddcffac,330ac979915310ff1082bfb9d35b261976ce8278,2025-09-23,onchain,On-chain Activity,88,5,5,weight_pct,pct,fresh,2025-09-22T00:00:00.000Z,,v3.1.0,
ec043019befde6aba042ab37f328b785fddcffac,330ac979915310ff1082bfb9d35b261976ce8278,2025-09-23,social_interest,Social Interest,41,10,10,weight_pct,pct,fresh,2025-09-23T21:24:49.211Z,,v3.1.0,
ec043019befde6aba042ab37f328b785fddcffac,330ac979915310ff1082bfb9d35b261976ce8278,2025-09-23,stablecoins,Stablecoins,26,21,21,weight_pct,pct,fresh,2025-09-23T21:24:47.868Z,,v3.1.0,
ec043019befde6aba042ab37f328b785fddcffac,330ac979915310ff1082bfb9d35b261976ce8278,2025-09-23,term_leverage,Term Structure & Leverage,34,20,20,weight_pct,pct,fresh,2025-09-23T21:24:49.184Z,,v3.1.0,
ec043019befde6aba042ab37f328b785fddcffac,330ac979915310ff1082bfb9d35b261976ce8278,2025-09-23,trend_valuation,Trend & Valuation,80,20,20,weight_pct,pct,fresh,2025-09-23T21:24:47.841Z,,v3.1.0,
2741f3d8f3995c5c5ed923914071dd34cb85904d,1c0b1e7aa2f27c5fb495d7f8d651e10f0d8a4dba,2025-09-24,etf_flows,ETF Flows,63,9,9,weight_pct,pct,fresh,2025-09-23T16:00:00.000Z,,v3.1.0,
2741f3d8f3995c5c5ed923914071dd34cb85904d,1c0b1e7aa2f27c5fb495d7f8d651e10f0d8a4dba,2025-09-24,macro_overlay,Macro Overlay,50,10,10,weight_pct,pct,fresh,2025-09-24T21:08:03.040Z,,v3.1.0,
2741f3d8f3995c5c5ed923914071dd34cb85904d,1c0b1e7aa2f27c5fb495d7f8d651e10f0d8a4dba,2025-09-24,net_liquidity,Net Liquidity (FRED),59,5,5,weight_pct,pct,fresh,2025-09-17T00:00:00.000Z,,v3.1.0,
2741f3d8f3995c5c5ed923914071dd34cb85904d,1c0b1e7aa2f27c5fb495d7f8d651e10f0d8a4dba,2025-09-24,onchain,On-chain Activity,83,5,5,weight_pct,pct,fresh,2025-09-23T00:00:00.000Z,,v3.1.0,
2741f3d8f3995c5c5ed923914071dd34cb85904d,1c0b1e7aa2f27c5fb495d7f8d651e10f0d8a4dba,2025-09-24,social_interest,Social Interest,41,10,10,weight_pct,pct,fresh,2025-09-24T21:08:02.560Z,,v3.1.0,
2741f3d8f3995c5c5ed923914071dd34cb85904d,1c0b1e7aa2f27c5fb495d7f8d651e10f0d8a4dba,2025-09-24,stablecoins,Stablecoins,32,21,21,weight_pct,pct,fresh,2025-09-24T21:08:02.717Z,,v3.1.0,
2741f3d8f3995c5c5ed923914071dd34cb85904d,1c0b1e7aa2f27c5fb495d7f8d651e10f0d8a4dba,2025-09-24,term_leverage,Term Structure & Leverage,34,20,20,weight_pct,pct,fresh,2025-09-24T21:08:03.211Z,,v3.1.0,
2741f3d8f3995c5c5ed923914071dd34cb85904d,1c0b1e7aa2f27c5fb495d7f8d651e10f0d8a4dba,2025-09-24,trend_valuation,Trend & Valuation,55,20,20,weight_pct,pct,fresh,2025-09-24T21:08:02.586Z,,v3.1.0,
2b06a9229c9feaeb367b4a41e466243d686d7b92,2e83ece2b61973d6278cab8847f30d4df86fb92d,2025-09-24,etf_flows,ETF Flows,63,9,9,weight_pct,pct,fresh,2025-09-23T16:00:00.000Z,,v3.1.0,
2b06a9229c9feaeb367b4a41e466243d686d7b92,2e83ece2b61973d6278cab8847f30d4df86fb92d,2025-09-24,macro_overlay,Macro Overlay,,10,10,weight_pct,pct,excluded,,,v3.1.0,
2b06a9229c9feaeb367b4a41e466243d686d7b92,2e83ece2b61973d6278cab8847f30d4df86fb92d,2025-09-24,net_liquidity,Net Liquidity (FRED),,5,5,weight_pct,pct,excluded,,,v3.1.0,
2b06a9229c9feaeb367b4a41e466243d686d7b92,2e83ece2b61973d6278cab8847f30d4df86fb92d,2025-09-24,onchain,On-chain Activity,76,5,5,weight_pct,pct,fresh,2025-09-23T00:00:00.000Z,,v3.1.0,
2b06a9229c9feaeb367b4a41e466243d686d7b92,2e83ece2b61973d6278cab8847f30d4df86fb92d,2025-09-24,social_interest,Social Interest,41,10,10,weight_pct,pct,fresh,2025-09-24T21:59:16.525Z,,v3.1.0,
2b06a9229c9feaeb367b4a41e466243d686d7b92,2e83ece2b61973d6278cab8847f30d4df86fb92d,2025-09-24,stablecoins,Stablecoins,32,21,21,weight_pct,pct,fresh,2025-09-24T21:59:16.622Z,,v3.1.0,
2b06a9229c9feaeb367b4a41e466243d686d7b92,2e83ece2b61973d6278cab8847f30d4df86fb92d,2025-09-24,term_leverage,Term Structure & Leverage,34,20,20,weight_pct,pct,fresh,2025-09-24T21:59:17.007Z,,v3.1.0,
2b06a9229c9feaeb367b4a41e466243d686d7b92,2e83ece2b61973d6278cab8847f30d4df86fb92d,2025-09-24,trend_valuation,Trend & Valuation,,20,20,weight_pct,pct,excluded,,,v3.1.0,
487e685f866a6b38a81f568a23e175b31012f144,d2ec290c09a7d066d10ecf9019c5b1bcdc82a393,2025-09-24,etf_flows,ETF Flows,63,9,9,weight_pct,pct,fresh,2025-09-23T16:00:00.000Z,,v3.1.0,
487e685f866a6b38a81f568a23e175b31012f144,d2ec290c09a7d066d10ecf9019c5b1bcdc82a393,2025-09-24,macro_overlay,Macro Overlay,50,10,10,weight_pct,pct,fresh,2025-09-24T23:38:19.910Z,,v3.1.0,
487e685f866a6b38a81f568a23e175b31012f144,d2ec290c09a7d066d10ecf9019c5b1bcdc82a393,2025-09-24,net_liquidity,Net Liquidity (FRED),59,5,5,weight_pct,pct,fresh,2025-09-17T00:00:00.000Z,,v3.1.0,
487e685f866a6b38a81f568a23e175b31012f144,d2ec290c09a7d066d10ecf9019c5b1bcdc82a393,2025-09-24,onchain,On-chain Activity,75,5,5,weight_pct,pct,fresh,2025-09-23T00:00:00.000Z,,v3.1.0,
487e685f866a6b38a81f568a23e175b31012f144,d2ec290c09a7d066d10ecf9019c5b1bcdc82a393,2025-09-24,social_interest,Social Interest,40,10,10,weight_pct,pct,fresh,2025-09-24T23:38:21.103Z,,v3.1.0,
487e685f866a6b38a81f568a23e175b31012f144,d2ec290c09a7d066d10ecf9019c5b1bcdc82a393,2025-09-24,stablecoins,Stablecoins,32,21,21,weight_pct,pct,fresh,2025-09-24T23:38:19.746Z,,v3.1.0,
487e685f866a6b38a81f568a23e175b31012f144,d2ec290c09a7d066d10ecf9019c5b1bcdc82a393,2025-09-24,term_leverage,Term Structure & Leverage,34,20,20,weight_pct,pct,fresh,2025-09-24T23:38:19.889Z,,v3.1.0,
487e685f866a6b38a81f568a23e175b31012f144,d2ec290c09a7d066d10ecf9019c5b1bcdc82a393,2025-09-24,trend_valuation,Trend & Valuation,52,20,20,weight_pct,pct,fresh,2025-09-24T23:38:19.564Z,,v3.1.0,
8fb51f54338074a8148428726853964a97a36be7,e577bf34f113620c7afc4d73782ca29e9b43d78d,2025-09-24,etf_flows,ETF Flows,63,9,9,weight_pct,pct,fresh,2025-09-23T16:00:00.000Z,,v3.1.0,
8fb51f54338074a8148428726853964a97a36be7,e577bf34f113620c7afc4d73782ca29e9b43d78d,2025-09-24,macro_overlay,Macro Overlay,48,10,10,weight_pct,pct,fresh,2025-09-24T19:59:41.704Z,,v3.1.0,
8fb51f54338074a8148428726853964a97a36be7,e577bf34f113620c7afc4d73782ca29e9b43d78d,2025-09-24,net_liquidity,Net Liquidity (FRED),59,5,5,weight_pct,pct,fresh,2025-09-17T00:00:00.000Z,,v3.1.0,
8fb51f54338074a8148428726853964a97a36be7,e577bf34f113620c7afc4d73782ca29e9b43d78d,2025-09-24,onchain,On-chain Activity,77,5,5,weight_pct,pct,fresh,2025-09-23T00:00:00.000Z,,v3.1.0,
8fb51f54338074a8148428726853964a97a36be7,e577bf34f113620c7afc4d73782ca29e9b43d78d,2025-09-24,social_interest,Social Interest,41,10,10,weight_pct,pct,fresh,2025-09-24T19:59:41.355Z,,v3.1.0,
8fb51f54338074a8148428726853964a97a36be7,e577bf34f113620c7afc4d73782ca29e9b43d78d,2025-09-24,stablecoins,Stablecoins,32,21,21,weight_pct,pct,fresh,2025-09-24T19:59:41.529Z,,v3.1.0,
8fb51f54338074a8148428726853964a97a36be7,e577bf34f113620c7afc4d73782ca29e9b43d78d,2025-09-24,term_leverage,Term Structure & Leverage,34,20,20,weight_pct,pct,fresh,2025-09-24T19:59:41.600Z,,v3.1.0,
8fb51f54338074a8148428726853964a97a36be7,e577bf34f113620c7afc4d73782ca29e9b43d78d,2025-09-24,trend_valuation,Trend & Valuation,80,20,20,weight_pct,pct,fresh,2025-09-24T19:59:41.354Z,,v3.1.0,
c35032de9677f684c962b6e755b6fa1c0d3abe2c,a0e05a6152eb182fcaaa9a2248368ea0077fc7ad,2025-09-24,etf_flows,ETF Flows,63,9,9,weight_pct,pct,fresh,2025-09-23T16:00:00.000Z,,v3.1.0,
c35032de9677f684c962b6e755b6fa1c0d3abe2c,a0e05a6152eb182fcaaa9a2248368ea0077fc7ad,2025-09-24,macro_overlay,Macro Overlay,41,10,10,weight_pct,pct,fresh,2025-09-24T11:18:42.440Z,,v3.1.0,
c35032de9677f684c962b6e755b6fa1c0d3abe2c,a0e05a6152eb182fcaaa9a2248368ea0077fc7ad,2025-09-24,net_liquidity,Net Liquidity (FRED),59,5,5,weight_pct,pct,stale,2025-09-17T00:00:00.000Z,,v3.1.0,
c35032de9677f684c962b6e755b6fa1c0d3abe2c,a0e05a6152eb182fcaaa9a2248368ea0077fc7ad,2025-09-24,onchain,On-chain Activity,91,5,5,weight_pct,pct,fresh,2025-09-23T00:00:00.000Z,,v3.1.0,
c35032de9677f684c962b6e755b6fa1c0d3abe2c,a0e05a6152eb182fcaaa9a2248368ea0077fc7ad,2025-09-24,social_interest,Social Interest,41,10,10,weight_pct,pct,fresh,2025-09-24T11:18:41.876Z,,v3.1.0,
c35032de9677f684c962b6e755b6fa1c0d3abe2c,a0e05a6152eb182fcaaa9a2248368ea0077fc7ad,2025-09-24,stablecoins,Stablecoins,32,21,21,weight_pct,pct,fresh,2025-09-24T11:18:42.081Z,,v3.1.0,
c35032de9677f684c962b6e755b6fa1c0d3abe2c,a0e05a6152eb182fcaaa9a2248368ea0077fc7ad,2025-09-24,term_leverage,Term Structure & Leverage,34,20,20,weight_pct,pct,fresh,2025-09-24T11:18:42.257Z,,v3.1.0,
c35032de9677f684c962b6e755b6fa1c0d3abe2c,a0e05a6152eb182fcaaa9a2248368ea0077fc7ad,2025-09-24,trend_valuation,Trend & Valuation,80,20,20,weight_pct,pct,fresh,2025-09-24T11:18:41.860Z,,v3.1.0,
011405da359554ecef7a13b23d7ed4ca6f046dbf,a5c35d3f383fc8c46df454176a50bec4573f8614,2025-09-25,etf_flows,ETF Flows,62,9,9,weight_pct,pct,fresh,2025-09-24T16:00:00.000Z,,v3.1.0,
011405da359554ecef7a13b23d7ed4ca6f046dbf,a5c35d3f383fc8c46df454176a50bec4573f8614,2025-09-25,macro_overlay,Macro Overlay,49,10,10,weight_pct,pct,fresh,2025-09-25T01:04:05.842Z,,v3.1.0,
011405da359554ecef7a13b23d7ed4ca6f046dbf,a5c35d3f383fc8c46df454176a50bec4573f8614,2025-09-25,net_liquidity,Net Liquidity (FRED),59,5,5,weight_pct,pct,fresh,2025-09-17T00:00:00.000Z,,v3.1.0,
011405da359554ecef7a13b23d7ed4ca6f046dbf,a5c35d3f383fc8c46df454176a50bec4573f8614,2025-09-25,onchain,On-chain Activity,80,5,5,weight_pct,pct,fresh,2025-09-23T00:00:00.000Z,,v3.1.0,
011405da359554ecef7a13b23d7ed4ca6f046dbf,a5c35d3f383fc8c46df454176a50bec4573f8614,2025-09-25,social_interest,Social Interest,40,10,10,weight_pct,pct,fresh,2025-09-25T01:04:05.428Z,,v3.1.0,
011405da359554ecef7a13b23d7ed4ca6f046dbf,a5c35d3f383fc8c46df454176a50bec4573f8614,2025-09-25,stablecoins,Stablecoins,32,21,21,weight_pct,pct,fresh,2025-09-25T01:04:05.546Z,,v3.1.0,
011405da359554ecef7a13b23d7ed4ca6f046dbf,a5c35d3f383fc8c46df454176a50bec4573f8614,2025-09-25,term_leverage,Term Structure & Leverage,34,20,20,weight_pct,pct,fresh,2025-09-25T01:04:06.052Z,,v3.1.0,
011405da359554ecef7a13b23d7ed4ca6f046dbf,a5c35d3f383fc8c46df454176a50bec4573f8614,2025-09-25,trend_valuation,Trend & Valuation,52,20,20,weight_pct,pct,fresh,2025-09-25T01:04:05.424Z,,v3.1.0,
1e3256a33574597d55daafb2a7fa2b1b4b2ea10e,248ca4ae2cfaa29c47f9105d270eb045c3fc52b5,2025-09-25,etf_flows,ETF Flows,62,9,9,weight_pct,pct,fresh,2025-09-24T16:00:00.000Z,,v3.1.0,
1e3256a33574597d55daafb2a7fa2b1b4b2ea10e,248ca4ae2cfaa29c47f9105d270eb045c3fc52b5,2025-09-25,macro_overlay,Macro Overlay,49,10,10,weight_pct,pct,fresh,2025-09-25T11:19:50.623Z,,v3.1.0,
1e3256a33574597d55daafb2a7fa2b1b4b2ea10e,248ca4ae2cfaa29c47f9105d270eb045c3fc52b5,2025-09-25,net_liquidity,Net Liquidity (FRED),59,5,5,weight_pct,pct,fresh,2025-09-17T00:00:00.000Z,,v3.1.0,
1e3256a33574597d55daafb2a7fa2b1b4b2ea10e,248ca4ae2cfaa29c47f9105d270eb045c3fc52b5,2025-09-25,onchain,On-chain Activity,85,5,5,weight_pct,pct,fresh,2025-09-24T00:00:00.000Z,,v3.1.0,
1e3256a33574597d55daafb2a7fa2b1b4b2ea10e,248ca4ae2cfaa29c47f9105d270eb045c3fc52b5,2025-09-25,social_interest,Social Interest,40,10,10,weight_pct,pct,fresh,2025-09-25T11:19:50.373Z,,v3.1.0,
1e3256a33574597d55daafb2a7fa2b1b4b2ea10e,248ca4ae2cfaa29c47f9105d270eb045c3fc52b5,2025-09-25,stablecoins,Stablecoins,32,21,21,weight_pct,pct,fresh,2025-09-25T11:19:50.485Z,,v3.1.0,
1e3256a33574597d55daafb2a7fa2b1b4b2ea10e,248ca4ae2cfaa29c47f9105d270eb045c3fc52b5,2025-09-25,term_leverage,Term Structure & Leverage,50,20,20,weight_pct,pct,fresh,2025-09-25T11:19:50.666Z,,v3.1.0,
1e3256a33574597d55daafb2a7fa2b1b4b2ea10e,248ca4ae2cfaa29c47f9105d270eb045c3fc52b5,2025-09-25,trend_valuation,Trend & Valuation,51,20,20,weight_pct,pct,fresh,2025-09-25T11:19:50.368Z,,v3.1.0,
aa23008ee627b90dafeb615c8a16ed7553e00f85,bfb005d3f65fc96aef4b31d22aac3787b7d6dd79,2025-09-25,etf_flows,ETF Flows,62,9,9,weight_pct,pct,fresh,2025-09-24T16:00:00.000Z,,v3.1.0,
aa23008ee627b90dafeb615c8a16ed7553e00f85,bfb005d3f65fc96aef4b31d22aac3787b7d6dd79,2025-09-25,macro_overlay,Macro Overlay,49,10,10,weight_pct,pct,fresh,2025-09-25T02:06:39.666Z,,v3.1.0,
aa23008ee627b90dafeb615c8a16ed7553e00f85,bfb005d3f65fc96aef4b31d22aac3787b7d6dd79,2025-09-25,net_liquidity,Net Liquidity (FRED),59,5,5,weight_pct,pct,fresh,2025-09-17T00:00:00.000Z,,v3.1.0,
aa23008ee627b90dafeb615c8a16ed7553e00f85,bfb005d3f65fc96aef4b31d22aac3787b7d6dd79,2025-09-25,onchain,On-chain Activity,77,5,5,weight_pct,pct,fresh,2025-09-23T00:00:00.000Z,,v3.1.0,
aa23008ee627b90dafeb615c8a16ed7553e00f85,bfb005d3f65fc96aef4b31d22aac3787b7d6dd79,2025-09-25,social_interest,Social Interest,40,10,10,weight_pct,pct,fresh,2025-09-25T02:06:39.124Z,,v3.1.0,
aa23008ee627b90dafeb615c8a16ed7553e00f85,bfb005d3f65fc96aef4b31d22aac3787b7d6dd79,2025-09-25,stablecoins,Stablecoins,32,21,21,weight_pct,pct,fresh,2025-09-25T02:06:39.262Z,,v3.1.0,
aa23008ee627b90dafeb615c8a16ed7553e00f85,bfb005d3f65fc96aef4b31d22aac3787b7d6dd79,2025-09-25,term_leverage,Term Structure & Leverage,34,20,20,weight_pct,pct,fresh,2025-09-25T02:06:39.576Z,,v3.1.0,
aa23008ee627b90dafeb615c8a16ed7553e00f85,bfb005d3f65fc96aef4b31d22aac3787b7d6dd79,2025-09-25,trend_valuation,Trend & Valuation,51,20,20,weight_pct,pct,fresh,2025-09-25T02:06:39.118Z,,v3.1.0,
e9f3b5b5f51002d5f0f12039ebfbf27726460ea6,361bd801a56a1ca56524f03894645142fc784d78,2025-09-25,etf_flows,ETF Flows,62,9,9,weight_pct,pct,fresh,2025-09-24T16:00:00.000Z,,v3.1.0,
e9f3b5b5f51002d5f0f12039ebfbf27726460ea6,361bd801a56a1ca56524f03894645142fc784d78,2025-09-25,macro_overlay,Macro Overlay,49,10,10,weight_pct,pct,fresh,2025-09-25T00:44:57.996Z,,v3.1.0,
e9f3b5b5f51002d5f0f12039ebfbf27726460ea6,361bd801a56a1ca56524f03894645142fc784d78,2025-09-25,net_liquidity,Net Liquidity (FRED),59,5,5,weight_pct,pct,fresh,2025-09-17T00:00:00.000Z,,v3.1.0,
e9f3b5b5f51002d5f0f12039ebfbf27726460ea6,361bd801a56a1ca56524f03894645142fc784d78,2025-09-25,onchain,On-chain Activity,77,5,5,weight_pct,pct,fresh,2025-09-23T00:00:00.000Z,,v3.1.0,
e9f3b5b5f51002d5f0f12039ebfbf27726460ea6,361bd801a56a1ca56524f03894645142fc784d78,2025-09-25,social_interest,Social Interest,40,10,10,weight_pct,pct,fresh,2025-09-25T00:44:57.338Z,,v3.1.0,
e9f3b5b5f51002d5f0f12039ebfbf27726460ea6,361bd801a56a1ca56524f03894645142fc784d78,2025-09-25,stablecoins,Stablecoins,32,21,21,weight_pct,pct,fresh,2025-09-25T00:44:57.520Z,,v3.1.0,
e9f3b5b5f51002d5f0f12039ebfbf27726460ea6,361bd801a56a1ca56524f03894645142fc784d78,2025-09-25,term_leverage,Term Structure & Leverage,34,20,20,weight_pct,pct,fresh,2025-09-25T00:44:57.950Z,,v3.1.0,
e9f3b5b5f51002d5f0f12039ebfbf27726460ea6,361bd801a56a1ca56524f03894645142fc784d78,2025-09-25,trend_valuation,Trend & Valuation,52,20,20,weight_pct,pct,fresh,2025-09-25T00:44:57.334Z,,v3.1.0,
1ae65b8d78659543b177d31774793ca46645946c,68462f345a075d56ad1f697722f16b35abc89262,2025-09-26,etf_flows,ETF Flows,61,9,9,weight_pct,pct,fresh,2025-09-25T16:00:00.000Z,,v3.1.0,
1ae65b8d78659543b177d31774793ca46645946c,68462f345a075d56ad1f697722f16b35abc89262,2025-09-26,macro_overlay,Macro Overlay,49,10,10,weight_pct,pct,fresh,2025-09-26T12:17:23.511Z,,v3.1.0,
1ae65b8d78659543b177d31774793ca46645946c,68462f345a075d56ad1f697722f16b35abc89262,2025-09-26,net_liquidity,Net Liquidity (FRED),51,5,5,weight_pct,pct,fresh,2025-09-24T00:00:00.000Z,,v3.1.0,
1ae65b8d78659543b177d31774793ca46645946c,68462f345a075d56ad1f697722f16b35abc89262,2025-09-26,onchain,On-chain Activity,89,5,5,weight_pct,pct,fresh,2025-09-25T00:00:00.000Z,,v3.1.0,
1ae65b8d78659543b177d31774793ca46645946c,68462f345a075d56ad1f697722f16b35abc89262,2025-09-26,social_interest,Social Interest,40,10,10,weight_pct,pct,fresh,2025-09-26T12:17:24.726Z,,v3.1.0,
1ae65b8d78659543b177d31774793ca46645946c,68462f345a075d56ad1f697722f16b35abc89262,2025-09-26,stablecoins,Stablecoins,37,21,21,weight_pct,pct,fresh,2025-09-26T12:17:33.614Z,,v3.1.0,
1ae65b8d78659543b177d31774793ca46645946c,68462f345a075d56ad1f697722f16b35abc89262,2025-09-26,term_leverage,Term Structure & Leverage,46,20,20,weight_pct,pct,fresh,2025-09-26T12:17:23.469Z,,v3.1.0,
1ae65b8d78659543b177d31774793ca46645946c,68462f345a075d56ad1f697722f16b35abc89262,2025-09-26,trend_valuation,Trend & Valuation,51,20,20,weight_pct,pct,fresh,2025-09-26T12:17:23.189Z,,v3.1.0,
44cb77199d4a95d4cf7f09ddd0743735023754f0,1647c787c1fa7e69ad208e53d60403cca64a8ea7,2025-09-26,etf_flows,ETF Flows,61,9,9,weight_pct,pct,fresh,2025-09-25T16:00:00.000Z,,v3.1.0,
44cb77199d4a95d4cf7f09ddd0743735023754f0,1647c787c1fa7e69ad208e53d60403cca64a8ea7,2025-09-26,macro_overlay,Macro Overlay,56,10,10,weight_pct,pct,fresh,2025-09-26T13:39:37.158Z,,v3.1.0,
44cb77199d4a95d4cf7f09ddd0743735023754f0,1647c787c1fa7e69ad208e53d60403cca64a8ea7,2025-09-26,net_liquidity,Net Liquidity (FRED),51,5,5,weight_pct,pct,fresh,2025-09-24T00:00:00.000Z,,v3.1.0,
44cb77199d4a95d4cf7f09ddd0743735023754f0,1647c787c1fa7e69ad208e53d60403cca64a8ea7,2025-09-26,onchain,On-chain Activity,89,5,5,weight_pct,pct,fresh,2025-09-25T00:00:00.000Z,,v3.1.0,
44cb77199d4a95d4cf7f09ddd0743735023754f0,1647c787c1fa7e69ad208e53d60403cca64a8ea7,2025-09-26,social_interest,Social Interest,40,10,10,weight_pct,pct,fresh,2025-09-26T13:39:36.796Z,,v3.1.0,
44cb77199d4a95d4cf7f09ddd0743735023754f0,1647c787c1fa7e69ad208e53d60403cca64a8ea7,2025-09-26,stablecoins,Stablecoins,,21,21,weight_pct,pct,excluded,,,v3.1.0,
44cb77199d4a95d4cf7f09ddd0743735023754f0,1647c787c1fa7e69ad208e53d60403cca64a8ea7,2025-09-26,term_leverage,Term Structure & Leverage,46,20,20,weight_pct,pct,fresh,2025-09-26T13:39:37.323Z,,v3.1.0,
44cb77199d4a95d4cf7f09ddd0743735023754f0,1647c787c1fa7e69ad208e53d60403cca64a8ea7,2025-09-26,trend_valuation,Trend & Valuation,51,20,20,weight_pct,pct,fresh,2025-09-26T13:39:36.787Z,,v3.1.0,
932a193c7bc6df63a9c058b97bc12dd80b7df108,d96f89ea814648da8a82d9b8937482447c01eae2,2025-09-26,etf_flows,ETF Flows,61,9,9,weight_pct,pct,fresh,2025-09-25T16:00:00.000Z,,v3.1.0,
932a193c7bc6df63a9c058b97bc12dd80b7df108,d96f89ea814648da8a82d9b8937482447c01eae2,2025-09-26,macro_overlay,Macro Overlay,56,10,10,weight_pct,pct,fresh,2025-09-26T13:39:37.158Z,,v3.1.0,
932a193c7bc6df63a9c058b97bc12dd80b7df108,d96f89ea814648da8a82d9b8937482447c01eae2,2025-09-26,net_liquidity,Net Liquidity (FRED),51,5,5,weight_pct,pct,fresh,2025-09-24T00:00:00.000Z,,v3.1.0,
932a193c7bc6df63a9c058b97bc12dd80b7df108,d96f89ea814648da8a82d9b8937482447c01eae2,2025-09-26,onchain,On-chain Activity,89,5,5,weight_pct,pct,fresh,2025-09-25T00:00:00.000Z,,v3.1.0,
932a193c7bc6df63a9c058b97bc12dd80b7df108,d96f89ea814648da8a82d9b8937482447c01eae2,2025-09-26,social_interest,Social Interest,40,10,10,weight_pct,pct,fresh,2025-09-26T13:39:36.796Z,,v3.1.0,
932a193c7bc6df63a9c058b97bc12dd80b7df108,d96f89ea814648da8a82d9b8937482447c01eae2,2025-09-26,stablecoins,Stablecoins,,21,21,weight_pct,pct,excluded,,,v3.1.0,
932a193c7bc6df63a9c058b97bc12dd80b7df108,d96f89ea814648da8a82d9b8937482447c01eae2,2025-09-26,term_leverage,Term Structure & Leverage,46,20,20,weight_pct,pct,fresh,2025-09-26T13:39:37.323Z,,v3.1.0,
932a193c7bc6df63a9c058b97bc12dd80b7df108,d96f89ea814648da8a82d9b8937482447c01eae2,2025-09-26,trend_valuation,Trend & Valuation,51,20,20,weight_pct,pct,fresh,2025-09-26T13:39:36.787Z,,v3.1.0,
c760f51eedbde12f90de962a6f5b9c9900b02878,b640ca566c91e29d20c3e020ec172a1359ac511b,2025-09-26,etf_flows,ETF Flows,61,9,9,weight_pct,pct,fresh,2025-09-25T16:00:00.000Z,,v3.1.0,
c760f51eedbde12f90de962a6f5b9c9900b02878,b640ca566c91e29d20c3e020ec172a1359ac511b,2025-09-26,macro_overlay,Macro Overlay,49,10,10,weight_pct,pct,fresh,2025-09-26T12:37:59.873Z,,v3.1.0,
c760f51eedbde12f90de962a6f5b9c9900b02878,b640ca566c91e29d20c3e020ec172a1359ac511b,2025-09-26,net_liquidity,Net Liquidity (FRED),51,5,5,weight_pct,pct,fresh,2025-09-24T00:00:00.000Z,,v3.1.0,
c760f51eedbde12f90de962a6f5b9c9900b02878,b640ca566c91e29d20c3e020ec172a1359ac511b,2025-09-26,onchain,On-chain Activity,89,5,5,weight_pct,pct,fresh,2025-09-25T00:00:00.000Z,,v3.1.0,
c760f51eedbde12f90de962a6f5b9c9900b02878,b640ca566c91e29d20c3e020ec172a1359ac511b,2025-09-26,social_interest,Social Interest,40,10,10,weight_pct,pct,fresh,2025-09-26T12:37:59.563Z,,v3.1.0,
c760f51eedbde12f90de962a6f5b9c9900b02878,b640ca566c91e29d20c3e020ec172a1359ac511b,2025-09-26,stablecoins,Stablecoins,37,21,21,weight_pct,pct,fresh,2025-09-26T12:38:10.160Z,,v3.1.0,
c760f51eedbde12f90de962a6f5b9c9900b02878,b640ca566c91e29d20c3e020ec172a1359ac511b,2025-09-26,term_leverage,Term Structure & Leverage,46,20,20,weight_pct,pct,fresh,2025-09-26T12:37:59.829Z,,v3.1.0,
c760f51eedbde12f90de962a6f5b9c9900b02878,b640ca566c91e29d20c3e020ec172a1359ac511b,2025-09-26,trend_valuation,Trend & Valuation,51,20,20,weight_pct,pct,fresh,2025-09-26T12:37:59.561Z,,v3.1.0,
c8833750cbc18b94ec2739ead0b63bb67a016137,163e14f186af9f3fa60965325830769335230be7,2025-09-26,etf_flows,ETF Flows,61,9,9,weight_pct,pct,fresh,2025-09-25T16:00:00.000Z,,v3.1.0,
c8833750cbc18b94ec2739ead0b63bb67a016137,163e14f186af9f3fa60965325830769335230be7,2025-09-26,macro_overlay,Macro Overlay,56,10,10,weight_pct,pct,fresh,2025-09-26T17:03:50.015Z,,v3.1.0,
c8833750cbc18b94ec2739ead0b63bb67a016137,163e14f186af9f3fa60965325830769335230be7,2025-09-26,net_liquidity,Net Liquidity (FRED),51,5,5,weight_pct,pct,fresh,2025-09-24T00:00:00.000Z,,v3.1.0,
c8833750cbc18b94ec2739ead0b63bb67a016137,163e14f186af9f3fa60965325830769335230be7,2025-09-26,onchain,On-chain Activity,58,5,5,weight_pct,pct,fresh,2025-09-25T00:00:00.000Z,,v3.1.0,
c8833750cbc18b94ec2739ead0b63bb67a016137,163e14f186af9f3fa60965325830769335230be7,2025-09-26,social_interest,Social Interest,40,10,10,weight_pct,pct,fresh,2025-09-26T17:03:49.571Z,,v3.1.0,
c8833750cbc18b94ec2739ead0b63bb67a016137,163e14f186af9f3fa60965325830769335230be7,2025-09-26,stablecoins,Stablecoins,38,21,21,weight_pct,pct,fresh,2025-09-26T17:03:59.752Z,,v3.1.0,
c8833750cbc18b94ec2739ead0b63bb67a016137,163e14f186af9f3fa60965325830769335230be7,2025-09-26,term_leverage,Term Structure & Leverage,46,20,20,weight_pct,pct,fresh,2025-09-26T17:03:50.017Z,,v3.1.0,
c8833750cbc18b94ec2739ead0b63bb67a016137,163e14f186af9f3fa60965325830769335230be7,2025-09-26,trend_valuation,Trend & Valuation,51,20,20,weight_pct,pct,fresh,2025-09-26T17:03:49.567Z,,v3.1.0,
f77f7e0dcd5aa1beaeab22c4e3403b0eca2e5652,e9083962fcac56e305dff66810b9c5a7fceed394,2025-09-26,etf_flows,ETF Flows,61,9,9,weight_pct,pct,fresh,2025-09-25T16:00:00.000Z,,v3.1.0,
f77f7e0dcd5aa1beaeab22c4e3403b0eca2e5652,e9083962fcac56e305dff66810b9c5a7fceed394,2025-09-26,macro_overlay,Macro Overlay,49,10,10,weight_pct,pct,fresh,2025-09-26T11:19:01.347Z,,v3.1.0,
f77f7e0dcd5aa1beaeab22c4e3403b0eca2e5652,e9083962fcac56e305dff66810b9c5a7fceed394,2025-09-26,net_liquidity,Net Liquidity (FRED),51,5,5,weight_pct,pct,fresh,2025-09-24T00:00:00.000Z,,v3.1.0,
f77f7e0dcd5aa1beaeab22c4e3403b0eca2e5652,e9083962fcac56e305dff66810b9c5a7fceed394,2025-09-26,onchain,On-chain Activity,92,5,5,weight_pct,pct,fresh,2025-09-25T00:00:00.000Z,,v3.1.0,
f77f7e0dcd5aa1beaeab22c4e3403b0eca2e5652,e9083962fcac56e305dff66810b9c5a7fceed394,2025-09-26,social_interest,Social Interest,40,10,10,weight_pct,pct,fresh,2025-09-26T11:19:01.198Z,,v3.1.0,
f77f7e0dcd5aa1beaeab22c4e3403b0eca2e5652,e9083962fcac56e305dff66810b9c5a7fceed394,2025-09-26,stablecoins,Stablecoins,37,21,21,weight_pct,pct,fresh,2025-09-26T11:19:01.282Z,,v3.1.0,
f77f7e0dcd5aa1beaeab22c4e3403b0eca2e5652,e9083962fcac56e305dff66810b9c5a7fceed394,2025-09-26,term_leverage,Term Structure & Leverage,36,20,20,weight_pct,pct,fresh,2025-09-26T11:19:01.420Z,,v3.1.0,
f77f7e0dcd5aa1beaeab22c4e3403b0eca2e5652,e9083962fcac56e305dff66810b9c5a7fceed394,2025-09-26,trend_valuation,Trend & Valuation,51,20,20,weight_pct,pct,fresh,2025-09-26T11:19:01.193Z,,v3.1.0,
02cbfd8c5afd21690fc61b60fdb357acfee09dd6,068b5987179e9dfca767152d1dfe43f01211ea7e,2025-09-27,etf_flows,ETF Flows,71,9,9,weight_pct,pct,fresh,2025-09-26T16:00:00.000Z,,v3.1.0,
02cbfd8c5afd21690fc61b60fdb357acfee09dd6,068b5987179e9dfca767152d1dfe43f01211ea7e,2025-09-27,macro_overlay,Macro Overlay,59,10,10,weight_pct,pct,fresh,2025-09-27T11:16:46.841Z,,v3.1.0,
02cbfd8c5afd21690fc61b60fdb357acfee09dd6,068b5987179e9dfca767152d1dfe43f01211ea7e,2025-09-27,net_liquidity,Net Liquidity (FRED),51,5,5,weight_pct,pct,fresh,2025-09-24T00:00:00.000Z,,v3.1.0,
02cbfd8c5afd21690fc61b60fdb357acfee09dd6,068b5987179e9dfca767152d1dfe43f01211ea7e,2025-09-27,onchain,On-chain Activity,92,5,5,weight_pct,pct,fresh,2025-09-26T00:00:00.000Z,,v3.1.0,
02cbfd8c5afd21690fc61b60fdb357acfee09dd6,068b5987179e9dfca767152d1dfe43f01211ea7e,2025-09-27,social_interest,Social Interest,40,10,10,weight_pct,pct,fresh,2025-09-27T11:16:46.162Z,,v3.1.0,
02cbfd8c5afd21690fc61b60fdb357acfee09dd6,068b5987179e9dfca767152d1dfe43f01211ea7e,2025-09-27,stablecoins,Stablecoins,40,21,21,weight_pct,pct,fresh,2025-09-27T11:16:56.580Z,,v3.1.0,
02cbfd8c5afd21690fc61b60fdb357acfee09dd6,068b5987179e9dfca767152d1dfe43f01211ea7e,2025-09-27,term_leverage,Term Structure & Leverage,62,20,20,weight_pct,pct,fresh,2025-09-27T11:16:46.777Z,,v3.1.0,
02cbfd8c5afd21690fc61b60fdb357acfee09dd6,068b5987179e9dfca767152d1dfe43f01211ea7e,2025-09-27,trend_valuation,Trend & Valuation,50,20,20,weight_pct,pct,fresh,2025-09-27T11:16:46.158Z,,v3.1.0,
115a6f1245277c4d084675a910f142c608ef2a20,fabe9833bced7cb895de22c32da5949a00fbe409,2025-09-28,etf_flows,ETF Flows,71,9,9,weight_pct,pct,fresh,2025-09-26T16:00:00.000Z,,v3.1.0,
115a6f1245277c4d084675a910f142c608ef2a20,fabe9833bced7cb895de22c32da5949a00fbe409,2025-09-28,macro_overlay,Macro Overlay,59,10,10,weight_pct,pct,fresh,2025-09-28T11:17:00.534Z,,v3.1.0,
115a6f1245277c4d084675a910f142c608ef2a20,fabe9833bced7cb895de22c32da5949a00fbe409,2025-09-28,net_liquidity,Net Liquidity (FRED),51,5,5,weight_pct,pct,fresh,2025-09-24T00:00:00.000Z,,v3.1.0,
115a6f1245277c4d084675a910f142c608ef2a20,fabe9833bced7cb895de22c32da5949a00fbe409,2025-09-28,onchain,On-chain Activity,93,5,5,weight_pct,pct,fresh,2025-09-27T00:00:00.000Z,,v3.1.0,
115a6f1245277c4d084675a910f142c608ef2a20,fabe9833bced7cb895de22c32da5949a00fbe409,2025-09-28,social_interest,Social Interest,40,10,10,weight_pct,pct,fresh,2025-09-28T11:17:00.125Z,,v3.1.0,
115a6f1245277c4d084675a910f142c608ef2a20,fabe9833bced7cb895de22c32da5949a00fbe409,2025-09-28,stablecoins,Stablecoins,43,21,21,weight_pct,pct,fresh,2025-09-28T11:17:10.364Z,,v3.1.0,
115a6f1245277c4d084675a910f142c608ef2a20,fabe9833bced7cb895de22c32da5949a00fbe409,2025-09-28,term_leverage,Term Structure & Leverage,63,20,20,weight_pct,pct,fresh,2025-09-28T11:17:00.866Z,,v3.1.0,
115a6f1245277c4d084675a910f142c608ef2a20,fabe9833bced7cb895de22c32da5949a00fbe409,2025-09-28,trend_valuation,Trend & Valuation,51,20,20,weight_pct,pct,fresh,2025-09-28T11:17:00.120Z,,v3.1.0,
5c3b546d752cf7f3c642c8f52ee556ed396411a3,b5ecaa40719593009e03ef4bbd433a4736c3515b,2025-09-28,etf_flows,ETF Flows,71,9,9,weight_pct,pct,fresh,2025-09-26T16:00:00.000Z,,v3.1.0,
5c3b546d752cf7f3c642c8f52ee556ed396411a3,b5ecaa40719593009e03ef4bbd433a4736c3515b,2025-09-28,macro_overlay,Macro Overlay,59,10,10,weight_pct,pct,fresh,2025-09-28T11:17:00.534Z,,v3.1.0,
5c3b546d752cf7f3c642c8f52ee556ed396411a3,b5ecaa40719593009e03ef4bbd433a4736c3515b,2025-09-28,net_liquidity,Net Liquidity (FRED),51,5,5,weight_pct,pct,fresh,2025-09-24T00:00:00.000Z,,v3.1.0,
5c3b546d752cf7f3c642c8f52ee556ed396411a3,b5ecaa40719593009e03ef4bbd433a4736c3515b,2025-09-28,onchain,On-chain Activity,93,5,5,weight_pct,pct,fresh,2025-09-27T00:00:00.000Z,,v3.1.0,
5c3b546d752cf7f3c642c8f52ee556ed396411a3,b5ecaa40719593009e03ef4bbd433a4736c3515b,2025-09-28,social_interest,Social Interest,40,10,10,weight_pct,pct,fresh,2025-09-28T11:17:00.125Z,,v3.1.0,
5c3b546d752cf7f3c642c8f52ee556ed396411a3,b5ecaa40719593009e03ef4bbd433a4736c3515b,2025-09-28,stablecoins,Stablecoins,43,21,21,weight_pct,pct,fresh,2025-09-28T11:17:10.364Z,,v3.1.0,
5c3b546d752cf7f3c642c8f52ee556ed396411a3,b5ecaa40719593009e03ef4bbd433a4736c3515b,2025-09-28,term_leverage,Term Structure & Leverage,63,20,20,weight_pct,pct,fresh,2025-09-28T11:17:00.866Z,,v3.1.0,
5c3b546d752cf7f3c642c8f52ee556ed396411a3,b5ecaa40719593009e03ef4bbd433a4736c3515b,2025-09-28,trend_valuation,Trend & Valuation,51,20,20,weight_pct,pct,fresh,2025-09-28T11:17:00.120Z,,v3.1.0,
75cdcbc728b2fb3923cc3971167fadf89ee1488d,dcdfe312aa046600de988c1c1ecf298d9dfb5278,2025-09-28,etf_flows,ETF Flows,71,9,9,weight_pct,pct,fresh,2025-09-26T16:00:00.000Z,,v3.1.0,
75cdcbc728b2fb3923cc3971167fadf89ee1488d,dcdfe312aa046600de988c1c1ecf298d9dfb5278,2025-09-28,macro_overlay,Macro Overlay,59,10,10,weight_pct,pct,fresh,2025-09-28T11:17:00.534Z,,v3.1.0,
75cdcbc728b2fb3923cc3971167fadf89ee1488d,dcdfe312aa046600de988c1c1ecf298d9dfb5278,2025-09-28,net_liquidity,Net Liquidity (FRED),51,5,5,weight_pct,pct,fresh,2025-09-24T00:00:00.000Z,,v3.1.0,
75cdcbc728b2fb3923cc3971167fadf89ee1488d,dcdfe312aa046600de988c1c1ecf298d9dfb5278,2025-09-28,onchain,On-chain Activity,93,5,5,weight_pct,pct,fresh,2025-09-27T00:00:00.000Z,,v3.1.0,
75cdcbc728b2fb3923cc3971167fadf89ee1488d,dcdfe312aa046600de988c1c1ecf298d9dfb5278,2025-09-28,social_interest,Social Interest,40,10,10,weight_pct,pct,fresh,2025-09-28T11:17:00.125Z,,v3.1.0,
75cdcbc728b2fb3923cc3971167fadf89ee1488d,dcdfe312aa046600de988c1c1ecf298d9dfb5278,2025-09-28,stablecoins,Stablecoins,43,21,21,weight_pct,pct,fresh,2025-09-28T11:17:10.364Z,,v3.1.0,
75cdcbc728b2fb3923cc3971167fadf89ee1488d,dcdfe312aa046600de988c1c1ecf298d9dfb5278,2025-09-28,term_leverage,Term Structure & Leverage,63,20,20,weight_pct,pct,fresh,2025-09-28T11:17:00.866Z,,v3.1.0,
75cdcbc728b2fb3923cc3971167fadf89ee1488d,dcdfe312aa046600de988c1c1ecf298d9dfb5278,2025-09-28,trend_valuation,Trend & Valuation,51,20,20,weight_pct,pct,fresh,2025-09-28T11:17:00.120Z,,v3.1.0,
8ff908a57b7c208f1616dff96b4837cf4a605457,57460c2284e86a1ae9b7248da1a71d3ff0ca745c,2025-09-28,etf_flows,ETF Flows,71,9,9,weight_pct,pct,fresh,2025-09-26T16:00:00.000Z,,v3.1.0,
8ff908a57b7c208f1616dff96b4837cf4a605457,57460c2284e86a1ae9b7248da1a71d3ff0ca745c,2025-09-28,macro_overlay,Macro Overlay,59,10,10,weight_pct,pct,fresh,2025-09-27T11:16:46.841Z,,v3.1.0,
8ff908a57b7c208f1616dff96b4837cf4a605457,57460c2284e86a1ae9b7248da1a71d3ff0ca745c,2025-09-28,net_liquidity,Net Liquidity (FRED),51,5,5,weight_pct,pct,fresh,2025-09-24T00:00:00.000Z,,v3.1.0,
8ff908a57b7c208f1616dff96b4837cf4a605457,57460c2284e86a1ae9b7248da1a71d3ff0ca745c,2025-09-28,onchain,On-chain Activity,92,5,5,weight_pct,pct,fresh,2025-09-26T00:00:00.000Z,,v3.1.0,
8ff908a57b7c208f1616dff96b4837cf4a605457,57460c2284e86a1ae9b7248da1a71d3ff0ca745c,2025-09-28,social_interest,Social Interest,40,10,10,weight_pct,pct,fresh,2025-09-27T11:16:46.162Z,,v3.1.0,
8ff908a57b7c208f1616dff96b4837cf4a605457,57460c2284e86a1ae9b7248da1a71d3ff0ca745c,2025-09-28,stablecoins,Stablecoins,40,21,21,weight_pct,pct,fresh,2025-09-27T11:16:56.580Z,,v3.1.0,
8ff908a57b7c208f1616dff96b4837cf4a605457,57460c2284e86a1ae9b7248da1a71d3ff0ca745c,2025-09-28,term_leverage,Term Structure & Leverage,62,20,20,weight_pct,pct,fresh,2025-09-27T11:16:46.777Z,,v3.1.0,
8ff908a57b7c208f1616dff96b4837cf4a605457,57460c2284e86a1ae9b7248da1a71d3ff0ca745c,2025-09-28,trend_valuation,Trend & Valuation,50,20,20,weight_pct,pct,fresh,2025-09-27T11:16:46.158Z,,v3.1.0,
081ee215e2751b0ddd8ed4a524d182bff3b3f79f,2fc3e8268dd75f9fcd6d25385f24a54c388313de,2025-09-29,etf_flows,ETF Flows,71,9,9,weight_pct,pct,fresh,2025-09-26T16:00:00.000Z,,v3.1.0,
081ee215e2751b0ddd8ed4a524d182bff3b3f79f,2fc3e8268dd75f9fcd6d25385f24a54c388313de,2025-09-29,macro_overlay,Macro Overlay,45,10,10,weight_pct,pct,fresh,2025-09-29T17:39:23.617Z,,v3.1.0,
081ee215e2751b0ddd8ed4a524d182bff3b3f79f,2fc3e8268dd75f9fcd6d25385f24a54c388313de,2025-09-29,net_liquidity,Net Liquidity (FRED),51,5,5,weight_pct,pct,fresh,2025-09-24T00:00:00.000Z,,v3.1.0,
081ee215e2751b0ddd8ed4a524d182bff3b3f79f,2fc3e8268dd75f9fcd6d25385f24a54c388313de,2025-09-29,onchain,On-chain Activity,68,5,5,weight_pct,pct,fresh,2025-09-28T00:00:00.000Z,,v3.1.0,
081ee215e2751b0ddd8ed4a524d182bff3b3f79f,2fc3e8268dd75f9fcd6d25385f24a54c388313de,2025-09-29,social_interest,Social Interest,40,10,10,weight_pct,pct,fresh,2025-09-29T17:39:23.136Z,,v3.1.0,
081ee215e2751b0ddd8ed4a524d182bff3b3f79f,2fc3e8268dd75f9fcd6d25385f24a54c388313de,2025-09-29,stablecoins,Stablecoins,50,21,21,weight_pct,pct,fresh,2025-09-29T17:39:33.538Z,,v3.1.0,
081ee215e2751b0ddd8ed4a524d182bff3b3f79f,2fc3e8268dd75f9fcd6d25385f24a54c388313de,2025-09-29,term_leverage,Term Structure & Leverage,65,20,20,weight_pct,pct,fresh,2025-09-29T17:39:23.681Z,,v3.1.0,
081ee215e2751b0ddd8ed4a524d182bff3b3f79f,2fc3e8268dd75f9fcd6d25385f24a54c388313de,2025-09-29,trend_valuation,Trend & Valuation,52,20,20,weight_pct,pct,fresh,2025-09-29T17:39:23.132Z,,v3.1.0,
1f52bd67154353cd5dfb1528a2844cd41b6e4774,5d6a3abab7bc0a3a2336cc1df95d364f4b9d61a9,2025-09-29,etf_flows,ETF Flows,71,9,9,weight_pct,pct,fresh,2025-09-26T16:00:00.000Z,,v3.1.0,
1f52bd67154353cd5dfb1528a2844cd41b6e4774,5d6a3abab7bc0a3a2336cc1df95d364f4b9d61a9,2025-09-29,macro_overlay,Macro Overlay,59,10,10,weight_pct,pct,fresh,2025-09-29T11:19:23.248Z,,v3.1.0,
1f52bd67154353cd5dfb1528a2844cd41b6e4774,5d6a3abab7bc0a3a2336cc1df95d364f4b9d61a9,2025-09-29,net_liquidity,Net Liquidity (FRED),51,5,5,weight_pct,pct,fresh,2025-09-24T00:00:00.000Z,,v3.1.0,
1f52bd67154353cd5dfb1528a2844cd41b6e4774,5d6a3abab7bc0a3a2336cc1df95d364f4b9d61a9,2025-09-29,onchain,On-chain Activity,84,5,5,weight_pct,pct,fresh,2025-09-28T00:00:00.000Z,,v3.1.0,
1f52bd67154353cd5dfb1528a2844cd41b6e4774,5d6a3abab7bc0a3a2336cc1df95d364f4b9d61a9,2025-09-29,social_interest,Social Interest,40,10,10,weight_pct,pct,fresh,2025-09-29T11:19:22.654Z,,v3.1.0,
1f52bd67154353cd5dfb1528a2844cd41b6e4774,5d6a3abab7bc0a3a2336cc1df95d364f4b9d61a9,2025-09-29,stablecoins,Stablecoins,50,21,21,weight_pct,pct,fresh,2025-09-29T11:19:33.101Z,,v3.1.0,
1f52bd67154353cd5dfb1528a2844cd41b6e4774,5d6a3abab7bc0a3a2336cc1df95d364f4b9d61a9,2025-09-29,term_leverage,Term Structure & Leverage,63,20,20,weight_pct,pct,fresh,2025-09-29T11:19:22.966Z,,v3.1.0,
1f52bd67154353cd5dfb1528a2844cd41b6e4774,5d6a3abab7bc0a3a2336cc1df95d364f4b9d61a9,2025-09-29,trend_valuation,Trend & Valuation,51,20,20,weight_pct,pct,fresh,2025-09-29T11:19:22.650Z,,v3.1.0,
3f3fae80b173e7ef7b0e02f5c2cf18bf721718ec,5cca5c5b3297581c1d3a4ac25076c7af328bcc5d,2025-09-29,etf_flows,ETF Flows,71,9,9,weight_pct,pct,fresh,2025-09-26T16:00:00.000Z,,v3.1.0,
3f3fae80b173e7ef7b0e02f5c2cf18bf721718ec,5cca5c5b3297581c1d3a4ac25076c7af328bcc5d,2025-09-29,macro_overlay,Macro Overlay,45,10,10,weight_pct,pct,fresh,2025-09-29T18:59:51.714Z,,v3.1.0,
3f3fae80b173e7ef7b0e02f5c2cf18bf721718ec,5cca5c5b3297581c1d3a4ac25076c7af328bcc5d,2025-09-29,net_liquidity,Net Liquidity (FRED),51,5,5,weight_pct,pct,fresh,2025-09-24T00:00:00.000Z,,v3.1.0,
3f3fae80b173e7ef7b0e02f5c2cf18bf721718ec,5cca5c5b3297581c1d3a4ac25076c7af328bcc5d,2025-09-29,onchain,On-chain Activity,65,5,5,weight_pct,pct,fresh,2025-09-28T00:00:00.000Z,,v3.1.0,
3f3fae80b173e7ef7b0e02f5c2cf18bf721718ec,5cca5c5b3297581c1d3a4ac25076c7af328bcc5d,2025-09-29,social_interest,Social Interest,40,10,10,weight_pct,pct,fresh,2025-09-29T18:59:51.297Z,,v3.1.0,
3f3fae80b173e7ef7b0e02f5c2cf18bf721718ec,5cca5c5b3297581c1d3a4ac25076c7af328bcc5d,2025-09-29,stablecoins,Stablecoins,50,21,21,weight_pct,pct,fresh,2025-09-29T19:00:01.769Z,,v3.1.0,
3f3fae80b173e7ef7b0e02f5c2cf18bf721718ec,5cca5c5b3297581c1d3a4ac25076c7af328bcc5d,2025-09-29,term_leverage,Term Structure & Leverage,65,20,20,weight_pct,pct,fresh,2025-09-29T18:59:51.688Z,,v3.1.0,
3f3fae80b173e7ef7b0e02f5c2cf18bf721718ec,5cca5c5b3297581c1d3a4ac25076c7af328bcc5d,2025-09-29,trend_valuation,Trend & Valuation,52,20,20,weight_pct,pct,fresh,2025-09-29T18:59:51.292Z,,v3.1.0,
6a68d2e09492d457e99550afb582455e6de6e393,14ff43cd137c2a9913295e62e5c0248100ed525f,2025-09-29,etf_flows,ETF Flows,71,9,9,weight_pct,pct,fresh,2025-09-26T16:00:00.000Z,,v3.1.0,
6a68d2e09492d457e99550afb582455e6de6e393,14ff43cd137c2a9913295e62e5c0248100ed525f,2025-09-29,macro_overlay,Macro Overlay,59,10,10,weight_pct,pct,fresh,2025-09-29T20:44:30.107Z,,v3.1.0,
6a68d2e09492d457e99550afb582455e6de6e393,14ff43cd137c2a9913295e62e5c0248100ed525f,2025-09-29,net_liquidity,Net Liquidity (FRED),51,5,5,weight_pct,pct,fresh,2025-09-24T00:00:00.000Z,,v3.1.0,
6a68d2e09492d457e99550afb582455e6de6e393,14ff43cd137c2a9913295e62e5c0248100ed525f,2025-09-29,onchain,On-chain Activity,65,5,5,weight_pct,pct,fresh,2025-09-28T00:00:00.000Z,,v3.1.0,
6a68d2e09492d457e99550afb582455e6de6e393,14ff43cd137c2a9913295e62e5c0248100ed525f,2025-09-29,social_interest,Social Interest,40,10,10,weight_pct,pct,fresh,2025-09-29T20:44:29.220Z,,v3.1.0,
6a68d2e09492d457e99550afb582455e6de6e393,14ff43cd137c2a9913295e62e5c0248100ed525f,2025-09-29,stablecoins,Stablecoins,50,21,21,weight_pct,pct,fresh,2025-09-29T20:44:39.636Z,,v3.1.0,
6a68d2e09492d457e99550afb582455e6de6e393,14ff43cd137c2a9913295e62e5c0248100ed525f,2025-09-29,term_leverage,Term Structure & Leverage,61,20,20,weight_pct,pct,fresh,2025-09-29T20:44:29.673Z,,v3.1.0,
6a68d2e09492d457e99550afb582455e6de6e393,14ff43cd137c2a9913295e62e5c0248100ed525f,2025-09-29,trend_valuation,Trend & Valuation,51,20,20,weight_pct,pct,fresh,2025-09-29T20:44:29.215Z,,v3.1.0,
b001064f1280c2050ba2a8fd8b4a949b4838dabf,79a6c87c82d133ea1f1dd19112be7237ed64e799,2025-09-29,etf_flows,ETF Flows,71,9,9,weight_pct,pct,fresh,2025-09-26T16:00:00.000Z,,v3.1.0,
b001064f1280c2050ba2a8fd8b4a949b4838dabf,79a6c87c82d133ea1f1dd19112be7237ed64e799,2025-09-29,macro_overlay,Macro Overlay,45,10,10,weight_pct,pct,fresh,2025-09-29T19:36:05.703Z,,v3.1.0,
b001064f1280c2050ba2a8fd8b4a949b4838dabf,79a6c87c82d133ea1f1dd19112be7237ed64e799,2025-09-29,net_liquidity,Net Liquidity (FRED),51,5,5,weight_pct,pct,fresh,2025-09-24T00:00:00.000Z,,v3.1.0,
b001064f1280c2050ba2a8fd8b4a949b4838dabf,79a6c87c82d133ea1f1dd19112be7237ed64e799,2025-09-29,onchain,On-chain Activity,66,5,5,weight_pct,pct,fresh,2025-09-28T00:00:00.000Z,,v3.1.0,
b001064f1280c2050ba2a8fd8b4a949b4838dabf,79a6c87c82d133ea1f1dd19112be7237ed64e799,2025-09-29,social_interest,Social Interest,40,10,10,weight_pct,pct,fresh,2025-09-29T19:36:05.354Z,,v3.1.0,
b001064f1280c2050ba2a8fd8b4a949b4838dabf,79a6c87c82d133ea1f1dd19112be7237ed64e799,2025-09-29,stablecoins,Stablecoins,50,21,21,weight_pct,pct,fresh,2025-09-29T19:36:15.672Z,,v3.1.0,
b001064f1280c2050ba2a8fd8b4a949b4838dabf,79a6c87c82d133ea1f1dd19112be7237ed64e799,2025-09-29,term_leverage,Term Structure & Leverage,65,20,20,weight_pct,pct,fresh,2025-09-29T19:36:05.696Z,,v3.1.0,
b001064f1280c2050ba2a8fd8b4a949b4838dabf,79a6c87c82d133ea1f1dd19112be7237ed64e799,2025-09-29,trend_valuation,Trend & Valuation,52,20,20,weight_pct,pct,fresh,2025-09-29T19:36:05.349Z,,v3.1.0,
f9287ab6cd332f790c883ab3ccf3441fe056e7d4,4cfc72a416887d68f8ca837c9b1dd77280cff52b,2025-09-29,etf_flows,ETF Flows,71,9,9,weight_pct,pct,fresh,2025-09-26T16:00:00.000Z,,v3.1.0,
f9287ab6cd332f790c883ab3ccf3441fe056e7d4,4cfc72a416887d68f8ca837c9b1dd77280cff52b,2025-09-29,macro_overlay,Macro Overlay,59,10,10,weight_pct,pct,fresh,2025-09-29T22:38:07.207Z,,v3.1.0,
f9287ab6cd332f790c883ab3ccf3441fe056e7d4,4cfc72a416887d68f8ca837c9b1dd77280cff52b,2025-09-29,net_liquidity,Net Liquidity (FRED),51,5,5,weight_pct,pct,fresh,2025-09-24T00:00:00.000Z,,v3.1.0,
f9287ab6cd332f790c883ab3ccf3441fe056e7d4,4cfc72a416887d68f8ca837c9b1dd77280cff52b,2025-09-29,onchain,On-chain Activity,66,5,5,weight_pct,pct,fresh,2025-09-28T00:00:00.000Z,,v3.1.0,
f9287ab6cd332f790c883ab3ccf3441fe056e7d4,4cfc72a416887d68f8ca837c9b1dd77280cff52b,2025-09-29,social_interest,Social Interest,40,10,10,weight_pct,pct,fresh,2025-09-29T22:38:06.471Z,,v3.1.0,
f9287ab6cd332f790c883ab3ccf3441fe056e7d4,4cfc72a416887d68f8ca837c9b1dd77280cff52b,2025-09-29,stablecoins,Stablecoins,50,21,21,weight_pct,pct,fresh,2025-09-29T22:38:16.711Z,,v3.1.0,
f9287ab6cd332f790c883ab3ccf3441fe056e7d4,4cfc72a416887d68f8ca837c9b1dd77280cff52b,2025-09-29,term_leverage,Term Structure & Leverage,61,20,20,weight_pct,pct,fresh,2025-09-29T22:38:07.118Z,,v3.1.0,
f9287ab6cd332f790c883ab3ccf3441fe056e7d4,4cfc72a416887d68f8ca837c9b1dd77280cff52b,2025-09-29,trend_valuation,Trend & Valuation,52,20,20,weight_pct,pct,fresh,2025-09-29T22:38:06.466Z,,v3.1.0,
716fd7d58adbda3e6726fd8ebdf4b2d0aa5c9de8,e1eaa4129bbd237860d082531242c1b8d69d6191,2025-09-30,etf_flows,ETF Flows,67,9,9,weight_pct,pct,fresh,2025-09-29T16:00:00.000Z,,v3.1.0,
716fd7d58adbda3e6726fd8ebdf4b2d0aa5c9de8,e1eaa4129bbd237860d082531242c1b8d69d6191,2025-09-30,macro_overlay,Macro Overlay,59,10,10,weight_pct,pct,fresh,2025-09-30T11:19:34.756Z,,v3.1.0,
716fd7d58adbda3e6726fd8ebdf4b2d0aa5c9de8,e1eaa4129bbd237860d082531242c1b8d69d6191,2025-09-30,net_liquidity,Net Liquidity (FRED),51,5,5,weight_pct,pct,fresh,2025-09-24T00:00:00.000Z,,v3.1.0,
716fd7d58adbda3e6726fd8ebdf4b2d0aa5c9de8,e1eaa4129bbd237860d082531242c1b8d69d6191,2025-09-30,onchain,On-chain Activity,84,5,5,weight_pct,pct,fresh,2025-09-29T00:00:00.000Z,,v3.1.0,
716fd7d58adbda3e6726fd8ebdf4b2d0aa5c9de8,e1eaa4129bbd237860d082531242c1b8d69d6191,2025-09-30,social_interest,Social Interest,40,10,10,weight_pct,pct,fresh,2025-09-30T11:19:34.393Z,,v3.1.0,
716fd7d58adbda3e6726fd8ebdf4b2d0aa5c9de8,e1eaa4129bbd237860d082531242c1b8d69d6191,2025-09-30,stablecoins,Stablecoins,50,21,21,weight_pct,pct,fresh,2025-09-30T11:19:44.816Z,,v3.1.0,
716fd7d58adbda3e6726fd8ebdf4b2d0aa5c9de8,e1eaa4129bbd237860d082531242c1b8d69d6191,2025-09-30,term_leverage,Term Structure & Leverage,65,20,20,weight_pct,pct,fresh,2025-09-30T11:19:34.827Z,,v3.1.0,
716fd7d58adbda3e6726fd8ebdf4b2d0aa5c9de8,e1eaa4129bbd237860d082531242c1b8d69d6191,2025-09-30,trend_valuation,Trend & Valuation,51,20,20,weight_pct,pct,fresh,2025-09-30T11:19:34.388Z,,v3.1.0,
92f552582dba59377cd455935c9d275f931fbbe6,89272d7ab16e0c529fa78a97f4547956a629631f,2025-09-30,etf_flows,ETF Flows,67,9,9,weight_pct,pct,fresh,2025-09-29T16:00:00.000Z,,v3.1.0,
92f552582dba59377cd455935c9d275f931fbbe6,89272d7ab16e0c529fa78a97f4547956a629631f,2025-09-30,macro_overlay,Macro Overlay,59,10,10,weight_pct,pct,fresh,2025-09-30T00:54:34.337Z,,v3.1.0,
92f552582dba59377cd455935c9d275f931fbbe6,89272d7ab16e0c529fa78a97f4547956a629631f,2025-09-30,net_liquidity,Net Liquidity (FRED),51,5,5,weight_pct,pct,fresh,2025-09-24T00:00:00.000Z,,v3.1.0,
92f552582dba59377cd455935c9d275f931fbbe6,89272d7ab16e0c529fa78a97f4547956a629631f,2025-09-30,onchain,On-chain Activity,76,5,5,weight_pct,pct,fresh,2025-09-29T00:00:00.000Z,,v3.1.0,
92f552582dba59377cd455935c9d275f931fbbe6,89272d7ab16e0c529fa78a97f4547956a629631f,2025-09-30,social_interest,Social Interest,40,10,10,weight_pct,pct,fresh,2025-09-30T00:54:33.680Z,,v3.1.0,
92f552582dba59377cd455935c9d275f931fbbe6,89272d7ab16e0c529fa78a97f4547956a629631f,2025-09-30,stablecoins,Stablecoins,52,21,21,weight_pct,pct,fresh,2025-09-30T00:54:44.133Z,,v3.1.0,
92f552582dba59377cd455935c9d275f931fbbe6,89272d7ab16e0c529fa78a97f4547956a629631f,2025-09-30,term_leverage,Term Structure & Leverage,61,20,20,weight_pct,pct,fresh,2025-09-30T00:54:33.919Z,,v3.1.0,
92f552582dba59377cd455935c9d275f931fbbe6,89272d7ab16e0c529fa78a97f4547956a629631f,2025-09-30,trend_valuation,Trend & Valuation,51,20,20,weight_pct,pct,fresh,2025-09-30T00:54:33.675Z,,v3.1.0,
93d9e8890033b7651599aca6a8e641c6d57de5b5,3cad4af604b7aff043c049cb4ceb0317d339af2e,2025-09-30,etf_flows,ETF Flows,67,9,9,weight_pct,pct,fresh,2025-09-29T16:00:00.000Z,,v3.1.0,
93d9e8890033b7651599aca6a8e641c6d57de5b5,3cad4af604b7aff043c049cb4ceb0317d339af2e,2025-09-30,macro_overlay,Macro Overlay,59,10,10,weight_pct,pct,fresh,2025-09-30T01:24:00.119Z,,v3.1.0,
93d9e8890033b7651599aca6a8e641c6d57de5b5,3cad4af604b7aff043c049cb4ceb0317d339af2e,2025-09-30,net_liquidity,Net Liquidity (FRED),51,5,5,weight_pct,pct,fresh,2025-09-24T00:00:00.000Z,,v3.1.0,
93d9e8890033b7651599aca6a8e641c6d57de5b5,3cad4af604b7aff043c049cb4ceb0317d339af2e,2025-09-30,onchain,On-chain Activity,68,5,5,weight_pct,pct,fresh,2025-09-29T00:00:00.000Z,,v3.1.0,
93d9e8890033b7651599aca6a8e641c6d57de5b5,3cad4af604b7aff043c049cb4ceb0317d339af2e,2025-09-30,social_interest,Social Interest,40,10,10,weight_pct,pct,fresh,2025-09-30T01:23:59.554Z,,v3.1.0,
93d9e8890033b7651599aca6a8e641c6d57de5b5,3cad4af604b7aff043c049cb4ceb0317d339af2e,2025-09-30,stablecoins,Stablecoins,52,21,21,weight_pct,pct,fresh,2025-09-30T01:24:10.011Z,,v3.1.0,
93d9e8890033b7651599aca6a8e641c6d57de5b5,3cad4af604b7aff043c049cb4ceb0317d339af2e,2025-09-30,term_leverage,Term Structure & Leverage,61,20,20,weight_pct,pct,fresh,2025-09-30T01:24:00.149Z,,v3.1.0,
93d9e8890033b7651599aca6a8e641c6d57de5b5,3cad4af604b7aff043c049cb4ceb0317d339af2e,2025-09-30,trend_valuation,Trend & Valuation,51,20,20,weight_pct,pct,fresh,2025-09-30T01:23:59.551Z,,v3.1.0,
a5ea9014cddebfdae26f78ad56241c26c6bd1af5,d916ea44210af56d5c6b9478b38ded40708029d5,2025-09-30,etf_flows,ETF Flows,67,9,9,weight_pct,pct,fresh,2025-09-29T16:00:00.000Z,,v3.1.0,
a5ea9014cddebfdae26f78ad56241c26c6bd1af5,d916ea44210af56d5c6b9478b38ded40708029d5,2025-09-30,macro_overlay,Macro Overlay,61,10,10,weight_pct,pct,fresh,2025-09-30T22:32:22.006Z,,v3.1.0,
a5ea9014cddebfdae26f78ad56241c26c6bd1af5,d916ea44210af56d5c6b9478b38ded40708029d5,2025-09-30,net_liquidity,Net Liquidity (FRED),51,5,5,weight_pct,pct,fresh,2025-09-24T00:00:00.000Z,,v3.1.0,
a5ea9014cddebfdae26f78ad56241c26c6bd1af5,d916ea44210af56d5c6b9478b38ded40708029d5,2025-09-30,onchain,On-chain Activity,89,5,5,weight_pct,pct,fresh,2025-09-29T00:00:00.000Z,,v3.1.0,
a5ea9014cddebfdae26f78ad56241c26c6bd1af5,d916ea44210af56d5c6b9478b38ded40708029d5,2025-09-30,social_interest,Social Interest,40,10,10,weight_pct,pct,fresh,2025-09-30T22:32:21.301Z,,v3.1.0,
a5ea9014cddebfdae26f78ad56241c26c6bd1af5,d916ea44210af56d5c6b9478b38ded40708029d5,2025-09-30,stablecoins,Stablecoins,50,21,21,weight_pct,pct,fresh,2025-09-30T22:32:31.536Z,,v3.1.0,
a5ea9014cddebfdae26f78ad56241c26c6bd1af5,d916ea44210af56d5c6b9478b38ded40708029d5,2025-09-30,term_leverage,Term Structure & Leverage,69,20,20,weight_pct,pct,fresh,2025-09-30T22:32:21.943Z,,v3.1.0,
a5ea9014cddebfdae26f78ad56241c26c6bd1af5,d916ea44210af56d5c6b9478b38ded40708029d5,2025-09-30,trend_valuation,Trend & Valuation,52,20,20,weight_pct,pct,fresh,2025-09-30T22:32:21.296Z,,v3.1.0,
27752d50560fb2860bd4c9ff08bbc4db69cd65e4,fdd623fd27736a488c7a038b55757e2560c6bec7,2025-10-01,etf_flows,ETF Flows,62,9,9,weight_pct,pct,fresh,2025-09-30T16:00:00.000Z,,v3.1.0,
27752d50560fb2860bd4c9ff08bbc4db69cd65e4,fdd623fd27736a488c7a038b55757e2560c6bec7,2025-10-01,macro_overlay,Macro Overlay,61,10,10,weight_pct,pct,fresh,2025-10-01T16:01:32.352Z,,v3.1.0,
27752d50560fb2860bd4c9ff08bbc4db69cd65e4,fdd623fd27736a488c7a038b55757e2560c6bec7,2025-10-01,net_liquidity,Net Liquidity (FRED),51,5,5,weight_pct,pct,fresh,2025-09-24T00:00:00.000Z,,v3.1.0,
27752d50560fb2860bd4c9ff08bbc4db69cd65e4,fdd623fd27736a488c7a038b55757e2560c6bec7,2025-10-01,onchain,On-chain Activity,86,5,5,weight_pct,pct,fresh,2025-09-29T00:00:00.000Z,,v3.1.0,
27752d50560fb2860bd4c9ff08bbc4db69cd65e4,fdd623fd27736a488c7a038b55757e2560c6bec7,2025-10-01,social_interest,Social Interest,40,10,10,weight_pct,pct,fresh,2025-10-01T16:01:31.498Z,,v3.1.0,
27752d50560fb2860bd4c9ff08bbc4db69cd65e4,fdd623fd27736a488c7a038b55757e2560c6bec7,2025-10-01,stablecoins,Stablecoins,43,21,21,weight_pct,pct,fresh,2025-10-01T16:01:41.906Z,,v3.1.0,
27752d50560fb2860bd4c9ff08bbc4db69cd65e4,fdd623fd27736a488c7a038b55757e2560c6bec7,2025-10-01,term_leverage,Term Structure & Leverage,72,20,20,weight_pct,pct,fresh,2025-10-01T16:01:32.122Z,,v3.1.0,
27752d50560fb2860bd4c9ff08bbc4db69cd65e4,fdd623fd27736a488c7a038b55757e2560c6bec7,2025-10-01,trend_valuation,Trend & Valuation,52,20,20,weight_pct,pct,fresh,2025-10-01T16:01:31.494Z,,v3.1.0,
76b2a7ea76755f7ddee3529b3b84e82ef97cb99e,25a6a52c80dffac8f08de0d267660d2e093cd287,2025-10-01,etf_flows,ETF Flows,62,9,9,weight_pct,pct,fresh,2025-09-30T16:00:00.000Z,,v3.1.0,
76b2a7ea76755f7ddee3529b3b84e82ef97cb99e,25a6a52c80dffac8f08de0d267660d2e093cd287,2025-10-01,macro_overlay,Macro Overlay,60,10,10,weight_pct,pct,fresh,2025-10-01T11:19:47.857Z,,v3.1.0,
76b2a7ea76755f7ddee3529b3b84e82ef97cb99e,25a6a52c80dffac8f08de0d267660d2e093cd287,2025-10-01,net_liquidity,Net Liquidity (FRED),51,5,5,weight_pct,pct,fresh,2025-09-24T00:00:00.000Z,,v3.1.0,
76b2a7ea76755f7ddee3529b3b84e82ef97cb99e,25a6a52c80dffac8f08de0d267660d2e093cd287,2025-10-01,onchain,On-chain Activity,84,5,5,weight_pct,pct,fresh,2025-09-29T00:00:00.000Z,,v3.1.0,
76b2a7ea76755f7ddee3529b3b84e82ef97cb99e,25a6a52c80dffac8f08de0d267660d2e093cd287,2025-10-01,social_interest,Social Interest,40,10,10,weight_pct,pct,fresh,2025-10-01T11:19:47.206Z,,v3.1.0,
76b2a7ea76755f7ddee3529b3b84e82ef97cb99e,25a6a52c80dffac8f08de0d267660d2e093cd287,2025-10-01,stablecoins,Stablecoins,47,21,21,weight_pct,pct,fresh,2025-10-01T11:19:57.725Z,,v3.1.0,
76b2a7ea76755f7ddee3529b3b84e82ef97cb99e,25a6a52c80dffac8f08de0d267660d2e093cd287,2025-10-01,term_leverage,Term Structure & Leverage,71,20,20,weight_pct,pct,fresh,2025-10-01T11:19:47.988Z,,v3.1.0,
76b2a7ea76755f7ddee3529b3b84e82ef97cb99e,25a6a52c80dffac8f08de0d267660d2e093cd287,2025-10-01,trend_valuation,Trend & Valuation,52,20,20,weight_pct,pct,fresh,2025-10-01T11:19:47.202Z,,v3.1.0,
03dd927ea252ac34dcb2078649a4de126b3fe8ed,bca75dcc14a0ab27ff9a07e7f5eeab210c6a2f84,2025-10-02,etf_flows,ETF Flows,75,9,9,weight_pct,pct,fresh,2025-10-01T16:00:00.000Z,,v3.1.0,
03dd927ea252ac34dcb2078649a4de126b3fe8ed,bca75dcc14a0ab27ff9a07e7f5eeab210c6a2f84,2025-10-02,macro_overlay,Macro Overlay,63,10,10,weight_pct,pct,fresh,2025-10-02T18:24:47.792Z,,v3.1.0,
03dd927ea252ac34dcb2078649a4de126b3fe8ed,bca75dcc14a0ab27ff9a07e7f5eeab210c6a2f84,2025-10-02,net_liquidity,Net Liquidity (FRED),51,5,5,weight_pct,pct,fresh,2025-09-24T00:00:00.000Z,,v3.1.0,
03dd927ea252ac34dcb2078649a4de126b3fe8ed,bca75dcc14a0ab27ff9a07e7f5eeab210c6a2f84,2025-10-02,onchain,On-chain Activity,38,5,5,weight_pct,pct,fresh,2025-10-02T18:24:48.370Z,,v3.1.0,
03dd927ea252ac34dcb2078649a4de126b3fe8ed,bca75dcc14a0ab27ff9a07e7f5eeab210c6a2f84,2025-10-02,social_interest,Social Interest,55,10,10,weight_pct,pct,fresh,2025-10-02T18:24:47.045Z,,v3.1.0,
03dd927ea252ac34dcb2078649a4de126b3fe8ed,bca75dcc14a0ab27ff9a07e7f5eeab210c6a2f84,2025-10-02,stablecoins,Stablecoins,40,21,21,weight_pct,pct,fresh,2025-10-02T18:24:57.559Z,,v3.1.0,
03dd927ea252ac34dcb2078649a4de126b3fe8ed,bca75dcc14a0ab27ff9a07e7f5eeab210c6a2f84,2025-10-02,term_leverage,Term Structure & Leverage,76,20,20,weight_pct,pct,fresh,2025-10-02T18:24:47.720Z,,v3.1.0,
03dd927ea252ac34dcb2078649a4de126b3fe8ed,bca75dcc14a0ab27ff9a07e7f5eeab210c6a2f84,2025-10-02,trend_valuation,Trend & Valuation,52,20,20,weight_pct,pct,fresh,2025-10-02T18:24:47.041Z,,v3.1.0,
13b9e3327632077da2db31a5f34e91036bab2fac,b97ac2ebe4babf06d0bdd40c943af461aa020eb0,2025-10-02,etf_flows,ETF Flows,75,9,9,weight_pct,pct,fresh,2025-10-01T16:00:00.000Z,,v3.1.0,
13b9e3327632077da2db31a5f34e91036bab2fac,b97ac2ebe4babf06d0bdd40c943af461aa020eb0,2025-10-02,macro_overlay,Macro Overlay,59,10,10,weight_pct,pct,fresh,2025-10-02T20:42:11.418Z,,v3.1.0,
13b9e3327632077da2db31a5f34e91036bab2fac,b97ac2ebe4babf06d0bdd40c943af461aa020eb0,2025-10-02,net_liquidity,Net Liquidity (FRED),62,5,5,weight_pct,pct,fresh,2025-10-01T00:00:00.000Z,,v3.1.0,
13b9e3327632077da2db31a5f34e91036bab2fac,b97ac2ebe4babf06d0bdd40c943af461aa020eb0,2025-10-02,onchain,On-chain Activity,39,5,5,weight_pct,pct,fresh,2025-10-02T20:42:12.510Z,,v3.1.0,
13b9e3327632077da2db31a5f34e91036bab2fac,b97ac2ebe4babf06d0bdd40c943af461aa020eb0,2025-10-02,social_interest,Social Interest,55,10,10,weight_pct,pct,fresh,2025-10-02T20:42:11.095Z,,v3.1.0,
13b9e3327632077da2db31a5f34e91036bab2fac,b97ac2ebe4babf06d0bdd40c943af461aa020eb0,2025-10-02,stablecoins,Stablecoins,40,21,21,weight_pct,pct,fresh,2025-10-02T20:42:21.574Z,,v3.1.0,
13b9e3327632077da2db31a5f34e91036bab2fac,b97ac2ebe4babf06d0bdd40c943af461aa020eb0,2025-10-02,term_leverage,Term Structure & Leverage,79,20,20,weight_pct,pct,fresh,2025-10-02T20:42:11.502Z,,v3.1.0,
13b9e3327632077da2db31a5f34e91036bab2fac,b97ac2ebe4babf06d0bdd40c943af461aa020eb0,2025-10-02,trend_valuation,Trend & Valuation,53,20,20,weight_pct,pct,fresh,2025-10-02T20:42:11.091Z,,v3.1.0,
199adeae0ba4085f2c83e4f87f87b959ccab1c7b,d207e18881792f0ba830c26d61b3dcba3786f852,2025-10-02,etf_flows,ETF Flows,75,9,9,weight_pct,pct,fresh,2025-10-01T16:00:00.000Z,,v3.1.0,
199adeae0ba4085f2c83e4f87f87b959ccab1c7b,d207e18881792f0ba830c26d61b3dcba3786f852,2025-10-02,macro_overlay,Macro Overlay,59,10,10,weight_pct,pct,fresh,2025-10-02T20:19:23.883Z,,v3.1.0,
199adeae0ba4085f2c83e4f87f87b959ccab1c7b,d207e18881792f0ba830c26d61b3dcba3786f852,2025-10-02,net_liquidity,Net Liquidity (FRED),51,5,5,weight_pct,pct,fresh,2025-09-24T00:00:00.000Z,,v3.1.0,
199adeae0ba4085f2c83e4f87f87b959ccab1c7b,d207e18881792f0ba830c26d61b3dcba3786f852,2025-10-02,onchain,On-chain Activity,39,5,5,weight_pct,pct,fresh,2025-10-02T20:19:24.327Z,,v3.1.0,
199adeae0ba4085f2c83e4f87f87b959ccab1c7b,d207e18881792f0ba830c26d61b3dcba3786f852,2025-10-02,social_interest,Social Interest,55,10,10,weight_pct,pct,fresh,2025-10-02T20:19:23.366Z,,v3.1.0,
199adeae0ba4085f2c83e4f87f87b959ccab1c7b,d207e18881792f0ba830c26d61b3dcba3786f852,2025-10-02,stablecoins,Stablecoins,40,21,21,weight_pct,pct,fresh,2025-10-02T20:19:33.655Z,,v3.1.0,
199adeae0ba4085f2c83e4f87f87b959ccab1c7b,d207e18881792f0ba830c26d61b3dcba3786f852,2025-10-02,term_leverage,Term Structure & Leverage,79,20,20,weight_pct,pct,fresh,2025-10-02T20:19:23.873Z,,v3.1.0,
199adeae0ba4085f2c83e4f87f87b959ccab1c7b,d207e18881792f0ba830c26d61b3dcba3786f852,2025-10-02,trend_valuation,Trend & Valuation,53,20,20,weight_pct,pct,fresh,2025-10-02T20:19:23.362Z,,v3.1.0,
1b1d0b36524c58a3fabffbc8bca788dedb2517e5,3cbeaf599f3158dea528d67d64142ec82e441d1e,2025-10-02,etf_flows,ETF Flows,75,9,9,weight_pct,pct,fresh,2025-10-01T16:00:00.000Z,,v3.1.0,
1b1d0b36524c58a3fabffbc8bca788dedb2517e5,3cbeaf599f3158dea528d67d64142ec82e441d1e,2025-10-02,macro_overlay,Macro Overlay,63,10,10,weight_pct,pct,fresh,2025-10-02T20:03:17.746Z,,v3.1.0,
1b1d0b36524c58a3fabffbc8bca788dedb2517e5,3cbeaf599f3158dea528d67d64142ec82e441d1e,2025-10-02,net_liquidity,Net Liquidity (FRED),51,5,5,weight_pct,pct,fresh,2025-09-24T00:00:00.000Z,,v3.1.0,
1b1d0b36524c58a3fabffbc8bca788dedb2517e5,3cbeaf599f3158dea528d67d64142ec82e441d1e,2025-10-02,onchain,On-chain Activity,41,5,5,weight_pct,pct,fresh,2025-10-02T20:03:17.895Z,,v3.1.0,
1b1d0b36524c58a3fabffbc8bca788dedb2517e5,3cbeaf599f3158dea528d67d64142ec82e441d1e,2025-10-02,social_interest,Social Interest,55,10,10,weight_pct,pct,fresh,2025-10-02T20:03:17.036Z,,v3.1.0,
1b1d0b36524c58a3fabffbc8bca788dedb2517e5,3cbeaf599f3158dea528d67d64142ec82e441d1e,2025-10-02,stablecoins,Stablecoins,40,21,21,weight_pct,pct,fresh,2025-10-02T20:03:27.441Z,,v3.1.0,
1b1d0b36524c58a3fabffbc8bca788dedb2517e5,3cbeaf599f3158dea528d67d64142ec82e441d1e,2025-10-02,term_leverage,Term Structure & Leverage,79,20,20,weight_pct,pct,fresh,2025-10-02T20:03:17.464Z,,v3.1.0,
1b1d0b36524c58a3fabffbc8bca788dedb2517e5,3cbeaf599f3158dea528d67d64142ec82e441d1e,2025-10-02,trend_valuation,Trend & Valuation,53,20,20,weight_pct,pct,fresh,2025-10-02T20:03:17.031Z,,v3.1.0,
29ba4843e0ea02c4258f793700f1071bcb6357a6,29445954bd285469aa1202b3835c98604f50d159,2025-10-02,etf_flows,ETF Flows,75,9,9,weight_pct,pct,fresh,2025-10-01T16:00:00.000Z,,v3.1.0,
29ba4843e0ea02c4258f793700f1071bcb6357a6,29445954bd285469aa1202b3835c98604f50d159,2025-10-02,macro_overlay,Macro Overlay,63,10,10,weight_pct,pct,fresh,2025-10-02T18:50:02.818Z,,v3.1.0,
29ba4843e0ea02c4258f793700f1071bcb6357a6,29445954bd285469aa1202b3835c98604f50d159,2025-10-02,net_liquidity,Net Liquidity (FRED),51,5,5,weight_pct,pct,fresh,2025-09-24T00:00:00.000Z,,v3.1.0,
29ba4843e0ea02c4258f793700f1071bcb6357a6,29445954bd285469aa1202b3835c98604f50d159,2025-10-02,onchain,On-chain Activity,39,5,5,weight_pct,pct,fresh,2025-10-02T18:50:03.613Z,,v3.1.0,
29ba4843e0ea02c4258f793700f1071bcb6357a6,29445954bd285469aa1202b3835c98604f50d159,2025-10-02,social_interest,Social Interest,55,10,10,weight_pct,pct,fresh,2025-10-02T18:50:02.576Z,,v3.1.0,
29ba4843e0ea02c4258f793700f1071bcb6357a6,29445954bd285469aa1202b3835c98604f50d159,2025-10-02,stablecoins,Stablecoins,40,21,21,weight_pct,pct,fresh,2025-10-02T18:50:12.876Z,,v3.1.0,
29ba4843e0ea02c4258f793700f1071bcb6357a6,29445954bd285469aa1202b3835c98604f50d159,2025-10-02,term_leverage,Term Structure & Leverage,76,20,20,weight_pct,pct,fresh,2025-10-02T18:50:02.944Z,,v3.1.0,
29ba4843e0ea02c4258f793700f1071bcb6357a6,29445954bd285469aa1202b3835c98604f50d159,2025-10-02,trend_valuation,Trend & Valuation,52,20,20,weight_pct,pct,fresh,2025-10-02T18:50:02.571Z,,v3.1.0,
49418b88166cb754eab05fb62b09b07d0dccc305,7bc3fbf93d0894b6a95b930b10962faf71c6c3e0,2025-10-02,etf_flows,ETF Flows,75,9,9,weight_pct,pct,fresh,2025-10-01T16:00:00.000Z,,v3.1.0,
49418b88166cb754eab05fb62b09b07d0dccc305,7bc3fbf93d0894b6a95b930b10962faf71c6c3e0,2025-10-02,macro_overlay,Macro Overlay,59,10,10,weight_pct,pct,fresh,2025-10-02T22:43:53.107Z,,v3.1.0,
49418b88166cb754eab05fb62b09b07d0dccc305,7bc3fbf93d0894b6a95b930b10962faf71c6c3e0,2025-10-02,net_liquidity,Net Liquidity (FRED),62,5,5,weight_pct,pct,fresh,2025-10-01T00:00:00.000Z,,v3.1.0,
49418b88166cb754eab05fb62b09b07d0dccc305,7bc3fbf93d0894b6a95b930b10962faf71c6c3e0,2025-10-02,onchain,On-chain Activity,41,5,5,weight_pct,pct,fresh,2025-10-02T22:43:54.380Z,,v3.1.0,
49418b88166cb754eab05fb62b09b07d0dccc305,7bc3fbf93d0894b6a95b930b10962faf71c6c3e0,2025-10-02,social_interest,Social Interest,55,10,10,weight_pct,pct,fresh,2025-10-02T22:43:52.654Z,,v3.1.0,
49418b88166cb754eab05fb62b09b07d0dccc305,7bc3fbf93d0894b6a95b930b10962faf71c6c3e0,2025-10-02,stablecoins,Stablecoins,39,21,21,weight_pct,pct,fresh,2025-10-02T22:44:03.073Z,,v3.1.0,
49418b88166cb754eab05fb62b09b07d0dccc305,7bc3fbf93d0894b6a95b930b10962faf71c6c3e0,2025-10-02,term_leverage,Term Structure & Leverage,79,20,20,weight_pct,pct,fresh,2025-10-02T22:43:53.035Z,,v3.1.0,
49418b88166cb754eab05fb62b09b07d0dccc305,7bc3fbf93d0894b6a95b930b10962faf71c6c3e0,2025-10-02,trend_valuation,Trend & Valuation,52,20,20,weight_pct,pct,fresh,2025-10-02T22:43:52.650Z,,v3.1.0,
5e82fbe120da9120e8d924c0884925d34cba023c,98d4a3423e383ad0aa12b3b0c558e87a9ccff382,2025-10-02,etf_flows,ETF Flows,75,9,9,weight_pct,pct,fresh,2025-10-01T16:00:00.000Z,,v3.1.0,
5e82fbe120da9120e8d924c0884925d34cba023c,98d4a3423e383ad0aa12b3b0c558e87a9ccff382,2025-10-02,macro_overlay,Macro Overlay,63,10,10,weight_pct,pct,fresh,2025-10-02T03:11:09.219Z,,v3.1.0,
5e82fbe120da9120e8d924c0884925d34cba023c,98d4a3423e383ad0aa12b3b0c558e87a9ccff382,2025-10-02,net_liquidity,Net Liquidity (FRED),51,5,5,weight_pct,pct,fresh,2025-09-24T00:00:00.000Z,,v3.1.0,
5e82fbe120da9120e8d924c0884925d34cba023c,98d4a3423e383ad0aa12b3b0c558e87a9ccff382,2025-10-02,onchain,On-chain Activity,41,5,5,weight_pct,pct,fresh,2025-10-02T03:11:09.963Z,,v3.1.0,
5e82fbe120da9120e8d924c0884925d34cba023c,98d4a3423e383ad0aa12b3b0c558e87a9ccff382,2025-10-02,social_interest,Social Interest,55,10,10,weight_pct,pct,fresh,2025-10-02T03:11:08.781Z,,v3.1.0,
5e82fbe120da9120e8d924c0884925d34cba023c,98d4a3423e383ad0aa12b3b0c558e87a9ccff382,2025-10-02,stablecoins,Stablecoins,38,21,21,weight_pct,pct,fresh,2025-10-02T03:11:19.160Z,,v3.1.0,
5e82fbe120da9120e8d924c0884925d34cba023c,98d4a3423e383ad0aa12b3b0c558e87a9ccff382,2025-10-02,term_leverage,Term Structure & Leverage,71,20,20,weight_pct,pct,fresh,2025-10-02T03:11:09.058Z,,v3.1.0,
5e82fbe120da9120e8d924c0884925d34cba023c,98d4a3423e383ad0aa12b3b0c558e87a9ccff382,2025-10-02,trend_valuation,Trend & Valuation,52,20,20,weight_pct,pct,fresh,2025-10-02T03:11:08.776Z,,v3.1.0,
606701f99f3eb34b22567e98ae5305a57d1621bd,f581c633ce3c964ec5a7bdd432ebc52f37c4e79e,2025-10-02,etf_flows,ETF Flows,75,9,9,weight_pct,pct,fresh,2025-10-01T16:00:00.000Z,,v3.1.0,
606701f99f3eb34b22567e98ae5305a57d1621bd,f581c633ce3c964ec5a7bdd432ebc52f37c4e79e,2025-10-02,macro_overlay,Macro Overlay,59,10,10,weight_pct,pct,fresh,2025-10-02T21:10:33.172Z,,v3.1.0,
606701f99f3eb34b22567e98ae5305a57d1621bd,f581c633ce3c964ec5a7bdd432ebc52f37c4e79e,2025-10-02,net_liquidity,Net Liquidity (FRED),62,5,5,weight_pct,pct,fresh,2025-10-01T00:00:00.000Z,,v3.1.0,
606701f99f3eb34b22567e98ae5305a57d1621bd,f581c633ce3c964ec5a7bdd432ebc52f37c4e79e,2025-10-02,onchain,On-chain Activity,41,5,5,weight_pct,pct,fresh,2025-10-02T21:10:33.932Z,,v3.1.0,
606701f99f3eb34b22567e98ae5305a57d1621bd,f581c633ce3c964ec5a7bdd432ebc52f37c4e79e,2025-10-02,social_interest,Social Interest,55,10,10,weight_pct,pct,fresh,2025-10-02T21:10:32.583Z,,v3.1.0,
606701f99f3eb34b22567e98ae5305a57d1621bd,f581c633ce3c964ec5a7bdd432ebc52f37c4e79e,2025-10-02,stablecoins,Stablecoins,39,21,21,weight_pct,pct,fresh,2025-10-02T21:10:43.013Z,,v3.1.0,
606701f99f3eb34b22567e98ae5305a57d1621bd,f581c633ce3c964ec5a7bdd432ebc52f37c4e79e,2025-10-02,term_leverage,Term Structure & Leverage,79,20,20,weight_pct,pct,fresh,2025-10-02T21:10:32.915Z,,v3.1.0,
606701f99f3eb34b22567e98ae5305a57d1621bd,f581c633ce3c964ec5a7bdd432ebc52f37c4e79e,2025-10-02,trend_valuation,Trend & Valuation,53,20,20,weight_pct,pct,fresh,2025-10-02T21:10:32.579Z,,v3.1.0,
67f476d42b3f20cd1d52b734bcb0a4c5be602687,40f510b1ac06aeb6a015f66d5d7ca962f9543cb6,2025-10-02,etf_flows,ETF Flows,75,9,9,weight_pct,pct,fresh,2025-10-01T16:00:00.000Z,,v3.1.0,
67f476d42b3f20cd1d52b734bcb0a4c5be602687,40f510b1ac06aeb6a015f66d5d7ca962f9543cb6,2025-10-02,macro_overlay,Macro Overlay,63,10,10,weight_pct,pct,fresh,2025-10-02T01:30:35.308Z,,v3.1.0,
67f476d42b3f20cd1d52b734bcb0a4c5be602687,40f510b1ac06aeb6a015f66d5d7ca962f9543cb6,2025-10-02,net_liquidity,Net Liquidity (FRED),51,5,5,weight_pct,pct,fresh,2025-09-24T00:00:00.000Z,,v3.1.0,
67f476d42b3f20cd1d52b734bcb0a4c5be602687,40f510b1ac06aeb6a015f66d5d7ca962f9543cb6,2025-10-02,onchain,On-chain Activity,40,5,5,weight_pct,pct,fresh,2025-10-02T01:30:35.184Z,,v3.1.0,
67f476d42b3f20cd1d52b734bcb0a4c5be602687,40f510b1ac06aeb6a015f66d5d7ca962f9543cb6,2025-10-02,social_interest,Social Interest,55,10,10,weight_pct,pct,fresh,2025-10-02T01:30:36.338Z,,v3.1.0,
67f476d42b3f20cd1d52b734bcb0a4c5be602687,40f510b1ac06aeb6a015f66d5d7ca962f9543cb6,2025-10-02,stablecoins,Stablecoins,38,21,21,weight_pct,pct,fresh,2025-10-02T01:30:45.276Z,,v3.1.0,
67f476d42b3f20cd1d52b734bcb0a4c5be602687,40f510b1ac06aeb6a015f66d5d7ca962f9543cb6,2025-10-02,term_leverage,Term Structure & Leverage,71,20,20,weight_pct,pct,fresh,2025-10-02T01:30:35.208Z,,v3.1.0,
67f476d42b3f20cd1d52b734bcb0a4c5be602687,40f510b1ac06aeb6a015f66d5d7ca962f9543cb6,2025-10-02,trend_valuation,Trend & Valuation,52,20,20,weight_pct,pct,fresh,2025-10-02T01:30:34.824Z,,v3.1.0,
88db4249314d57ac6137d74da6b1321849bff0b3,8bcb6117f730aab7e8b3095842bc6b27ee96b497,2025-10-02,etf_flows,ETF Flows,75,9,9,weight_pct,pct,fresh,2025-10-01T16:00:00.000Z,,v3.1.0,
88db4249314d57ac6137d74da6b1321849bff0b3,8bcb6117f730aab7e8b3095842bc6b27ee96b497,2025-10-02,macro_overlay,Macro Overlay,63,10,10,weight_pct,pct,fresh,2025-10-02T18:11:30.848Z,,v3.1.0,
88db4249314d57ac6137d74da6b1321849bff0b3,8bcb6117f730aab7e8b3095842bc6b27ee96b497,2025-10-02,net_liquidity,Net Liquidity (FRED),51,5,5,weight_pct,pct,fresh,2025-09-24T00:00:00.000Z,,v3.1.0,
88db4249314d57ac6137d74da6b1321849bff0b3,8bcb6117f730aab7e8b3095842bc6b27ee96b497,2025-10-02,onchain,On-chain Activity,41,5,5,weight_pct,pct,fresh,2025-10-02T18:11:31.656Z,,v3.1.0,
88db4249314d57ac6137d74da6b1321849bff0b3,8bcb6117f730aab7e8b3095842bc6b27ee96b497,2025-10-02,social_interest,Social Interest,55,10,10,weight_pct,pct,fresh,2025-10-02T18:11:30.515Z,,v3.1.0,
88db4249314d57ac6137d74da6b1321849bff0b3,8bcb6117f730aab7e8b3095842bc6b27ee96b497,2025-10-02,stablecoins,Stablecoins,40,21,21,weight_pct,pct,fresh,2025-10-02T18:11:40.711Z,,v3.1.0,
88db4249314d57ac6137d74da6b1321849bff0b3,8bcb6117f730aab7e8b3095842bc6b27ee96b497,2025-10-02,term_leverage,Term Structure & Leverage,76,20,20,weight_pct,pct,fresh,2025-10-02T18:11:30.891Z,,v3.1.0,
88db4249314d57ac6137d74da6b1321849bff0b3,8bcb6117f730aab7e8b3095842bc6b27ee96b497,2025-10-02,trend_valuation,Trend & Valuation,52,20,20,weight_pct,pct,fresh,2025-10-02T18:11:30.511Z,,v3.1.0,
9d0365dc0d75ad45053b9beff45a6483551015d2,7b36396736d85d18a63577369c17d87a9eafa0a8,2025-10-02,etf_flows,ETF Flows,75,9,9,weight_pct,pct,fresh,2025-10-01T16:00:00.000Z,,v3.1.0,
9d0365dc0d75ad45053b9beff45a6483551015d2,7b36396736d85d18a63577369c17d87a9eafa0a8,2025-10-02,macro_overlay,Macro Overlay,63,10,10,weight_pct,pct,fresh,2025-10-02T11:18:08.921Z,,v3.1.0,
9d0365dc0d75ad45053b9beff45a6483551015d2,7b36396736d85d18a63577369c17d87a9eafa0a8,2025-10-02,net_liquidity,Net Liquidity (FRED),51,5,5,weight_pct,pct,fresh,2025-09-24T00:00:00.000Z,,v3.1.0,
9d0365dc0d75ad45053b9beff45a6483551015d2,7b36396736d85d18a63577369c17d87a9eafa0a8,2025-10-02,onchain,On-chain Activity,39,5,5,weight_pct,pct,fresh,2025-10-02T11:18:10.021Z,,v3.1.0,
9d0365dc0d75ad45053b9beff45a6483551015d2,7b36396736d85d18a63577369c17d87a9eafa0a8,2025-10-02,social_interest,Social Interest,55,10,10,weight_pct,pct,fresh,2025-10-02T11:18:08.223Z,,v3.1.0,
9d0365dc0d75ad45053b9beff45a6483551015d2,7b36396736d85d18a63577369c17d87a9eafa0a8,2025-10-02,stablecoins,Stablecoins,40,21,21,weight_pct,pct,fresh,2025-10-02T11:18:18.691Z,,v3.1.0,
9d0365dc0d75ad45053b9beff45a6483551015d2,7b36396736d85d18a63577369c17d87a9eafa0a8,2025-10-02,term_leverage,Term Structure & Leverage,74,20,20,weight_pct,pct,fresh,2025-10-02T11:18:08.828Z,,v3.1.0,
9d0365dc0d75ad45053b9beff45a6483551015d2,7b36396736d85d18a63577369c17d87a9eafa0a8,2025-10-02,trend_valuation,Trend & Valuation,52,20,20,weight_pct,pct,fresh,2025-10-02T11:18:08.219Z,,v3.1.0,
ce21746eecaac1da327cb248e13185651e52ecfa,3941194839e5945efe814f138acbdf31cce076c6,2025-10-02,etf_flows,ETF Flows,75,9,9,weight_pct,pct,fresh,2025-10-01T16:00:00.000Z,,v3.1.0,
ce21746eecaac1da327cb248e13185651e52ecfa,3941194839e5945efe814f138acbdf31cce076c6,2025-10-02,macro_overlay,Macro Overlay,63,10,10,weight_pct,pct,fresh,2025-10-02T15:20:00.145Z,,v3.1.0,
ce21746eecaac1da327cb248e13185651e52ecfa,3941194839e5945efe814f138acbdf31cce076c6,2025-10-02,net_liquidity,Net Liquidity (FRED),51,5,5,weight_pct,pct,fresh,2025-09-24T00:00:00.000Z,,v3.1.0,
ce21746eecaac1da327cb248e13185651e52ecfa,3941194839e5945efe814f138acbdf31cce076c6,2025-10-02,onchain,On-chain Activity,38,5,5,weight_pct,pct,fresh,2025-10-02T15:20:00.425Z,,v3.1.0,
ce21746eecaac1da327cb248e13185651e52ecfa,3941194839e5945efe814f138acbdf31cce076c6,2025-10-02,social_interest,Social Interest,55,10,10,weight_pct,pct,fresh,2025-10-02T15:19:59.625Z,,v3.1.0,
ce21746eecaac1da327cb248e13185651e52ecfa,3941194839e5945efe814f138acbdf31cce076c6,2025-10-02,stablecoins,Stablecoins,40,21,21,weight_pct,pct,fresh,2025-10-02T15:20:09.990Z,,v3.1.0,
ce21746eecaac1da327cb248e13185651e52ecfa,3941194839e5945efe814f138acbdf31cce076c6,2025-10-02,term_leverage,Term Structure & Leverage,76,20,20,weight_pct,pct,fresh,2025-10-02T15:20:00.033Z,,v3.1.0,
ce21746eecaac1da327cb248e13185651e52ecfa,3941194839e5945efe814f138acbdf31cce076c6,2025-10-02,trend_valuation,Trend & Valuation,52,20,20,weight_pct,pct,fresh,2025-10-02T15:19:59.619Z,,v3.1.0,
f974aec38e9fa365bfc7d6c04d0d761e52ea1753,06ec9b65a64968e9f66040f48b3e290182f6eb9c,2025-10-02,etf_flows,ETF Flows,75,9,9,weight_pct,pct,fresh,2025-10-01T16:00:00.000Z,,v3.1.0,
f974aec38e9fa365bfc7d6c04d0d761e52ea1753,06ec9b65a64968e9f66040f48b3e290182f6eb9c,2025-10-02,macro_overlay,Macro Overlay,63,10,10,weight_pct,pct,fresh,2025-10-02T00:21:30.548Z,,v3.1.0,
f974aec38e9fa365bfc7d6c04d0d761e52ea1753,06ec9b65a64968e9f66040f48b3e290182f6eb9c,2025-10-02,net_liquidity,Net Liquidity (FRED),51,5,5,weight_pct,pct,fresh,2025-09-24T00:00:00.000Z,,v3.1.0,
f974aec38e9fa365bfc7d6c04d0d761e52ea1753,06ec9b65a64968e9f66040f48b3e290182f6eb9c,2025-10-02,onchain,On-chain Activity,83,5,5,weight_pct,pct,stale,2025-09-29T00:00:00.000Z,,v3.1.0,
f974aec38e9fa365bfc7d6c04d0d761e52ea1753,06ec9b65a64968e9f66040f48b3e290182f6eb9c,2025-10-02,social_interest,Social Interest,40,10,10,weight_pct,pct,fresh,2025-10-02T00:21:29.981Z,,v3.1.0,
f974aec38e9fa365bfc7d6c04d0d761e52ea1753,06ec9b65a64968e9f66040f48b3e290182f6eb9c,2025-10-02,stablecoins,Stablecoins,42,21,21,weight_pct,pct,fresh,2025-10-02T00:21:40.273Z,,v3.1.0,
f974aec38e9fa365bfc7d6c04d0d761e52ea1753,06ec9b65a64968e9f66040f48b3e290182f6eb9c,2025-10-02,term_leverage,Term Structure & Leverage,69,20,20,weight_pct,pct,fresh,2025-10-02T00:21:30.580Z,,v3.1.0,
f974aec38e9fa365bfc7d6c04d0d761e52ea1753,06ec9b65a64968e9f66040f48b3e290182f6eb9c,2025-10-02,trend_valuation,Trend & Valuation,52,20,20,weight_pct,pct,fresh,2025-10-02T00:21:29.977Z,,v3.1.0,
011f86904acf456086f28989184c6395fad8626c,3741fd1efa7bb354600f0ccb92437e3dca6476de,2025-10-03,etf_flows,ETF Flows,44,9,9,weight_pct,pct,fresh,2025-10-02T16:00:00.000Z,,v3.1.0,
011f86904acf456086f28989184c6395fad8626c,3741fd1efa7bb354600f0ccb92437e3dca6476de,2025-10-03,macro_overlay,Macro Overlay,60,10,10,weight_pct,pct,fresh,2025-10-03T11:18:42.856Z,,v3.1.0,
011f86904acf456086f28989184c6395fad8626c,3741fd1efa7bb354600f0ccb92437e3dca6476de,2025-10-03,net_liquidity,Net Liquidity (FRED),61,5,5,weight_pct,pct,fresh,2025-10-01T00:00:00.000Z,,v3.1.0,
011f86904acf456086f28989184c6395fad8626c,3741fd1efa7bb354600f0ccb92437e3dca6476de,2025-10-03,onchain,On-chain Activity,39,5,5,weight_pct,pct,fresh,2025-10-03T11:18:43.722Z,,v3.1.0,
011f86904acf456086f28989184c6395fad8626c,3741fd1efa7bb354600f0ccb92437e3dca6476de,2025-10-03,social_interest,Social Interest,55,10,10,weight_pct,pct,fresh,2025-10-03T11:18:42.454Z,,v3.1.0,
011f86904acf456086f28989184c6395fad8626c,3741fd1efa7bb354600f0ccb92437e3dca6476de,2025-10-03,stablecoins,Stablecoins,37,21,21,weight_pct,pct,fresh,2025-10-03T11:18:52.714Z,,v3.1.0,
011f86904acf456086f28989184c6395fad8626c,3741fd1efa7bb354600f0ccb92437e3dca6476de,2025-10-03,term_leverage,Term Structure & Leverage,79,20,20,weight_pct,pct,fresh,2025-10-03T11:18:42.990Z,,v3.1.0,
011f86904acf456086f28989184c6395fad8626c,3741fd1efa7bb354600f0ccb92437e3dca6476de,2025-10-03,trend_valuation,Trend & Valuation,52,20,20,weight_pct,pct,fresh,2025-10-03T11:18:42.450Z,,v3.1.0,
82eb8fa8703e32b1314ff4f0c562c6aad9638186,db68498301ec8871ba6ff03061a3e6bab7cb0680,2025-10-03,etf_flows,ETF Flows,44,9,9,weight_pct,pct,fresh,2025-10-02T16:00:00.000Z,,v3.1.0,
82eb8fa8703e32b1314ff4f0c562c6aad9638186,db68498301ec8871ba6ff03061a3e6bab7cb0680,2025-10-03,macro_overlay,Macro Overlay,70,10,10,weight_pct,pct,fresh,2025-10-03T20:53:18.126Z,,v3.1.0,
82eb8fa8703e32b1314ff4f0c562c6aad9638186,db68498301ec8871ba6ff03061a3e6bab7cb0680,2025-10-03,net_liquidity,Net Liquidity (FRED),61,5,5,weight_pct,pct,fresh,2025-10-01T00:00:00.000Z,,v3.1.0,
82eb8fa8703e32b1314ff4f0c562c6aad9638186,db68498301ec8871ba6ff03061a3e6bab7cb0680,2025-10-03,onchain,On-chain Activity,40,5,5,weight_pct,pct,fresh,2025-10-03T20:53:18.631Z,,v3.1.0,
82eb8fa8703e32b1314ff4f0c562c6aad9638186,db68498301ec8871ba6ff03061a3e6bab7cb0680,2025-10-03,social_interest,Social Interest,55,10,10,weight_pct,pct,fresh,2025-10-03T20:53:17.620Z,,v3.1.0,
82eb8fa8703e32b1314ff4f0c562c6aad9638186,db68498301ec8871ba6ff03061a3e6bab7cb0680,2025-10-03,stablecoins,Stablecoins,34,21,21,weight_pct,pct,fresh,2025-10-03T20:53:28.029Z,,v3.1.0,
82eb8fa8703e32b1314ff4f0c562c6aad9638186,db68498301ec8871ba6ff03061a3e6bab7cb0680,2025-10-03,term_leverage,Term Structure & Leverage,77,20,20,weight_pct,pct,fresh,2025-10-03T20:53:18.109Z,,v3.1.0,
82eb8fa8703e32b1314ff4f0c562c6aad9638186,db68498301ec8871ba6ff03061a3e6bab7cb0680,2025-10-03,trend_valuation,Trend & Valuation,53,20,20,weight_pct,pct,fresh,2025-10-03T20:53:17.615Z,,v3.1.0,
0b054128e76e66d3f662d46c4a59d3eab1505c5a,abcd59b1a3bde885c96d90f8adcd97e327c10058,2025-10-04,etf_flows,ETF Flows,33,9,9,weight_pct,pct,fresh,2025-10-03T16:00:00.000Z,,v3.1.0,
0b054128e76e66d3f662d46c4a59d3eab1505c5a,abcd59b1a3bde885c96d90f8adcd97e327c10058,2025-10-04,macro_overlay,Macro Overlay,69,10,10,weight_pct,pct,fresh,2025-10-04T23:11:44.562Z,,v3.1.0,
0b054128e76e66d3f662d46c4a59d3eab1505c5a,abcd59b1a3bde885c96d90f8adcd97e327c10058,2025-10-04,net_liquidity,Net Liquidity (FRED),61,5,5,weight_pct,pct,fresh,2025-10-01T00:00:00.000Z,,v3.1.0,
0b054128e76e66d3f662d46c4a59d3eab1505c5a,abcd59b1a3bde885c96d90f8adcd97e327c10058,2025-10-04,onchain,On-chain Activity,38,5,5,weight_pct,pct,fresh,2025-10-04T23:11:45.679Z,,v3.1.0,
0b054128e76e66d3f662d46c4a59d3eab1505c5a,abcd59b1a3bde885c96d90f8adcd97e327c10058,2025-10-04,social_interest,Social Interest,55,10,10,weight_pct,pct,fresh,2025-10-04T23:11:44.123Z,,v3.1.0,
0b054128e76e66d3f662d46c4a59d3eab1505c5a,abcd59b1a3bde885c96d90f8adcd97e327c10058,2025-10-04,stablecoins,Stablecoins,34,21,21,weight_pct,pct,fresh,2025-10-04T23:11:44.088Z,,v3.1.0,
0b054128e76e66d3f662d46c4a59d3eab1505c5a,abcd59b1a3bde885c96d90f8adcd97e327c10058,2025-10-04,term_leverage,Term Structure & Leverage,78,20,20,weight_pct,pct,fresh,2025-10-04T23:11:44.575Z,,v3.1.0,
0b054128e76e66d3f662d46c4a59d3eab1505c5a,abcd59b1a3bde885c96d90f8adcd97e327c10058,2025-10-04,trend_valuation,Trend & Valuation,53,20,20,weight_pct,pct,fresh,2025-10-04T23:11:44.118Z,,v3.1.0,
13a40643568192f8a066acc52d38671eaf72318f,6593b1a3a79da6d65083906ef3b6a81deb6b3504,2025-10-04,etf_flows,ETF Flows,33,9,9,weight_pct,pct,fresh,2025-10-03T16:00:00.000Z,,v3.1.0,
13a40643568192f8a066acc52d38671eaf72318f,6593b1a3a79da6d65083906ef3b6a81deb6b3504,2025-10-04,macro_overlay,Macro Overlay,69,10,10,weight_pct,pct,fresh,2025-10-04T21:55:47.053Z,,v3.1.0,
13a40643568192f8a066acc52d38671eaf72318f,6593b1a3a79da6d65083906ef3b6a81deb6b3504,2025-10-04,net_liquidity,Net Liquidity (FRED),61,5,5,weight_pct,pct,fresh,2025-10-01T00:00:00.000Z,,v3.1.0,
13a40643568192f8a066acc52d38671eaf72318f,6593b1a3a79da6d65083906ef3b6a81deb6b3504,2025-10-04,onchain,On-chain Activity,38,5,5,weight_pct,pct,fresh,2025-10-04T21:55:47.889Z,,v3.1.0,
13a40643568192f8a066acc52d38671eaf72318f,6593b1a3a79da6d65083906ef3b6a81deb6b3504,2025-10-04,social_interest,Social Interest,55,10,10,weight_pct,pct,fresh,2025-10-04T21:55:46.337Z,,v3.1.0,
13a40643568192f8a066acc52d38671eaf72318f,6593b1a3a79da6d65083906ef3b6a81deb6b3504,2025-10-04,stablecoins,Stablecoins,34,21,21,weight_pct,pct,fresh,2025-10-04T21:55:56.761Z,,v3.1.0,
13a40643568192f8a066acc52d38671eaf72318f,6593b1a3a79da6d65083906ef3b6a81deb6b3504,2025-10-04,term_leverage,Term Structure & Leverage,78,20,20,weight_pct,pct,fresh,2025-10-04T21:55:46.868Z,,v3.1.0,
13a40643568192f8a066acc52d38671eaf72318f,6593b1a3a79da6d65083906ef3b6a81deb6b3504,2025-10-04,trend_valuation,Trend & Valuation,53,20,20,weight_pct,pct,fresh,2025-10-04T21:55:46.333Z,,v3.1.0,
4fa423180b1a3495ee1d53811ffd9d53a7b21fff,bccd07d3e2029dbe631c83662856685833457a19,2025-10-04,etf_flows,ETF Flows,33,9,9,weight_pct,pct,fresh,2025-10-03T16:00:00.000Z,,v3.1.0,
4fa423180b1a3495ee1d53811ffd9d53a7b21fff,bccd07d3e2029dbe631c83662856685833457a19,2025-10-04,macro_overlay,Macro Overlay,69,10,10,weight_pct,pct,fresh,2025-10-04T22:48:34.145Z,,v3.1.0,
4fa423180b1a3495ee1d53811ffd9d53a7b21fff,bccd07d3e2029dbe631c83662856685833457a19,2025-10-04,net_liquidity,Net Liquidity (FRED),61,5,5,weight_pct,pct,fresh,2025-10-01T00:00:00.000Z,,v3.1.0,
4fa423180b1a3495ee1d53811ffd9d53a7b21fff,bccd07d3e2029dbe631c83662856685833457a19,2025-10-04,onchain,On-chain Activity,39,5,5,weight_pct,pct,fresh,2025-10-04T22:48:34.724Z,,v3.1.0,
4fa423180b1a3495ee1d53811ffd9d53a7b21fff,bccd07d3e2029dbe631c83662856685833457a19,2025-10-04,social_interest,Social Interest,55,10,10,weight_pct,pct,fresh,2025-10-04T22:48:33.919Z,,v3.1.0,
4fa423180b1a3495ee1d53811ffd9d53a7b21fff,bccd07d3e2029dbe631c83662856685833457a19,2025-10-04,stablecoins,Stablecoins,34,21,21,weight_pct,pct,fresh,2025-10-04T22:48:44.332Z,,v3.1.0,
4fa423180b1a3495ee1d53811ffd9d53a7b21fff,bccd07d3e2029dbe631c83662856685833457a19,2025-10-04,term_leverage,Term Structure & Leverage,78,20,20,weight_pct,pct,fresh,2025-10-04T22:48:34.301Z,,v3.1.0,
4fa423180b1a3495ee1d53811ffd9d53a7b21fff,bccd07d3e2029dbe631c83662856685833457a19,2025-10-04,trend_valuation,Trend & Valuation,53,20,20,weight_pct,pct,fresh,2025-10-04T22:48:33.915Z,,v3.1.0,
8de3989cb34862ce1da748643f41b43e4b20479a,69d081120bc093b6c1d4cbab08161f627fe1cc1d,2025-10-04,etf_flows,ETF Flows,33,9,9,weight_pct,pct,fresh,2025-10-03T16:00:00.000Z,,v3.1.0,
8de3989cb34862ce1da748643f41b43e4b20479a,69d081120bc093b6c1d4cbab08161f627fe1cc1d,2025-10-04,macro_overlay,Macro Overlay,69,10,10,weight_pct,pct,fresh,2025-10-04T11:16:32.398Z,,v3.1.0,
8de3989cb34862ce1da748643f41b43e4b20479a,69d081120bc093b6c1d4cbab08161f627fe1cc1d,2025-10-04,net_liquidity,Net Liquidity (FRED),61,5,5,weight_pct,pct,fresh,2025-10-01T00:00:00.000Z,,v3.1.0,
8de3989cb34862ce1da748643f41b43e4b20479a,69d081120bc093b6c1d4cbab08161f627fe1cc1d,2025-10-04,onchain,On-chain Activity,38,5,5,weight_pct,pct,fresh,2025-10-04T11:16:33.389Z,,v3.1.0,
8de3989cb34862ce1da748643f41b43e4b20479a,69d081120bc093b6c1d4cbab08161f627fe1cc1d,2025-10-04,social_interest,Social Interest,55,10,10,weight_pct,pct,fresh,2025-10-04T11:16:32.233Z,,v3.1.0,
8de3989cb34862ce1da748643f41b43e4b20479a,69d081120bc093b6c1d4cbab08161f627fe1cc1d,2025-10-04,stablecoins,Stablecoins,34,21,21,weight_pct,pct,fresh,2025-10-04T11:16:42.665Z,,v3.1.0,
8de3989cb34862ce1da748643f41b43e4b20479a,69d081120bc093b6c1d4cbab08161f627fe1cc1d,2025-10-04,term_leverage,Term Structure & Leverage,77,20,20,weight_pct,pct,fresh,2025-10-04T11:16:32.411Z,,v3.1.0,
8de3989cb34862ce1da748643f41b43e4b20479a,69d081120bc093b6c1d4cbab08161f627fe1cc1d,2025-10-04,trend_valuation,Trend & Valuation,53,20,20,weight_pct,pct,fresh,2025-10-04T11:16:32.228Z,,v3.1.0,
b298a5ce76d47bf473df381fe5cae2310d1c20e0,5e3f72ffcb4fac38219aa6a72432b575b627e615,2025-10-04,etf_flows,ETF Flows,33,9,9,weight_pct,pct,fresh,2025-10-03T16:00:00.000Z,,v3.1.0,
b298a5ce76d47bf473df381fe5cae2310d1c20e0,5e3f72ffcb4fac38219aa6a72432b575b627e615,2025-10-04,macro_overlay,Macro Overlay,69,10,10,weight_pct,pct,fresh,2025-10-04T22:03:23.268Z,,v3.1.0,
b298a5ce76d47bf473df381fe5cae2310d1c20e0,5e3f72ffcb4fac38219aa6a72432b575b627e615,2025-10-04,net_liquidity,Net Liquidity (FRED),61,5,5,weight_pct,pct,fresh,2025-10-01T00:00:00.000Z,,v3.1.0,
b298a5ce76d47bf473df381fe5cae2310d1c20e0,5e3f72ffcb4fac38219aa6a72432b575b627e615,2025-10-04,onchain,On-chain Activity,38,5,5,weight_pct,pct,fresh,2025-10-04T22:03:23.939Z,,v3.1.0,
b298a5ce76d47bf473df381fe5cae2310d1c20e0,5e3f72ffcb4fac38219aa6a72432b575b627e615,2025-10-04,social_interest,Social Interest,55,10,10,weight_pct,pct,fresh,2025-10-04T22:03:23.069Z,,v3.1.0,
b298a5ce76d47bf473df381fe5cae2310d1c20e0,5e3f72ffcb4fac38219aa6a72432b575b627e615,2025-10-04,stablecoins,Stablecoins,34,21,21,weight_pct,pct,fresh,2025-10-04T22:03:33.257Z,,v3.1.0,
b298a5ce76d47bf473df381fe5cae2310d1c20e0,5e3f72ffcb4fac38219aa6a72432b575b627e615,2025-10-04,term_leverage,Term Structure & Leverage,78,20,20,weight_pct,pct,fresh,2025-10-04T22:03:23.308Z,,v3.1.0,
b298a5ce76d47bf473df381fe5cae2310d1c20e0,5e3f72ffcb4fac38219aa6a72432b575b627e615,2025-10-04,trend_valuation,Trend & Valuation,53,20,20,weight_pct,pct,fresh,2025-10-04T22:03:23.064Z,,v3.1.0,
bbac8d4047bfba5753a229eac47073087ce8037e,8f3152d1fdbcc6f32b3ee24c563164a0ae5c413f,2025-10-04,etf_flows,ETF Flows,33,9,9,weight_pct,pct,fresh,2025-10-03T16:00:00.000Z,,v3.1.0,
bbac8d4047bfba5753a229eac47073087ce8037e,8f3152d1fdbcc6f32b3ee24c563164a0ae5c413f,2025-10-04,macro_overlay,Macro Overlay,69,10,10,weight_pct,pct,fresh,2025-10-04T22:17:26.291Z,,v3.1.0,
bbac8d4047bfba5753a229eac47073087ce8037e,8f3152d1fdbcc6f32b3ee24c563164a0ae5c413f,2025-10-04,net_liquidity,Net Liquidity (FRED),61,5,5,weight_pct,pct,fresh,2025-10-01T00:00:00.000Z,,v3.1.0,
bbac8d4047bfba5753a229eac47073087ce8037e,8f3152d1fdbcc6f32b3ee24c563164a0ae5c413f,2025-10-04,onchain,On-chain Activity,39,5,5,weight_pct,pct,fresh,2025-10-04T22:17:28.843Z,,v3.1.0,
bbac8d4047bfba5753a229eac47073087ce8037e,8f3152d1fdbcc6f32b3ee24c563164a0ae5c413f,2025-10-04,social_interest,Social Interest,55,10,10,weight_pct,pct,fresh,2025-10-04T22:17:25.778Z,,v3.1.0,
bbac8d4047bfba5753a229eac47073087ce8037e,8f3152d1fdbcc6f32b3ee24c563164a0ae5c413f,2025-10-04,stablecoins,Stablecoins,34,21,21,weight_pct,pct,fresh,2025-10-04T22:17:35.942Z,,v3.1.0,
bbac8d4047bfba5753a229eac47073087ce8037e,8f3152d1fdbcc6f32b3ee24c563164a0ae5c413f,2025-10-04,term_leverage,Term Structure & Leverage,78,20,20,weight_pct,pct,fresh,2025-10-04T22:17:26.187Z,,v3.1.0,
bbac8d4047bfba5753a229eac47073087ce8037e,8f3152d1fdbcc6f32b3ee24c563164a0ae5c413f,2025-10-04,trend_valuation,Trend & Valuation,53,20,20,weight_pct,pct,fresh,2025-10-04T22:17:25.773Z,,v3.1.0,
e3de669ee6802ffc72c6c138a4f58aa397cd5833,e500c5fc9d84aa071c29d6cd76fca5197e860ca1,2025-10-04,etf_flows,ETF Flows,33,9,9,weight_pct,pct,fresh,2025-10-03T16:00:00.000Z,,v3.1.0,
e3de669ee6802ffc72c6c138a4f58aa397cd5833,e500c5fc9d84aa071c29d6cd76fca5197e860ca1,2025-10-04,macro_overlay,Macro Overlay,69,10,10,weight_pct,pct,fresh,2025-10-04T01:55:24.748Z,,v3.1.0,
e3de669ee6802ffc72c6c138a4f58aa397cd5833,e500c5fc9d84aa071c29d6cd76fca5197e860ca1,2025-10-04,net_liquidity,Net Liquidity (FRED),61,5,5,weight_pct,pct,fresh,2025-10-01T00:00:00.000Z,,v3.1.0,
e3de669ee6802ffc72c6c138a4f58aa397cd5833,e500c5fc9d84aa071c29d6cd76fca5197e860ca1,2025-10-04,onchain,On-chain Activity,38,5,5,weight_pct,pct,fresh,2025-10-04T01:55:25.821Z,,v3.1.0,
e3de669ee6802ffc72c6c138a4f58aa397cd5833,e500c5fc9d84aa071c29d6cd76fca5197e860ca1,2025-10-04,social_interest,Social Interest,55,10,10,weight_pct,pct,fresh,2025-10-04T01:55:24.092Z,,v3.1.0,
e3de669ee6802ffc72c6c138a4f58aa397cd5833,e500c5fc9d84aa071c29d6cd76fca5197e860ca1,2025-10-04,stablecoins,Stablecoins,33,21,21,weight_pct,pct,fresh,2025-10-04T01:55:34.634Z,,v3.1.0,
e3de669ee6802ffc72c6c138a4f58aa397cd5833,e500c5fc9d84aa071c29d6cd76fca5197e860ca1,2025-10-04,term_leverage,Term Structure & Leverage,77,20,20,weight_pct,pct,fresh,2025-10-04T01:55:24.924Z,,v3.1.0,
e3de669ee6802ffc72c6c138a4f58aa397cd5833,e500c5fc9d84aa071c29d6cd76fca5197e860ca1,2025-10-04,trend_valuation,Trend & Valuation,53,20,20,weight_pct,pct,fresh,2025-10-04T01:55:24.088Z,,v3.1.0,
efd5edc63bdb2a488b7904e747d486c824fca4b5,9cc8c632897ffa7ce6715a0407cd78ce6ea645a8,2025-10-04,etf_flows,ETF Flows,33,9,9,weight_pct,pct,fresh,2025-10-03T16:00:00.000Z,,v3.1.0,
efd5edc63bdb2a488b7904e747d486c824fca4b5,9cc8c632897ffa7ce6715a0407cd78ce6ea645a8,2025-10-04,macro_overlay,Macro Overlay,69,10,10,weight_pct,pct,fresh,2025-10-04T23:29:24.673Z,,v3.1.0,
efd5edc63bdb2a488b7904e747d486c824fca4b5,9cc8c632897ffa7ce6715a0407cd78ce6ea645a8,2025-10-04,net_liquidity,Net Liquidity (FRED),61,5,5,weight_pct,pct,fresh,2025-10-01T00:00:00.000Z,,v3.1.0,
efd5edc63bdb2a488b7904e747d486c824fca4b5,9cc8c632897ffa7ce6715a0407cd78ce6ea645a8,2025-10-04,onchain,On-chain Activity,38,5,5,weight_pct,pct,fresh,2025-10-04T23:29:25.277Z,,v3.1.0,
efd5edc63bdb2a488b7904e747d486c824fca4b5,9cc8c632897ffa7ce6715a0407cd78ce6ea645a8,2025-10-04,social_interest,Social Interest,55,10,10,weight_pct,pct,fresh,2025-10-04T23:29:24.451Z,,v3.1.0,
efd5edc63bdb2a488b7904e747d486c824fca4b5,9cc8c632897ffa7ce6715a0407cd78ce6ea645a8,2025-10-04,stablecoins,Stablecoins,72,21,21,weight_pct,pct,fresh,2025-10-04T23:29:24.424Z,,v3.1.0,
efd5edc63bdb2a488b7904e747d486c824fca4b5,9cc8c632897ffa7ce6715a0407cd78ce6ea645a8,2025-10-04,term_leverage,Term Structure & Leverage,78,20,20,weight_pct,pct,fresh,2025-10-04T23:29:24.748Z,,v3.1.0,
efd5edc63bdb2a488b7904e747d486c824fca4b5,9cc8c632897ffa7ce6715a0407cd78ce6ea645a8,2025-10-04,trend_valuation,Trend & Valuation,53,20,20,weight_pct,pct,fresh,2025-10-04T23:29:24.446Z,,v3.1.0,
165c836443ed3efcc1a7402f22d366c81d28bc53,142a11e6e3f96537ed3cb5d1a7aa00ad7d42fcb1,2025-10-05,etf_flows,ETF Flows,43,9,9,weight_pct,pct,fresh,2025-10-03T16:00:00.000Z,,v3.1.0,
165c836443ed3efcc1a7402f22d366c81d28bc53,142a11e6e3f96537ed3cb5d1a7aa00ad7d42fcb1,2025-10-05,macro_overlay,Macro Overlay,69,10,10,weight_pct,pct,fresh,2025-10-05T00:22:41.462Z,,v3.1.0,
165c836443ed3efcc1a7402f22d366c81d28bc53,142a11e6e3f96537ed3cb5d1a7aa00ad7d42fcb1,2025-10-05,net_liquidity,Net Liquidity (FRED),62,5,5,weight_pct,pct,fresh,2025-10-01T00:00:00.000Z,,v3.1.0,
165c836443ed3efcc1a7402f22d366c81d28bc53,142a11e6e3f96537ed3cb5d1a7aa00ad7d42fcb1,2025-10-05,onchain,On-chain Activity,38,5,5,weight_pct,pct,fresh,2025-10-05T00:22:42.158Z,,v3.1.0,
165c836443ed3efcc1a7402f22d366c81d28bc53,142a11e6e3f96537ed3cb5d1a7aa00ad7d42fcb1,2025-10-05,social_interest,Social Interest,55,10,10,weight_pct,pct,fresh,2025-10-05T00:22:41.255Z,,v3.1.0,
165c836443ed3efcc1a7402f22d366c81d28bc53,142a11e6e3f96537ed3cb5d1a7aa00ad7d42fcb1,2025-10-05,stablecoins,Stablecoins,82,21,21,weight_pct,pct,fresh,2025-10-05T00:22:41.226Z,,v3.1.0,
165c836443ed3efcc1a7402f22d366c81d28bc53,142a11e6e3f96537ed3cb5d1a7aa00ad7d42fcb1,2025-10-05,term_leverage,Term Structure & Leverage,78,20,20,weight_pct,pct,fresh,2025-10-05T00:22:41.497Z,,v3.1.0,
165c836443ed3efcc1a7402f22d366c81d28bc53,142a11e6e3f96537ed3cb5d1a7aa00ad7d42fcb1,2025-10-05,trend_valuation,Trend & Valuation,53,20,20,weight_pct,pct,fresh,2025-10-05T00:22:41.251Z,,v3.1.0,
2cee92d6919d9dce275c30967b2a01252a80a9ce,ddf7e03a4cd7acef49f7850000465a4b0b9cf23f,2025-10-05,etf_flows,ETF Flows,43,10,10,weight_pct,pct,fresh,2025-10-03T16:00:00.000Z,,v3.1.0,
2cee92d6919d9dce275c30967b2a01252a80a9ce,ddf7e03a4cd7acef49f7850000465a4b0b9cf23f,2025-10-05,macro_overlay,Macro Overlay,69,6,6,weight_pct,pct,fresh,2025-10-05T02:25:57.892Z,,v3.1.0,
2cee92d6919d9dce275c30967b2a01252a80a9ce,ddf7e03a4cd7acef49f7850000465a4b0b9cf23f,2025-10-05,net_liquidity,Net Liquidity (FRED),62,10,10,weight_pct,pct,fresh,2025-10-01T00:00:00.000Z,,v3.1.0,
2cee92d6919d9dce275c30967b2a01252a80a9ce,ddf7e03a4cd7acef49f7850000465a4b0b9cf23f,2025-10-05,onchain,On-chain Activity,38,8,8,weight_pct,pct,fresh,2025-10-05T01:55:23.923Z,,v3.1.0,
2cee92d6919d9dce275c30967b2a01252a80a9ce,ddf7e03a4cd7acef49f7850000465a4b0b9cf23f,2025-10-05,social_interest,Social Interest,55,5,5,weight_pct,pct,fresh,2025-10-05T02:25:57.344Z,,v3.1.0,
2cee92d6919d9dce275c30967b2a01252a80a9ce,ddf7e03a4cd7acef49f7850000465a4b0b9cf23f,2025-10-05,stablecoins,Stablecoins,82,18,18,weight_pct,pct,fresh,2025-10-05T02:25:57.304Z,,v3.1.0,
2cee92d6919d9dce275c30967b2a01252a80a9ce,ddf7e03a4cd7acef49f7850000465a4b0b9cf23f,2025-10-05,term_leverage,Term Structure & Leverage,73,18,18,weight_pct,pct,fresh,2025-10-05T02:25:57.693Z,,v3.1.0,
2cee92d6919d9dce275c30967b2a01252a80a9ce,ddf7e03a4cd7acef49f7850000465a4b0b9cf23f,2025-10-05,trend_valuation,Trend & Valuation,53,25,25,weight_pct,pct,fresh,2025-10-05T02:25:57.342Z,,v3.1.0,
302a2e05b1994cf4a40ae8fe913fbab0ca23e1cf,b3a4924bd593bb9f2564725eb2a773d3950328b7,2025-10-05,etf_flows,ETF Flows,43,9,9,weight_pct,pct,fresh,2025-10-03T16:00:00.000Z,,v3.1.0,
302a2e05b1994cf4a40ae8fe913fbab0ca23e1cf,b3a4924bd593bb9f2564725eb2a773d3950328b7,2025-10-05,macro_overlay,Macro Overlay,69,10,10,weight_pct,pct,fresh,2025-10-05T00:05:26.487Z,,v3.1.0,
302a2e05b1994cf4a40ae8fe913fbab0ca23e1cf,b3a4924bd593bb9f2564725eb2a773d3950328b7,2025-10-05,net_liquidity,Net Liquidity (FRED),62,5,5,weight_pct,pct,fresh,2025-10-01T00:00:00.000Z,,v3.1.0,
302a2e05b1994cf4a40ae8fe913fbab0ca23e1cf,b3a4924bd593bb9f2564725eb2a773d3950328b7,2025-10-05,onchain,On-chain Activity,39,5,5,weight_pct,pct,fresh,2025-10-05T00:05:27.481Z,,v3.1.0,
302a2e05b1994cf4a40ae8fe913fbab0ca23e1cf,b3a4924bd593bb9f2564725eb2a773d3950328b7,2025-10-05,social_interest,Social Interest,55,10,10,weight_pct,pct,fresh,2025-10-05T00:05:26.027Z,,v3.1.0,
302a2e05b1994cf4a40ae8fe913fbab0ca23e1cf,b3a4924bd593bb9f2564725eb2a773d3950328b7,2025-10-05,stablecoins,Stablecoins,82,21,21,weight_pct,pct,fresh,2025-10-05T00:05:38.264Z,,v3.1.0,
302a2e05b1994cf4a40ae8fe913fbab0ca23e1cf,b3a4924bd593bb9f2564725eb2a773d3950328b7,2025-10-05,term_leverage,Term Structure & Leverage,78,20,20,weight_pct,pct,fresh,2025-10-05T00:05:26.341Z,,v3.1.0,
302a2e05b1994cf4a40ae8fe913fbab0ca23e1cf,b3a4924bd593bb9f2564725eb2a773d3950328b7,2025-10-05,trend_valuation,Trend & Valuation,53,20,20,weight_pct,pct,fresh,2025-10-05T00:05:26.024Z,,v3.1.0,
32faef7c818b16a83351d308ca9259f80a5d8af7,9095f18f7d34456e8c383f212a4568d1de6274cf,2025-10-05,etf_flows,ETF Flows,43,10,10,weight_pct,pct,fresh,2025-10-03T16:00:00.000Z,,v3.1.0,
32faef7c818b16a83351d308ca9259f80a5d8af7,9095f18f7d34456e8c383f212a4568d1de6274cf,2025-10-05,macro_overlay,Macro Overlay,69,6,6,weight_pct,pct,fresh,2025-10-05T00:44:58.800Z,,v3.1.0,
32faef7c818b16a83351d308ca9259f80a5d8af7,9095f18f7d34456e8c383f212a4568d1de6274cf,2025-10-05,net_liquidity,Net Liquidity (FRED),62,10,10,weight_pct,pct,fresh,2025-10-01T00:00:00.000Z,,v3.1.0,
32faef7c818b16a83351d308ca9259f80a5d8af7,9095f18f7d34456e8c383f212a4568d1de6274cf,2025-10-05,onchain,On-chain Activity,38,8,8,weight_pct,pct,fresh,2025-10-05T00:44:58.983Z,,v3.1.0,
32faef7c818b16a83351d308ca9259f80a5d8af7,9095f18f7d34456e8c383f212a4568d1de6274cf,2025-10-05,social_interest,Social Interest,55,5,5,weight_pct,pct,fresh,2025-10-05T00:44:57.672Z,,v3.1.0,
32faef7c818b16a83351d308ca9259f80a5d8af7,9095f18f7d34456e8c383f212a4568d1de6274cf,2025-10-05,stablecoins,Stablecoins,82,18,18,weight_pct,pct,fresh,2025-10-05T00:44:57.646Z,,v3.1.0,
32faef7c818b16a83351d308ca9259f80a5d8af7,9095f18f7d34456e8c383f212a4568d1de6274cf,2025-10-05,term_leverage,Term Structure & Leverage,78,18,18,weight_pct,pct,fresh,2025-10-05T00:44:58.226Z,,v3.1.0,
32faef7c818b16a83351d308ca9259f80a5d8af7,9095f18f7d34456e8c383f212a4568d1de6274cf,2025-10-05,trend_valuation,Trend & Valuation,53,25,25,weight_pct,pct,fresh,2025-10-05T00:44:57.668Z,,v3.1.0,
35d0db1b5da0013111c73007081cedf5cadc63e8,dd98140e558f5fac9cd66c781b3f009049a0352d,2025-10-05,etf_flows,ETF Flows,43,10,10,weight_pct,pct,fresh,2025-10-03T16:00:00.000Z,,v3.1.0,
35d0db1b5da0013111c73007081cedf5cadc63e8,dd98140e558f5fac9cd66c781b3f009049a0352d,2025-10-05,macro_overlay,Macro Overlay,69,6,6,weight_pct,pct,fresh,2025-10-05T11:16:35.362Z,,v3.1.0,
35d0db1b5da0013111c73007081cedf5cadc63e8,dd98140e558f5fac9cd66c781b3f009049a0352d,2025-10-05,net_liquidity,Net Liquidity (FRED),62,10,10,weight_pct,pct,fresh,2025-10-01T00:00:00.000Z,,v3.1.0,
35d0db1b5da0013111c73007081cedf5cadc63e8,dd98140e558f5fac9cd66c781b3f009049a0352d,2025-10-05,onchain,On-chain Activity,39,8,8,weight_pct,pct,fresh,2025-10-05T11:16:37.036Z,,v3.1.0,
35d0db1b5da0013111c73007081cedf5cadc63e8,dd98140e558f5fac9cd66c781b3f009049a0352d,2025-10-05,social_interest,Social Interest,55,5,5,weight_pct,pct,fresh,2025-10-05T11:16:34.757Z,,v3.1.0,
35d0db1b5da0013111c73007081cedf5cadc63e8,dd98140e558f5fac9cd66c781b3f009049a0352d,2025-10-05,stablecoins,Stablecoins,82,18,18,weight_pct,pct,fresh,2025-10-05T11:16:34.720Z,,v3.1.0,
35d0db1b5da0013111c73007081cedf5cadc63e8,dd98140e558f5fac9cd66c781b3f009049a0352d,2025-10-05,term_leverage,Term Structure & Leverage,69,18,18,weight_pct,pct,fresh,2025-10-05T11:16:35.400Z,,v3.1.0,
35d0db1b5da0013111c73007081cedf5cadc63e8,dd98140e558f5fac9cd66c781b3f009049a0352d,2025-10-05,trend_valuation,Trend & Valuation,53,25,25,weight_pct,pct,fresh,2025-10-05T11:16:34.755Z,,v3.1.0,
364728c47046a2e219c2a411eaea470dfa992da4,3c5a095d742b590e6455b604207dfe81ef32ef32,2025-10-05,etf_flows,ETF Flows,43,10,10,weight_pct,pct,fresh,2025-10-03T16:00:00.000Z,,v3.1.0,
364728c47046a2e219c2a411eaea470dfa992da4,3c5a095d742b590e6455b604207dfe81ef32ef32,2025-10-05,macro_overlay,Macro Overlay,69,6,6,weight_pct,pct,fresh,2025-10-05T02:27:35.332Z,,v3.1.0,
364728c47046a2e219c2a411eaea470dfa992da4,3c5a095d742b590e6455b604207dfe81ef32ef32,2025-10-05,net_liquidity,Net Liquidity (FRED),62,10,10,weight_pct,pct,fresh,2025-10-01T00:00:00.000Z,,v3.1.0,
364728c47046a2e219c2a411eaea470dfa992da4,3c5a095d742b590e6455b604207dfe81ef32ef32,2025-10-05,onchain,On-chain Activity,38,8,8,weight_pct,pct,fresh,2025-10-05T01:55:23.923Z,,v3.1.0,
364728c47046a2e219c2a411eaea470dfa992da4,3c5a095d742b590e6455b604207dfe81ef32ef32,2025-10-05,social_interest,Social Interest,55,5,5,weight_pct,pct,fresh,2025-10-05T02:27:34.787Z,,v3.1.0,
364728c47046a2e219c2a411eaea470dfa992da4,3c5a095d742b590e6455b604207dfe81ef32ef32,2025-10-05,stablecoins,Stablecoins,82,18,18,weight_pct,pct,fresh,2025-10-05T02:27:34.629Z,,v3.1.0,
364728c47046a2e219c2a411eaea470dfa992da4,3c5a095d742b590e6455b604207dfe81ef32ef32,2025-10-05,term_leverage,Term Structure & Leverage,73,18,18,weight_pct,pct,fresh,2025-10-05T02:27:35.323Z,,v3.1.0,
364728c47046a2e219c2a411eaea470dfa992da4,3c5a095d742b590e6455b604207dfe81ef32ef32,2025-10-05,trend_valuation,Trend & Valuation,53,25,25,weight_pct,pct,fresh,2025-10-05T02:27:34.784Z,,v3.1.0,
4330a37dffb39a808f3be31edd20d2cc6bfaaa31,a0655088d25089cfec4324d7b0e1af74392a8442,2025-10-05,etf_flows,ETF Flows,43,10,10,weight_pct,pct,fresh,2025-10-03T16:00:00.000Z,,v3.1.0,
4330a37dffb39a808f3be31edd20d2cc6bfaaa31,a0655088d25089cfec4324d7b0e1af74392a8442,2025-10-05,macro_overlay,Macro Overlay,69,6,6,weight_pct,pct,fresh,2025-10-05T00:56:42.366Z,,v3.1.0,
4330a37dffb39a808f3be31edd20d2cc6bfaaa31,a0655088d25089cfec4324d7b0e1af74392a8442,2025-10-05,net_liquidity,Net Liquidity (FRED),62,10,10,weight_pct,pct,fresh,2025-10-01T00:00:00.000Z,,v3.1.0,
4330a37dffb39a808f3be31edd20d2cc6bfaaa31,a0655088d25089cfec4324d7b0e1af74392a8442,2025-10-05,onchain,On-chain Activity,39,8,8,weight_pct,pct,fresh,2025-10-05T00:56:43.135Z,,v3.1.0,
4330a37dffb39a808f3be31edd20d2cc6bfaaa31,a0655088d25089cfec4324d7b0e1af74392a8442,2025-10-05,social_interest,Social Interest,55,5,5,weight_pct,pct,fresh,2025-10-05T00:56:41.857Z,,v3.1.0,
4330a37dffb39a808f3be31edd20d2cc6bfaaa31,a0655088d25089cfec4324d7b0e1af74392a8442,2025-10-05,stablecoins,Stablecoins,82,18,18,weight_pct,pct,fresh,2025-10-05T00:56:41.801Z,,v3.1.0,
4330a37dffb39a808f3be31edd20d2cc6bfaaa31,a0655088d25089cfec4324d7b0e1af74392a8442,2025-10-05,term_leverage,Term Structure & Leverage,78,18,18,weight_pct,pct,fresh,2025-10-05T00:56:42.142Z,,v3.1.0,
4330a37dffb39a808f3be31edd20d2cc6bfaaa31,a0655088d25089cfec4324d7b0e1af74392a8442,2025-10-05,trend_valuation,Trend & Valuation,53,25,25,weight_pct,pct,fresh,2025-10-05T00:56:41.853Z,,v3.1.0,
66cd7a551bda003aee40149991edd48013106d22,e2717abf8273c7eb463c216d014a41c4e2ebd067,2025-10-05,etf_flows,ETF Flows,43,10,10,weight_pct,pct,fresh,2025-10-03T16:00:00.000Z,,v3.1.0,
66cd7a551bda003aee40149991edd48013106d22,e2717abf8273c7eb463c216d014a41c4e2ebd067,2025-10-05,macro_overlay,Macro Overlay,69,6,6,weight_pct,pct,fresh,2025-10-05T01:48:10.715Z,,v3.1.0,
66cd7a551bda003aee40149991edd48013106d22,e2717abf8273c7eb463c216d014a41c4e2ebd067,2025-10-05,net_liquidity,Net Liquidity (FRED),62,10,10,weight_pct,pct,fresh,2025-10-01T00:00:00.000Z,,v3.1.0,
66cd7a551bda003aee40149991edd48013106d22,e2717abf8273c7eb463c216d014a41c4e2ebd067,2025-10-05,onchain,On-chain Activity,38,8,8,weight_pct,pct,fresh,2025-10-05T01:48:11.391Z,,v3.1.0,
66cd7a551bda003aee40149991edd48013106d22,e2717abf8273c7eb463c216d014a41c4e2ebd067,2025-10-05,social_interest,Social Interest,55,5,5,weight_pct,pct,fresh,2025-10-05T01:48:10.276Z,,v3.1.0,
66cd7a551bda003aee40149991edd48013106d22,e2717abf8273c7eb463c216d014a41c4e2ebd067,2025-10-05,stablecoins,Stablecoins,82,18,18,weight_pct,pct,fresh,2025-10-05T01:48:10.244Z,,v3.1.0,
66cd7a551bda003aee40149991edd48013106d22,e2717abf8273c7eb463c216d014a41c4e2ebd067,2025-10-05,term_leverage,Term Structure & Leverage,73,18,18,weight_pct,pct,fresh,2025-10-05T01:48:10.797Z,,v3.1.0,
66cd7a551bda003aee40149991edd48013106d22,e2717abf8273c7eb463c216d014a41c4e2ebd067,2025-10-05,trend_valuation,Trend & Valuation,53,25,25,weight_pct,pct,fresh,2025-10-05T01:48:10.272Z,,v3.1.0,
8f9c645072d6a853d934a21e13000f2ff1d67003,9cea0b4cd1c1446ac61e6b1fab98bdec8f12c377,2025-10-05,etf_flows,ETF Flows,43,10,10,weight_pct,pct,fresh,2025-10-03T16:00:00.000Z,,v3.1.0,
8f9c645072d6a853d934a21e13000f2ff1d67003,9cea0b4cd1c1446ac61e6b1fab98bdec8f12c377,2025-10-05,macro_overlay,Macro Overlay,69,6,6,weight_pct,pct,fresh,2025-10-05T00:57:16.933Z,,v3.1.0,
8f9c645072d6a853d934a21e13000f2ff1d67003,9cea0b4cd1c1446ac61e6b1fab98bdec8f12c377,2025-10-05,net_liquidity,Net Liquidity (FRED),62,10,10,weight_pct,pct,fresh,2025-10-01T00:00:00.000Z,,v3.1.0,
8f9c645072d6a853d934a21e13000f2ff1d67003,9cea0b4cd1c1446ac61e6b1fab98bdec8f12c377,2025-10-05,onchain,On-chain Activity,39,8,8,weight_pct,pct,fresh,2025-10-05T00:57:17.631Z,,v3.1.0,
8f9c645072d6a853d934a21e13000f2ff1d67003,9cea0b4cd1c1446ac61e6b1fab98bdec8f12c377,2025-10-05,social_interest,Social Interest,55,5,5,weight_pct,pct,fresh,2025-10-05T00:57:16.537Z,,v3.1.0,
8f9c645072d6a853d934a21e13000f2ff1d67003,9cea0b4cd1c1446ac61e6b1fab98bdec8f12c377,2025-10-05,stablecoins,Stablecoins,82,18,18,weight_pct,pct,fresh,2025-10-05T00:57:16.507Z,,v3.1.0,
8f9c645072d6a853d934a21e13000f2ff1d67003,9cea0b4cd1c1446ac61e6b1fab98bdec8f12c377,2025-10-05,term_leverage,Term Structure & Leverage,78,18,18,weight_pct,pct,fresh,2025-10-05T00:57:16.919Z,,v3.1.0,
8f9c645072d6a853d934a21e13000f2ff1d67003,9cea0b4cd1c1446ac61e6b1fab98bdec8f12c377,2025-10-05,trend_valuation,Trend & Valuation,53,25,25,weight_pct,pct,fresh,2025-10-05T00:57:16.533Z,,v3.1.0,
8ff985c0cf5de11698e723b6ee92847b972ef398,48b83bc68c1898b0a300bad18d10c58484272f2a,2025-10-05,etf_flows,ETF Flows,43,10,10,weight_pct,pct,fresh,2025-10-03T16:00:00.000Z,,v3.1.0,
8ff985c0cf5de11698e723b6ee92847b972ef398,48b83bc68c1898b0a300bad18d10c58484272f2a,2025-10-05,macro_overlay,Macro Overlay,69,6,6,weight_pct,pct,fresh,2025-10-05T01:28:12.643Z,,v3.1.0,
8ff985c0cf5de11698e723b6ee92847b972ef398,48b83bc68c1898b0a300bad18d10c58484272f2a,2025-10-05,net_liquidity,Net Liquidity (FRED),62,10,10,weight_pct,pct,fresh,2025-10-01T00:00:00.000Z,,v3.1.0,
8ff985c0cf5de11698e723b6ee92847b972ef398,48b83bc68c1898b0a300bad18d10c58484272f2a,2025-10-05,onchain,On-chain Activity,39,8,8,weight_pct,pct,fresh,2025-10-05T01:28:13.233Z,,v3.1.0,
8ff985c0cf5de11698e723b6ee92847b972ef398,48b83bc68c1898b0a300bad18d10c58484272f2a,2025-10-05,social_interest,Social Interest,55,5,5,weight_pct,pct,fresh,2025-10-05T01:28:12.181Z,,v3.1.0,
8ff985c0cf5de11698e723b6ee92847b972ef398,48b83bc68c1898b0a300bad18d10c58484272f2a,2025-10-05,stablecoins,Stablecoins,82,18,18,weight_pct,pct,fresh,2025-10-05T01:28:12.078Z,,v3.1.0,
8ff985c0cf5de11698e723b6ee92847b972ef398,48b83bc68c1898b0a300bad18d10c58484272f2a,2025-10-05,term_leverage,Term Structure & Leverage,78,18,18,weight_pct,pct,fresh,2025-10-05T01:28:12.625Z,,v3.1.0,
8ff985c0cf5de11698e723b6ee92847b972ef398,48b83bc68c1898b0a300bad18d10c58484272f2a,2025-10-05,trend_valuation,Trend & Valuation,53,25,25,weight_pct,pct,fresh,2025-10-05T01:28:12.176Z,,v3.1.0,
998d8357deb42e5e18c66581c6899b4c424ec141,3ad605fd4e0d837dd0b66f3d81d5898aa244505f,2025-10-05,etf_flows,ETF Flows,43,10,10,weight_pct,pct,fresh,2025-10-03T16:00:00.000Z,,v3.1.0,
998d8357deb42e5e18c66581c6899b4c424ec141,3ad605fd4e0d837dd0b66f3d81d5898aa244505f,2025-10-05,macro_overlay,Macro Overlay,69,6,6,weight_pct,pct,fresh,2025-10-05T02:18:04.037Z,,v3.1.0,
998d8357deb42e5e18c66581c6899b4c424ec141,3ad605fd4e0d837dd0b66f3d81d5898aa244505f,2025-10-05,net_liquidity,Net Liquidity (FRED),62,10,10,weight_pct,pct,fresh,2025-10-01T00:00:00.000Z,,v3.1.0,
998d8357deb42e5e18c66581c6899b4c424ec141,3ad605fd4e0d837dd0b66f3d81d5898aa244505f,2025-10-05,onchain,On-chain Activity,38,8,8,weight_pct,pct,fresh,2025-10-05T01:55:23.923Z,,v3.1.0,
998d8357deb42e5e18c66581c6899b4c424ec141,3ad605fd4e0d837dd0b66f3d81d5898aa244505f,2025-10-05,social_interest,Social Interest,55,5,5,weight_pct,pct,fresh,2025-10-05T02:18:03.751Z,,v3.1.0,
998d8357deb42e5e18c66581c6899b4c424ec141,3ad605fd4e0d837dd0b66f3d81d5898aa244505f,2025-10-05,stablecoins,Stablecoins,82,18,18,weight_pct,pct,fresh,2025-10-05T02:18:02.775Z,,v3.1.0,
998d8357deb42e5e18c66581c6899b4c424ec141,3ad605fd4e0d837dd0b66f3d81d5898aa244505f,2025-10-05,term_leverage,Term Structure & Leverage,73,18,18,weight_pct,pct,fresh,2025-10-05T02:18:04.058Z,,v3.1.0,
998d8357deb42e5e18c66581c6899b4c424ec141,3ad605fd4e0d837dd0b66f3d81d5898aa244505f,2025-10-05,trend_valuation,Trend & Valuation,53,25,25,weight_pct,pct,fresh,2025-10-05T02:18:03.749Z,,v3.1.0,
b1c49c8a915bc3d66a815314ac959aae30298e8b,62f8c4aa467af07729d39aeaa71a6509f5ebaede,2025-10-05,etf_flows,ETF Flows,43,10,10,weight_pct,pct,fresh,2025-10-03T16:00:00.000Z,,v3.1.0,
b1c49c8a915bc3d66a815314ac959aae30298e8b,62f8c4aa467af07729d39aeaa71a6509f5ebaede,2025-10-05,macro_overlay,Macro Overlay,69,6,6,weight_pct,pct,fresh,2025-10-05T01:55:23.278Z,,v3.1.0,
b1c49c8a915bc3d66a815314ac959aae30298e8b,62f8c4aa467af07729d39aeaa71a6509f5ebaede,2025-10-05,net_liquidity,Net Liquidity (FRED),62,10,10,weight_pct,pct,fresh,2025-10-01T00:00:00.000Z,,v3.1.0,
b1c49c8a915bc3d66a815314ac959aae30298e8b,62f8c4aa467af07729d39aeaa71a6509f5ebaede,2025-10-05,onchain,On-chain Activity,38,8,8,weight_pct,pct,fresh,2025-10-05T01:55:23.923Z,,v3.1.0,
b1c49c8a915bc3d66a815314ac959aae30298e8b,62f8c4aa467af07729d39aeaa71a6509f5ebaede,2025-10-05,social_interest,Social Interest,55,5,5,weight_pct,pct,fresh,2025-10-05T01:55:22.870Z,,v3.1.0,
b1c49c8a915bc3d66a815314ac959aae30298e8b,62f8c4aa467af07729d39aeaa71a6509f5ebaede,2025-10-05,stablecoins,Stablecoins,82,18,18,weight_pct,pct,fresh,2025-10-05T01:55:22.549Z,,v3.1.0,
b1c49c8a915bc3d66a815314ac959aae30298e8b,62f8c4aa467af07729d39aeaa71a6509f5ebaede,2025-10-05,term_leverage,Term Structure & Leverage,73,18,18,weight_pct,pct,fresh,2025-10-05T01:55:23.748Z,,v3.1.0,
b1c49c8a915bc3d66a815314ac959aae30298e8b,62f8c4aa467af07729d39aeaa71a6509f5ebaede,2025-10-05,trend_valuation,Trend & Valuation,53,25,25,weight_pct,pct,fresh,2025-10-05T01:55:22.867Z,,v3.1.0,
d8659ca0a9c4249a2ccb28bd67d56701b6e69221,786531abb4f96395b61812712c646ba744377f63,2025-10-05,etf_flows,ETF Flows,43,10,10,weight_pct,pct,fresh,2025-10-03T16:00:00.000Z,,v3.1.0,
d8659ca0a9c4249a2ccb28bd67d56701b6e69221,786531abb4f96395b61812712c646ba744377f63,2025-10-05,macro_overlay,Macro Overlay,69,6,6,weight_pct,pct,fresh,2025-10-05T02:07:16.972Z,,v3.1.0,
d8659ca0a9c4249a2ccb28bd67d56701b6e69221,786531abb4f96395b61812712c646ba744377f63,2025-10-05,net_liquidity,Net Liquidity (FRED),62,10,10,weight_pct,pct,fresh,2025-10-01T00:00:00.000Z,,v3.1.0,
d8659ca0a9c4249a2ccb28bd67d56701b6e69221,786531abb4f96395b61812712c646ba744377f63,2025-10-05,onchain,On-chain Activity,38,8,8,weight_pct,pct,fresh,2025-10-05T01:55:23.923Z,,v3.1.0,
d8659ca0a9c4249a2ccb28bd67d56701b6e69221,786531abb4f96395b61812712c646ba744377f63,2025-10-05,social_interest,Social Interest,55,5,5,weight_pct,pct,fresh,2025-10-05T02:07:16.419Z,,v3.1.0,
d8659ca0a9c4249a2ccb28bd67d56701b6e69221,786531abb4f96395b61812712c646ba744377f63,2025-10-05,stablecoins,Stablecoins,82,18,18,weight_pct,pct,fresh,2025-10-05T02:07:16.388Z,,v3.1.0,
d8659ca0a9c4249a2ccb28bd67d56701b6e69221,786531abb4f96395b61812712c646ba744377f63,2025-10-05,term_leverage,Term Structure & Leverage,73,18,18,weight_pct,pct,fresh,2025-10-05T02:07:16.845Z,,v3.1.0,
d8659ca0a9c4249a2ccb28bd67d56701b6e69221,786531abb4f96395b61812712c646ba744377f63,2025-10-05,trend_valuation,Trend & Valuation,53,25,25,weight_pct,pct,fresh,2025-10-05T02:07:16.416Z,,v3.1.0,
f916c04c3e85675cf8f2baa38ccf727b030489e3,a02108fd3df9d7b722c2cda3a13050feaddb6662,2025-10-05,etf_flows,ETF Flows,43,10,10,weight_pct,pct,fresh,2025-10-03T16:00:00.000Z,,v3.1.0,
f916c04c3e85675cf8f2baa38ccf727b030489e3,a02108fd3df9d7b722c2cda3a13050feaddb6662,2025-10-05,macro_overlay,Macro Overlay,69,6,6,weight_pct,pct,fresh,2025-10-05T00:46:12.678Z,,v3.1.0,
f916c04c3e85675cf8f2baa38ccf727b030489e3,a02108fd3df9d7b722c2cda3a13050feaddb6662,2025-10-05,net_liquidity,Net Liquidity (FRED),62,10,10,weight_pct,pct,fresh,2025-10-01T00:00:00.000Z,,v3.1.0,
f916c04c3e85675cf8f2baa38ccf727b030489e3,a02108fd3df9d7b722c2cda3a13050feaddb6662,2025-10-05,onchain,On-chain Activity,39,8,8,weight_pct,pct,fresh,2025-10-05T00:46:13.203Z,,v3.1.0,
f916c04c3e85675cf8f2baa38ccf727b030489e3,a02108fd3df9d7b722c2cda3a13050feaddb6662,2025-10-05,social_interest,Social Interest,55,5,5,weight_pct,pct,fresh,2025-10-05T00:46:11.897Z,,v3.1.0,
f916c04c3e85675cf8f2baa38ccf727b030489e3,a02108fd3df9d7b722c2cda3a13050feaddb6662,2025-10-05,stablecoins,Stablecoins,82,18,18,weight_pct,pct,fresh,2025-10-05T00:46:11.871Z,,v3.1.0,
f916c04c3e85675cf8f2baa38ccf727b030489e3,a02108fd3df9d7b722c2cda3a13050feaddb6662,2025-10-05,term_leverage,Term Structure & Leverage,78,18,18,weight_pct,pct,fresh,2025-10-05T00:46:12.458Z,,v3.1.0,
f916c04c3e85675cf8f2baa38ccf727b030489e3,a02108fd3df9d7b722c2cda3a13050feaddb6662,2025-10-05,trend_valuation,Trend & Valuation,53,25,25,weight_pct,pct,fresh,2025-10-05T00:46:11.893Z,,v3.1.0,
fa938f66f5e75dc125b1abdb66261b9181afe375,89166d11a675072f95a143b23864a018ec8e85db,2025-10-05,etf_flows,ETF Flows,43,10,10,weight_pct,pct,fresh,2025-10-03T16:00:00.000Z,,v3.1.0,
fa938f66f5e75dc125b1abdb66261b9181afe375,89166d11a675072f95a143b23864a018ec8e85db,2025-10-05,macro_overlay,Macro Overlay,69,6,6,weight_pct,pct,fresh,2025-10-05T02:16:39.978Z,,v3.1.0,
fa938f66f5e75dc125b1abdb66261b9181afe375,89166d11a675072f95a143b23864a018ec8e85db,2025-10-05,net_liquidity,Net Liquidity (FRED),62,10,10,weight_pct,pct,fresh,2025-10-01T00:00:00.000Z,,v3.1.0,
fa938f66f5e75dc125b1abdb66261b9181afe375,89166d11a675072f95a143b23864a018ec8e85db,2025-10-05,onchain,On-chain Activity,38,8,8,weight_pct,pct,fresh,2025-10-05T01:55:23.923Z,,v3.1.0,
fa938f66f5e75dc125b1abdb66261b9181afe375,89166d11a675072f95a143b23864a018ec8e85db,2025-10-05,social_interest,Social Interest,55,5,5,weight_pct,pct,fresh,2025-10-05T02:16:39.277Z,,v3.1.0,
fa938f66f5e75dc125b1abdb66261b9181afe375,89166d11a675072f95a143b23864a018ec8e85db,2025-10-05,stablecoins,Stablecoins,82,18,18,weight_pct,pct,fresh,2025-10-05T02:16:39.237Z,,v3.1.0,
fa938f66f5e75dc125b1abdb66261b9181afe375,89166d11a675072f95a143b23864a018ec8e85db,2025-10-05,term_leverage,Term Structure & Leverage,73,18,18,weight_pct,pct,fresh,2025-10-05T02:16:39.910Z,,v3.1.0,
fa938f66f5e75dc125b1abdb66261b9181afe375,89166d11a675072f95a143b23864a018ec8e85db,2025-10-05,trend_valuation,Trend & Valuation,53,25,25,weight_pct,pct,fresh,2025-10-05T02:16:39.275Z,,v3.1.0,
ff6667354ac93b2d0f07e7e38ba7d501753e8cc6,3e87557188a500633f15e0927a4151a9eefbd51a,2025-10-05,etf_flows,ETF Flows,43,10,10,weight_pct,pct,fresh,2025-10-03T16:00:00.000Z,,v3.1.0,
ff6667354ac93b2d0f07e7e38ba7d501753e8cc6,3e87557188a500633f15e0927a4151a9eefbd51a,2025-10-05,macro_overlay,Macro Overlay,69,6,6,weight_pct,pct,fresh,2025-10-05T02:06:21.682Z,,v3.1.0,
ff6667354ac93b2d0f07e7e38ba7d501753e8cc6,3e87557188a500633f15e0927a4151a9eefbd51a,2025-10-05,net_liquidity,Net Liquidity (FRED),62,10,10,weight_pct,pct,fresh,2025-10-01T00:00:00.000Z,,v3.1.0,
ff6667354ac93b2d0f07e7e38ba7d501753e8cc6,3e87557188a500633f15e0927a4151a9eefbd51a,2025-10-05,onchain,On-chain Activity,38,8,8,weight_pct,pct,fresh,2025-10-05T01:55:23.923Z,,v3.1.0,
ff6667354ac93b2d0f07e7e38ba7d501753e8cc6,3e87557188a500633f15e0927a4151a9eefbd51a,2025-10-05,social_interest,Social Interest,55,5,5,weight_pct,pct,fresh,2025-10-05T02:06:21.349Z,,v3.1.0,
ff6667354ac93b2d0f07e7e38ba7d501753e8cc6,3e87557188a500633f15e0927a4151a9eefbd51a,2025-10-05,stablecoins,Stablecoins,82,18,18,weight_pct,pct,fresh,2025-10-05T02:06:21.287Z,,v3.1.0,
ff6667354ac93b2d0f07e7e38ba7d501753e8cc6,3e87557188a500633f15e0927a4151a9eefbd51a,2025-10-05,term_leverage,Term Structure & Leverage,73,18,18,weight_pct,pct,fresh,2025-10-05T02:06:21.937Z,,v3.1.0,
ff6667354ac93b2d0f07e7e38ba7d501753e8cc6,3e87557188a500633f15e0927a4151a9eefbd51a,2025-10-05,trend_valuation,Trend & Valuation,53,25,25,weight_pct,pct,fresh,2025-10-05T02:06:21.346Z,,v3.1.0,
367cfb3215e4ad956f43ece28c467d1c19eb238a,12884c64923996ab13a8f001acff469408d510f5,2025-10-06,etf_flows,ETF Flows,43,10,10,weight_pct,pct,fresh,2025-10-03T16:00:00.000Z,,v3.1.0,
367cfb3215e4ad956f43ece28c467d1c19eb238a,12884c64923996ab13a8f001acff469408d510f5,2025-10-06,macro_overlay,Macro Overlay,70,6,6,weight_pct,pct,fresh,2025-10-06T17:18:30.764Z,,v3.1.0,
367cfb3215e4ad956f43ece28c467d1c19eb238a,12884c64923996ab13a8f001acff469408d510f5,2025-10-06,net_liquidity,Net Liquidity (FRED),62,10,10,weight_pct,pct,fresh,2025-10-01T00:00:00.000Z,,v3.1.0,
367cfb3215e4ad956f43ece28c467d1c19eb238a,12884c64923996ab13a8f001acff469408d510f5,2025-10-06,onchain,On-chain Activity,39,8,8,weight_pct,pct,fresh,2025-10-06T17:18:31.165Z,,v3.1.0,
367cfb3215e4ad956f43ece28c467d1c19eb238a,12884c64923996ab13a8f001acff469408d510f5,2025-10-06,social_interest,Social Interest,55,5,5,weight_pct,pct,fresh,2025-10-06T17:18:29.997Z,,v3.1.0,
367cfb3215e4ad956f43ece28c467d1c19eb238a,12884c64923996ab13a8f001acff469408d510f5,2025-10-06,stablecoins,Stablecoins,82,18,18,weight_pct,pct,fresh,2025-10-06T17:18:29.957Z,,v3.1.0,
367cfb3215e4ad956f43ece28c467d1c19eb238a,12884c64923996ab13a8f001acff469408d510f5,2025-10-06,term_leverage,Term Structure & Leverage,65,18,18,weight_pct,pct,fresh,2025-10-06T17:18:30.644Z,,v3.1.0,
367cfb3215e4ad956f43ece28c467d1c19eb238a,12884c64923996ab13a8f001acff469408d510f5,2025-10-06,trend_valuation,Trend & Valuation,54,25,25,weight_pct,pct,fresh,2025-10-06T17:18:29.995Z,,v3.1.0,
fd2a4878bffd054a496b7fe75f4a29716bc903d2,3113e198040cd5d6a49b8067469907d9c3907d7e,2025-10-06,etf_flows,ETF Flows,43,10,10,weight_pct,pct,fresh,2025-10-03T16:00:00.000Z,,v3.1.0,
fd2a4878bffd054a496b7fe75f4a29716bc903d2,3113e198040cd5d6a49b8067469907d9c3907d7e,2025-10-06,macro_overlay,Macro Overlay,69,6,6,weight_pct,pct,fresh,2025-10-06T11:19:00.789Z,,v3.1.0,
fd2a4878bffd054a496b7fe75f4a29716bc903d2,3113e198040cd5d6a49b8067469907d9c3907d7e,2025-10-06,net_liquidity,Net Liquidity (FRED),62,10,10,weight_pct,pct,fresh,2025-10-01T00:00:00.000Z,,v3.1.0,
fd2a4878bffd054a496b7fe75f4a29716bc903d2,3113e198040cd5d6a49b8067469907d9c3907d7e,2025-10-06,onchain,On-chain Activity,38,8,8,weight_pct,pct,fresh,2025-10-06T11:19:01.252Z,,v3.1.0,
fd2a4878bffd054a496b7fe75f4a29716bc903d2,3113e198040cd5d6a49b8067469907d9c3907d7e,2025-10-06,social_interest,Social Interest,55,5,5,weight_pct,pct,fresh,2025-10-06T11:19:00.174Z,,v3.1.0,
fd2a4878bffd054a496b7fe75f4a29716bc903d2,3113e198040cd5d6a49b8067469907d9c3907d7e,2025-10-06,stablecoins,Stablecoins,82,18,18,weight_pct,pct,fresh,2025-10-06T11:19:12.320Z,,v3.1.0,
fd2a4878bffd054a496b7fe75f4a29716bc903d2,3113e198040cd5d6a49b8067469907d9c3907d7e,2025-10-06,term_leverage,Term Structure & Leverage,67,18,18,weight_pct,pct,fresh,2025-10-06T11:19:00.819Z,,v3.1.0,
fd2a4878bffd054a496b7fe75f4a29716bc903d2,3113e198040cd5d6a49b8067469907d9c3907d7e,2025-10-06,trend_valuation,Trend & Valuation,53,25,25,weight_pct,pct,fresh,2025-10-06T11:19:00.172Z,,v3.1.0,
0c62bb045008420503a0ccfdbc7c7c446d0fd471,dc935557988969689b229345b1c14765067074cc,2025-10-07,etf_flows,ETF Flows,37,10,10,weight_pct,pct,fresh,2025-10-06T16:00:00.000Z,,v3.1.0,
0c62bb045008420503a0ccfdbc7c7c446d0fd471,dc935557988969689b229345b1c14765067074cc,2025-10-07,macro_overlay,Macro Overlay,67,6,6,weight_pct,pct,fresh,2025-10-07T11:19:14.779Z,,v3.1.0,
0c62bb045008420503a0ccfdbc7c7c446d0fd471,dc935557988969689b229345b1c14765067074cc,2025-10-07,net_liquidity,Net Liquidity (FRED),62,10,10,weight_pct,pct,fresh,2025-10-01T00:00:00.000Z,,v3.1.0,
0c62bb045008420503a0ccfdbc7c7c446d0fd471,dc935557988969689b229345b1c14765067074cc,2025-10-07,onchain,On-chain Activity,37,8,8,weight_pct,pct,fresh,2025-10-07T11:19:15.169Z,,v3.1.0,
0c62bb045008420503a0ccfdbc7c7c446d0fd471,dc935557988969689b229345b1c14765067074cc,2025-10-07,social_interest,Social Interest,55,5,5,weight_pct,pct,fresh,2025-10-07T11:19:14.244Z,,v3.1.0,
0c62bb045008420503a0ccfdbc7c7c446d0fd471,dc935557988969689b229345b1c14765067074cc,2025-10-07,stablecoins,Stablecoins,,18,18,weight_pct,pct,excluded,,,v3.1.0,
0c62bb045008420503a0ccfdbc7c7c446d0fd471,dc935557988969689b229345b1c14765067074cc,2025-10-07,term_leverage,Term Structure & Leverage,63,18,18,weight_pct,pct,fresh,2025-10-07T11:19:14.881Z,,v3.1.0,
0c62bb045008420503a0ccfdbc7c7c446d0fd471,dc935557988969689b229345b1c14765067074cc,2025-10-07,trend_valuation,Trend & Valuation,53,25,25,weight_pct,pct,fresh,2025-10-07T11:19:14.242Z,,v3.1.0,
fdc852982e918c0ad805cfbc751a503d3fdf8754,644ac9f3b00ab4e326bfa8bdedde0e241cb1fdc8,2025-10-08,etf_flows,ETF Flows,47,10,10,weight_pct,pct,fresh,2025-10-07T16:00:00.000Z,,v3.1.0,
fdc852982e918c0ad805cfbc751a503d3fdf8754,644ac9f3b00ab4e326bfa8bdedde0e241cb1fdc8,2025-10-08,macro_overlay,Macro Overlay,61,6,6,weight_pct,pct,fresh,2025-10-08T11:19:23.710Z,,v3.1.0,
fdc852982e918c0ad805cfbc751a503d3fdf8754,644ac9f3b00ab4e326bfa8bdedde0e241cb1fdc8,2025-10-08,net_liquidity,Net Liquidity (FRED),62,10,10,weight_pct,pct,fresh,2025-10-01T00:00:00.000Z,,v3.1.0,
fdc852982e918c0ad805cfbc751a503d3fdf8754,644ac9f3b00ab4e326bfa8bdedde0e241cb1fdc8,2025-10-08,onchain,On-chain Activity,39,8,8,weight_pct,pct,fresh,2025-10-08T11:19:24.009Z,,v3.1.0,
fdc852982e918c0ad805cfbc751a503d3fdf8754,644ac9f3b00ab4e326bfa8bdedde0e241cb1fdc8,2025-10-08,social_interest,Social Interest,55,5,5,weight_pct,pct,fresh,2025-10-08T11:19:22.790Z,,v3.1.0,
fdc852982e918c0ad805cfbc751a503d3fdf8754,644ac9f3b00ab4e326bfa8bdedde0e241cb1fdc8,2025-10-08,stablecoins,Stablecoins,82,18,18,weight_pct,pct,fresh,2025-10-08T11:19:34.957Z,,v3.1.0,
fdc852982e918c0ad805cfbc751a503d3fdf8754,644ac9f3b00ab4e326bfa8bdedde0e241cb1fdc8,2025-10-08,term_leverage,Term Structure & Leverage,61,18,18,weight_pct,pct,fresh,2025-10-08T11:19:23.559Z,,v3.1.0,
fdc852982e918c0ad805cfbc751a503d3fdf8754,644ac9f3b00ab4e326bfa8bdedde0e241cb1fdc8,2025-10-08,trend_valuation,Trend & Valuation,53,25,25,weight_pct,pct,fresh,2025-10-08T11:19:22.787Z,,v3.1.0,
d747f76aaadad65ae41dcbd22308ded112d5967c,26d731f909a23ed258f863e659bf14e8827c26c3,2025-10-09,etf_flows,ETF Flows,46,10,10,weight_pct,pct,fresh,2025-10-08T16:00:00.000Z,,v3.1.0,
d747f76aaadad65ae41dcbd22308ded112d5967c,26d731f909a23ed258f863e659bf14e8827c26c3,2025-10-09,macro_overlay,Macro Overlay,68,6,6,weight_pct,pct,fresh,2025-10-09T11:19:48.871Z,,v3.1.0,
d747f76aaadad65ae41dcbd22308ded112d5967c,26d731f909a23ed258f863e659bf14e8827c26c3,2025-10-09,net_liquidity,Net Liquidity (FRED),62,10,10,weight_pct,pct,fresh,2025-10-01T00:00:00.000Z,,v3.1.0,
d747f76aaadad65ae41dcbd22308ded112d5967c,26d731f909a23ed258f863e659bf14e8827c26c3,2025-10-09,onchain,On-chain Activity,37,8,8,weight_pct,pct,fresh,2025-10-09T11:19:49.217Z,,v3.1.0,
d747f76aaadad65ae41dcbd22308ded112d5967c,26d731f909a23ed258f863e659bf14e8827c26c3,2025-10-09,social_interest,Social Interest,55,5,5,weight_pct,pct,fresh,2025-10-09T11:19:48.367Z,,v3.1.0,
d747f76aaadad65ae41dcbd22308ded112d5967c,26d731f909a23ed258f863e659bf14e8827c26c3,2025-10-09,stablecoins,Stablecoins,82,18,18,weight_pct,pct,fresh,2025-10-09T11:20:00.636Z,,v3.1.0,
d747f76aaadad65ae41dcbd22308ded112d5967c,26d731f909a23ed258f863e659bf14e8827c26c3,2025-10-09,term_leverage,Term Structure & Leverage,57,18,18,weight_pct,pct,fresh,2025-10-09T11:19:48.998Z,,v3.1.0,
d747f76aaadad65ae41dcbd22308ded112d5967c,26d731f909a23ed258f863e659bf14e8827c26c3,2025-10-09,trend_valuation,Trend & Valuation,53,25,25,weight_pct,pct,fresh,2025-10-09T11:19:48.363Z,,v3.1.0,
005a33084b7854ac0db1c7a264e96dfb581815ee,a6a2e7854978759ca011bd78f18c9b87b65864ca,2025-10-10,etf_flows,ETF Flows,34,10,10,weight_pct,pct,fresh,2025-10-09T16:00:00.000Z,,v3.1.0,
005a33084b7854ac0db1c7a264e96dfb581815ee,a6a2e7854978759ca011bd78f18c9b87b65864ca,2025-10-10,macro_overlay,Macro Overlay,58,6,6,weight_pct,pct,fresh,2025-10-10T11:19:59.504Z,,v3.1.0,
005a33084b7854ac0db1c7a264e96dfb581815ee,a6a2e7854978759ca011bd78f18c9b87b65864ca,2025-10-10,net_liquidity,Net Liquidity (FRED),63,10,10,weight_pct,pct,fresh,2025-10-08T00:00:00.000Z,,v3.1.0,
005a33084b7854ac0db1c7a264e96dfb581815ee,a6a2e7854978759ca011bd78f18c9b87b65864ca,2025-10-10,onchain,On-chain Activity,50,8,8,weight_pct,pct,fresh,2025-10-10T11:19:59.636Z,,v3.1.0,
005a33084b7854ac0db1c7a264e96dfb581815ee,a6a2e7854978759ca011bd78f18c9b87b65864ca,2025-10-10,social_interest,Social Interest,55,5,5,weight_pct,pct,fresh,2025-10-10T11:19:58.356Z,,v3.1.0,
005a33084b7854ac0db1c7a264e96dfb581815ee,a6a2e7854978759ca011bd78f18c9b87b65864ca,2025-10-10,stablecoins,Stablecoins,82,18,18,weight_pct,pct,fresh,2025-10-10T11:20:12.029Z,,v3.1.0,
005a33084b7854ac0db1c7a264e96dfb581815ee,a6a2e7854978759ca011bd78f18c9b87b65864ca,2025-10-10,term_leverage,Term Structure & Leverage,58,18,18,weight_pct,pct,fresh,2025-10-10T11:19:59.503Z,,v3.1.0,
005a33084b7854ac0db1c7a264e96dfb581815ee,a6a2e7854978759ca011bd78f18c9b87b65864ca,2025-10-10,trend_valuation,Trend & Valuation,53,25,25,weight_pct,pct,fresh,2025-10-10T11:19:58.354Z,,v3.1.0,
68ca25b86705d0e0884ff896336818e0aa86b356,6825e3cdf7938393de5112dc3080d1e64d2ffcb2,2025-10-11,etf_flows,ETF Flows,26,10,10,weight_pct,pct,fresh,2025-10-10T16:00:00.000Z,,v3.1.0,
68ca25b86705d0e0884ff896336818e0aa86b356,6825e3cdf7938393de5112dc3080d1e64d2ffcb2,2025-10-11,macro_overlay,Macro Overlay,62,6,6,weight_pct,pct,fresh,2025-10-11T11:17:34.539Z,,v3.1.0,
68ca25b86705d0e0884ff896336818e0aa86b356,6825e3cdf7938393de5112dc3080d1e64d2ffcb2,2025-10-11,net_liquidity,Net Liquidity (FRED),63,10,10,weight_pct,pct,fresh,2025-10-08T00:00:00.000Z,,v3.1.0,
68ca25b86705d0e0884ff896336818e0aa86b356,6825e3cdf7938393de5112dc3080d1e64d2ffcb2,2025-10-11,onchain,On-chain Activity,41,8,8,weight_pct,pct,fresh,2025-10-11T11:17:34.785Z,,v3.1.0,
68ca25b86705d0e0884ff896336818e0aa86b356,6825e3cdf7938393de5112dc3080d1e64d2ffcb2,2025-10-11,social_interest,Social Interest,55,5,5,weight_pct,pct,fresh,2025-10-11T11:17:33.884Z,,v3.1.0,
68ca25b86705d0e0884ff896336818e0aa86b356,6825e3cdf7938393de5112dc3080d1e64d2ffcb2,2025-10-11,stablecoins,Stablecoins,82,18,18,weight_pct,pct,fresh,2025-10-11T11:17:46.217Z,,v3.1.0,
68ca25b86705d0e0884ff896336818e0aa86b356,6825e3cdf7938393de5112dc3080d1e64d2ffcb2,2025-10-11,term_leverage,Term Structure & Leverage,57,18,18,weight_pct,pct,fresh,2025-10-11T11:17:34.326Z,,v3.1.0,
68ca25b86705d0e0884ff896336818e0aa86b356,6825e3cdf7938393de5112dc3080d1e64d2ffcb2,2025-10-11,trend_valuation,Trend & Valuation,51,25,25,weight_pct,pct,fresh,2025-10-11T11:17:33.877Z,,v3.1.0,
d40784592fecc6a543c339880e2230f161bb0636,f6b1848919137b5ca76fcb0e0bb80ee43cecfa21,2025-10-12,etf_flows,ETF Flows,26,10,10,weight_pct,pct,fresh,2025-10-10T16:00:00.000Z,,v3.1.0,
d40784592fecc6a543c339880e2230f161bb0636,f6b1848919137b5ca76fcb0e0bb80ee43cecfa21,2025-10-12,macro_overlay,Macro Overlay,63,6,6,weight_pct,pct,fresh,2025-10-12T11:17:31.130Z,,v3.1.0,
d40784592fecc6a543c339880e2230f161bb0636,f6b1848919137b5ca76fcb0e0bb80ee43cecfa21,2025-10-12,net_liquidity,Net Liquidity (FRED),63,10,10,weight_pct,pct,fresh,2025-10-08T00:00:00.000Z,,v3.1.0,
d40784592fecc6a543c339880e2230f161bb0636,f6b1848919137b5ca76fcb0e0bb80ee43cecfa21,2025-10-12,onchain,On-chain Activity,54,8,8,weight_pct,pct,fresh,2025-10-12T11:17:31.280Z,,v3.1.0,
d40784592fecc6a543c339880e2230f161bb0636,f6b1848919137b5ca76fcb0e0bb80ee43cecfa21,2025-10-12,social_interest,Social Interest,55,5,5,weight_pct,pct,fresh,2025-10-12T11:17:30.598Z,,v3.1.0,
d40784592fecc6a543c339880e2230f161bb0636,f6b1848919137b5ca76fcb0e0bb80ee43cecfa21,2025-10-12,stablecoins,Stablecoins,82,18,18,weight_pct,pct,fresh,2025-10-12T11:17:42.738Z,,v3.1.0,
d40784592fecc6a543c339880e2230f161bb0636,f6b1848919137b5ca76fcb0e0bb80ee43cecfa21,2025-10-12,term_leverage,Term Structure & Leverage,55,18,18,weight_pct,pct,fresh,2025-10-12T11:17:30.998Z,,v3.1.0,
d40784592fecc6a543c339880e2230f161bb0636,f6b1848919137b5ca76fcb0e0bb80ee43cecfa21,2025-10-12,trend_valuation,Trend & Valuation,51,25,25,weight_pct,pct,fresh,2025-10-12T11:17:30.596Z,,v3.1.0,
d2a26b8f2e8e86f8b55cda89e9d9ff7434eb68d8,e51a518d032d97742e3786aa076af48cd74229ef,2025-10-13,etf_flows,ETF Flows,,10,10,weight_pct,pct,excluded,,,v3.1.0,
d2a26b8f2e8e86f8b55cda89e9d9ff7434eb68d8,e51a518d032d97742e3786aa076af48cd74229ef,2025-10-13,macro_overlay,Macro Overlay,63,6,6,weight_pct,pct,fresh,2025-10-13T11:20:17.136Z,,v3.1.0,
d2a26b8f2e8e86f8b55cda89e9d9ff7434eb68d8,e51a518d032d97742e3786aa076af48cd74229ef,2025-10-13,net_liquidity,Net Liquidity (FRED),63,10,10,weight_pct,pct,fresh,2025-10-08T00:00:00.000Z,,v3.1.0,
d2a26b8f2e8e86f8b55cda89e9d9ff7434eb68d8,e51a518d032d97742e3786aa076af48cd74229ef,2025-10-13,onchain,On-chain Activity,51,8,8,weight_pct,pct,fresh,2025-10-13T11:20:17.475Z,,v3.1.0,
d2a26b8f2e8e86f8b55cda89e9d9ff7434eb68d8,e51a518d032d97742e3786aa076af48cd74229ef,2025-10-13,social_interest,Social Interest,55,5,5,weight_pct,pct,fresh,2025-10-13T11:20:16.687Z,,v3.1.0,
d2a26b8f2e8e86f8b55cda89e9d9ff7434eb68d8,e51a518d032d97742e3786aa076af48cd74229ef,2025-10-13,stablecoins,Stablecoins,82,18,18,weight_pct,pct,fresh,2025-10-13T11:20:28.891Z,,v3.1.0,
d2a26b8f2e8e86f8b55cda89e9d9ff7434eb68d8,e51a518d032d97742e3786aa076af48cd74229ef,2025-10-13,term_leverage,Term Structure & Leverage,54,18,18,weight_pct,pct,fresh,2025-10-13T11:20:17.101Z,,v3.1.0,
d2a26b8f2e8e86f8b55cda89e9d9ff7434eb68d8,e51a518d032d97742e3786aa076af48cd74229ef,2025-10-13,trend_valuation,Trend & Valuation,51,25,25,weight_pct,pct,fresh,2025-10-13T11:20:16.680Z,,v3.1.0,
f8de7d2d1822f92a3d25637c8dc94ee7403f50c6,67049177b4dbf76022ce6b47cbae729bc55ba430,2025-10-14,etf_flows,ETF Flows,28,10,10,weight_pct,pct,fresh,2025-10-13T16:00:00.000Z,,v3.1.0,
f8de7d2d1822f92a3d25637c8dc94ee7403f50c6,67049177b4dbf76022ce6b47cbae729bc55ba430,2025-10-14,macro_overlay,Macro Overlay,71,6,6,weight_pct,pct,fresh,2025-10-14T11:19:20.420Z,,v3.1.0,
f8de7d2d1822f92a3d25637c8dc94ee7403f50c6,67049177b4dbf76022ce6b47cbae729bc55ba430,2025-10-14,net_liquidity,Net Liquidity (FRED),63,10,10,weight_pct,pct,fresh,2025-10-08T00:00:00.000Z,,v3.1.0,
f8de7d2d1822f92a3d25637c8dc94ee7403f50c6,67049177b4dbf76022ce6b47cbae729bc55ba430,2025-10-14,onchain,On-chain Activity,50,8,8,weight_pct,pct,fresh,2025-10-14T11:19:20.670Z,,v3.1.0,
f8de7d2d1822f92a3d25637c8dc94ee7403f50c6,67049177b4dbf76022ce6b47cbae729bc55ba430,2025-10-14,social_interest,Social Interest,55,5,5,weight_pct,pct,fresh,2025-10-14T11:19:20.045Z,,v3.1.0,
f8de7d2d1822f92a3d25637c8dc94ee7403f50c6,67049177b4dbf76022ce6b47cbae729bc55ba430,2025-10-14,stablecoins,Stablecoins,82,18,18,weight_pct,pct,fresh,2025-10-14T11:19:31.962Z,,v3.1.0,
f8de7d2d1822f92a3d25637c8dc94ee7403f50c6,67049177b4dbf76022ce6b47cbae729bc55ba430,2025-10-14,term_leverage,Term Structure & Leverage,55,18,18,weight_pct,pct,fresh,2025-10-14T11:19:20.371Z,,v3.1.0,
f8de7d2d1822f92a3d25637c8dc94ee7403f50c6,67049177b4dbf76022ce6b47cbae729bc55ba430,2025-10-14,trend_valuation,Trend & Valuation,51,25,25,weight_pct,pct,fresh,2025-10-14T11:19:20.042Z,,v3.1.0,
a8c84486a83ec200ec59f2b3607ef2c310b6e633,7458993c6a77aec8504cd65e273f95f7b4485485,2025-10-15,etf_flows,ETF Flows,48,10,10,weight_pct,pct,fresh,2025-10-14T16:00:00.000Z,,v3.1.0,
a8c84486a83ec200ec59f2b3607ef2c310b6e633,7458993c6a77aec8504cd65e273f95f7b4485485,2025-10-15,macro_overlay,Macro Overlay,90,6,6,weight_pct,pct,fresh,2025-10-15T11:20:03.747Z,,v3.1.0,
a8c84486a83ec200ec59f2b3607ef2c310b6e633,7458993c6a77aec8504cd65e273f95f7b4485485,2025-10-15,net_liquidity,Net Liquidity (FRED),63,10,10,weight_pct,pct,fresh,2025-10-08T00:00:00.000Z,,v3.1.0,
a8c84486a83ec200ec59f2b3607ef2c310b6e633,7458993c6a77aec8504cd65e273f95f7b4485485,2025-10-15,onchain,On-chain Activity,51,8,8,weight_pct,pct,fresh,2025-10-15T11:20:03.960Z,,v3.1.0,
a8c84486a83ec200ec59f2b3607ef2c310b6e633,7458993c6a77aec8504cd65e273f95f7b4485485,2025-10-15,social_interest,Social Interest,55,5,5,weight_pct,pct,fresh,2025-10-15T11:20:03.298Z,,v3.1.0,
a8c84486a83ec200ec59f2b3607ef2c310b6e633,7458993c6a77aec8504cd65e273f95f7b4485485,2025-10-15,stablecoins,Stablecoins,82,18,18,weight_pct,pct,fresh,2025-10-15T11:20:15.397Z,,v3.1.0,
a8c84486a83ec200ec59f2b3607ef2c310b6e633,7458993c6a77aec8504cd65e273f95f7b4485485,2025-10-15,term_leverage,Term Structure & Leverage,55,18,18,weight_pct,pct,fresh,2025-10-15T11:20:04.053Z,,v3.1.0,
a8c84486a83ec200ec59f2b3607ef2c310b6e633,7458993c6a77aec8504cd65e273f95f7b4485485,2025-10-15,trend_valuation,Trend & Valuation,51,25,25,weight_pct,pct,fresh,2025-10-15T11:20:03.295Z,,v3.1.0,
8ed903048fe2b6603969fe0c7f2528c523f1da77,778cbd1213cf8cfb0ccfce436bfd2cfaa51c35f7,2025-10-16,etf_flows,ETF Flows,73,10,10,weight_pct,pct,fresh,2025-10-15T16:00:00.000Z,,v3.1.0,
8ed903048fe2b6603969fe0c7f2528c523f1da77,778cbd1213cf8cfb0ccfce436bfd2cfaa51c35f7,2025-10-16,macro_overlay,Macro Overlay,91,6,6,weight_pct,pct,fresh,2025-10-16T11:20:25.760Z,,v3.1.0,
8ed903048fe2b6603969fe0c7f2528c523f1da77,778cbd1213cf8cfb0ccfce436bfd2cfaa51c35f7,2025-10-16,net_liquidity,Net Liquidity (FRED),63,10,10,weight_pct,pct,fresh,2025-10-08T00:00:00.000Z,,v3.1.0,
8ed903048fe2b6603969fe0c7f2528c523f1da77,778cbd1213cf8cfb0ccfce436bfd2cfaa51c35f7,2025-10-16,onchain,On-chain Activity,51,8,8,weight_pct,pct,fresh,2025-10-16T11:20:26.020Z,,v3.1.0,
8ed903048fe2b6603969fe0c7f2528c523f1da77,778cbd1213cf8cfb0ccfce436bfd2cfaa51c35f7,2025-10-16,social_interest,Social Interest,55,5,5,weight_pct,pct,fresh,2025-10-16T11:20:25.552Z,,v3.1.0,
8ed903048fe2b6603969fe0c7f2528c523f1da77,778cbd1213cf8cfb0ccfce436bfd2cfaa51c35f7,2025-10-16,stablecoins,Stablecoins,82,18,18,weight_pct,pct,fresh,2025-10-16T11:20:37.390Z,,v3.1.0,
8ed903048fe2b6603969fe0c7f2528c523f1da77,778cbd1213cf8cfb0ccfce436bfd2cfaa51c35f7,2025-10-16,term_leverage,Term Structure & Leverage,56,18,18,weight_pct,pct,fresh,2025-10-16T11:20:25.830Z,,v3.1.0,
8ed903048fe2b6603969fe0c7f2528c523f1da77,778cbd1213cf8cfb0ccfce436bfd2cfaa51c35f7,2025-10-16,trend_valuation,Trend & Valuation,51,25,25,weight_pct,pct,fresh,2025-10-16T11:20:25.545Z,,v3.1.0,
884526a24c868466a541a2c055705fe9ee16c92b,33668089c2791fa58cc18f62fee4056f9c4ab35d,2025-10-17,etf_flows,ETF Flows,60,10,10,weight_pct,pct,fresh,2025-10-16T16:00:00.000Z,,v3.1.0,
884526a24c868466a541a2c055705fe9ee16c92b,33668089c2791fa58cc18f62fee4056f9c4ab35d,2025-10-17,macro_overlay,Macro Overlay,92,6,6,weight_pct,pct,fresh,2025-10-17T11:19:23.435Z,,v3.1.0,
884526a24c868466a541a2c055705fe9ee16c92b,33668089c2791fa58cc18f62fee4056f9c4ab35d,2025-10-17,net_liquidity,Net Liquidity (FRED),31,10,10,weight_pct,pct,fresh,2025-10-15T00:00:00.000Z,,v3.1.0,
884526a24c868466a541a2c055705fe9ee16c92b,33668089c2791fa58cc18f62fee4056f9c4ab35d,2025-10-17,onchain,On-chain Activity,51,8,8,weight_pct,pct,fresh,2025-10-17T11:19:23.121Z,,v3.1.0,
884526a24c868466a541a2c055705fe9ee16c92b,33668089c2791fa58cc18f62fee4056f9c4ab35d,2025-10-17,social_interest,Social Interest,55,5,5,weight_pct,pct,fresh,2025-10-17T11:19:22.132Z,,v3.1.0,
884526a24c868466a541a2c055705fe9ee16c92b,33668089c2791fa58cc18f62fee4056f9c4ab35d,2025-10-17,stablecoins,Stablecoins,82,18,18,weight_pct,pct,fresh,2025-10-17T11:19:34.353Z,,v3.1.0,
884526a24c868466a541a2c055705fe9ee16c92b,33668089c2791fa58cc18f62fee4056f9c4ab35d,2025-10-17,term_leverage,Term Structure & Leverage,59,18,18,weight_pct,pct,fresh,2025-10-17T11:19:22.553Z,,v3.1.0,
884526a24c868466a541a2c055705fe9ee16c92b,33668089c2791fa58cc18f62fee4056f9c4ab35d,2025-10-17,trend_valuation,Trend & Valuation,50,25,25,weight_pct,pct,fresh,2025-10-17T11:19:22.125Z,,v3.1.0,
708899c787d0bef583a2d8386a0f0b991a73361b,7d7d814142b84e917fe8ac43813c717ce8eb3793,2025-10-18,etf_flows,ETF Flows,68,10,10,weight_pct,pct,fresh,2025-10-17T16:00:00.000Z,,v3.1.0,
708899c787d0bef583a2d8386a0f0b991a73361b,7d7d814142b84e917fe8ac43813c717ce8eb3793,2025-10-18,macro_overlay,Macro Overlay,75,6,6,weight_pct,pct,fresh,2025-10-18T11:17:40.040Z,,v3.1.0,
708899c787d0bef583a2d8386a0f0b991a73361b,7d7d814142b84e917fe8ac43813c717ce8eb3793,2025-10-18,net_liquidity,Net Liquidity (FRED),31,10,10,weight_pct,pct,fresh,2025-10-15T00:00:00.000Z,,v3.1.0,
708899c787d0bef583a2d8386a0f0b991a73361b,7d7d814142b84e917fe8ac43813c717ce8eb3793,2025-10-18,onchain,On-chain Activity,51,8,8,weight_pct,pct,fresh,2025-10-18T11:17:40.367Z,,v3.1.0,
708899c787d0bef583a2d8386a0f0b991a73361b,7d7d814142b84e917fe8ac43813c717ce8eb3793,2025-10-18,social_interest,Social Interest,55,5,5,weight_pct,pct,fresh,2025-10-18T11:17:39.655Z,,v3.1.0,
708899c787d0bef583a2d8386a0f0b991a73361b,7d7d814142b84e917fe8ac43813c717ce8eb3793,2025-10-18,stablecoins,Stablecoins,82,18,18,weight_pct,pct,fresh,2025-10-18T11:17:51.676Z,,v3.1.0,
708899c787d0bef583a2d8386a0f0b991a73361b,7d7d814142b84e917fe8ac43813c717ce8eb3793,2025-10-18,term_leverage,Term Structure & Leverage,60,18,18,weight_pct,pct,fresh,2025-10-18T11:17:39.977Z,,v3.1.0,
708899c787d0bef583a2d8386a0f0b991a73361b,7d7d814142b84e917fe8ac43813c717ce8eb3793,2025-10-18,trend_valuation,Trend & Valuation,50,25,25,weight_pct,pct,fresh,2025-10-18T11:17:39.652Z,,v3.1.0,
3bd71c61e3c5bb85e48fa4b25a80dd67e7054a97,21e77f36918fda97088f268861dcd14e3d2adea1,2025-10-19,etf_flows,ETF Flows,68,10,10,weight_pct,pct,fresh,2025-10-17T16:00:00.000Z,,v3.1.0,
3bd71c61e3c5bb85e48fa4b25a80dd67e7054a97,21e77f36918fda97088f268861dcd14e3d2adea1,2025-10-19,macro_overlay,Macro Overlay,76,6,6,weight_pct,pct,fresh,2025-10-19T11:17:26.893Z,,v3.1.0,
3bd71c61e3c5bb85e48fa4b25a80dd67e7054a97,21e77f36918fda97088f268861dcd14e3d2adea1,2025-10-19,net_liquidity,Net Liquidity (FRED),31,10,10,weight_pct,pct,fresh,2025-10-15T00:00:00.000Z,,v3.1.0,
3bd71c61e3c5bb85e48fa4b25a80dd67e7054a97,21e77f36918fda97088f268861dcd14e3d2adea1,2025-10-19,onchain,On-chain Activity,49,8,8,weight_pct,pct,fresh,2025-10-19T11:17:27.276Z,,v3.1.0,
3bd71c61e3c5bb85e48fa4b25a80dd67e7054a97,21e77f36918fda97088f268861dcd14e3d2adea1,2025-10-19,social_interest,Social Interest,55,5,5,weight_pct,pct,fresh,2025-10-19T11:17:26.375Z,,v3.1.0,
3bd71c61e3c5bb85e48fa4b25a80dd67e7054a97,21e77f36918fda97088f268861dcd14e3d2adea1,2025-10-19,stablecoins,Stablecoins,82,18,18,weight_pct,pct,fresh,2025-10-19T11:17:38.333Z,,v3.1.0,
3bd71c61e3c5bb85e48fa4b25a80dd67e7054a97,21e77f36918fda97088f268861dcd14e3d2adea1,2025-10-19,term_leverage,Term Structure & Leverage,63,18,18,weight_pct,pct,fresh,2025-10-19T11:17:26.959Z,,v3.1.0,
3bd71c61e3c5bb85e48fa4b25a80dd67e7054a97,21e77f36918fda97088f268861dcd14e3d2adea1,2025-10-19,trend_valuation,Trend & Valuation,51,25,25,weight_pct,pct,fresh,2025-10-19T11:17:26.372Z,,v3.1.0,
6746b1e1b892f7a7f5ad0541aaa77d3ac4531565,02796b835e96f627466b81ddf415529a2f8af01f,2025-10-20,etf_flows,ETF Flows,68,10,10,weight_pct,pct,fresh,2025-10-17T16:00:00.000Z,,v3.1.0,
6746b1e1b892f7a7f5ad0541aaa77d3ac4531565,02796b835e96f627466b81ddf415529a2f8af01f,2025-10-20,macro_overlay,Macro Overlay,76,6,6,weight_pct,pct,fresh,2025-10-20T11:20:49.392Z,,v3.1.0,
6746b1e1b892f7a7f5ad0541aaa77d3ac4531565,02796b835e96f627466b81ddf415529a2f8af01f,2025-10-20,net_liquidity,Net Liquidity (FRED),31,10,10,weight_pct,pct,fresh,2025-10-15T00:00:00.000Z,,v3.1.0,
6746b1e1b892f7a7f5ad0541aaa77d3ac4531565,02796b835e96f627466b81ddf415529a2f8af01f,2025-10-20,onchain,On-chain Activity,49,8,8,weight_pct,pct,fresh,2025-10-20T11:20:50.603Z,,v3.1.0,
6746b1e1b892f7a7f5ad0541aaa77d3ac4531565,02796b835e96f627466b81ddf415529a2f8af01f,2025-10-20,social_interest,Social Interest,55,5,5,weight_pct,pct,fresh,2025-10-20T11:20:49.002Z,,v3.1.0,
6746b1e1b892f7a7f5ad0541aaa77d3ac4531565,02796b835e96f627466b81ddf415529a2f8af01f,2025-10-20,stablecoins,Stablecoins,82,18,18,weight_pct,pct,fresh,2025-10-20T11:21:01.096Z,,v3.1.0,
6746b1e1b892f7a7f5ad0541aaa77d3ac4531565,02796b835e96f627466b81ddf415529a2f8af01f,2025-10-20,term_leverage,Term Structure & Leverage,67,18,18,weight_pct,pct,fresh,2025-10-20T11:20:49.452Z,,v3.1.0,
6746b1e1b892f7a7f5ad0541aaa77d3ac4531565,02796b835e96f627466b81ddf415529a2f8af01f,2025-10-20,trend_valuation,Trend & Valuation,51,25,25,weight_pct,pct,fresh,2025-10-20T11:20:49.000Z,,v3.1.0,
dbbd9be825593982d875d41bb30d5d267edd543f,3fa06ba467926974fbea96a1ec327c0afe74d686,2025-10-21,etf_flows,ETF Flows,68,10,10,weight_pct,pct,fresh,2025-10-20T16:00:00.000Z,,v3.1.0,
dbbd9be825593982d875d41bb30d5d267edd543f,3fa06ba467926974fbea96a1ec327c0afe74d686,2025-10-21,macro_overlay,Macro Overlay,83,6,6,weight_pct,pct,fresh,2025-10-21T11:20:00.147Z,,v3.1.0,
dbbd9be825593982d875d41bb30d5d267edd543f,3fa06ba467926974fbea96a1ec327c0afe74d686,2025-10-21,net_liquidity,Net Liquidity (FRED),31,10,10,weight_pct,pct,fresh,2025-10-15T00:00:00.000Z,,v3.1.0,
dbbd9be825593982d875d41bb30d5d267edd543f,3fa06ba467926974fbea96a1ec327c0afe74d686,2025-10-21,onchain,On-chain Activity,53,8,8,weight_pct,pct,fresh,2025-10-21T11:20:00.982Z,,v3.1.0,
dbbd9be825593982d875d41bb30d5d267edd543f,3fa06ba467926974fbea96a1ec327c0afe74d686,2025-10-21,social_interest,Social Interest,55,5,5,weight_pct,pct,fresh,2025-10-21T11:19:59.461Z,,v3.1.0,
dbbd9be825593982d875d41bb30d5d267edd543f,3fa06ba467926974fbea96a1ec327c0afe74d686,2025-10-21,stablecoins,Stablecoins,82,18,18,weight_pct,pct,fresh,2025-10-21T11:20:12.046Z,,v3.1.0,
dbbd9be825593982d875d41bb30d5d267edd543f,3fa06ba467926974fbea96a1ec327c0afe74d686,2025-10-21,term_leverage,Term Structure & Leverage,71,18,18,weight_pct,pct,fresh,2025-10-21T11:20:00.013Z,,v3.1.0,
dbbd9be825593982d875d41bb30d5d267edd543f,3fa06ba467926974fbea96a1ec327c0afe74d686,2025-10-21,trend_valuation,Trend & Valuation,51,25,25,weight_pct,pct,fresh,2025-10-21T11:19:59.458Z,,v3.1.0,
169fbd4799d5b51f11625cfba6082c95e2da20b8,6464ee833dfc58305f6694b6864d3d2b47a92860,2025-10-22,etf_flows,ETF Flows,61,10,10,weight_pct,pct,fresh,2025-10-21T16:00:00.000Z,,v3.1.0,
169fbd4799d5b51f11625cfba6082c95e2da20b8,6464ee833dfc58305f6694b6864d3d2b47a92860,2025-10-22,macro_overlay,Macro Overlay,77,6,6,weight_pct,pct,fresh,2025-10-22T11:21:11.090Z,,v3.1.0,
169fbd4799d5b51f11625cfba6082c95e2da20b8,6464ee833dfc58305f6694b6864d3d2b47a92860,2025-10-22,net_liquidity,Net Liquidity (FRED),31,10,10,weight_pct,pct,fresh,2025-10-15T00:00:00.000Z,,v3.1.0,
169fbd4799d5b51f11625cfba6082c95e2da20b8,6464ee833dfc58305f6694b6864d3d2b47a92860,2025-10-22,onchain,On-chain Activity,52,8,8,weight_pct,pct,fresh,2025-10-22T11:21:10.909Z,,v3.1.0,
169fbd4799d5b51f11625cfba6082c95e2da20b8,6464ee833dfc58305f6694b6864d3d2b47a92860,2025-10-22,social_interest,Social Interest,55,5,5,weight_pct,pct,fresh,2025-10-22T11:21:10.405Z,,v3.1.0,
169fbd4799d5b51f11625cfba6082c95e2da20b8,6464ee833dfc58305f6694b6864d3d2b47a92860,2025-10-22,stablecoins,Stablecoins,82,18,18,weight_pct,pct,fresh,2025-10-22T11:21:22.141Z,,v3.1.0,
169fbd4799d5b51f11625cfba6082c95e2da20b8,6464ee833dfc58305f6694b6864d3d2b47a92860,2025-10-22,term_leverage,Term Structure & Leverage,69,18,18,weight_pct,pct,fresh,2025-10-22T11:21:10.652Z,,v3.1.0,
169fbd4799d5b51f11625cfba6082c95e2da20b8,6464ee833dfc58305f6694b6864d3d2b47a92860,2025-10-22,trend_valuation,Trend & Valuation,51,25,25,weight_pct,pct,fresh,2025-10-22T11:21:10.401Z,,v3.1.0,
1210ee292ecc6824dd646230fae1d8a41796b0be,699695ec28e9a98ec1f8b8b9287478a3d54eb73b,2025-10-23,etf_flows,ETF Flows,57,10,10,weight_pct,pct,fresh,2025-10-22T16:00:00.000Z,,v3.1.0,
1210ee292ecc6824dd646230fae1d8a41796b0be,699695ec28e9a98ec1f8b8b9287478a3d54eb73b,2025-10-23,macro_overlay,Macro Overlay,87,6,6,weight_pct,pct,fresh,2025-10-23T11:20:48.182Z,,v3.1.0,
1210ee292ecc6824dd646230fae1d8a41796b0be,699695ec28e9a98ec1f8b8b9287478a3d54eb73b,2025-10-23,net_liquidity,Net Liquidity (FRED),31,10,10,weight_pct,pct,fresh,2025-10-15T00:00:00.000Z,,v3.1.0,
1210ee292ecc6824dd646230fae1d8a41796b0be,699695ec28e9a98ec1f8b8b9287478a3d54eb73b,2025-10-23,onchain,On-chain Activity,52,8,8,weight_pct,pct,fresh,2025-10-23T11:20:48.471Z,,v3.1.0,
1210ee292ecc6824dd646230fae1d8a41796b0be,699695ec28e9a98ec1f8b8b9287478a3d54eb73b,2025-10-23,social_interest,Social Interest,55,5,5,weight_pct,pct,fresh,2025-10-23T11:20:47.626Z,,v3.1.0,
1210ee292ecc6824dd646230fae1d8a41796b0be,699695ec28e9a98ec1f8b8b9287478a3d54eb73b,2025-10-23,stablecoins,Stablecoins,82,18,18,weight_pct,pct,fresh,2025-10-23T11:20:59.520Z,,v3.1.0,
1210ee292ecc6824dd646230fae1d8a41796b0be,699695ec28e9a98ec1f8b8b9287478a3d54eb73b,2025-10-23,term_leverage,Term Structure & Leverage,69,18,18,weight_pct,pct,fresh,2025-10-23T11:20:48.174Z,,v3.1.0,
1210ee292ecc6824dd646230fae1d8a41796b0be,699695ec28e9a98ec1f8b8b9287478a3d54eb73b,2025-10-23,trend_valuation,Trend & Valuation,51,25,25,weight_pct,pct,fresh,2025-10-23T11:20:47.623Z,,v3.1.0,
35287bd3b274fb53bc505ec75f358436d908b394,42772751a5136b4d4263f5b11f050cd844a33533,2025-10-24,etf_flows,ETF Flows,61,10,10,weight_pct,pct,fresh,2025-10-23T16:00:00.000Z,,v3.1.0,
35287bd3b274fb53bc505ec75f358436d908b394,42772751a5136b4d4263f5b11f050cd844a33533,2025-10-24,macro_overlay,Macro Overlay,83,6,6,weight_pct,pct,fresh,2025-10-24T11:21:12.627Z,,v3.1.0,
35287bd3b274fb53bc505ec75f358436d908b394,42772751a5136b4d4263f5b11f050cd844a33533,2025-10-24,net_liquidity,Net Liquidity (FRED),30,10,10,weight_pct,pct,fresh,2025-10-22T00:00:00.000Z,,v3.1.0,
35287bd3b274fb53bc505ec75f358436d908b394,42772751a5136b4d4263f5b11f050cd844a33533,2025-10-24,onchain,On-chain Activity,50,8,8,weight_pct,pct,fresh,2025-10-24T11:21:12.991Z,,v3.1.0,
35287bd3b274fb53bc505ec75f358436d908b394,42772751a5136b4d4263f5b11f050cd844a33533,2025-10-24,social_interest,Social Interest,55,5,5,weight_pct,pct,fresh,2025-10-24T11:21:12.100Z,,v3.1.0,
35287bd3b274fb53bc505ec75f358436d908b394,42772751a5136b4d4263f5b11f050cd844a33533,2025-10-24,stablecoins,Stablecoins,82,18,18,weight_pct,pct,fresh,2025-10-24T11:21:25.096Z,,v3.1.0,
35287bd3b274fb53bc505ec75f358436d908b394,42772751a5136b4d4263f5b11f050cd844a33533,2025-10-24,term_leverage,Term Structure & Leverage,67,18,18,weight_pct,pct,fresh,2025-10-24T11:21:12.489Z,,v3.1.0,
35287bd3b274fb53bc505ec75f358436d908b394,42772751a5136b4d4263f5b11f050cd844a33533,2025-10-24,trend_valuation,Trend & Valuation,51,25,25,weight_pct,pct,fresh,2025-10-24T11:21:12.089Z,,v3.1.0,
23451afee350087c86eb675fa3ff06495c5b17ca,43cb664bf03a6208949817f6f26fa544e3c1683d,2025-10-25,etf_flows,ETF Flows,61,10,10,weight_pct,pct,fresh,2025-10-24T16:00:00.000Z,,v3.1.0,
23451afee350087c86eb675fa3ff06495c5b17ca,43cb664bf03a6208949817f6f26fa544e3c1683d,2025-10-25,macro_overlay,Macro Overlay,76,6,6,weight_pct,pct,fresh,2025-10-25T11:17:34.698Z,,v3.1.0,
23451afee350087c86eb675fa3ff06495c5b17ca,43cb664bf03a6208949817f6f26fa544e3c1683d,2025-10-25,net_liquidity,Net Liquidity (FRED),30,10,10,weight_pct,pct,fresh,2025-10-22T00:00:00.000Z,,v3.1.0,
23451afee350087c86eb675fa3ff06495c5b17ca,43cb664bf03a6208949817f6f26fa544e3c1683d,2025-10-25,onchain,On-chain Activity,49,8,8,weight_pct,pct,fresh,2025-10-25T11:17:34.880Z,,v3.1.0,
23451afee350087c86eb675fa3ff06495c5b17ca,43cb664bf03a6208949817f6f26fa544e3c1683d,2025-10-25,social_interest,Social Interest,55,5,5,weight_pct,pct,fresh,2025-10-25T11:17:34.176Z,,v3.1.0,
23451afee350087c86eb675fa3ff06495c5b17ca,43cb664bf03a6208949817f6f26fa544e3c1683d,2025-10-25,stablecoins,Stablecoins,82,18,18,weight_pct,pct,fresh,2025-10-25T11:17:46.489Z,,v3.1.0,
23451afee350087c86eb675fa3ff06495c5b17ca,43cb664bf03a6208949817f6f26fa544e3c1683d,2025-10-25,term_leverage,Term Structure & Leverage,66,18,18,weight_pct,pct,fresh,2025-10-25T11:17:34.540Z,,v3.1.0,
23451afee350087c86eb675fa3ff06495c5b17ca,43cb664bf03a6208949817f6f26fa544e3c1683d,2025-10-25,trend_valuation,Trend & Valuation,51,25,25,weight_pct,pct,fresh,2025-10-25T11:17:34.170Z,,v3.1.0,
7ac9f190a6c0e745a706b5fb462a61c7e0474433,04a775aa97041a42681bdf3206458c190df7c83d,2025-10-26,etf_flows,ETF Flows,61,10,10,weight_pct,pct,fresh,2025-10-24T16:00:00.000Z,,v3.1.0,
7ac9f190a6c0e745a706b5fb462a61c7e0474433,04a775aa97041a42681bdf3206458c190df7c83d,2025-10-26,macro_overlay,Macro Overlay,76,6,6,weight_pct,pct,fresh,2025-10-26T11:17:53.873Z,,v3.1.0,
7ac9f190a6c0e745a706b5fb462a61c7e0474433,04a775aa97041a42681bdf3206458c190df7c83d,2025-10-26,net_liquidity,Net Liquidity (FRED),30,10,10,weight_pct,pct,fresh,2025-10-22T00:00:00.000Z,,v3.1.0,
7ac9f190a6c0e745a706b5fb462a61c7e0474433,04a775aa97041a42681bdf3206458c190df7c83d,2025-10-26,onchain,On-chain Activity,53,8,8,weight_pct,pct,fresh,2025-10-26T11:17:53.327Z,,v3.1.0,
7ac9f190a6c0e745a706b5fb462a61c7e0474433,04a775aa97041a42681bdf3206458c190df7c83d,2025-10-26,social_interest,Social Interest,55,5,5,weight_pct,pct,fresh,2025-10-26T11:17:52.789Z,,v3.1.0,
7ac9f190a6c0e745a706b5fb462a61c7e0474433,04a775aa97041a42681bdf3206458c190df7c83d,2025-10-26,stablecoins,Stablecoins,82,18,18,weight_pct,pct,fresh,2025-10-26T11:18:05.204Z,,v3.1.0,
7ac9f190a6c0e745a706b5fb462a61c7e0474433,04a775aa97041a42681bdf3206458c190df7c83d,2025-10-26,term_leverage,Term Structure & Leverage,65,18,18,weight_pct,pct,fresh,2025-10-26T11:17:53.137Z,,v3.1.0,
7ac9f190a6c0e745a706b5fb462a61c7e0474433,04a775aa97041a42681bdf3206458c190df7c83d,2025-10-26,trend_valuation,Trend & Valuation,51,25,25,weight_pct,pct,fresh,2025-10-26T11:17:52.785Z,,v3.1.0,
5fa982f81cbd342b11bedec49d5f7e38036b0b77,271aaa5266a7604cd90a8752d5cce049d60700a2,2025-10-27,etf_flows,ETF Flows,61,10,10,weight_pct,pct,fresh,2025-10-24T16:00:00.000Z,,v3.1.0,
5fa982f81cbd342b11bedec49d5f7e38036b0b77,271aaa5266a7604cd90a8752d5cce049d60700a2,2025-10-27,macro_overlay,Macro Overlay,76,6,6,weight_pct,pct,fresh,2025-10-27T11:21:13.887Z,,v3.1.0,
5fa982f81cbd342b11bedec49d5f7e38036b0b77,271aaa5266a7604cd90a8752d5cce049d60700a2,2025-10-27,net_liquidity,Net Liquidity (FRED),30,10,10,weight_pct,pct,fresh,2025-10-22T00:00:00.000Z,,v3.1.0,
5fa982f81cbd342b11bedec49d5f7e38036b0b77,271aaa5266a7604cd90a8752d5cce049d60700a2,2025-10-27,onchain,On-chain Activity,53,8,8,weight_pct,pct,fresh,2025-10-27T11:21:14.089Z,,v3.1.0,
5fa982f81cbd342b11bedec49d5f7e38036b0b77,271aaa5266a7604cd90a8752d5cce049d60700a2,2025-10-27,social_interest,Social Interest,55,5,5,weight_pct,pct,fresh,2025-10-27T11:21:13.698Z,,v3.1.0,
5fa982f81cbd342b11bedec49d5f7e38036b0b77,271aaa5266a7604cd90a8752d5cce049d60700a2,2025-10-27,stablecoins,Stablecoins,82,18,18,weight_pct,pct,fresh,2025-10-27T11:21:25.533Z,,v3.1.0,
5fa982f81cbd342b11bedec49d5f7e38036b0b77,271aaa5266a7604cd90a8752d5cce049d60700a2,2025-10-27,term_leverage,Term Structure & Leverage,64,18,18,weight_pct,pct,fresh,2025-10-27T11:21:13.960Z,,v3.1.0,
5fa982f81cbd342b11bedec49d5f7e38036b0b77,271aaa5266a7604cd90a8752d5cce049d60700a2,2025-10-27,trend_valuation,Trend & Valuation,51,25,25,weight_pct,pct,fresh,2025-10-27T11:21:13.691Z,,v3.1.0,
2eb8215ddb08f943ddfe5d0a008c1397c0c05c99,01abb8c4e9b3c8701db482dec34049061c6f5a63,2025-10-28,etf_flows,ETF Flows,50,10,10,weight_pct,pct,fresh,2025-10-27T16:00:00.000Z,,v3.1.0,
2eb8215ddb08f943ddfe5d0a008c1397c0c05c99,01abb8c4e9b3c8701db482dec34049061c6f5a63,2025-10-28,macro_overlay,Macro Overlay,68,6,6,weight_pct,pct,fresh,2025-10-28T11:19:52.653Z,,v3.1.0,
2eb8215ddb08f943ddfe5d0a008c1397c0c05c99,01abb8c4e9b3c8701db482dec34049061c6f5a63,2025-10-28,net_liquidity,Net Liquidity (FRED),30,10,10,weight_pct,pct,fresh,2025-10-22T00:00:00.000Z,,v3.1.0,
2eb8215ddb08f943ddfe5d0a008c1397c0c05c99,01abb8c4e9b3c8701db482dec34049061c6f5a63,2025-10-28,onchain,On-chain Activity,53,8,8,weight_pct,pct,fresh,2025-10-28T11:19:53.026Z,,v3.1.0,
2eb8215ddb08f943ddfe5d0a008c1397c0c05c99,01abb8c4e9b3c8701db482dec34049061c6f5a63,2025-10-28,social_interest,Social Interest,55,5,5,weight_pct,pct,fresh,2025-10-28T11:19:51.766Z,,v3.1.0,
2eb8215ddb08f943ddfe5d0a008c1397c0c05c99,01abb8c4e9b3c8701db482dec34049061c6f5a63,2025-10-28,stablecoins,Stablecoins,82,18,18,weight_pct,pct,fresh,2025-10-28T11:20:04.608Z,,v3.1.0,
2eb8215ddb08f943ddfe5d0a008c1397c0c05c99,01abb8c4e9b3c8701db482dec34049061c6f5a63,2025-10-28,term_leverage,Term Structure & Leverage,63,18,18,weight_pct,pct,fresh,2025-10-28T11:19:52.453Z,,v3.1.0,
2eb8215ddb08f943ddfe5d0a008c1397c0c05c99,01abb8c4e9b3c8701db482dec34049061c6f5a63,2025-10-28,trend_valuation,Trend & Valuation,52,25,25,weight_pct,pct,fresh,2025-10-28T11:19:51.764Z,,v3.1.0,
301c6abe51a4fb896a1659aa6ceb00c842ce8300,5c4535b2a8cc43ca52c74e66bba630b899c8cb09,2025-10-29,etf_flows,ETF Flows,32,10,10,weight_pct,pct,fresh,2025-10-28T16:00:00.000Z,,v3.1.0,
301c6abe51a4fb896a1659aa6ceb00c842ce8300,5c4535b2a8cc43ca52c74e66bba630b899c8cb09,2025-10-29,macro_overlay,Macro Overlay,60,6,6,weight_pct,pct,fresh,2025-10-29T11:21:23.163Z,,v3.1.0,
301c6abe51a4fb896a1659aa6ceb00c842ce8300,5c4535b2a8cc43ca52c74e66bba630b899c8cb09,2025-10-29,net_liquidity,Net Liquidity (FRED),30,10,10,weight_pct,pct,fresh,2025-10-22T00:00:00.000Z,,v3.1.0,
301c6abe51a4fb896a1659aa6ceb00c842ce8300,5c4535b2a8cc43ca52c74e66bba630b899c8cb09,2025-10-29,onchain,On-chain Activity,50,8,8,weight_pct,pct,fresh,2025-10-29T11:21:23.465Z,,v3.1.0,
301c6abe51a4fb896a1659aa6ceb00c842ce8300,5c4535b2a8cc43ca52c74e66bba630b899c8cb09,2025-10-29,social_interest,Social Interest,55,5,5,weight_pct,pct,fresh,2025-10-29T11:21:22.577Z,,v3.1.0,
301c6abe51a4fb896a1659aa6ceb00c842ce8300,5c4535b2a8cc43ca52c74e66bba630b899c8cb09,2025-10-29,stablecoins,Stablecoins,82,18,18,weight_pct,pct,fresh,2025-10-29T11:21:34.803Z,,v3.1.0,
301c6abe51a4fb896a1659aa6ceb00c842ce8300,5c4535b2a8cc43ca52c74e66bba630b899c8cb09,2025-10-29,term_leverage,Term Structure & Leverage,61,18,18,weight_pct,pct,fresh,2025-10-29T11:21:23.099Z,,v3.1.0,
301c6abe51a4fb896a1659aa6ceb00c842ce8300,5c4535b2a8cc43ca52c74e66bba630b899c8cb09,2025-10-29,trend_valuation,Trend & Valuation,51,25,25,weight_pct,pct,fresh,2025-10-29T11:21:22.574Z,,v3.1.0,
4b676f964da66b963ad12c2ca901e0d00f5e6205,54d054b110ac779f45b073a27dac799d8a5b85a5,2025-10-29,etf_flows,ETF Flows,82,7.7,7.7,weight_pct,pct,fresh,2025-10-29T15:42:15.148Z,,v3.1.0,
4b676f964da66b963ad12c2ca901e0d00f5e6205,54d054b110ac779f45b073a27dac799d8a5b85a5,2025-10-29,macro_overlay,Macro Overlay,51,10,10,weight_pct,pct,fresh,2025-10-29T15:42:03.504Z,,v3.1.0,
4b676f964da66b963ad12c2ca901e0d00f5e6205,54d054b110ac779f45b073a27dac799d8a5b85a5,2025-10-29,net_liquidity,Net Liquidity (FRED),56,4.3,4.3,weight_pct,pct,fresh,2025-10-29T16:00:00.000Z,,v3.1.0,
4b676f964da66b963ad12c2ca901e0d00f5e6205,54d054b110ac779f45b073a27dac799d8a5b85a5,2025-10-29,social_interest,Social Interest,68,10,10,weight_pct,pct,fresh,2025-10-29T15:42:03.487Z,,v3.1.0,
4b676f964da66b963ad12c2ca901e0d00f5e6205,54d054b110ac779f45b073a27dac799d8a5b85a5,2025-10-29,stablecoins,Stablecoins,53,18,18,weight_pct,pct,fresh,2025-10-29T15:42:03.934Z,,v3.1.0,
4b676f964da66b963ad12c2ca901e0d00f5e6205,54d054b110ac779f45b073a27dac799d8a5b85a5,2025-10-29,term_leverage,Term Structure & Leverage,30,20,20,weight_pct,pct,stale,2025-10-22T00:00:00.000Z,,v3.1.0,
4b676f964da66b963ad12c2ca901e0d00f5e6205,54d054b110ac779f45b073a27dac799d8a5b85a5,2025-10-29,trend_valuation,Trend & Valuation,51,30,30,weight_pct,pct,fresh,2025-10-29T15:42:03.123Z,,v3.1.0,
5f23464bb0c1030dce35b15d86b54cb428893232,983e04df58ef6f428158f4e143c067acea3cc0f0,2025-10-29,etf_flows,ETF Flows,82,7.7,7.7,weight_pct,pct,fresh,2025-10-29T19:37:13.291Z,,v3.1.0,
5f23464bb0c1030dce35b15d86b54cb428893232,983e04df58ef6f428158f4e143c067acea3cc0f0,2025-10-29,macro_overlay,Macro Overlay,51,10,10,weight_pct,pct,fresh,2025-10-29T19:37:13.922Z,,v3.1.0,
5f23464bb0c1030dce35b15d86b54cb428893232,983e04df58ef6f428158f4e143c067acea3cc0f0,2025-10-29,net_liquidity,Net Liquidity (FRED),56,4.3,4.3,weight_pct,pct,fresh,2025-10-29T16:00:00.000Z,,v3.1.0,
5f23464bb0c1030dce35b15d86b54cb428893232,983e04df58ef6f428158f4e143c067acea3cc0f0,2025-10-29,social_interest,Social Interest,68,10,10,weight_pct,pct,fresh,2025-10-29T19:37:13.827Z,,v3.1.0,
5f23464bb0c1030dce35b15d86b54cb428893232,983e04df58ef6f428158f4e143c067acea3cc0f0,2025-10-29,stablecoins,Stablecoins,53,18,18,weight_pct,pct,fresh,2025-10-29T19:37:14.155Z,,v3.1.0,
5f23464bb0c1030dce35b15d86b54cb428893232,983e04df58ef6f428158f4e143c067acea3cc0f0,2025-10-29,term_leverage,Term Structure & Leverage,30,20,20,weight_pct,pct,stale,2025-10-22T00:00:00.000Z,,v3.1.0,
5f23464bb0c1030dce35b15d86b54cb428893232,983e04df58ef6f428158f4e143c067acea3cc0f0,2025-10-29,trend_valuation,Trend & Valuation,51,30,30,weight_pct,pct,fresh,2025-10-29T19:37:13.359Z,,v3.1.0,
3e2c090977ac781e1d04e53fe2a81b6681a5b68c,8324833c96638abd460fd7c8cbfd146b8787d2d7,2025-10-30,etf_flows,ETF Flows,82,7.7,7.7,weight_pct,pct,fresh,2025-10-30T11:20:35.510Z,,v3.1.0,
3e2c090977ac781e1d04e53fe2a81b6681a5b68c,8324833c96638abd460fd7c8cbfd146b8787d2d7,2025-10-30,macro_overlay,Macro Overlay,51,10,10,weight_pct,pct,fresh,2025-10-30T11:20:23.915Z,,v3.1.0,
3e2c090977ac781e1d04e53fe2a81b6681a5b68c,8324833c96638abd460fd7c8cbfd146b8787d2d7,2025-10-30,net_liquidity,Net Liquidity (FRED),34,4.3,4.3,weight_pct,pct,fresh,2025-10-29T16:00:00.000Z,,v3.1.0,
3e2c090977ac781e1d04e53fe2a81b6681a5b68c,8324833c96638abd460fd7c8cbfd146b8787d2d7,2025-10-30,social_interest,Social Interest,71,10,10,weight_pct,pct,fresh,2025-10-30T11:20:24.011Z,,v3.1.0,
3e2c090977ac781e1d04e53fe2a81b6681a5b68c,8324833c96638abd460fd7c8cbfd146b8787d2d7,2025-10-30,stablecoins,Stablecoins,50,18,18,weight_pct,pct,fresh,2025-10-30T11:20:24.588Z,,v3.1.0,
3e2c090977ac781e1d04e53fe2a81b6681a5b68c,8324833c96638abd460fd7c8cbfd146b8787d2d7,2025-10-30,term_leverage,Term Structure & Leverage,30,20,20,weight_pct,pct,stale,2025-10-22T00:00:00.000Z,,v3.1.0,
3e2c090977ac781e1d04e53fe2a81b6681a5b68c,8324833c96638abd460fd7c8cbfd146b8787d2d7,2025-10-30,trend_valuation,Trend & Valuation,51,30,30,weight_pct,pct,fresh,2025-10-30T11:20:23.365Z,,v3.1.0,
91b7aa644b5d9e7557b6b33c197c2c1df5cf8418,3345c26f51ffcfc64021fde450d8f5d3324108d0,2025-10-31,etf_flows,ETF Flows,82,7.7,7.7,weight_pct,pct,fresh,2025-10-31T11:20:00.480Z,,v3.1.0,
91b7aa644b5d9e7557b6b33c197c2c1df5cf8418,3345c26f51ffcfc64021fde450d8f5d3324108d0,2025-10-31,macro_overlay,Macro Overlay,51,10,10,weight_pct,pct,fresh,2025-10-31T11:19:48.970Z,,v3.1.0,
91b7aa644b5d9e7557b6b33c197c2c1df5cf8418,3345c26f51ffcfc64021fde450d8f5d3324108d0,2025-10-31,net_liquidity,Net Liquidity (FRED),56,4.3,4.3,weight_pct,pct,fresh,2025-10-30T16:00:00.000Z,,v3.1.0,
91b7aa644b5d9e7557b6b33c197c2c1df5cf8418,3345c26f51ffcfc64021fde450d8f5d3324108d0,2025-10-31,social_interest,Social Interest,87,10,10,weight_pct,pct,fresh,2025-10-31T11:19:49.049Z,,v3.1.0,
91b7aa644b5d9e7557b6b33c197c2c1df5cf8418,3345c26f51ffcfc64021fde450d8f5d3324108d0,2025-10-31,stablecoins,Stablecoins,37,18,18,weight_pct,pct,fresh,2025-10-31T11:19:49.597Z,,v3.1.0,
91b7aa644b5d9e7557b6b33c197c2c1df5cf8418,3345c26f51ffcfc64021fde450d8f5d3324108d0,2025-10-31,term_leverage,Term Structure & Leverage,23,20,20,weight_pct,pct,stale,2025-10-29T00:00:00.000Z,,v3.1.0,
91b7aa644b5d9e7557b6b33c197c2c1df5cf8418,3345c26f51ffcfc64021fde450d8f5d3324108d0,2025-10-31,trend_valuation,Trend & Valuation,51,30,30,weight_pct,pct,fresh,2025-10-31T11:19:48.277Z,,v3.1.0,
16aa91c6b8b83cf3266efd431b9fc86e6afab7c9,3780db7a62fc96d2e4b044c502f72851887d1ac9,2025-11-01,etf_flows,ETF Flows,82,7.7,7.7,weight_pct,pct,fresh,2025-11-01T11:18:18.315Z,,v3.1.0,
16aa91c6b8b83cf3266efd431b9fc86e6afab7c9,3780db7a62fc96d2e4b044c502f72851887d1ac9,2025-11-01,macro_overlay,Macro Overlay,51,10,10,weight_pct,pct,fresh,2025-11-01T11:18:06.986Z,,v3.1.0,
16aa91c6b8b83cf3266efd431b9fc86e6afab7c9,3780db7a62fc96d2e4b044c502f72851887d1ac9,2025-11-01,net_liquidity,Net Liquidity (FRED),65,4.3,4.3,weight_pct,pct,fresh,2025-10-31T16:00:00.000Z,,v3.1.0,
16aa91c6b8b83cf3266efd431b9fc86e6afab7c9,3780db7a62fc96d2e4b044c502f72851887d1ac9,2025-11-01,social_interest,Social Interest,88,10,10,weight_pct,pct,fresh,2025-11-01T11:18:06.855Z,,v3.1.0,
16aa91c6b8b83cf3266efd431b9fc86e6afab7c9,3780db7a62fc96d2e4b044c502f72851887d1ac9,2025-11-01,stablecoins,Stablecoins,43,18,18,weight_pct,pct,fresh,2025-11-01T11:18:07.377Z,,v3.1.0,
16aa91c6b8b83cf3266efd431b9fc86e6afab7c9,3780db7a62fc96d2e4b044c502f72851887d1ac9,2025-11-01,term_leverage,Term Structure & Leverage,23,20,20,weight_pct,pct,stale,2025-10-29T00:00:00.000Z,,v3.1.0,
16aa91c6b8b83cf3266efd431b9fc86e6afab7c9,3780db7a62fc96d2e4b044c502f72851887d1ac9,2025-11-01,trend_valuation,Trend & Valuation,51,30,30,weight_pct,pct,fresh,2025-11-01T11:18:06.122Z,,v3.1.0,
2323b3fd8fbaf9d9dccdad0abcf5b3c9d2346e3d,56a3f38b9a09086304696e007eca2dd2b87d7519,2025-11-02,etf_flows,ETF Flows,82,7.7,7.7,weight_pct,pct,fresh,2025-11-02T11:17:41.229Z,,v3.1.0,
2323b3fd8fbaf9d9dccdad0abcf5b3c9d2346e3d,56a3f38b9a09086304696e007eca2dd2b87d7519,2025-11-02,macro_overlay,Macro Overlay,49,10,10,weight_pct,pct,fresh,2025-11-02T11:17:29.396Z,,v3.1.0,
2323b3fd8fbaf9d9dccdad0abcf5b3c9d2346e3d,56a3f38b9a09086304696e007eca2dd2b87d7519,2025-11-02,net_liquidity,Net Liquidity (FRED),65,4.3,4.3,weight_pct,pct,fresh,2025-10-31T16:00:00.000Z,,v3.1.0,
2323b3fd8fbaf9d9dccdad0abcf5b3c9d2346e3d,56a3f38b9a09086304696e007eca2dd2b87d7519,2025-11-02,social_interest,Social Interest,88,10,10,weight_pct,pct,fresh,2025-11-02T11:17:29.615Z,,v3.1.0,
2323b3fd8fbaf9d9dccdad0abcf5b3c9d2346e3d,56a3f38b9a09086304696e007eca2dd2b87d7519,2025-11-02,stablecoins,Stablecoins,46,18,18,weight_pct,pct,fresh,2025-11-02T11:17:29.898Z,,v3.1.0,
2323b3fd8fbaf9d9dccdad0abcf5b3c9d2346e3d,56a3f38b9a09086304696e007eca2dd2b87d7519,2025-11-02,term_leverage,Term Structure & Leverage,23,20,20,weight_pct,pct,stale,2025-10-29T00:00:00.000Z,,v3.1.0,
2323b3fd8fbaf9d9dccdad0abcf5b3c9d2346e3d,56a3f38b9a09086304696e007eca2dd2b87d7519,2025-11-02,trend_valuation,Trend & Valuation,51,30,30,weight_pct,pct,fresh,2025-11-02T11:17:29.008Z,,v3.1.0,
f4ec215a663ca4c28ad7223924ad55da4453b6af,bfd413c5f17c0bf238cd7380d26f30ceed80d090,2025-11-03,etf_flows,ETF Flows,82,7.7,7.7,weight_pct,pct,fresh,2025-11-03T11:21:04.008Z,,v3.1.0,
f4ec215a663ca4c28ad7223924ad55da4453b6af,bfd413c5f17c0bf238cd7380d26f30ceed80d090,2025-11-03,macro_overlay,Macro Overlay,52,10,10,weight_pct,pct,fresh,2025-11-03T11:20:51.489Z,,v3.1.0,
f4ec215a663ca4c28ad7223924ad55da4453b6af,bfd413c5f17c0bf238cd7380d26f30ceed80d090,2025-11-03,net_liquidity,Net Liquidity (FRED),65,4.3,4.3,weight_pct,pct,fresh,2025-10-31T16:00:00.000Z,,v3.1.0,
f4ec215a663ca4c28ad7223924ad55da4453b6af,bfd413c5f17c0bf238cd7380d26f30ceed80d090,2025-11-03,social_interest,Social Interest,88,10,10,weight_pct,pct,fresh,2025-11-03T11:20:51.475Z,,v3.1.0,
f4ec215a663ca4c28ad7223924ad55da4453b6af,bfd413c5f17c0bf238cd7380d26f30ceed80d090,2025-11-03,stablecoins,Stablecoins,44,18,18,weight_pct,pct,fresh,2025-11-03T11:20:51.998Z,,v3.1.0,
f4ec215a663ca4c28ad7223924ad55da4453b6af,bfd413c5f17c0bf238cd7380d26f30ceed80d090,2025-11-03,term_leverage,Term Structure & Leverage,23,20,20,weight_pct,pct,stale,2025-10-29T00:00:00.000Z,,v3.1.0,
f4ec215a663ca4c28ad7223924ad55da4453b6af,bfd413c5f17c0bf238cd7380d26f30ceed80d090,2025-11-03,trend_valuation,Trend & Valuation,51,30,30,weight_pct,pct,fresh,2025-11-03T11:20:51.171Z,,v3.1.0,
7be7a7d02c3792b8106373c7355705c2d77b3120,ecbae65daf2ed679bb6b0fb8f76628eed27b96ae,2025-11-04,etf_flows,ETF Flows,82,7.7,7.7,weight_pct,pct,fresh,2025-11-04T11:22:50.763Z,,v3.1.0,
7be7a7d02c3792b8106373c7355705c2d77b3120,ecbae65daf2ed679bb6b0fb8f76628eed27b96ae,2025-11-04,macro_overlay,Macro Overlay,53,10,10,weight_pct,pct,fresh,2025-11-04T11:22:39.200Z,,v3.1.0,
7be7a7d02c3792b8106373c7355705c2d77b3120,ecbae65daf2ed679bb6b0fb8f76628eed27b96ae,2025-11-04,net_liquidity,Net Liquidity (FRED),87,4.3,4.3,weight_pct,pct,fresh,2025-11-03T16:00:00.000Z,,v3.1.0,
7be7a7d02c3792b8106373c7355705c2d77b3120,ecbae65daf2ed679bb6b0fb8f76628eed27b96ae,2025-11-04,social_interest,Social Interest,93,10,10,weight_pct,pct,fresh,2025-11-04T11:22:39.056Z,,v3.1.0,
7be7a7d02c3792b8106373c7355705c2d77b3120,ecbae65daf2ed679bb6b0fb8f76628eed27b96ae,2025-11-04,stablecoins,Stablecoins,32,18,18,weight_pct,pct,fresh,2025-11-04T11:22:39.488Z,,v3.1.0,
7be7a7d02c3792b8106373c7355705c2d77b3120,ecbae65daf2ed679bb6b0fb8f76628eed27b96ae,2025-11-04,term_leverage,Term Structure & Leverage,23,20,20,weight_pct,pct,stale,2025-10-29T00:00:00.000Z,,v3.1.0,
7be7a7d02c3792b8106373c7355705c2d77b3120,ecbae65daf2ed679bb6b0fb8f76628eed27b96ae,2025-11-04,trend_valuation,Trend & Valuation,51,30,30,weight_pct,pct,fresh,2025-11-04T11:22:38.776Z,,v3.1.0,
1ea1425d4702c3af15dbfceb3b3385cd950e4b6d,bdbfcb23fc8af1cfb1023520ccd8a62c26355c57,2025-11-05,etf_flows,ETF Flows,82,7.7,7.7,weight_pct,pct,fresh,2025-11-05T11:22:22.477Z,,v3.1.0,
1ea1425d4702c3af15dbfceb3b3385cd950e4b6d,bdbfcb23fc8af1cfb1023520ccd8a62c26355c57,2025-11-05,macro_overlay,Macro Overlay,47,10,10,weight_pct,pct,fresh,2025-11-05T11:22:11.051Z,,v3.1.0,
1ea1425d4702c3af15dbfceb3b3385cd950e4b6d,bdbfcb23fc8af1cfb1023520ccd8a62c26355c57,2025-11-05,net_liquidity,Net Liquidity (FRED),66,4.3,4.3,weight_pct,pct,fresh,2025-11-04T16:00:00.000Z,,v3.1.0,
1ea1425d4702c3af15dbfceb3b3385cd950e4b6d,bdbfcb23fc8af1cfb1023520ccd8a62c26355c57,2025-11-05,social_interest,Social Interest,92,10,10,weight_pct,pct,fresh,2025-11-05T11:22:11.256Z,,v3.1.0,
1ea1425d4702c3af15dbfceb3b3385cd950e4b6d,bdbfcb23fc8af1cfb1023520ccd8a62c26355c57,2025-11-05,stablecoins,Stablecoins,32,18,18,weight_pct,pct,fresh,2025-11-05T11:22:11.693Z,,v3.1.0,
1ea1425d4702c3af15dbfceb3b3385cd950e4b6d,bdbfcb23fc8af1cfb1023520ccd8a62c26355c57,2025-11-05,term_leverage,Term Structure & Leverage,23,20,20,weight_pct,pct,stale,2025-10-29T00:00:00.000Z,,v3.1.0,
1ea1425d4702c3af15dbfceb3b3385cd950e4b6d,bdbfcb23fc8af1cfb1023520ccd8a62c26355c57,2025-11-05,trend_valuation,Trend & Valuation,51,30,30,weight_pct,pct,fresh,2025-11-05T11:22:10.246Z,,v3.1.0,
50cd77d5e75a9fd074874b77ab8837c97ce6ebba,65562b230f19720d20ebd255843a88a11f266b3a,2025-11-06,etf_flows,ETF Flows,82,7.7,7.7,weight_pct,pct,fresh,2025-11-06T11:22:07.393Z,,v3.1.0,
50cd77d5e75a9fd074874b77ab8837c97ce6ebba,65562b230f19720d20ebd255843a88a11f266b3a,2025-11-06,macro_overlay,Macro Overlay,47,10,10,weight_pct,pct,fresh,2025-11-06T11:21:55.422Z,,v3.1.0,
50cd77d5e75a9fd074874b77ab8837c97ce6ebba,65562b230f19720d20ebd255843a88a11f266b3a,2025-11-06,net_liquidity,Net Liquidity (FRED),70,4.3,4.3,weight_pct,pct,fresh,2025-11-05T16:00:00.000Z,,v3.1.0,
50cd77d5e75a9fd074874b77ab8837c97ce6ebba,65562b230f19720d20ebd255843a88a11f266b3a,2025-11-06,social_interest,Social Interest,93,10,10,weight_pct,pct,fresh,2025-11-06T11:21:55.619Z,,v3.1.0,
50cd77d5e75a9fd074874b77ab8837c97ce6ebba,65562b230f19720d20ebd255843a88a11f266b3a,2025-11-06,stablecoins,Stablecoins,36,18,18,weight_pct,pct,fresh,2025-11-06T11:21:56.042Z,,v3.1.0,
50cd77d5e75a9fd074874b77ab8837c97ce6ebba,65562b230f19720d20ebd255843a88a11f266b3a,2025-11-06,term_leverage,Term Structure & Leverage,23,20,20,weight_pct,pct,stale,2025-10-29T00:00:00.000Z,,v3.1.0,
50cd77d5e75a9fd074874b77ab8837c97ce6ebba,65562b230f19720d20ebd255843a88a11f266b3a,2025-11-06,trend_valuation,Trend & Valuation,51,30,30,weight_pct,pct,fresh,2025-11-06T11:21:54.906Z,,v3.1.0,
bcb883b0fe7713e0320e13f47c659f13fde92b1d,6b7a32f4ff599938ba137b541b8df8dab0400e3e,2025-11-07,etf_flows,ETF Flows,82,7.7,7.7,weight_pct,pct,fresh,2025-11-07T11:20:24.147Z,,v3.1.0,
bcb883b0fe7713e0320e13f47c659f13fde92b1d,6b7a32f4ff599938ba137b541b8df8dab0400e3e,2025-11-07,macro_overlay,Macro Overlay,46,10,10,weight_pct,pct,fresh,2025-11-07T11:20:12.671Z,,v3.1.0,
bcb883b0fe7713e0320e13f47c659f13fde92b1d,6b7a32f4ff599938ba137b541b8df8dab0400e3e,2025-11-07,net_liquidity,Net Liquidity (FRED),67,4.3,4.3,weight_pct,pct,fresh,2025-11-06T16:00:00.000Z,,v3.1.0,
bcb883b0fe7713e0320e13f47c659f13fde92b1d,6b7a32f4ff599938ba137b541b8df8dab0400e3e,2025-11-07,social_interest,Social Interest,94,10,10,weight_pct,pct,fresh,2025-11-07T11:20:13.176Z,,v3.1.0,
bcb883b0fe7713e0320e13f47c659f13fde92b1d,6b7a32f4ff599938ba137b541b8df8dab0400e3e,2025-11-07,stablecoins,Stablecoins,49,18,18,weight_pct,pct,fresh,2025-11-07T11:20:13.142Z,,v3.1.0,
bcb883b0fe7713e0320e13f47c659f13fde92b1d,6b7a32f4ff599938ba137b541b8df8dab0400e3e,2025-11-07,term_leverage,Term Structure & Leverage,50,20,20,weight_pct,pct,stale,2025-11-05T00:00:00.000Z,,v3.1.0,
bcb883b0fe7713e0320e13f47c659f13fde92b1d,6b7a32f4ff599938ba137b541b8df8dab0400e3e,2025-11-07,trend_valuation,Trend & Valuation,50,30,30,weight_pct,pct,fresh,2025-11-07T11:20:12.272Z,,v3.1.0,
bf248bb3a563b2a1dca9837c9b0ae18de1c088b7,7ef96abdf52cd33c24de2a5f62be46379932bef5,2025-11-08,etf_flows,ETF Flows,82,7.7,7.7,weight_pct,pct,fresh,2025-11-08T11:18:17.907Z,,v3.1.0,
bf248bb3a563b2a1dca9837c9b0ae18de1c088b7,7ef96abdf52cd33c24de2a5f62be46379932bef5,2025-11-08,macro_overlay,Macro Overlay,44,10,10,weight_pct,pct,fresh,2025-11-08T11:18:06.400Z,,v3.1.0,
bf248bb3a563b2a1dca9837c9b0ae18de1c088b7,7ef96abdf52cd33c24de2a5f62be46379932bef5,2025-11-08,net_liquidity,Net Liquidity (FRED),66,4.3,4.3,weight_pct,pct,fresh,2025-11-07T16:00:00.000Z,,v3.1.0,
bf248bb3a563b2a1dca9837c9b0ae18de1c088b7,7ef96abdf52cd33c24de2a5f62be46379932bef5,2025-11-08,social_interest,Social Interest,92,10,10,weight_pct,pct,fresh,2025-11-08T11:18:06.369Z,,v3.1.0,
bf248bb3a563b2a1dca9837c9b0ae18de1c088b7,7ef96abdf52cd33c24de2a5f62be46379932bef5,2025-11-08,stablecoins,Stablecoins,46,18,18,weight_pct,pct,fresh,2025-11-08T11:18:06.766Z,,v3.1.0,
bf248bb3a563b2a1dca9837c9b0ae18de1c088b7,7ef96abdf52cd33c24de2a5f62be46379932bef5,2025-11-08,term_leverage,Term Structure & Leverage,50,20,20,weight_pct,pct,stale,2025-11-05T00:00:00.000Z,,v3.1.0,
bf248bb3a563b2a1dca9837c9b0ae18de1c088b7,7ef96abdf52cd33c24de2a5f62be46379932bef5,2025-11-08,trend_valuation,Trend & Valuation,51,30,30,weight_pct,pct,fresh,2025-11-08T11:18:06.011Z,,v3.1.0,
09996e5616a6d95ae5837a925bdb850a531392af,78292aa17faef521754aebe76eac5216e728d4e4,2025-11-09,etf_flows,ETF Flows,82,7.7,7.7,weight_pct,pct,fresh,2025-11-09T11:18:18.508Z,,v3.1.0,
09996e5616a6d95ae5837a925bdb850a531392af,78292aa17faef521754aebe76eac5216e728d4e4,2025-11-09,macro_overlay,Macro Overlay,44,10,10,weight_pct,pct,fresh,2025-11-09T11:18:06.939Z,,v3.1.0,
09996e5616a6d95ae5837a925bdb850a531392af,78292aa17faef521754aebe76eac5216e728d4e4,2025-11-09,net_liquidity,Net Liquidity (FRED),66,4.3,4.3,weight_pct,pct,fresh,2025-11-07T16:00:00.000Z,,v3.1.0,
09996e5616a6d95ae5837a925bdb850a531392af,78292aa17faef521754aebe76eac5216e728d4e4,2025-11-09,social_interest,Social Interest,91,10,10,weight_pct,pct,fresh,2025-11-09T11:18:07.136Z,,v3.1.0,
09996e5616a6d95ae5837a925bdb850a531392af,78292aa17faef521754aebe76eac5216e728d4e4,2025-11-09,stablecoins,Stablecoins,56,18,18,weight_pct,pct,fresh,2025-11-09T11:18:07.448Z,,v3.1.0,
09996e5616a6d95ae5837a925bdb850a531392af,78292aa17faef521754aebe76eac5216e728d4e4,2025-11-09,term_leverage,Term Structure & Leverage,50,20,20,weight_pct,pct,stale,2025-11-05T00:00:00.000Z,,v3.1.0,
09996e5616a6d95ae5837a925bdb850a531392af,78292aa17faef521754aebe76eac5216e728d4e4,2025-11-09,trend_valuation,Trend & Valuation,51,30,30,weight_pct,pct,fresh,2025-11-09T11:18:06.360Z,,v3.1.0,
c6ef0c2c5039e7f3b8f16933304c47571b9c0a88,25c86965a194d007451dea58230d3cf2fad8e70e,2025-11-10,etf_flows,ETF Flows,82,7.7,7.7,weight_pct,pct,fresh,2025-11-10T11:21:43.265Z,,v3.1.0,
c6ef0c2c5039e7f3b8f16933304c47571b9c0a88,25c86965a194d007451dea58230d3cf2fad8e70e,2025-11-10,macro_overlay,Macro Overlay,47,10,10,weight_pct,pct,fresh,2025-11-10T11:21:31.705Z,,v3.1.0,
c6ef0c2c5039e7f3b8f16933304c47571b9c0a88,25c86965a194d007451dea58230d3cf2fad8e70e,2025-11-10,net_liquidity,Net Liquidity (FRED),66,4.3,4.3,weight_pct,pct,fresh,2025-11-07T16:00:00.000Z,,v3.1.0,
c6ef0c2c5039e7f3b8f16933304c47571b9c0a88,25c86965a194d007451dea58230d3cf2fad8e70e,2025-11-10,social_interest,Social Interest,91,10,10,weight_pct,pct,fresh,2025-11-10T11:21:31.774Z,,v3.1.0,
c6ef0c2c5039e7f3b8f16933304c47571b9c0a88,25c86965a194d007451dea58230d3cf2fad8e70e,2025-11-10,stablecoins,Stablecoins,45,18,18,weight_pct,pct,fresh,2025-11-10T11:21:32.125Z,,v3.1.0,
c6ef0c2c5039e7f3b8f16933304c47571b9c0a88,25c86965a194d007451dea58230d3cf2fad8e70e,2025-11-10,term_leverage,Term Structure & Leverage,50,20,20,weight_pct,pct,stale,2025-11-05T00:00:00.000Z,,v3.1.0,
c6ef0c2c5039e7f3b8f16933304c47571b9c0a88,25c86965a194d007451dea58230d3cf2fad8e70e,2025-11-10,trend_valuation,Trend & Valuation,51,30,30,weight_pct,pct,fresh,2025-11-10T11:21:31.127Z,,v3.1.0,
7a54de05a68dae9fa8bacc3e01781e244765feef,9cd640c50daf45460d328203fd92f97fa1ac4d28,2025-11-11,etf_flows,ETF Flows,82,7.7,7.7,weight_pct,pct,fresh,2025-11-11T11:22:04.169Z,,v3.1.0,
7a54de05a68dae9fa8bacc3e01781e244765feef,9cd640c50daf45460d328203fd92f97fa1ac4d28,2025-11-11,macro_overlay,Macro Overlay,48,10,10,weight_pct,pct,fresh,2025-11-11T11:21:52.077Z,,v3.1.0,
7a54de05a68dae9fa8bacc3e01781e244765feef,9cd640c50daf45460d328203fd92f97fa1ac4d28,2025-11-11,net_liquidity,Net Liquidity (FRED),91,4.3,4.3,weight_pct,pct,fresh,2025-11-10T16:00:00.000Z,,v3.1.0,
7a54de05a68dae9fa8bacc3e01781e244765feef,9cd640c50daf45460d328203fd92f97fa1ac4d28,2025-11-11,social_interest,Social Interest,89,10,10,weight_pct,pct,fresh,2025-11-11T11:21:51.945Z,,v3.1.0,
7a54de05a68dae9fa8bacc3e01781e244765feef,9cd640c50daf45460d328203fd92f97fa1ac4d28,2025-11-11,stablecoins,Stablecoins,58,18,18,weight_pct,pct,fresh,2025-11-11T11:21:52.217Z,,v3.1.0,
7a54de05a68dae9fa8bacc3e01781e244765feef,9cd640c50daf45460d328203fd92f97fa1ac4d28,2025-11-11,term_leverage,Term Structure & Leverage,50,20,20,weight_pct,pct,stale,2025-11-05T00:00:00.000Z,,v3.1.0,
7a54de05a68dae9fa8bacc3e01781e244765feef,9cd640c50daf45460d328203fd92f97fa1ac4d28,2025-11-11,trend_valuation,Trend & Valuation,51,30,30,weight_pct,pct,fresh,2025-11-11T11:21:51.628Z,,v3.1.0,
4f5ef1f5f381611c775b93998ca5c581dd141848,fe28d5c09ad51798b652d4d3e3c4dd91355c2a53,2025-11-12,etf_flows,ETF Flows,82,7.7,7.7,weight_pct,pct,fresh,2025-11-12T11:22:09.574Z,,v3.1.0,
4f5ef1f5f381611c775b93998ca5c581dd141848,fe28d5c09ad51798b652d4d3e3c4dd91355c2a53,2025-11-12,macro_overlay,Macro Overlay,48,10,10,weight_pct,pct,fresh,2025-11-12T11:21:57.674Z,,v3.1.0,
4f5ef1f5f381611c775b93998ca5c581dd141848,fe28d5c09ad51798b652d4d3e3c4dd91355c2a53,2025-11-12,net_liquidity,Net Liquidity (FRED),55,4.3,4.3,weight_pct,pct,fresh,2025-11-11T16:00:00.000Z,,v3.1.0,
4f5ef1f5f381611c775b93998ca5c581dd141848,fe28d5c09ad51798b652d4d3e3c4dd91355c2a53,2025-11-12,social_interest,Social Interest,87,10,10,weight_pct,pct,fresh,2025-11-12T11:21:57.469Z,,v3.1.0,
4f5ef1f5f381611c775b93998ca5c581dd141848,fe28d5c09ad51798b652d4d3e3c4dd91355c2a53,2025-11-12,stablecoins,Stablecoins,50,18,18,weight_pct,pct,fresh,2025-11-12T11:21:57.773Z,,v3.1.0,
4f5ef1f5f381611c775b93998ca5c581dd141848,fe28d5c09ad51798b652d4d3e3c4dd91355c2a53,2025-11-12,term_leverage,Term Structure & Leverage,50,20,20,weight_pct,pct,stale,2025-11-05T00:00:00.000Z,,v3.1.0,
4f5ef1f5f381611c775b93998ca5c581dd141848,fe28d5c09ad51798b652d4d3e3c4dd91355c2a53,2025-11-12,trend_valuation,Trend & Valuation,51,30,30,weight_pct,pct,fresh,2025-11-12T11:21:56.974Z,,v3.1.0,
be7cf391dbac451c96467cbcbae5a900e6cc76d6,38c8f20bd5af4d5068821693411d452e8f9e0422,2025-11-13,etf_flows,ETF Flows,82,7.7,7.7,weight_pct,pct,fresh,2025-11-13T11:22:40.360Z,,v3.1.0,
be7cf391dbac451c96467cbcbae5a900e6cc76d6,38c8f20bd5af4d5068821693411d452e8f9e0422,2025-11-13,macro_overlay,Macro Overlay,46,10,10,weight_pct,pct,fresh,2025-11-13T11:22:28.792Z,,v3.1.0,
be7cf391dbac451c96467cbcbae5a900e6cc76d6,38c8f20bd5af4d5068821693411d452e8f9e0422,2025-11-13,net_liquidity,Net Liquidity (FRED),54,4.3,4.3,weight_pct,pct,fresh,2025-11-12T16:00:00.000Z,,v3.1.0,
be7cf391dbac451c96467cbcbae5a900e6cc76d6,38c8f20bd5af4d5068821693411d452e8f9e0422,2025-11-13,social_interest,Social Interest,89,10,10,weight_pct,pct,fresh,2025-11-13T11:22:28.732Z,,v3.1.0,
be7cf391dbac451c96467cbcbae5a900e6cc76d6,38c8f20bd5af4d5068821693411d452e8f9e0422,2025-11-13,stablecoins,Stablecoins,42,18,18,weight_pct,pct,fresh,2025-11-13T11:22:29.026Z,,v3.1.0,
be7cf391dbac451c96467cbcbae5a900e6cc76d6,38c8f20bd5af4d5068821693411d452e8f9e0422,2025-11-13,term_leverage,Term Structure & Leverage,50,20,20,weight_pct,pct,stale,2025-11-05T00:00:00.000Z,,v3.1.0,
be7cf391dbac451c96467cbcbae5a900e6cc76d6,38c8f20bd5af4d5068821693411d452e8f9e0422,2025-11-13,trend_valuation,Trend & Valuation,51,30,30,weight_pct,pct,fresh,2025-11-13T11:22:28.272Z,,v3.1.0,
e98a9c66dabeb3b09c02d663802425669fa30227,30fd33250cd27eda8ee3e298b50504aaf396b399,2025-11-14,etf_flows,ETF Flows,82,7.7,7.7,weight_pct,pct,fresh,2025-11-14T11:21:34.301Z,,v3.1.0,
e98a9c66dabeb3b09c02d663802425669fa30227,30fd33250cd27eda8ee3e298b50504aaf396b399,2025-11-14,macro_overlay,Macro Overlay,47,10,10,weight_pct,pct,fresh,2025-11-14T11:21:22.885Z,,v3.1.0,
e98a9c66dabeb3b09c02d663802425669fa30227,30fd33250cd27eda8ee3e298b50504aaf396b399,2025-11-14,net_liquidity,Net Liquidity (FRED),49,4.3,4.3,weight_pct,pct,fresh,2025-11-13T16:00:00.000Z,,v3.1.0,
e98a9c66dabeb3b09c02d663802425669fa30227,30fd33250cd27eda8ee3e298b50504aaf396b399,2025-11-14,social_interest,Social Interest,88,10,10,weight_pct,pct,fresh,2025-11-14T11:21:22.842Z,,v3.1.0,
e98a9c66dabeb3b09c02d663802425669fa30227,30fd33250cd27eda8ee3e298b50504aaf396b399,2025-11-14,stablecoins,Stablecoins,44,18,18,weight_pct,pct,fresh,2025-11-14T11:21:23.101Z,,v3.1.0,
e98a9c66dabeb3b09c02d663802425669fa30227,30fd33250cd27eda8ee3e298b50504aaf396b399,2025-11-14,term_leverage,Term Structure & Leverage,60,20,20,weight_pct,pct,stale,2025-11-12T00:00:00.000Z,,v3.1.0,
e98a9c66dabeb3b09c02d663802425669fa30227,30fd33250cd27eda8ee3e298b50504aaf396b399,2025-11-14,trend_valuation,Trend & Valuation,51,30,30,weight_pct,pct,fresh,2025-11-14T11:21:22.417Z,,v3.1.0,
1ba270f7ad7f1c6f6e4176027aa74486a9d28a6b,f24bbd4056163dad6493ceb011c1af81cfd7b9b7,2025-11-15,etf_flows,ETF Flows,82,7.7,7.7,weight_pct,pct,fresh,2025-11-15T11:18:34.530Z,,v3.1.0,
1ba270f7ad7f1c6f6e4176027aa74486a9d28a6b,f24bbd4056163dad6493ceb011c1af81cfd7b9b7,2025-11-15,macro_overlay,Macro Overlay,49,10,10,weight_pct,pct,fresh,2025-11-15T11:18:23.134Z,,v3.1.0,
1ba270f7ad7f1c6f6e4176027aa74486a9d28a6b,f24bbd4056163dad6493ceb011c1af81cfd7b9b7,2025-11-15,net_liquidity,Net Liquidity (FRED),75,4.3,4.3,weight_pct,pct,fresh,2025-11-14T16:00:00.000Z,,v3.1.0,
1ba270f7ad7f1c6f6e4176027aa74486a9d28a6b,f24bbd4056163dad6493ceb011c1af81cfd7b9b7,2025-11-15,social_interest,Social Interest,91,10,10,weight_pct,pct,fresh,2025-11-15T11:18:23.037Z,,v3.1.0,
1ba270f7ad7f1c6f6e4176027aa74486a9d28a6b,f24bbd4056163dad6493ceb011c1af81cfd7b9b7,2025-11-15,stablecoins,Stablecoins,40,18,18,weight_pct,pct,fresh,2025-11-15T11:18:23.314Z,,v3.1.0,
1ba270f7ad7f1c6f6e4176027aa74486a9d28a6b,f24bbd4056163dad6493ceb011c1af81cfd7b9b7,2025-11-15,term_leverage,Term Structure & Leverage,60,20,20,weight_pct,pct,stale,2025-11-12T00:00:00.000Z,,v3.1.0,
1ba270f7ad7f1c6f6e4176027aa74486a9d28a6b,f24bbd4056163dad6493ceb011c1af81cfd7b9b7,2025-11-15,trend_valuation,Trend & Valuation,50,30,30,weight_pct,pct,fresh,2025-11-15T11:18:22.435Z,,v3.1.0,
894d298c75b4b32b3a3242cfe016d78611149f27,0f23d5a084e934f115f55e77c4650af4fc374716,2025-11-16,etf_flows,ETF Flows,82,7.7,7.7,weight_pct,pct,fresh,2025-11-16T11:18:55.157Z,,v3.1.0,
894d298c75b4b32b3a3242cfe016d78611149f27,0f23d5a084e934f115f55e77c4650af4fc374716,2025-11-16,macro_overlay,Macro Overlay,47,10,10,weight_pct,pct,fresh,2025-11-16T11:18:43.761Z,,v3.1.0,
894d298c75b4b32b3a3242cfe016d78611149f27,0f23d5a084e934f115f55e77c4650af4fc374716,2025-11-16,net_liquidity,Net Liquidity (FRED),75,4.3,4.3,weight_pct,pct,fresh,2025-11-14T16:00:00.000Z,,v3.1.0,
894d298c75b4b32b3a3242cfe016d78611149f27,0f23d5a084e934f115f55e77c4650af4fc374716,2025-11-16,social_interest,Social Interest,91,10,10,weight_pct,pct,fresh,2025-11-16T11:18:44.227Z,,v3.1.0,
894d298c75b4b32b3a3242cfe016d78611149f27,0f23d5a084e934f115f55e77c4650af4fc374716,2025-11-16,stablecoins,Stablecoins,51,18,18,weight_pct,pct,fresh,2025-11-16T11:18:44.106Z,,v3.1.0,
894d298c75b4b32b3a3242cfe016d78611149f27,0f23d5a084e934f115f55e77c4650af4fc374716,2025-11-16,term_leverage,Term Structure & Leverage,60,20,20,weight_pct,pct,stale,2025-11-12T00:00:00.000Z,,v3.1.0,
894d298c75b4b32b3a3242cfe016d78611149f27,0f23d5a084e934f115f55e77c4650af4fc374716,2025-11-16,trend_valuation,Trend & Valuation,50,30,30,weight_pct,pct,fresh,2025-11-16T11:18:43.004Z,,v3.1.0,
176a97dba7cf55834ad3afb03d59d8d9eb268ab6,c0212b33910a26f9d2aa54cb0cd95cf982889941,2025-11-17,etf_flows,ETF Flows,82,7.7,7.7,weight_pct,pct,fresh,2025-11-17T11:21:59.977Z,,v3.1.0,
176a97dba7cf55834ad3afb03d59d8d9eb268ab6,c0212b33910a26f9d2aa54cb0cd95cf982889941,2025-11-17,macro_overlay,Macro Overlay,48,10,10,weight_pct,pct,fresh,2025-11-17T11:21:48.233Z,,v3.1.0,
176a97dba7cf55834ad3afb03d59d8d9eb268ab6,c0212b33910a26f9d2aa54cb0cd95cf982889941,2025-11-17,net_liquidity,Net Liquidity (FRED),75,4.3,4.3,weight_pct,pct,fresh,2025-11-14T16:00:00.000Z,,v3.1.0,
176a97dba7cf55834ad3afb03d59d8d9eb268ab6,c0212b33910a26f9d2aa54cb0cd95cf982889941,2025-11-17,social_interest,Social Interest,91,10,10,weight_pct,pct,fresh,2025-11-17T11:21:48.245Z,,v3.1.0,
176a97dba7cf55834ad3afb03d59d8d9eb268ab6,c0212b33910a26f9d2aa54cb0cd95cf982889941,2025-11-17,stablecoins,Stablecoins,34,18,18,weight_pct,pct,fresh,2025-11-17T11:21:48.466Z,,v3.1.0,
176a97dba7cf55834ad3afb03d59d8d9eb268ab6,c0212b33910a26f9d2aa54cb0cd95cf982889941,2025-11-17,term_leverage,Term Structure & Leverage,60,20,20,weight_pct,pct,stale,2025-11-12T00:00:00.000Z,,v3.1.0,
176a97dba7cf55834ad3afb03d59d8d9eb268ab6,c0212b33910a26f9d2aa54cb0cd95cf982889941,2025-11-17,trend_valuation,Trend & Valuation,50,30,30,weight_pct,pct,fresh,2025-11-17T11:21:47.826Z,,v3.1.0,
90fc7989e553fdf4934c2be395be851ad44cce22,f26cd377cc923fdb936655300c6af2ec6be05fec,2025-11-18,etf_flows,ETF Flows,82,7.7,7.7,weight_pct,pct,fresh,2025-11-18T11:23:26.895Z,,v3.1.0,
90fc7989e553fdf4934c2be395be851ad44cce22,f26cd377cc923fdb936655300c6af2ec6be05fec,2025-11-18,macro_overlay,Macro Overlay,48,10,10,weight_pct,pct,fresh,2025-11-18T11:23:15.341Z,,v3.1.0,
90fc7989e553fdf4934c2be395be851ad44cce22,f26cd377cc923fdb936655300c6af2ec6be05fec,2025-11-18,net_liquidity,Net Liquidity (FRED),59,4.3,4.3,weight_pct,pct,fresh,2025-11-17T16:00:00.000Z,,v3.1.0,
90fc7989e553fdf4934c2be395be851ad44cce22,f26cd377cc923fdb936655300c6af2ec6be05fec,2025-11-18,social_interest,Social Interest,87,10,10,weight_pct,pct,fresh,2025-11-18T11:23:15.420Z,,v3.1.0,
90fc7989e553fdf4934c2be395be851ad44cce22,f26cd377cc923fdb936655300c6af2ec6be05fec,2025-11-18,stablecoins,Stablecoins,34,18,18,weight_pct,pct,fresh,2025-11-18T11:23:15.608Z,,v3.1.0,
90fc7989e553fdf4934c2be395be851ad44cce22,f26cd377cc923fdb936655300c6af2ec6be05fec,2025-11-18,term_leverage,Term Structure & Leverage,60,20,20,weight_pct,pct,stale,2025-11-12T00:00:00.000Z,,v3.1.0,
90fc7989e553fdf4934c2be395be851ad44cce22,f26cd377cc923fdb936655300c6af2ec6be05fec,2025-11-18,trend_valuation,Trend & Valuation,51,30,30,weight_pct,pct,fresh,2025-11-18T11:23:14.995Z,,v3.1.0,
ae855b0ae9f85198cc2c50cc8d223905da623f46,28cb76736ab7e0c3a4636db9d154e7a196a31447,2025-11-19,etf_flows,ETF Flows,82,7.7,7.7,weight_pct,pct,fresh,2025-11-19T11:21:58.943Z,,v3.1.0,
ae855b0ae9f85198cc2c50cc8d223905da623f46,28cb76736ab7e0c3a4636db9d154e7a196a31447,2025-11-19,macro_overlay,Macro Overlay,47,10,10,weight_pct,pct,fresh,2025-11-19T11:21:47.310Z,,v3.1.0,
ae855b0ae9f85198cc2c50cc8d223905da623f46,28cb76736ab7e0c3a4636db9d154e7a196a31447,2025-11-19,net_liquidity,Net Liquidity (FRED),81,4.3,4.3,weight_pct,pct,fresh,2025-11-18T16:00:00.000Z,,v3.1.0,
ae855b0ae9f85198cc2c50cc8d223905da623f46,28cb76736ab7e0c3a4636db9d154e7a196a31447,2025-11-19,social_interest,Social Interest,89,10,10,weight_pct,pct,fresh,2025-11-19T11:21:47.479Z,,v3.1.0,
ae855b0ae9f85198cc2c50cc8d223905da623f46,28cb76736ab7e0c3a4636db9d154e7a196a31447,2025-11-19,stablecoins,Stablecoins,34,18,18,weight_pct,pct,fresh,2025-11-19T11:21:49.311Z,,v3.1.0,
ae855b0ae9f85198cc2c50cc8d223905da623f46,28cb76736ab7e0c3a4636db9d154e7a196a31447,2025-11-19,term_leverage,Term Structure & Leverage,60,20,20,weight_pct,pct,stale,2025-11-12T00:00:00.000Z,,v3.1.0,
ae855b0ae9f85198cc2c50cc8d223905da623f46,28cb76736ab7e0c3a4636db9d154e7a196a31447,2025-11-19,trend_valuation,Trend & Valuation,51,30,30,weight_pct,pct,fresh,2025-11-19T11:21:46.631Z,,v3.1.0,
2647b97a6ab765a5cb2e1100833851409ec70a84,26ff7f131362bc33b18f02cde3398457d6800ca7,2025-11-20,etf_flows,ETF Flows,82,7.7,7.7,weight_pct,pct,fresh,2025-11-20T11:21:58.102Z,,v3.1.0,
2647b97a6ab765a5cb2e1100833851409ec70a84,26ff7f131362bc33b18f02cde3398457d6800ca7,2025-11-20,macro_overlay,Macro Overlay,47,10,10,weight_pct,pct,fresh,2025-11-20T11:21:46.487Z,,v3.1.0,
2647b97a6ab765a5cb2e1100833851409ec70a84,26ff7f131362bc33b18f02cde3398457d6800ca7,2025-11-20,net_liquidity,Net Liquidity (FRED),60,4.3,4.3,weight_pct,pct,fresh,2025-11-19T16:00:00.000Z,,v3.1.0,
2647b97a6ab765a5cb2e1100833851409ec70a84,26ff7f131362bc33b18f02cde3398457d6800ca7,2025-11-20,social_interest,Social Interest,90,10,10,weight_pct,pct,fresh,2025-11-20T11:21:46.381Z,,v3.1.0,
2647b97a6ab765a5cb2e1100833851409ec70a84,26ff7f131362bc33b18f02cde3398457d6800ca7,2025-11-20,stablecoins,Stablecoins,34,18,18,weight_pct,pct,fresh,2025-11-20T11:21:46.769Z,,v3.1.0,
2647b97a6ab765a5cb2e1100833851409ec70a84,26ff7f131362bc33b18f02cde3398457d6800ca7,2025-11-20,term_leverage,Term Structure & Leverage,60,20,20,weight_pct,pct,stale,2025-11-12T00:00:00.000Z,,v3.1.0,
2647b97a6ab765a5cb2e1100833851409ec70a84,26ff7f131362bc33b18f02cde3398457d6800ca7,2025-11-20,trend_valuation,Trend & Valuation,50,30,30,weight_pct,pct,fresh,2025-11-20T11:21:45.849Z,,v3.1.0,
8d93c9a386a171135252e99f13f6e23914ee5779,b10a24d6349ab5abdc78042e6ec3e3fb5095acea,2025-11-21,etf_flows,ETF Flows,82,7.7,7.7,weight_pct,pct,fresh,2025-11-21T11:21:04.341Z,,v3.1.0,
8d93c9a386a171135252e99f13f6e23914ee5779,b10a24d6349ab5abdc78042e6ec3e3fb5095acea,2025-11-21,macro_overlay,Macro Overlay,46,10,10,weight_pct,pct,fresh,2025-11-21T11:20:51.927Z,,v3.1.0,
8d93c9a386a171135252e99f13f6e23914ee5779,b10a24d6349ab5abdc78042e6ec3e3fb5095acea,2025-11-21,net_liquidity,Net Liquidity (FRED),64,4.3,4.3,weight_pct,pct,fresh,2025-11-20T16:00:00.000Z,,v3.1.0,
8d93c9a386a171135252e99f13f6e23914ee5779,b10a24d6349ab5abdc78042e6ec3e3fb5095acea,2025-11-21,social_interest,Social Interest,91,10,10,weight_pct,pct,fresh,2025-11-21T11:20:51.989Z,,v3.1.0,
8d93c9a386a171135252e99f13f6e23914ee5779,b10a24d6349ab5abdc78042e6ec3e3fb5095acea,2025-11-21,stablecoins,Stablecoins,35,18,18,weight_pct,pct,fresh,2025-11-21T11:20:52.352Z,,v3.1.0,
8d93c9a386a171135252e99f13f6e23914ee5779,b10a24d6349ab5abdc78042e6ec3e3fb5095acea,2025-11-21,term_leverage,Term Structure & Leverage,51,20,20,weight_pct,pct,stale,2025-11-19T00:00:00.000Z,,v3.1.0,
8d93c9a386a171135252e99f13f6e23914ee5779,b10a24d6349ab5abdc78042e6ec3e3fb5095acea,2025-11-21,trend_valuation,Trend & Valuation,41,30,30,weight_pct,pct,fresh,2025-11-21T11:20:51.301Z,,v3.1.0,
235f3b6a4fabc822c8d90103cfa53788a2cd767a,52e2ccb167c7fece33d4318ebe1d90d2c1ce4453,2025-11-22,etf_flows,ETF Flows,82,7.7,7.7,weight_pct,pct,fresh,2025-11-22T11:18:15.934Z,,v3.1.0,
235f3b6a4fabc822c8d90103cfa53788a2cd767a,52e2ccb167c7fece33d4318ebe1d90d2c1ce4453,2025-11-22,macro_overlay,Macro Overlay,46,10,10,weight_pct,pct,fresh,2025-11-22T11:18:04.276Z,,v3.1.0,
235f3b6a4fabc822c8d90103cfa53788a2cd767a,52e2ccb167c7fece33d4318ebe1d90d2c1ce4453,2025-11-22,net_liquidity,Net Liquidity (FRED),62,4.3,4.3,weight_pct,pct,fresh,2025-11-21T16:00:00.000Z,,v3.1.0,
235f3b6a4fabc822c8d90103cfa53788a2cd767a,52e2ccb167c7fece33d4318ebe1d90d2c1ce4453,2025-11-22,social_interest,Social Interest,92,10,10,weight_pct,pct,fresh,2025-11-22T11:18:04.553Z,,v3.1.0,
235f3b6a4fabc822c8d90103cfa53788a2cd767a,52e2ccb167c7fece33d4318ebe1d90d2c1ce4453,2025-11-22,stablecoins,Stablecoins,34,18,18,weight_pct,pct,fresh,2025-11-22T11:18:04.737Z,,v3.1.0,
235f3b6a4fabc822c8d90103cfa53788a2cd767a,52e2ccb167c7fece33d4318ebe1d90d2c1ce4453,2025-11-22,term_leverage,Term Structure & Leverage,51,20,20,weight_pct,pct,stale,2025-11-19T00:00:00.000Z,,v3.1.0,
235f3b6a4fabc822c8d90103cfa53788a2cd767a,52e2ccb167c7fece33d4318ebe1d90d2c1ce4453,2025-11-22,trend_valuation,Trend & Valuation,44,30,30,weight_pct,pct,fresh,2025-11-22T11:18:03.954Z,,v3.1.0,
2ac5f203ea49db41f3a17f848cb4028a170e051e,4a6e1296d709b5629d04d83d405573502da6a49e,2025-11-23,etf_flows,ETF Flows,82,7.7,7.7,weight_pct,pct,fresh,2025-11-23T11:19:22.268Z,,v3.1.0,
2ac5f203ea49db41f3a17f848cb4028a170e051e,4a6e1296d709b5629d04d83d405573502da6a49e,2025-11-23,macro_overlay,Macro Overlay,47,10,10,weight_pct,pct,fresh,2025-11-23T11:19:10.751Z,,v3.1.0,
2ac5f203ea49db41f3a17f848cb4028a170e051e,4a6e1296d709b5629d04d83d405573502da6a49e,2025-11-23,net_liquidity,Net Liquidity (FRED),62,4.3,4.3,weight_pct,pct,fresh,2025-11-21T16:00:00.000Z,,v3.1.0,
2ac5f203ea49db41f3a17f848cb4028a170e051e,4a6e1296d709b5629d04d83d405573502da6a49e,2025-11-23,social_interest,Social Interest,93,10,10,weight_pct,pct,fresh,2025-11-23T11:19:11.077Z,,v3.1.0,
2ac5f203ea49db41f3a17f848cb4028a170e051e,4a6e1296d709b5629d04d83d405573502da6a49e,2025-11-23,stablecoins,Stablecoins,35,18,18,weight_pct,pct,fresh,2025-11-23T11:19:11.099Z,,v3.1.0,
2ac5f203ea49db41f3a17f848cb4028a170e051e,4a6e1296d709b5629d04d83d405573502da6a49e,2025-11-23,term_leverage,Term Structure & Leverage,51,20,20,weight_pct,pct,stale,2025-11-19T00:00:00.000Z,,v3.1.0,
2ac5f203ea49db41f3a17f848cb4028a170e051e,4a6e1296d709b5629d04d83d405573502da6a49e,2025-11-23,trend_valuation,Trend & Valuation,45,30,30,weight_pct,pct,fresh,2025-11-23T11:19:10.439Z,,v3.1.0,
201f735dedfe596ccadd46b0e377d982871f5d7d,9217d1eea9d0269e49a68901bde02f5c68042436,2025-11-24,etf_flows,ETF Flows,82,7.7,7.7,weight_pct,pct,fresh,2025-11-24T11:22:46.330Z,,v3.1.0,
201f735dedfe596ccadd46b0e377d982871f5d7d,9217d1eea9d0269e49a68901bde02f5c68042436,2025-11-24,macro_overlay,Macro Overlay,47,10,10,weight_pct,pct,fresh,2025-11-24T11:22:34.644Z,,v3.1.0,
201f735dedfe596ccadd46b0e377d982871f5d7d,9217d1eea9d0269e49a68901bde02f5c68042436,2025-11-24,net_liquidity,Net Liquidity (FRED),62,4.3,4.3,weight_pct,pct,fresh,2025-11-21T16:00:00.000Z,,v3.1.0,
201f735dedfe596ccadd46b0e377d982871f5d7d,9217d1eea9d0269e49a68901bde02f5c68042436,2025-11-24,social_interest,Social Interest,93,10,10,weight_pct,pct,fresh,2025-11-24T11:22:34.903Z,,v3.1.0,
201f735dedfe596ccadd46b0e377d982871f5d7d,9217d1eea9d0269e49a68901bde02f5c68042436,2025-11-24,stablecoins,Stablecoins,35,18,18,weight_pct,pct,fresh,2025-11-24T11:22:34.981Z,,v3.1.0,
201f735dedfe596ccadd46b0e377d982871f5d7d,9217d1eea9d0269e49a68901bde02f5c68042436,2025-11-24,term_leverage,Term Structure & Leverage,51,20,20,weight_pct,pct,stale,2025-11-19T00:00:00.000Z,,v3.1.0,
201f735dedfe596ccadd46b0e377d982871f5d7d,9217d1eea9d0269e49a68901bde02f5c68042436,2025-11-24,trend_valuation,Trend & Valuation,47,30,30,weight_pct,pct,fresh,2025-11-24T11:22:34.185Z,,v3.1.0,
1e49ad954b58f9c7dc85e323a1cfb009e90821e7,3897c1e0bdb52dc4593c143cc2d3b2e9c0b616b6,2025-11-25,etf_flows,ETF Flows,82,7.7,7.7,weight_pct,pct,fresh,2025-11-25T11:23:13.862Z,,v3.1.0,
1e49ad954b58f9c7dc85e323a1cfb009e90821e7,3897c1e0bdb52dc4593c143cc2d3b2e9c0b616b6,2025-11-25,macro_overlay,Macro Overlay,48,10,10,weight_pct,pct,fresh,2025-11-25T11:23:02.057Z,,v3.1.0,
1e49ad954b58f9c7dc85e323a1cfb009e90821e7,3897c1e0bdb52dc4593c143cc2d3b2e9c0b616b6,2025-11-25,net_liquidity,Net Liquidity (FRED),75,4.3,4.3,weight_pct,pct,fresh,2025-11-24T16:00:00.000Z,,v3.1.0,
1e49ad954b58f9c7dc85e323a1cfb009e90821e7,3897c1e0bdb52dc4593c143cc2d3b2e9c0b616b6,2025-11-25,social_interest,Social Interest,91,10,10,weight_pct,pct,fresh,2025-11-25T11:23:02.234Z,,v3.1.0,
1e49ad954b58f9c7dc85e323a1cfb009e90821e7,3897c1e0bdb52dc4593c143cc2d3b2e9c0b616b6,2025-11-25,stablecoins,Stablecoins,36,18,18,weight_pct,pct,fresh,2025-11-25T11:23:02.630Z,,v3.1.0,
1e49ad954b58f9c7dc85e323a1cfb009e90821e7,3897c1e0bdb52dc4593c143cc2d3b2e9c0b616b6,2025-11-25,term_leverage,Term Structure & Leverage,51,20,20,weight_pct,pct,stale,2025-11-19T00:00:00.000Z,,v3.1.0,
1e49ad954b58f9c7dc85e323a1cfb009e90821e7,3897c1e0bdb52dc4593c143cc2d3b2e9c0b616b6,2025-11-25,trend_valuation,Trend & Valuation,47,30,30,weight_pct,pct,fresh,2025-11-25T11:23:01.648Z,,v3.1.0,
c5ff91ae69237aab98d3b855dd28ec8b5da164f2,e8f6ddde2039e0767ca94a0bc75e81f141b8dae2,2025-11-26,etf_flows,ETF Flows,82,7.7,7.7,weight_pct,pct,fresh,2025-11-26T11:22:47.532Z,,v3.1.0,
c5ff91ae69237aab98d3b855dd28ec8b5da164f2,e8f6ddde2039e0767ca94a0bc75e81f141b8dae2,2025-11-26,macro_overlay,Macro Overlay,47,10,10,weight_pct,pct,fresh,2025-11-26T11:22:35.929Z,,v3.1.0,
c5ff91ae69237aab98d3b855dd28ec8b5da164f2,e8f6ddde2039e0767ca94a0bc75e81f141b8dae2,2025-11-26,net_liquidity,Net Liquidity (FRED),52,4.3,4.3,weight_pct,pct,fresh,2025-11-25T16:00:00.000Z,,v3.1.0,
c5ff91ae69237aab98d3b855dd28ec8b5da164f2,e8f6ddde2039e0767ca94a0bc75e81f141b8dae2,2025-11-26,social_interest,Social Interest,89,10,10,weight_pct,pct,fresh,2025-11-26T11:22:36.046Z,,v3.1.0,
c5ff91ae69237aab98d3b855dd28ec8b5da164f2,e8f6ddde2039e0767ca94a0bc75e81f141b8dae2,2025-11-26,stablecoins,Stablecoins,35,18,18,weight_pct,pct,fresh,2025-11-26T11:22:36.057Z,,v3.1.0,
c5ff91ae69237aab98d3b855dd28ec8b5da164f2,e8f6ddde2039e0767ca94a0bc75e81f141b8dae2,2025-11-26,term_leverage,Term Structure & Leverage,51,20,20,weight_pct,pct,stale,2025-11-19T00:00:00.000Z,,v3.1.0,
c5ff91ae69237aab98d3b855dd28ec8b5da164f2,e8f6ddde2039e0767ca94a0bc75e81f141b8dae2,2025-11-26,trend_valuation,Trend & Valuation,47,30,30,weight_pct,pct,fresh,2025-11-26T11:22:35.203Z,,v3.1.0,
d34f7dc5c23cac03bb0d55cf1544a768dfe3be38,f2331c6513b3be6a89bafbf6c4a87bf2ed348fb5,2025-11-27,etf_flows,ETF Flows,82,7.7,7.7,weight_pct,pct,fresh,2025-11-27T11:23:01.874Z,,v3.1.0,
d34f7dc5c23cac03bb0d55cf1544a768dfe3be38,f2331c6513b3be6a89bafbf6c4a87bf2ed348fb5,2025-11-27,macro_overlay,Macro Overlay,47,10,10,weight_pct,pct,fresh,2025-11-27T11:22:49.072Z,,v3.1.0,
d34f7dc5c23cac03bb0d55cf1544a768dfe3be38,f2331c6513b3be6a89bafbf6c4a87bf2ed348fb5,2025-11-27,net_liquidity,Net Liquidity (FRED),46,4.3,4.3,weight_pct,pct,fresh,2025-11-26T16:00:00.000Z,,v3.1.0,
d34f7dc5c23cac03bb0d55cf1544a768dfe3be38,f2331c6513b3be6a89bafbf6c4a87bf2ed348fb5,2025-11-27,social_interest,Social Interest,85,10,10,weight_pct,pct,fresh,2025-11-27T11:22:49.197Z,,v3.1.0,
d34f7dc5c23cac03bb0d55cf1544a768dfe3be38,f2331c6513b3be6a89bafbf6c4a87bf2ed348fb5,2025-11-27,stablecoins,Stablecoins,35,18,18,weight_pct,pct,fresh,2025-11-27T11:22:49.613Z,,v3.1.0,
d34f7dc5c23cac03bb0d55cf1544a768dfe3be38,f2331c6513b3be6a89bafbf6c4a87bf2ed348fb5,2025-11-27,term_leverage,Term Structure & Leverage,51,20,20,weight_pct,pct,stale,2025-11-19T00:00:00.000Z,,v3.1.0,
d34f7dc5c23cac03bb0d55cf1544a768dfe3be38,f2331c6513b3be6a89bafbf6c4a87bf2ed348fb5,2025-11-27,trend_valuation,Trend & Valuation,49,30,30,weight_pct,pct,fresh,2025-11-27T11:22:48.293Z,,v3.1.0,
cb38884f439cfe0c5ed25fb81c0f977e11efc031,80c1c7839c14fc098aed7ca0f50e5fe26c0987f1,2025-11-28,etf_flows,ETF Flows,82,7.7,7.7,weight_pct,pct,fresh,2025-11-28T11:22:30.825Z,,v3.1.0,
cb38884f439cfe0c5ed25fb81c0f977e11efc031,80c1c7839c14fc098aed7ca0f50e5fe26c0987f1,2025-11-28,macro_overlay,Macro Overlay,55,10,10,weight_pct,pct,fresh,2025-11-28T11:22:19.323Z,,v3.1.0,
cb38884f439cfe0c5ed25fb81c0f977e11efc031,80c1c7839c14fc098aed7ca0f50e5fe26c0987f1,2025-11-28,net_liquidity,Net Liquidity (FRED),46,4.3,4.3,weight_pct,pct,fresh,2025-11-26T16:00:00.000Z,,v3.1.0,
cb38884f439cfe0c5ed25fb81c0f977e11efc031,80c1c7839c14fc098aed7ca0f50e5fe26c0987f1,2025-11-28,social_interest,Social Interest,84,10,10,weight_pct,pct,fresh,2025-11-28T11:22:19.386Z,,v3.1.0,
cb38884f439cfe0c5ed25fb81c0f977e11efc031,80c1c7839c14fc098aed7ca0f50e5fe26c0987f1,2025-11-28,stablecoins,Stablecoins,48,18,18,weight_pct,pct,fresh,2025-11-28T11:22:19.535Z,,v3.1.0,
cb38884f439cfe0c5ed25fb81c0f977e11efc031,80c1c7839c14fc098aed7ca0f50e5fe26c0987f1,2025-11-28,term_leverage,Term Structure & Leverage,52,20,20,weight_pct,pct,stale,2025-11-19T00:00:00.000Z,,v3.1.0,
cb38884f439cfe0c5ed25fb81c0f977e11efc031,80c1c7839c14fc098aed7ca0f50e5fe26c0987f1,2025-11-28,trend_valuation,Trend & Valuation,49,30,30,weight_pct,pct,fresh,2025-11-28T11:22:19.019Z,,v3.1.0,
d10c0486da9ecc78bcd2cc35eb3751f006cf30f8,fde1777dc71c606eefc735911403f3a815e9a6e8,2025-11-29,etf_flows,ETF Flows,82,7.7,7.7,weight_pct,pct,fresh,2025-11-29T11:19:27.995Z,,v3.1.0,
d10c0486da9ecc78bcd2cc35eb3751f006cf30f8,fde1777dc71c606eefc735911403f3a815e9a6e8,2025-11-29,macro_overlay,Macro Overlay,57,10,10,weight_pct,pct,fresh,2025-11-29T11:19:16.710Z,,v3.1.0,
d10c0486da9ecc78bcd2cc35eb3751f006cf30f8,fde1777dc71c606eefc735911403f3a815e9a6e8,2025-11-29,net_liquidity,Net Liquidity (FRED),43,4.3,4.3,weight_pct,pct,fresh,2025-11-28T16:00:00.000Z,,v3.1.0,
d10c0486da9ecc78bcd2cc35eb3751f006cf30f8,fde1777dc71c606eefc735911403f3a815e9a6e8,2025-11-29,social_interest,Social Interest,66,10,10,weight_pct,pct,fresh,2025-11-29T11:19:16.491Z,,v3.1.0,
d10c0486da9ecc78bcd2cc35eb3751f006cf30f8,fde1777dc71c606eefc735911403f3a815e9a6e8,2025-11-29,stablecoins,Stablecoins,44,18,18,weight_pct,pct,fresh,2025-11-29T11:19:16.842Z,,v3.1.0,
d10c0486da9ecc78bcd2cc35eb3751f006cf30f8,fde1777dc71c606eefc735911403f3a815e9a6e8,2025-11-29,term_leverage,Term Structure & Leverage,37,20,20,weight_pct,pct,stale,2025-11-26T00:00:00.000Z,,v3.1.0,
d10c0486da9ecc78bcd2cc35eb3751f006cf30f8,fde1777dc71c606eefc735911403f3a815e9a6e8,2025-11-29,trend_valuation,Trend & Valuation,48,30,30,weight_pct,pct,fresh,2025-11-29T11:19:16.026Z,,v3.1.0,
d5813a654294393bdee00974521a7e5b4fa2b802,63ff6cc462f1c17cdf0d7c914e7a26993469d4b9,2025-11-30,etf_flows,ETF Flows,82,7.7,7.7,weight_pct,pct,fresh,2025-11-30T11:19:32.442Z,,v3.1.0,
d5813a654294393bdee00974521a7e5b4fa2b802,63ff6cc462f1c17cdf0d7c914e7a26993469d4b9,2025-11-30,macro_overlay,Macro Overlay,53,10,10,weight_pct,pct,fresh,2025-11-30T11:19:20.978Z,,v3.1.0,
d5813a654294393bdee00974521a7e5b4fa2b802,63ff6cc462f1c17cdf0d7c914e7a26993469d4b9,2025-11-30,net_liquidity,Net Liquidity (FRED),43,4.3,4.3,weight_pct,pct,fresh,2025-11-28T16:00:00.000Z,,v3.1.0,
d5813a654294393bdee00974521a7e5b4fa2b802,63ff6cc462f1c17cdf0d7c914e7a26993469d4b9,2025-11-30,social_interest,Social Interest,66,10,10,weight_pct,pct,fresh,2025-11-30T11:19:20.878Z,,v3.1.0,
d5813a654294393bdee00974521a7e5b4fa2b802,63ff6cc462f1c17cdf0d7c914e7a26993469d4b9,2025-11-30,stablecoins,Stablecoins,44,18,18,weight_pct,pct,fresh,2025-11-30T11:19:21.586Z,,v3.1.0,
d5813a654294393bdee00974521a7e5b4fa2b802,63ff6cc462f1c17cdf0d7c914e7a26993469d4b9,2025-11-30,term_leverage,Term Structure & Leverage,37,20,20,weight_pct,pct,stale,2025-11-26T00:00:00.000Z,,v3.1.0,
d5813a654294393bdee00974521a7e5b4fa2b802,63ff6cc462f1c17cdf0d7c914e7a26993469d4b9,2025-11-30,trend_valuation,Trend & Valuation,48,30,30,weight_pct,pct,fresh,2025-11-30T11:19:20.259Z,,v3.1.0,
826e5e43b7ba6cc746c22e0156d8e184a7db2091,bd9adb09acc29a8fea7e55e595e0b0ed180cc479,2025-12-01,etf_flows,ETF Flows,82,7.7,7.7,weight_pct,pct,fresh,2025-12-01T11:23:24.658Z,,v3.1.0,
826e5e43b7ba6cc746c22e0156d8e184a7db2091,bd9adb09acc29a8fea7e55e595e0b0ed180cc479,2025-12-01,macro_overlay,Macro Overlay,59,10,10,weight_pct,pct,fresh,2025-12-01T11:23:12.996Z,,v3.1.0,
826e5e43b7ba6cc746c22e0156d8e184a7db2091,bd9adb09acc29a8fea7e55e595e0b0ed180cc479,2025-12-01,net_liquidity,Net Liquidity (FRED),43,4.3,4.3,weight_pct,pct,fresh,2025-11-28T16:00:00.000Z,,v3.1.0,
826e5e43b7ba6cc746c22e0156d8e184a7db2091,bd9adb09acc29a8fea7e55e595e0b0ed180cc479,2025-12-01,social_interest,Social Interest,66,10,10,weight_pct,pct,fresh,2025-12-01T11:23:13.151Z,,v3.1.0,
826e5e43b7ba6cc746c22e0156d8e184a7db2091,bd9adb09acc29a8fea7e55e595e0b0ed180cc479,2025-12-01,stablecoins,Stablecoins,37,18,18,weight_pct,pct,fresh,2025-12-01T11:23:13.366Z,,v3.1.0,
826e5e43b7ba6cc746c22e0156d8e184a7db2091,bd9adb09acc29a8fea7e55e595e0b0ed180cc479,2025-12-01,term_leverage,Term Structure & Leverage,37,20,20,weight_pct,pct,stale,2025-11-26T00:00:00.000Z,,v3.1.0,
826e5e43b7ba6cc746c22e0156d8e184a7db2091,bd9adb09acc29a8fea7e55e595e0b0ed180cc479,2025-12-01,trend_valuation,Trend & Valuation,47,30,30,weight_pct,pct,fresh,2025-12-01T11:23:12.507Z,,v3.1.0,
02085e574811618943ec37503a0cfc71ca029445,803d21a09c06837319377ab44d419a3299f45325,2025-12-02,etf_flows,ETF Flows,82,7.7,7.7,weight_pct,pct,fresh,2025-12-02T11:24:47.479Z,,v3.1.0,
02085e574811618943ec37503a0cfc71ca029445,803d21a09c06837319377ab44d419a3299f45325,2025-12-02,macro_overlay,Macro Overlay,59,10,10,weight_pct,pct,fresh,2025-12-02T11:24:35.966Z,,v3.1.0,
02085e574811618943ec37503a0cfc71ca029445,803d21a09c06837319377ab44d419a3299f45325,2025-12-02,net_liquidity,Net Liquidity (FRED),46,4.3,4.3,weight_pct,pct,fresh,2025-12-01T16:00:00.000Z,,v3.1.0,
02085e574811618943ec37503a0cfc71ca029445,803d21a09c06837319377ab44d419a3299f45325,2025-12-02,social_interest,Social Interest,37,10,10,weight_pct,pct,fresh,2025-12-02T11:24:35.798Z,,v3.1.0,
02085e574811618943ec37503a0cfc71ca029445,803d21a09c06837319377ab44d419a3299f45325,2025-12-02,stablecoins,Stablecoins,40,18,18,weight_pct,pct,fresh,2025-12-02T11:24:36.236Z,,v3.1.0,
02085e574811618943ec37503a0cfc71ca029445,803d21a09c06837319377ab44d419a3299f45325,2025-12-02,term_leverage,Term Structure & Leverage,37,20,20,weight_pct,pct,stale,2025-11-26T00:00:00.000Z,,v3.1.0,
02085e574811618943ec37503a0cfc71ca029445,803d21a09c06837319377ab44d419a3299f45325,2025-12-02,trend_valuation,Trend & Valuation,47,30,30,weight_pct,pct,fresh,2025-12-02T11:24:35.362Z,,v3.1.0,
fa3ee75847b6912f47754b3ecc796e70d23fba38,25e249f55aeb0d8fe613b16565a18ec0fdc7171f,2025-12-03,etf_flows,ETF Flows,82,7.7,7.7,weight_pct,pct,fresh,2025-12-03T11:24:11.785Z,,v3.1.0,
fa3ee75847b6912f47754b3ecc796e70d23fba38,25e249f55aeb0d8fe613b16565a18ec0fdc7171f,2025-12-03,macro_overlay,Macro Overlay,59,10,10,weight_pct,pct,fresh,2025-12-03T11:23:59.771Z,,v3.1.0,
fa3ee75847b6912f47754b3ecc796e70d23fba38,25e249f55aeb0d8fe613b16565a18ec0fdc7171f,2025-12-03,net_liquidity,Net Liquidity (FRED),44,4.3,4.3,weight_pct,pct,fresh,2025-12-02T16:00:00.000Z,,v3.1.0,
fa3ee75847b6912f47754b3ecc796e70d23fba38,25e249f55aeb0d8fe613b16565a18ec0fdc7171f,2025-12-03,social_interest,Social Interest,56,10,10,weight_pct,pct,fresh,2025-12-03T11:23:59.708Z,,v3.1.0,
fa3ee75847b6912f47754b3ecc796e70d23fba38,25e249f55aeb0d8fe613b16565a18ec0fdc7171f,2025-12-03,stablecoins,Stablecoins,50,18,18,weight_pct,pct,fresh,2025-12-03T11:23:59.779Z,,v3.1.0,
fa3ee75847b6912f47754b3ecc796e70d23fba38,25e249f55aeb0d8fe613b16565a18ec0fdc7171f,2025-12-03,term_leverage,Term Structure & Leverage,37,20,20,weight_pct,pct,stale,2025-11-26T00:00:00.000Z,,v3.1.0,
fa3ee75847b6912f47754b3ecc796e70d23fba38,25e249f55aeb0d8fe613b16565a18ec0fdc7171f,2025-12-03,trend_valuation,Trend & Valuation,50,30,30,weight_pct,pct,fresh,2025-12-03T11:23:58.904Z,,v3.1.0,
42082549e9d7898f70cda8c80f448ffdd76554c6,df3264f386972fcb9dbad83710b411b682b62fd8,2025-12-04,etf_flows,ETF Flows,82,7.7,7.7,weight_pct,pct,fresh,2025-12-04T11:24:44.025Z,,v3.1.0,
42082549e9d7898f70cda8c80f448ffdd76554c6,df3264f386972fcb9dbad83710b411b682b62fd8,2025-12-04,macro_overlay,Macro Overlay,57,10,10,weight_pct,pct,fresh,2025-12-04T11:24:31.894Z,,v3.1.0,
42082549e9d7898f70cda8c80f448ffdd76554c6,df3264f386972fcb9dbad83710b411b682b62fd8,2025-12-04,net_liquidity,Net Liquidity (FRED),45,4.3,4.3,weight_pct,pct,fresh,2025-12-03T16:00:00.000Z,,v3.1.0,
42082549e9d7898f70cda8c80f448ffdd76554c6,df3264f386972fcb9dbad83710b411b682b62fd8,2025-12-04,social_interest,Social Interest,45,10,10,weight_pct,pct,fresh,2025-12-04T11:24:32.068Z,,v3.1.0,
42082549e9d7898f70cda8c80f448ffdd76554c6,df3264f386972fcb9dbad83710b411b682b62fd8,2025-12-04,stablecoins,Stablecoins,47,18,18,weight_pct,pct,fresh,2025-12-04T11:24:32.367Z,,v3.1.0,
42082549e9d7898f70cda8c80f448ffdd76554c6,df3264f386972fcb9dbad83710b411b682b62fd8,2025-12-04,term_leverage,Term Structure & Leverage,37,20,20,weight_pct,pct,stale,2025-11-26T00:00:00.000Z,,v3.1.0,
42082549e9d7898f70cda8c80f448ffdd76554c6,df3264f386972fcb9dbad83710b411b682b62fd8,2025-12-04,trend_valuation,Trend & Valuation,50,30,30,weight_pct,pct,fresh,2025-12-04T11:24:31.661Z,,v3.1.0,
17adf7b2956cb11376d81b6ec986256dac0f18cd,6bf0e7d54c9172a07f078ee9469879d4247a165e,2025-12-05,etf_flows,ETF Flows,82,7.7,7.7,weight_pct,pct,fresh,2025-12-05T11:23:46.062Z,,v3.1.0,
17adf7b2956cb11376d81b6ec986256dac0f18cd,6bf0e7d54c9172a07f078ee9469879d4247a165e,2025-12-05,macro_overlay,Macro Overlay,53,10,10,weight_pct,pct,fresh,2025-12-05T11:23:34.666Z,,v3.1.0,
17adf7b2956cb11376d81b6ec986256dac0f18cd,6bf0e7d54c9172a07f078ee9469879d4247a165e,2025-12-05,net_liquidity,Net Liquidity (FRED),43,4.3,4.3,weight_pct,pct,fresh,2025-12-04T16:00:00.000Z,,v3.1.0,
17adf7b2956cb11376d81b6ec986256dac0f18cd,6bf0e7d54c9172a07f078ee9469879d4247a165e,2025-12-05,social_interest,Social Interest,36,10,10,weight_pct,pct,fresh,2025-12-05T11:23:34.681Z,,v3.1.0,
17adf7b2956cb11376d81b6ec986256dac0f18cd,6bf0e7d54c9172a07f078ee9469879d4247a165e,2025-12-05,stablecoins,Stablecoins,41,18,18,weight_pct,pct,fresh,2025-12-05T11:23:35.016Z,,v3.1.0,
17adf7b2956cb11376d81b6ec986256dac0f18cd,6bf0e7d54c9172a07f078ee9469879d4247a165e,2025-12-05,term_leverage,Term Structure & Leverage,62,20,20,weight_pct,pct,stale,2025-12-03T00:00:00.000Z,,v3.1.0,
17adf7b2956cb11376d81b6ec986256dac0f18cd,6bf0e7d54c9172a07f078ee9469879d4247a165e,2025-12-05,trend_valuation,Trend & Valuation,49,30,30,weight_pct,pct,fresh,2025-12-05T11:23:34.260Z,,v3.1.0,
087b7ced88ed3a873a5c831ba54b54a460e4b21d,7e6227aec44dcec53db43ad0b632a19bea00a2f9,2025-12-06,etf_flows,ETF Flows,82,7.7,7.7,weight_pct,pct,fresh,2025-12-06T11:19:42.547Z,,v3.1.0,
087b7ced88ed3a873a5c831ba54b54a460e4b21d,7e6227aec44dcec53db43ad0b632a19bea00a2f9,2025-12-06,macro_overlay,Macro Overlay,55,10,10,weight_pct,pct,fresh,2025-12-06T11:19:30.856Z,,v3.1.0,
087b7ced88ed3a873a5c831ba54b54a460e4b21d,7e6227aec44dcec53db43ad0b632a19bea00a2f9,2025-12-06,net_liquidity,Net Liquidity (FRED),41,4.3,4.3,weight_pct,pct,fresh,2025-12-05T16:00:00.000Z,,v3.1.0,
087b7ced88ed3a873a5c831ba54b54a460e4b21d,7e6227aec44dcec53db43ad0b632a19bea00a2f9,2025-12-06,social_interest,Social Interest,33,10,10,weight_pct,pct,fresh,2025-12-06T11:19:31.201Z,,v3.1.0,
087b7ced88ed3a873a5c831ba54b54a460e4b21d,7e6227aec44dcec53db43ad0b632a19bea00a2f9,2025-12-06,stablecoins,Stablecoins,62,18,18,weight_pct,pct,fresh,2025-12-06T11:19:31.347Z,,v3.1.0,
087b7ced88ed3a873a5c831ba54b54a460e4b21d,7e6227aec44dcec53db43ad0b632a19bea00a2f9,2025-12-06,term_leverage,Term Structure & Leverage,62,20,20,weight_pct,pct,stale,2025-12-03T00:00:00.000Z,,v3.1.0,
087b7ced88ed3a873a5c831ba54b54a460e4b21d,7e6227aec44dcec53db43ad0b632a19bea00a2f9,2025-12-06,trend_valuation,Trend & Valuation,49,30,30,weight_pct,pct,fresh,2025-12-06T11:19:30.284Z,,v3.1.0,
67ebadf7c7f47fd0c45507f43fbc21f53e24df2a,602e416a9b2f3aac85ab5c779f1a2677ada08119,2025-12-07,etf_flows,ETF Flows,82,7.7,7.7,weight_pct,pct,fresh,2025-12-07T11:19:41.942Z,,v3.1.0,
67ebadf7c7f47fd0c45507f43fbc21f53e24df2a,602e416a9b2f3aac85ab5c779f1a2677ada08119,2025-12-07,macro_overlay,Macro Overlay,55,10,10,weight_pct,pct,fresh,2025-12-07T11:19:30.188Z,,v3.1.0,
67ebadf7c7f47fd0c45507f43fbc21f53e24df2a,602e416a9b2f3aac85ab5c779f1a2677ada08119,2025-12-07,net_liquidity,Net Liquidity (FRED),41,4.3,4.3,weight_pct,pct,fresh,2025-12-05T16:00:00.000Z,,v3.1.0,
67ebadf7c7f47fd0c45507f43fbc21f53e24df2a,602e416a9b2f3aac85ab5c779f1a2677ada08119,2025-12-07,social_interest,Social Interest,30,10,10,weight_pct,pct,fresh,2025-12-07T11:19:30.794Z,,v3.1.0,
67ebadf7c7f47fd0c45507f43fbc21f53e24df2a,602e416a9b2f3aac85ab5c779f1a2677ada08119,2025-12-07,stablecoins,Stablecoins,63,18,18,weight_pct,pct,fresh,2025-12-07T11:19:30.836Z,,v3.1.0,
67ebadf7c7f47fd0c45507f43fbc21f53e24df2a,602e416a9b2f3aac85ab5c779f1a2677ada08119,2025-12-07,term_leverage,Term Structure & Leverage,62,20,20,weight_pct,pct,stale,2025-12-03T00:00:00.000Z,,v3.1.0,
67ebadf7c7f47fd0c45507f43fbc21f53e24df2a,602e416a9b2f3aac85ab5c779f1a2677ada08119,2025-12-07,trend_valuation,Trend & Valuation,48,30,30,weight_pct,pct,fresh,2025-12-07T11:19:29.710Z,,v3.1.0,
cad6f6bfc7a481ab5381e8c683877edc507f0556,ae00f992df88ac62b32c530642848c2bed62b072,2025-12-08,etf_flows,ETF Flows,82,7.7,7.7,weight_pct,pct,fresh,2025-12-08T11:24:11.562Z,,v3.1.0,
cad6f6bfc7a481ab5381e8c683877edc507f0556,ae00f992df88ac62b32c530642848c2bed62b072,2025-12-08,macro_overlay,Macro Overlay,53,10,10,weight_pct,pct,fresh,2025-12-08T11:23:59.436Z,,v3.1.0,
cad6f6bfc7a481ab5381e8c683877edc507f0556,ae00f992df88ac62b32c530642848c2bed62b072,2025-12-08,net_liquidity,Net Liquidity (FRED),41,4.3,4.3,weight_pct,pct,fresh,2025-12-05T16:00:00.000Z,,v3.1.0,
cad6f6bfc7a481ab5381e8c683877edc507f0556,ae00f992df88ac62b32c530642848c2bed62b072,2025-12-08,social_interest,Social Interest,30,10,10,weight_pct,pct,fresh,2025-12-08T11:23:59.698Z,,v3.1.0,
cad6f6bfc7a481ab5381e8c683877edc507f0556,ae00f992df88ac62b32c530642848c2bed62b072,2025-12-08,stablecoins,Stablecoins,63,18,18,weight_pct,pct,fresh,2025-12-08T11:24:00.031Z,,v3.1.0,
cad6f6bfc7a481ab5381e8c683877edc507f0556,ae00f992df88ac62b32c530642848c2bed62b072,2025-12-08,term_leverage,Term Structure & Leverage,62,20,20,weight_pct,pct,stale,2025-12-03T00:00:00.000Z,,v3.1.0,
cad6f6bfc7a481ab5381e8c683877edc507f0556,ae00f992df88ac62b32c530642848c2bed62b072,2025-12-08,trend_valuation,Trend & Valuation,50,30,30,weight_pct,pct,fresh,2025-12-08T11:23:58.643Z,,v3.1.0,
a4ad32368f1fd06957c824324b1903cc59fbaf74,55dca7aa546b2ea01105708e5c6a010262d50d14,2025-12-09,etf_flows,ETF Flows,82,7.7,7.7,weight_pct,pct,fresh,2025-12-09T11:24:36.714Z,,v3.1.0,
a4ad32368f1fd06957c824324b1903cc59fbaf74,55dca7aa546b2ea01105708e5c6a010262d50d14,2025-12-09,macro_overlay,Macro Overlay,51,10,10,weight_pct,pct,fresh,2025-12-09T11:24:24.982Z,,v3.1.0,
a4ad32368f1fd06957c824324b1903cc59fbaf74,55dca7aa546b2ea01105708e5c6a010262d50d14,2025-12-09,net_liquidity,Net Liquidity (FRED),45,4.3,4.3,weight_pct,pct,fresh,2025-12-08T16:00:00.000Z,,v3.1.0,
a4ad32368f1fd06957c824324b1903cc59fbaf74,55dca7aa546b2ea01105708e5c6a010262d50d14,2025-12-09,social_interest,Social Interest,32,10,10,weight_pct,pct,fresh,2025-12-09T11:24:25.149Z,,v3.1.0,
a4ad32368f1fd06957c824324b1903cc59fbaf74,55dca7aa546b2ea01105708e5c6a010262d50d14,2025-12-09,stablecoins,Stablecoins,52,18,18,weight_pct,pct,fresh,2025-12-09T11:24:25.527Z,,v3.1.0,
a4ad32368f1fd06957c824324b1903cc59fbaf74,55dca7aa546b2ea01105708e5c6a010262d50d14,2025-12-09,term_leverage,Term Structure & Leverage,62,20,20,weight_pct,pct,stale,2025-12-03T00:00:00.000Z,,v3.1.0,
a4ad32368f1fd06957c824324b1903cc59fbaf74,55dca7aa546b2ea01105708e5c6a010262d50d14,2025-12-09,trend_valuation,Trend & Valuation,49,30,30,weight_pct,pct,fresh,2025-12-09T11:24:24.775Z,,v3.1.0,
bfe56d404b588f4b6c0a37a381b6f13a1be463eb,ec1b931b8dcc6612f59eb07b7423108732418061,2025-12-10,etf_flows,ETF Flows,82,7.7,7.7,weight_pct,pct,fresh,2025-12-10T11:24:12.017Z,,v3.1.0,
bfe56d404b588f4b6c0a37a381b6f13a1be463eb,ec1b931b8dcc6612f59eb07b7423108732418061,2025-12-10,macro_overlay,Macro Overlay,53,10,10,weight_pct,pct,fresh,2025-12-10T11:23:59.975Z,,v3.1.0,
bfe56d404b588f4b6c0a37a381b6f13a1be463eb,ec1b931b8dcc6612f59eb07b7423108732418061,2025-12-10,net_liquidity,Net Liquidity (FRED),51,4.3,4.3,weight_pct,pct,fresh,2025-12-09T16:00:00.000Z,,v3.1.0,
bfe56d404b588f4b6c0a37a381b6f13a1be463eb,ec1b931b8dcc6612f59eb07b7423108732418061,2025-12-10,social_interest,Social Interest,46,10,10,weight_pct,pct,fresh,2025-12-10T11:23:59.963Z,,v3.1.0,
bfe56d404b588f4b6c0a37a381b6f13a1be463eb,ec1b931b8dcc6612f59eb07b7423108732418061,2025-12-10,stablecoins,Stablecoins,42,18,18,weight_pct,pct,fresh,2025-12-10T11:24:00.551Z,,v3.1.0,
bfe56d404b588f4b6c0a37a381b6f13a1be463eb,ec1b931b8dcc6612f59eb07b7423108732418061,2025-12-10,term_leverage,Term Structure & Leverage,62,20,20,weight_pct,pct,stale,2025-12-03T00:00:00.000Z,,v3.1.0,
bfe56d404b588f4b6c0a37a381b6f13a1be463eb,ec1b931b8dcc6612f59eb07b7423108732418061,2025-12-10,trend_valuation,Trend & Valuation,50,30,30,weight_pct,pct,fresh,2025-12-10T11:23:59.199Z,,v3.1.0,
371c88623480702a32401e7b29f9207ce221227a,d511199b5b04415b0379162ff2264fb8adf7d65f,2025-12-11,etf_flows,ETF Flows,82,7.7,7.7,weight_pct,pct,fresh,2025-12-11T19:25:54.680Z,,v1.1,
371c88623480702a32401e7b29f9207ce221227a,d511199b5b04415b0379162ff2264fb8adf7d65f,2025-12-11,macro_overlay,Macro Overlay,51,10,10,weight_pct,pct,fresh,2025-12-11T19:25:57.029Z,,v1.1,
371c88623480702a32401e7b29f9207ce221227a,d511199b5b04415b0379162ff2264fb8adf7d65f,2025-12-11,net_liquidity,Net Liquidity (FRED),71,4.3,4.3,weight_pct,pct,fresh,2025-12-11T16:00:00.000Z,,v1.1,
371c88623480702a32401e7b29f9207ce221227a,d511199b5b04415b0379162ff2264fb8adf7d65f,2025-12-11,social_interest,Social Interest,36,10,10,weight_pct,pct,fresh,2025-12-11T19:25:55.338Z,,v1.1,
371c88623480702a32401e7b29f9207ce221227a,d511199b5b04415b0379162ff2264fb8adf7d65f,2025-12-11,stablecoins,Stablecoins,40,18,18,weight_pct,pct,fresh,2025-12-11T16:24:27.588Z,,v1.1,
371c88623480702a32401e7b29f9207ce221227a,d511199b5b04415b0379162ff2264fb8adf7d65f,2025-12-11,term_leverage,Term Structure & Leverage,62,20,20,weight_pct,pct,stale,2025-12-03T00:00:00.000Z,,v1.1,
371c88623480702a32401e7b29f9207ce221227a,d511199b5b04415b0379162ff2264fb8adf7d65f,2025-12-11,trend_valuation,Trend & Valuation,49,30,30,weight_pct,pct,fresh,2025-12-11T19:25:54.658Z,,v1.1,
a465b6170c4078023ea542939ac0bef355226fc2,45fae5db911d0f30e63e82e8de0fabf4c7c746a4,2025-12-11,etf_flows,ETF Flows,82,7.7,7.7,weight_pct,pct,fresh,2025-12-11T20:55:41.355Z,,v1.1,
a465b6170c4078023ea542939ac0bef355226fc2,45fae5db911d0f30e63e82e8de0fabf4c7c746a4,2025-12-11,macro_overlay,Macro Overlay,50,10,10,weight_pct,pct,fresh,2025-12-11T20:55:42.840Z,,v1.1,
a465b6170c4078023ea542939ac0bef355226fc2,45fae5db911d0f30e63e82e8de0fabf4c7c746a4,2025-12-11,net_liquidity,Net Liquidity (FRED),71,4.3,4.3,weight_pct,pct,fresh,2025-12-11T16:00:00.000Z,,v1.1,
a465b6170c4078023ea542939ac0bef355226fc2,45fae5db911d0f30e63e82e8de0fabf4c7c746a4,2025-12-11,social_interest,Social Interest,36,10,10,weight_pct,pct,fresh,2025-12-11T19:25:55.338Z,,v1.1,
a465b6170c4078023ea542939ac0bef355226fc2,45fae5db911d0f30e63e82e8de0fabf4c7c746a4,2025-12-11,stablecoins,Stablecoins,38,18,18,weight_pct,pct,fresh,2025-12-11T20:55:42.086Z,,v1.1,
a465b6170c4078023ea542939ac0bef355226fc2,45fae5db911d0f30e63e82e8de0fabf4c7c746a4,2025-12-11,term_leverage,Term Structure & Leverage,62,20,20,weight_pct,pct,fresh,2025-12-11T20:55:42.843Z,,v1.1,
a465b6170c4078023ea542939ac0bef355226fc2,45fae5db911d0f30e63e82e8de0fabf4c7c746a4,2025-12-11,trend_valuation,Trend & Valuation,49,30,30,weight_pct,pct,fresh,2025-12-11T20:55:41.329Z,,v1.1,
e23e6caf46dad69dd367fcecd3310acc539b0587,6082a0f7b5a684f58aef79b220d8339f41b632d3,2025-12-11,etf_flows,ETF Flows,82,7.7,7.7,weight_pct,pct,fresh,2025-12-11T16:24:39.176Z,,v1.1,
e23e6caf46dad69dd367fcecd3310acc539b0587,6082a0f7b5a684f58aef79b220d8339f41b632d3,2025-12-11,macro_overlay,Macro Overlay,51,10,10,weight_pct,pct,fresh,2025-12-11T16:24:27.430Z,,v1.1,
e23e6caf46dad69dd367fcecd3310acc539b0587,6082a0f7b5a684f58aef79b220d8339f41b632d3,2025-12-11,net_liquidity,Net Liquidity (FRED),71,4.3,4.3,weight_pct,pct,fresh,2025-12-11T16:00:00.000Z,,v1.1,
e23e6caf46dad69dd367fcecd3310acc539b0587,6082a0f7b5a684f58aef79b220d8339f41b632d3,2025-12-11,social_interest,Social Interest,36,10,10,weight_pct,pct,fresh,2025-12-11T16:24:28.519Z,,v1.1,
e23e6caf46dad69dd367fcecd3310acc539b0587,6082a0f7b5a684f58aef79b220d8339f41b632d3,2025-12-11,stablecoins,Stablecoins,40,18,18,weight_pct,pct,fresh,2025-12-11T16:24:27.588Z,,v1.1,
e23e6caf46dad69dd367fcecd3310acc539b0587,6082a0f7b5a684f58aef79b220d8339f41b632d3,2025-12-11,term_leverage,Term Structure & Leverage,62,20,20,weight_pct,pct,stale,2025-12-03T00:00:00.000Z,,v1.1,
e23e6caf46dad69dd367fcecd3310acc539b0587,6082a0f7b5a684f58aef79b220d8339f41b632d3,2025-12-11,trend_valuation,Trend & Valuation,49,30,30,weight_pct,pct,fresh,2025-12-11T16:24:27.042Z,,v1.1,
66fd5cdaa2c0063e1e507fb32e71086bc704caf3,ebdd6a50e365f9a378f0c201c14c14110f555f21,2025-12-12,etf_flows,ETF Flows,82,7.7,7.7,weight_pct,pct,fresh,2025-12-12T11:26:32.669Z,,v1.1,
66fd5cdaa2c0063e1e507fb32e71086bc704caf3,ebdd6a50e365f9a378f0c201c14c14110f555f21,2025-12-12,macro_overlay,Macro Overlay,50,10,10,weight_pct,pct,fresh,2025-12-12T11:25:21.590Z,,v1.1,
66fd5cdaa2c0063e1e507fb32e71086bc704caf3,ebdd6a50e365f9a378f0c201c14c14110f555f21,2025-12-12,net_liquidity,Net Liquidity (FRED),57,4.3,4.3,weight_pct,pct,fresh,2025-12-11T16:00:00.000Z,,v1.1,
66fd5cdaa2c0063e1e507fb32e71086bc704caf3,ebdd6a50e365f9a378f0c201c14c14110f555f21,2025-12-12,social_interest,Social Interest,36,10,10,weight_pct,pct,fresh,2025-12-11T19:25:55.338Z,,v1.1,
66fd5cdaa2c0063e1e507fb32e71086bc704caf3,ebdd6a50e365f9a378f0c201c14c14110f555f21,2025-12-12,stablecoins,Stablecoins,43,18,18,weight_pct,pct,fresh,2025-12-12T11:25:21.256Z,,v1.1,
66fd5cdaa2c0063e1e507fb32e71086bc704caf3,ebdd6a50e365f9a378f0c201c14c14110f555f21,2025-12-12,term_leverage,Term Structure & Leverage,51,20,20,weight_pct,pct,fresh,2025-12-12T11:26:32.671Z,,v1.1,
66fd5cdaa2c0063e1e507fb32e71086bc704caf3,ebdd6a50e365f9a378f0c201c14c14110f555f21,2025-12-12,trend_valuation,Trend & Valuation,49,30,30,weight_pct,pct,fresh,2025-12-12T11:25:20.222Z,,v1.1,
41ce693adb5da39678424f5a1090d4aee3e7d454,a62231b65d7f5b969c99a4b1f0fcdc31f4309783,2025-12-13,etf_flows,ETF Flows,82,7.7,7.7,weight_pct,pct,fresh,2025-12-13T11:21:19.788Z,,v1.1,
41ce693adb5da39678424f5a1090d4aee3e7d454,a62231b65d7f5b969c99a4b1f0fcdc31f4309783,2025-12-13,macro_overlay,Macro Overlay,53,10,10,weight_pct,pct,fresh,2025-12-13T11:20:09.201Z,,v1.1,
41ce693adb5da39678424f5a1090d4aee3e7d454,a62231b65d7f5b969c99a4b1f0fcdc31f4309783,2025-12-13,net_liquidity,Net Liquidity (FRED),79,4.3,4.3,weight_pct,pct,fresh,2025-12-12T16:00:00.000Z,,v1.1,
41ce693adb5da39678424f5a1090d4aee3e7d454,a62231b65d7f5b969c99a4b1f0fcdc31f4309783,2025-12-13,social_interest,Social Interest,17,10,10,weight_pct,pct,fresh,2025-12-13T11:20:08.134Z,,v1.1,
41ce693adb5da39678424f5a1090d4aee3e7d454,a62231b65d7f5b969c99a4b1f0fcdc31f4309783,2025-12-13,stablecoins,Stablecoins,42,18,18,weight_pct,pct,fresh,2025-12-13T11:20:09.298Z,,v1.1,
41ce693adb5da39678424f5a1090d4aee3e7d454,a62231b65d7f5b969c99a4b1f0fcdc31f4309783,2025-12-13,term_leverage,Term Structure & Leverage,51,20,20,weight_pct,pct,fresh,2025-12-13T11:21:19.790Z,,v1.1,
41ce693adb5da39678424f5a1090d4aee3e7d454,a62231b65d7f5b969c99a4b1f0fcdc31f4309783,2025-12-13,trend_valuation,Trend & Valuation,49,30,30,weight_pct,pct,fresh,2025-12-13T11:20:07.317Z,,v1.1,
81f4297e8dc44b7870c01b420abd3b564dd1ce33,7b927e3db9fe8af0e59cb34143867730938964d0,2025-12-14,etf_flows,ETF Flows,82,7.7,7.7,weight_pct,pct,fresh,2025-12-14T11:22:00.263Z,,v1.1,
81f4297e8dc44b7870c01b420abd3b564dd1ce33,7b927e3db9fe8af0e59cb34143867730938964d0,2025-12-14,macro_overlay,Macro Overlay,50,10,10,weight_pct,pct,fresh,2025-12-14T11:20:50.334Z,,v1.1,
81f4297e8dc44b7870c01b420abd3b564dd1ce33,7b927e3db9fe8af0e59cb34143867730938964d0,2025-12-14,net_liquidity,Net Liquidity (FRED),79,4.3,4.3,weight_pct,pct,fresh,2025-12-12T16:00:00.000Z,,v1.1,
81f4297e8dc44b7870c01b420abd3b564dd1ce33,7b927e3db9fe8af0e59cb34143867730938964d0,2025-12-14,social_interest,Social Interest,17,10,10,weight_pct,pct,fresh,2025-12-14T11:20:48.307Z,,v1.1,
81f4297e8dc44b7870c01b420abd3b564dd1ce33,7b927e3db9fe8af0e59cb34143867730938964d0,2025-12-14,stablecoins,Stablecoins,45,18,18,weight_pct,pct,fresh,2025-12-14T11:20:48.702Z,,v1.1,
81f4297e8dc44b7870c01b420abd3b564dd1ce33,7b927e3db9fe8af0e59cb34143867730938964d0,2025-12-14,term_leverage,Term Structure & Leverage,51,20,20,weight_pct,pct,fresh,2025-12-14T11:22:00.265Z,,v1.1,
81f4297e8dc44b7870c01b420abd3b564dd1ce33,7b927e3db9fe8af0e59cb34143867730938964d0,2025-12-14,trend_valuation,Trend & Valuation,49,30,30,weight_pct,pct,fresh,2025-12-14T11:20:47.795Z,,v1.1,
5d1a0d27d7878103c373ad45b940ac5b6c35b550,8e6fd371c178b61fa7ff251683a168568aeadc59,2025-12-15,etf_flows,ETF Flows,82,7.7,7.7,weight_pct,pct,fresh,2025-12-15T11:25:26.268Z,,v1.1,
5d1a0d27d7878103c373ad45b940ac5b6c35b550,8e6fd371c178b61fa7ff251683a168568aeadc59,2025-12-15,macro_overlay,Macro Overlay,51,10,10,weight_pct,pct,fresh,2025-12-15T11:25:28.291Z,,v1.1,
5d1a0d27d7878103c373ad45b940ac5b6c35b550,8e6fd371c178b61fa7ff251683a168568aeadc59,2025-12-15,net_liquidity,Net Liquidity (FRED),79,4.3,4.3,weight_pct,pct,fresh,2025-12-12T16:00:00.000Z,,v1.1,
5d1a0d27d7878103c373ad45b940ac5b6c35b550,8e6fd371c178b61fa7ff251683a168568aeadc59,2025-12-15,social_interest,Social Interest,17,10,10,weight_pct,pct,fresh,2025-12-15T11:25:26.828Z,,v1.1,
5d1a0d27d7878103c373ad45b940ac5b6c35b550,8e6fd371c178b61fa7ff251683a168568aeadc59,2025-12-15,stablecoins,Stablecoins,33,18,18,weight_pct,pct,fresh,2025-12-15T11:25:27.324Z,,v1.1,
5d1a0d27d7878103c373ad45b940ac5b6c35b550,8e6fd371c178b61fa7ff251683a168568aeadc59,2025-12-15,term_leverage,Term Structure & Leverage,51,20,20,weight_pct,pct,fresh,2025-12-15T11:25:28.295Z,,v1.1,
5d1a0d27d7878103c373ad45b940ac5b6c35b550,8e6fd371c178b61fa7ff251683a168568aeadc59,2025-12-15,trend_valuation,Trend & Valuation,50,30,30,weight_pct,pct,fresh,2025-12-15T11:25:26.238Z,,v1.1,
9668e81224e518866a44859c0c0b17908ab23d15,1ea7692daecd80608b8580ba492de5d23ed311c7,2025-12-15,etf_flows,ETF Flows,82,7.7,7.7,weight_pct,pct,fresh,2025-12-15T03:38:52.449Z,,v1.1,
9668e81224e518866a44859c0c0b17908ab23d15,1ea7692daecd80608b8580ba492de5d23ed311c7,2025-12-15,macro_overlay,Macro Overlay,50,10,10,weight_pct,pct,fresh,2025-12-15T03:37:41.938Z,,v1.1,
9668e81224e518866a44859c0c0b17908ab23d15,1ea7692daecd80608b8580ba492de5d23ed311c7,2025-12-15,net_liquidity,Net Liquidity (FRED),79,4.3,4.3,weight_pct,pct,fresh,2025-12-12T16:00:00.000Z,,v1.1,
9668e81224e518866a44859c0c0b17908ab23d15,1ea7692daecd80608b8580ba492de5d23ed311c7,2025-12-15,social_interest,Social Interest,17,10,10,weight_pct,pct,fresh,2025-12-14T11:20:48.307Z,,v1.1,
9668e81224e518866a44859c0c0b17908ab23d15,1ea7692daecd80608b8580ba492de5d23ed311c7,2025-12-15,stablecoins,Stablecoins,41,18,18,weight_pct,pct,fresh,2025-12-15T03:37:41.253Z,,v1.1,
9668e81224e518866a44859c0c0b17908ab23d15,1ea7692daecd80608b8580ba492de5d23ed311c7,2025-12-15,term_leverage,Term Structure & Leverage,51,20,20,weight_pct,pct,fresh,2025-12-15T03:38:52.452Z,,v1.1,
9668e81224e518866a44859c0c0b17908ab23d15,1ea7692daecd80608b8580ba492de5d23ed311c7,2025-12-15,trend_valuation,Trend & Valuation,49,30,30,weight_pct,pct,fresh,2025-12-15T03:37:40.483Z,,v1.1,
e7571b3c24971496874b3d87e323f58e1d71718e,9a60cfc4ccdea8d94b78fc686d8ff52852f5f40a,2025-12-16,etf_flows,ETF Flows,82,7.7,7.7,weight_pct,pct,fresh,2025-12-16T11:26:25.276Z,,v1.1,
e7571b3c24971496874b3d87e323f58e1d71718e,9a60cfc4ccdea8d94b78fc686d8ff52852f5f40a,2025-12-16,macro_overlay,Macro Overlay,51,10,10,weight_pct,pct,fresh,2025-12-16T11:25:15.578Z,,v1.1,
e7571b3c24971496874b3d87e323f58e1d71718e,9a60cfc4ccdea8d94b78fc686d8ff52852f5f40a,2025-12-16,net_liquidity,Net Liquidity (FRED),58,4.3,4.3,weight_pct,pct,fresh,2025-12-15T16:00:00.000Z,,v1.1,
e7571b3c24971496874b3d87e323f58e1d71718e,9a60cfc4ccdea8d94b78fc686d8ff52852f5f40a,2025-12-16,social_interest,Social Interest,15,10,10,weight_pct,pct,fresh,2025-12-16T11:25:14.930Z,,v1.1,
e7571b3c24971496874b3d87e323f58e1d71718e,9a60cfc4ccdea8d94b78fc686d8ff52852f5f40a,2025-12-16,stablecoins,Stablecoins,44,18,18,weight_pct,pct,fresh,2025-12-16T11:25:14.235Z,,v1.1,
e7571b3c24971496874b3d87e323f58e1d71718e,9a60cfc4ccdea8d94b78fc686d8ff52852f5f40a,2025-12-16,term_leverage,Term Structure & Leverage,51,20,20,weight_pct,pct,fresh,2025-12-16T11:26:25.278Z,,v1.1,
e7571b3c24971496874b3d87e323f58e1d71718e,9a60cfc4ccdea8d94b78fc686d8ff52852f5f40a,2025-12-16,trend_valuation,Trend & Valuation,48,30,30,weight_pct,pct,fresh,2025-12-16T11:25:13.327Z,,v1.1,
79e40355649208efda6616a267507fd99c3a0c54,e88d209a115b8ed38d9418b26ce780939578a990,2025-12-17,etf_flows,ETF Flows,82,7.7,7.7,weight_pct,pct,fresh,2025-12-17T11:26:58.514Z,,v1.1,
79e40355649208efda6616a267507fd99c3a0c54,e88d209a115b8ed38d9418b26ce780939578a990,2025-12-17,macro_overlay,Macro Overlay,51,10,10,weight_pct,pct,fresh,2025-12-17T11:25:48.043Z,,v1.1,
79e40355649208efda6616a267507fd99c3a0c54,e88d209a115b8ed38d9418b26ce780939578a990,2025-12-17,net_liquidity,Net Liquidity (FRED),64,4.3,4.3,weight_pct,pct,fresh,2025-12-16T16:00:00.000Z,,v1.1,
79e40355649208efda6616a267507fd99c3a0c54,e88d209a115b8ed38d9418b26ce780939578a990,2025-12-17,social_interest,Social Interest,22,10,10,weight_pct,pct,fresh,2025-12-17T11:25:49.703Z,,v1.1,
79e40355649208efda6616a267507fd99c3a0c54,e88d209a115b8ed38d9418b26ce780939578a990,2025-12-17,stablecoins,Stablecoins,37,18,18,weight_pct,pct,fresh,2025-12-17T11:25:47.115Z,,v1.1,
79e40355649208efda6616a267507fd99c3a0c54,e88d209a115b8ed38d9418b26ce780939578a990,2025-12-17,term_leverage,Term Structure & Leverage,51,20,20,weight_pct,pct,fresh,2025-12-17T11:26:58.517Z,,v1.1,
79e40355649208efda6616a267507fd99c3a0c54,e88d209a115b8ed38d9418b26ce780939578a990,2025-12-17,trend_valuation,Trend & Valuation,48,30,30,weight_pct,pct,fresh,2025-12-17T11:25:46.009Z,,v1.1,
daba2f077f6c2807745c80de96319250e803e2cc,3618d104026fa3de08d5238911a83ee4e52b79c5,2025-12-18,etf_flows,ETF Flows,45,7.7,7.7,weight_pct,pct,fresh,2025-12-18T11:25:06.365Z,,v1.1,
daba2f077f6c2807745c80de96319250e803e2cc,3618d104026fa3de08d5238911a83ee4e52b79c5,2025-12-18,macro_overlay,Macro Overlay,53,10,10,weight_pct,pct,fresh,2025-12-18T11:23:56.337Z,,v1.1,
daba2f077f6c2807745c80de96319250e803e2cc,3618d104026fa3de08d5238911a83ee4e52b79c5,2025-12-18,net_liquidity,Net Liquidity (FRED),57,4.3,4.3,weight_pct,pct,fresh,2025-12-17T16:00:00.000Z,,v1.1,
daba2f077f6c2807745c80de96319250e803e2cc,3618d104026fa3de08d5238911a83ee4e52b79c5,2025-12-18,social_interest,Social Interest,22,10,10,weight_pct,pct,fresh,2025-12-17T11:25:49.703Z,,v1.1,
daba2f077f6c2807745c80de96319250e803e2cc,3618d104026fa3de08d5238911a83ee4e52b79c5,2025-12-18,stablecoins,Stablecoins,41,18,18,weight_pct,pct,fresh,2025-12-18T11:23:55.495Z,,v1.1,
daba2f077f6c2807745c80de96319250e803e2cc,3618d104026fa3de08d5238911a83ee4e52b79c5,2025-12-18,term_leverage,Term Structure & Leverage,51,20,20,weight_pct,pct,fresh,2025-12-18T11:25:06.367Z,,v1.1,
daba2f077f6c2807745c80de96319250e803e2cc,3618d104026fa3de08d5238911a83ee4e52b79c5,2025-12-18,trend_valuation,Trend & Valuation,49,30,30,weight_pct,pct,fresh,2025-12-18T11:23:54.119Z,,v1.1,
cc532d0daf760a5cff724c0243cf3350ed3d1d7b,0610156e3bcdc2989c6621e4eae662091d175e5a,2025-12-19,etf_flows,ETF Flows,58,7.7,7.7,weight_pct,pct,fresh,2025-12-19T11:24:36.464Z,,v1.1,
cc532d0daf760a5cff724c0243cf3350ed3d1d7b,0610156e3bcdc2989c6621e4eae662091d175e5a,2025-12-19,macro_overlay,Macro Overlay,55,10,10,weight_pct,pct,fresh,2025-12-19T11:23:28.575Z,,v1.1,
cc532d0daf760a5cff724c0243cf3350ed3d1d7b,0610156e3bcdc2989c6621e4eae662091d175e5a,2025-12-19,net_liquidity,Net Liquidity (FRED),61,4.3,4.3,weight_pct,pct,fresh,2025-12-18T16:00:00.000Z,,v1.1,
cc532d0daf760a5cff724c0243cf3350ed3d1d7b,0610156e3bcdc2989c6621e4eae662091d175e5a,2025-12-19,social_interest,Social Interest,28,10,10,weight_pct,pct,fresh,2025-12-19T11:23:26.817Z,,v1.1,
cc532d0daf760a5cff724c0243cf3350ed3d1d7b,0610156e3bcdc2989c6621e4eae662091d175e5a,2025-12-19,stablecoins,Stablecoins,44,18,18,weight_pct,pct,fresh,2025-12-19T11:23:26.854Z,,v1.1,
cc532d0daf760a5cff724c0243cf3350ed3d1d7b,0610156e3bcdc2989c6621e4eae662091d175e5a,2025-12-19,term_leverage,Term Structure & Leverage,27,20,20,weight_pct,pct,fresh,2025-12-19T11:24:36.466Z,,v1.1,
cc532d0daf760a5cff724c0243cf3350ed3d1d7b,0610156e3bcdc2989c6621e4eae662091d175e5a,2025-12-19,trend_valuation,Trend & Valuation,49,30,30,weight_pct,pct,fresh,2025-12-19T11:23:26.323Z,,v1.1,
3398047ed1f1fc8178b2b784c6468c92d0d38133,dba4c18a43bd55f6b1faebfb93f2c8a05fc3e538,2025-12-20,etf_flows,ETF Flows,82,7.7,7.7,weight_pct,pct,fresh,2025-12-20T11:21:19.007Z,,v1.1,
3398047ed1f1fc8178b2b784c6468c92d0d38133,dba4c18a43bd55f6b1faebfb93f2c8a05fc3e538,2025-12-20,macro_overlay,Macro Overlay,55,10,10,weight_pct,pct,fresh,2025-12-20T11:20:08.466Z,,v1.1,
3398047ed1f1fc8178b2b784c6468c92d0d38133,dba4c18a43bd55f6b1faebfb93f2c8a05fc3e538,2025-12-20,net_liquidity,Net Liquidity (FRED),81,4.3,4.3,weight_pct,pct,fresh,2025-12-19T16:00:00.000Z,,v1.1,
3398047ed1f1fc8178b2b784c6468c92d0d38133,dba4c18a43bd55f6b1faebfb93f2c8a05fc3e538,2025-12-20,social_interest,Social Interest,28,10,10,weight_pct,pct,fresh,2025-12-19T11:23:26.817Z,,v1.1,
3398047ed1f1fc8178b2b784c6468c92d0d38133,dba4c18a43bd55f6b1faebfb93f2c8a05fc3e538,2025-12-20,stablecoins,Stablecoins,46,18,18,weight_pct,pct,fresh,2025-12-20T11:20:07.567Z,,v1.1,
3398047ed1f1fc8178b2b784c6468c92d0d38133,dba4c18a43bd55f6b1faebfb93f2c8a05fc3e538,2025-12-20,term_leverage,Term Structure & Leverage,27,20,20,weight_pct,pct,fresh,2025-12-20T11:21:19.010Z,,v1.1,
3398047ed1f1fc8178b2b784c6468c92d0d38133,dba4c18a43bd55f6b1faebfb93f2c8a05fc3e538,2025-12-20,trend_valuation,Trend & Valuation,48,30,30,weight_pct,pct,fresh,2025-12-20T11:20:06.585Z,,v1.1,
65e2f9fc25db0b5265973adc933ea375702a901c,ad5f14ce8b3628bab9ed89699ba1f6a02fbd16f0,2025-12-21,etf_flows,ETF Flows,82,7.7,7.7,weight_pct,pct,fresh,2025-12-21T11:22:00.847Z,,v1.1,
65e2f9fc25db0b5265973adc933ea375702a901c,ad5f14ce8b3628bab9ed89699ba1f6a02fbd16f0,2025-12-21,macro_overlay,Macro Overlay,55,10,10,weight_pct,pct,fresh,2025-12-21T11:20:49.538Z,,v1.1,
65e2f9fc25db0b5265973adc933ea375702a901c,ad5f14ce8b3628bab9ed89699ba1f6a02fbd16f0,2025-12-21,net_liquidity,Net Liquidity (FRED),81,4.3,4.3,weight_pct,pct,fresh,2025-12-19T16:00:00.000Z,,v1.1,
65e2f9fc25db0b5265973adc933ea375702a901c,ad5f14ce8b3628bab9ed89699ba1f6a02fbd16f0,2025-12-21,social_interest,Social Interest,20,10,10,weight_pct,pct,fresh,2025-12-21T11:20:48.172Z,,v1.1,
65e2f9fc25db0b5265973adc933ea375702a901c,ad5f14ce8b3628bab9ed89699ba1f6a02fbd16f0,2025-12-21,stablecoins,Stablecoins,49,18,18,weight_pct,pct,fresh,2025-12-21T11:20:48.669Z,,v1.1,
65e2f9fc25db0b5265973adc933ea375702a901c,ad5f14ce8b3628bab9ed89699ba1f6a02fbd16f0,2025-12-21,term_leverage,Term Structure & Leverage,27,20,20,weight_pct,pct,fresh,2025-12-21T11:22:00.849Z,,v1.1,
65e2f9fc25db0b5265973adc933ea375702a901c,ad5f14ce8b3628bab9ed89699ba1f6a02fbd16f0,2025-12-21,trend_valuation,Trend & Valuation,49,30,30,weight_pct,pct,fresh,2025-12-21T11:20:47.513Z,,v1.1,
222b2f11c69802d177f2db96b8f1616f539176c0,d81dbe7a5185f9fe28981b24f2b609f8e15fcc55,2025-12-22,etf_flows,ETF Flows,47,7.7,7.7,weight_pct,pct,fresh,2025-12-22T11:24:50.138Z,,v1.1,
222b2f11c69802d177f2db96b8f1616f539176c0,d81dbe7a5185f9fe28981b24f2b609f8e15fcc55,2025-12-22,macro_overlay,Macro Overlay,55,10,10,weight_pct,pct,fresh,2025-12-22T11:23:42.063Z,,v1.1,
222b2f11c69802d177f2db96b8f1616f539176c0,d81dbe7a5185f9fe28981b24f2b609f8e15fcc55,2025-12-22,net_liquidity,Net Liquidity (FRED),81,4.3,4.3,weight_pct,pct,fresh,2025-12-19T16:00:00.000Z,,v1.1,
222b2f11c69802d177f2db96b8f1616f539176c0,d81dbe7a5185f9fe28981b24f2b609f8e15fcc55,2025-12-22,social_interest,Social Interest,20,10,10,weight_pct,pct,fresh,2025-12-22T11:23:40.531Z,,v1.1,
222b2f11c69802d177f2db96b8f1616f539176c0,d81dbe7a5185f9fe28981b24f2b609f8e15fcc55,2025-12-22,stablecoins,Stablecoins,44,18,18,weight_pct,pct,fresh,2025-12-22T11:23:41.050Z,,v1.1,
222b2f11c69802d177f2db96b8f1616f539176c0,d81dbe7a5185f9fe28981b24f2b609f8e15fcc55,2025-12-22,term_leverage,Term Structure & Leverage,27,20,20,weight_pct,pct,fresh,2025-12-22T11:24:50.140Z,,v1.1,
222b2f11c69802d177f2db96b8f1616f539176c0,d81dbe7a5185f9fe28981b24f2b609f8e15fcc55,2025-12-22,trend_valuation,Trend & Valuation,49,30,30,weight_pct,pct,fresh,2025-12-22T11:23:39.916Z,,v1.1,
02fedaa9659ab96b8bb0c0518f1077dff2163796,bfe6a2b2ec702e93fe776d4a30b9783d3ae87920,2025-12-23,etf_flows,ETF Flows,82,7.7,7.7,weight_pct,pct,fresh,2025-12-23T11:25:39.058Z,,v1.1,
02fedaa9659ab96b8bb0c0518f1077dff2163796,bfe6a2b2ec702e93fe776d4a30b9783d3ae87920,2025-12-23,macro_overlay,Macro Overlay,53,10,10,weight_pct,pct,fresh,2025-12-23T11:24:27.643Z,,v1.1,
02fedaa9659ab96b8bb0c0518f1077dff2163796,bfe6a2b2ec702e93fe776d4a30b9783d3ae87920,2025-12-23,net_liquidity,Net Liquidity (FRED),59,4.3,4.3,weight_pct,pct,fresh,2025-12-22T16:00:00.000Z,,v1.1,
02fedaa9659ab96b8bb0c0518f1077dff2163796,bfe6a2b2ec702e93fe776d4a30b9783d3ae87920,2025-12-23,social_interest,Social Interest,16,10,10,weight_pct,pct,fresh,2025-12-23T11:24:26.845Z,,v1.1,
02fedaa9659ab96b8bb0c0518f1077dff2163796,bfe6a2b2ec702e93fe776d4a30b9783d3ae87920,2025-12-23,stablecoins,Stablecoins,47,18,18,weight_pct,pct,fresh,2025-12-23T11:24:27.084Z,,v1.1,
02fedaa9659ab96b8bb0c0518f1077dff2163796,bfe6a2b2ec702e93fe776d4a30b9783d3ae87920,2025-12-23,term_leverage,Term Structure & Leverage,27,20,20,weight_pct,pct,fresh,2025-12-23T11:25:39.060Z,,v1.1,
02fedaa9659ab96b8bb0c0518f1077dff2163796,bfe6a2b2ec702e93fe776d4a30b9783d3ae87920,2025-12-23,trend_valuation,Trend & Valuation,49,30,30,weight_pct,pct,fresh,2025-12-23T11:24:26.183Z,,v1.1,
bc4b7fff1467eff00603c8d4f09f0642dee03f26,5378f2876dbc2dc48fa9d92511bd1ba2e0508ca5,2025-12-24,etf_flows,ETF Flows,82,7.7,7.7,weight_pct,pct,fresh,2025-12-24T14:55:56.732Z,,v1.1,
bc4b7fff1467eff00603c8d4f09f0642dee03f26,5378f2876dbc2dc48fa9d92511bd1ba2e0508ca5,2025-12-24,macro_overlay,Macro Overlay,55,10,10,weight_pct,pct,fresh,2025-12-24T14:54:45.611Z,,v1.1,
bc4b7fff1467eff00603c8d4f09f0642dee03f26,5378f2876dbc2dc48fa9d92511bd1ba2e0508ca5,2025-12-24,net_liquidity,Net Liquidity (FRED),74,4.3,4.3,weight_pct,pct,fresh,2025-12-24T16:00:00.000Z,,v1.1,
bc4b7fff1467eff00603c8d4f09f0642dee03f26,5378f2876dbc2dc48fa9d92511bd1ba2e0508ca5,2025-12-24,social_interest,Social Interest,14,10,10,weight_pct,pct,fresh,2025-12-24T14:54:44.899Z,,v1.1,
bc4b7fff1467eff00603c8d4f09f0642dee03f26,5378f2876dbc2dc48fa9d92511bd1ba2e0508ca5,2025-12-24,stablecoins,Stablecoins,43,18,18,weight_pct,pct,fresh,2025-12-24T14:54:45.290Z,,v1.1,
bc4b7fff1467eff00603c8d4f09f0642dee03f26,5378f2876dbc2dc48fa9d92511bd1ba2e0508ca5,2025-12-24,term_leverage,Term Structure & Leverage,27,20,20,weight_pct,pct,fresh,2025-12-24T14:55:56.735Z,,v1.1,
bc4b7fff1467eff00603c8d4f09f0642dee03f26,5378f2876dbc2dc48fa9d92511bd1ba2e0508ca5,2025-12-24,trend_valuation,Trend & Valuation,49,30,30,weight_pct,pct,fresh,2025-12-24T14:54:44.250Z,,v1.1,
fbd05bd9c2c8b44f60eb05859d7fa13560fa31bd,7b2b08b00d45d6470c256e862a12adf56eb4b252,2025-12-25,etf_flows,ETF Flows,82,7.7,7.7,weight_pct,pct,fresh,2025-12-25T11:23:42.508Z,,v1.1,
fbd05bd9c2c8b44f60eb05859d7fa13560fa31bd,7b2b08b00d45d6470c256e862a12adf56eb4b252,2025-12-25,macro_overlay,Macro Overlay,57,10,10,weight_pct,pct,fresh,2025-12-25T11:22:31.082Z,,v1.1,
fbd05bd9c2c8b44f60eb05859d7fa13560fa31bd,7b2b08b00d45d6470c256e862a12adf56eb4b252,2025-12-25,net_liquidity,Net Liquidity (FRED),62,4.3,4.3,weight_pct,pct,fresh,2025-12-24T16:00:00.000Z,,v1.1,
fbd05bd9c2c8b44f60eb05859d7fa13560fa31bd,7b2b08b00d45d6470c256e862a12adf56eb4b252,2025-12-25,social_interest,Social Interest,14,10,10,weight_pct,pct,fresh,2025-12-24T14:54:44.899Z,,v1.1,
fbd05bd9c2c8b44f60eb05859d7fa13560fa31bd,7b2b08b00d45d6470c256e862a12adf56eb4b252,2025-12-25,stablecoins,Stablecoins,36,18,18,weight_pct,pct,fresh,2025-12-25T11:22:30.756Z,,v1.1,
fbd05bd9c2c8b44f60eb05859d7fa13560fa31bd,7b2b08b00d45d6470c256e862a12adf56eb4b252,2025-12-25,term_leverage,Term Structure & Leverage,27,20,20,weight_pct,pct,fresh,2025-12-25T11:23:42.510Z,,v1.1,
fbd05bd9c2c8b44f60eb05859d7fa13560fa31bd,7b2b08b00d45d6470c256e862a12adf56eb4b252,2025-12-25,trend_valuation,Trend & Valuation,49,30,30,weight_pct,pct,fresh,2025-12-25T11:22:29.779Z,,v1.1,
5f72fd2068b44548a1976a77eeaa4dd504693197,f819ab969f618f7c514f9b1d185b8a1be6b51e7c,2025-12-26,etf_flows,ETF Flows,73,7.7,7.7,weight_pct,pct,fresh,2025-12-26T11:24:36.565Z,,v1.1,
5f72fd2068b44548a1976a77eeaa4dd504693197,f819ab969f618f7c514f9b1d185b8a1be6b51e7c,2025-12-26,macro_overlay,Macro Overlay,55,10,10,weight_pct,pct,fresh,2025-12-26T11:23:28.026Z,,v1.1,
5f72fd2068b44548a1976a77eeaa4dd504693197,f819ab969f618f7c514f9b1d185b8a1be6b51e7c,2025-12-26,net_liquidity,Net Liquidity (FRED),62,4.3,4.3,weight_pct,pct,fresh,2025-12-24T16:00:00.000Z,,v1.1,
5f72fd2068b44548a1976a77eeaa4dd504693197,f819ab969f618f7c514f9b1d185b8a1be6b51e7c,2025-12-26,social_interest,Social Interest,14,10,10,weight_pct,pct,fresh,2025-12-26T11:23:27.452Z,,v1.1,
5f72fd2068b44548a1976a77eeaa4dd504693197,f819ab969f618f7c514f9b1d185b8a1be6b51e7c,2025-12-26,stablecoins,Stablecoins,40,18,18,weight_pct,pct,fresh,2025-12-26T11:23:28.021Z,,v1.1,
5f72fd2068b44548a1976a77eeaa4dd504693197,f819ab969f618f7c514f9b1d185b8a1be6b51e7c,2025-12-26,term_leverage,Term Structure & Leverage,26,20,20,weight_pct,pct,fresh,2025-12-26T11:24:36.567Z,,v1.1,
5f72fd2068b44548a1976a77eeaa4dd504693197,f819ab969f618f7c514f9b1d185b8a1be6b51e7c,2025-12-26,trend_valuation,Trend & Valuation,49,30,30,weight_pct,pct,fresh,2025-12-26T11:23:26.310Z,,v1.1,
332b4ecdf3e0cf6df082aa79a9d2af93d0580e0d,46e2b22c95d3bc594f7f4acead93a6d1b1ccce43,2025-12-27,etf_flows,ETF Flows,82,7.7,7.7,weight_pct,pct,fresh,2025-12-27T11:21:49.935Z,,v1.1,
332b4ecdf3e0cf6df082aa79a9d2af93d0580e0d,46e2b22c95d3bc594f7f4acead93a6d1b1ccce43,2025-12-27,macro_overlay,Macro Overlay,57,10,10,weight_pct,pct,fresh,2025-12-27T11:20:39.274Z,,v1.1,
332b4ecdf3e0cf6df082aa79a9d2af93d0580e0d,46e2b22c95d3bc594f7f4acead93a6d1b1ccce43,2025-12-27,net_liquidity,Net Liquidity (FRED),64,4.3,4.3,weight_pct,pct,fresh,2025-12-26T16:00:00.000Z,,v1.1,
332b4ecdf3e0cf6df082aa79a9d2af93d0580e0d,46e2b22c95d3bc594f7f4acead93a6d1b1ccce43,2025-12-27,social_interest,Social Interest,14,10,10,weight_pct,pct,fresh,2025-12-26T11:23:27.452Z,,v1.1,
332b4ecdf3e0cf6df082aa79a9d2af93d0580e0d,46e2b22c95d3bc594f7f4acead93a6d1b1ccce43,2025-12-27,stablecoins,Stablecoins,44,18,18,weight_pct,pct,fresh,2025-12-27T11:20:38.854Z,,v1.1,
332b4ecdf3e0cf6df082aa79a9d2af93d0580e0d,46e2b22c95d3bc594f7f4acead93a6d1b1ccce43,2025-12-27,term_leverage,Term Structure & Leverage,26,20,20,weight_pct,pct,fresh,2025-12-27T11:21:49.937Z,,v1.1,
332b4ecdf3e0cf6df082aa79a9d2af93d0580e0d,46e2b22c95d3bc594f7f4acead93a6d1b1ccce43,2025-12-27,trend_valuation,Trend & Valuation,48,30,30,weight_pct,pct,fresh,2025-12-27T11:20:37.742Z,,v1.1,
5cebc59f189e55442c009c066846c7ff21b661e5,3a5fe74deb5e41722e83c88a3b1661aed7bc21ac,2025-12-28,etf_flows,ETF Flows,82,7.7,7.7,weight_pct,pct,fresh,2025-12-28T11:22:42.278Z,,v1.1,
5cebc59f189e55442c009c066846c7ff21b661e5,3a5fe74deb5e41722e83c88a3b1661aed7bc21ac,2025-12-28,macro_overlay,Macro Overlay,57,10,10,weight_pct,pct,fresh,2025-12-28T11:21:30.616Z,,v1.1,
5cebc59f189e55442c009c066846c7ff21b661e5,3a5fe74deb5e41722e83c88a3b1661aed7bc21ac,2025-12-28,net_liquidity,Net Liquidity (FRED),63,4.3,4.3,weight_pct,pct,fresh,2025-12-26T16:00:00.000Z,,v1.1,
5cebc59f189e55442c009c066846c7ff21b661e5,3a5fe74deb5e41722e83c88a3b1661aed7bc21ac,2025-12-28,social_interest,Social Interest,15,10,10,weight_pct,pct,fresh,2025-12-28T11:21:29.396Z,,v1.1,
5cebc59f189e55442c009c066846c7ff21b661e5,3a5fe74deb5e41722e83c88a3b1661aed7bc21ac,2025-12-28,stablecoins,Stablecoins,45,18,18,weight_pct,pct,fresh,2025-12-28T11:21:29.745Z,,v1.1,
5cebc59f189e55442c009c066846c7ff21b661e5,3a5fe74deb5e41722e83c88a3b1661aed7bc21ac,2025-12-28,term_leverage,Term Structure & Leverage,26,20,20,weight_pct,pct,fresh,2025-12-28T11:22:42.280Z,,v1.1,
5cebc59f189e55442c009c066846c7ff21b661e5,3a5fe74deb5e41722e83c88a3b1661aed7bc21ac,2025-12-28,trend_valuation,Trend & Valuation,48,30,30,weight_pct,pct,fresh,2025-12-28T11:21:28.647Z,,v1.1,
ad76d0f49925150ff8c169c1f77678b8e2581ffd,701b29e5d5f201f27ca734e3678977197892b506,2025-12-29,etf_flows,ETF Flows,82,7.7,7.7,weight_pct,pct,fresh,2025-12-29T11:26:02.094Z,,v1.1,
ad76d0f49925150ff8c169c1f77678b8e2581ffd,701b29e5d5f201f27ca734e3678977197892b506,2025-12-29,macro_overlay,Macro Overlay,59,10,10,weight_pct,pct,fresh,2025-12-29T11:24:50.643Z,,v1.1,
ad76d0f49925150ff8c169c1f77678b8e2581ffd,701b29e5d5f201f27ca734e3678977197892b506,2025-12-29,net_liquidity,Net Liquidity (FRED),63,4.3,4.3,weight_pct,pct,fresh,2025-12-26T16:00:00.000Z,,v1.1,
ad76d0f49925150ff8c169c1f77678b8e2581ffd,701b29e5d5f201f27ca734e3678977197892b506,2025-12-29,social_interest,Social Interest,15,10,10,weight_pct,pct,fresh,2025-12-29T11:24:50.203Z,,v1.1,
ad76d0f49925150ff8c169c1f77678b8e2581ffd,701b29e5d5f201f27ca734e3678977197892b506,2025-12-29,stablecoins,Stablecoins,44,18,18,weight_pct,pct,fresh,2025-12-29T11:24:50.537Z,,v1.1,
ad76d0f49925150ff8c169c1f77678b8e2581ffd,701b29e5d5f201f27ca734e3678977197892b506,2025-12-29,term_leverage,Term Structure & Leverage,26,20,20,weight_pct,pct,fresh,2025-12-29T11:26:02.096Z,,v1.1,
ad76d0f49925150ff8c169c1f77678b8e2581ffd,701b29e5d5f201f27ca734e3678977197892b506,2025-12-29,trend_valuation,Trend & Valuation,48,30,30,weight_pct,pct,fresh,2025-12-29T11:24:49.512Z,,v1.1,
bdafce6046f14868ce274b0272ae0d9d56bf208c,d15d79d8160a88d9f5b30e087082d9f877eac0ea,2025-12-30,etf_flows,ETF Flows,82,7.7,7.7,weight_pct,pct,fresh,2025-12-30T11:25:59.867Z,,v1.1,
bdafce6046f14868ce274b0272ae0d9d56bf208c,d15d79d8160a88d9f5b30e087082d9f877eac0ea,2025-12-30,macro_overlay,Macro Overlay,57,10,10,weight_pct,pct,fresh,2025-12-30T11:24:49.397Z,,v1.1,
bdafce6046f14868ce274b0272ae0d9d56bf208c,d15d79d8160a88d9f5b30e087082d9f877eac0ea,2025-12-30,net_liquidity,Net Liquidity (FRED),62,4.3,4.3,weight_pct,pct,fresh,2025-12-29T16:00:00.000Z,,v1.1,
bdafce6046f14868ce274b0272ae0d9d56bf208c,d15d79d8160a88d9f5b30e087082d9f877eac0ea,2025-12-30,social_interest,Social Interest,18,10,10,weight_pct,pct,fresh,2025-12-30T11:24:48.269Z,,v1.1,
bdafce6046f14868ce274b0272ae0d9d56bf208c,d15d79d8160a88d9f5b30e087082d9f877eac0ea,2025-12-30,stablecoins,Stablecoins,36,18,18,weight_pct,pct,fresh,2025-12-30T11:24:48.682Z,,v1.1,
bdafce6046f14868ce274b0272ae0d9d56bf208c,d15d79d8160a88d9f5b30e087082d9f877eac0ea,2025-12-30,term_leverage,Term Structure & Leverage,23,20,20,weight_pct,pct,fresh,2025-12-30T11:25:59.869Z,,v1.1,
bdafce6046f14868ce274b0272ae0d9d56bf208c,d15d79d8160a88d9f5b30e087082d9f877eac0ea,2025-12-30,trend_valuation,Trend & Valuation,48,30,30,weight_pct,pct,fresh,2025-12-30T11:24:47.659Z,,v1.1,
7506c2b1bf2ac96f7548bd342bf8e38f1f959fbf,42cf77e5b9c25ef0ecc5a913dffd8448d4eb8ae3,2025-12-31,etf_flows,ETF Flows,78,7.7,7.7,weight_pct,pct,fresh,2025-12-31T11:25:05.173Z,,v1.1,
7506c2b1bf2ac96f7548bd342bf8e38f1f959fbf,42cf77e5b9c25ef0ecc5a913dffd8448d4eb8ae3,2025-12-31,macro_overlay,Macro Overlay,57,10,10,weight_pct,pct,fresh,2025-12-31T11:23:54.968Z,,v1.1,
7506c2b1bf2ac96f7548bd342bf8e38f1f959fbf,42cf77e5b9c25ef0ecc5a913dffd8448d4eb8ae3,2025-12-31,net_liquidity,Net Liquidity (FRED),59,4.3,4.3,weight_pct,pct,fresh,2025-12-30T16:00:00.000Z,,v1.1,
7506c2b1bf2ac96f7548bd342bf8e38f1f959fbf,42cf77e5b9c25ef0ecc5a913dffd8448d4eb8ae3,2025-12-31,social_interest,Social Interest,18,10,10,weight_pct,pct,fresh,2025-12-30T11:24:48.269Z,,v1.1,
7506c2b1bf2ac96f7548bd342bf8e38f1f959fbf,42cf77e5b9c25ef0ecc5a913dffd8448d4eb8ae3,2025-12-31,stablecoins,Stablecoins,33,18,18,weight_pct,pct,fresh,2025-12-31T11:23:53.967Z,,v1.1,
7506c2b1bf2ac96f7548bd342bf8e38f1f959fbf,42cf77e5b9c25ef0ecc5a913dffd8448d4eb8ae3,2025-12-31,term_leverage,Term Structure & Leverage,23,20,20,weight_pct,pct,fresh,2025-12-31T11:25:05.175Z,,v1.1,
7506c2b1bf2ac96f7548bd342bf8e38f1f959fbf,42cf77e5b9c25ef0ecc5a913dffd8448d4eb8ae3,2025-12-31,trend_valuation,Trend & Valuation,49,30,30,weight_pct,pct,fresh,2025-12-31T11:23:52.995Z,,v1.1,
4f98127b854175c5e5a161945dd9f17c6c98511c,692b31c764932018185d8fbf41f878ede5ed9a97,2026-01-01,etf_flows,ETF Flows,81,7.7,7.7,weight_pct,pct,fresh,2026-01-01T11:24:35.143Z,,v1.1,
4f98127b854175c5e5a161945dd9f17c6c98511c,692b31c764932018185d8fbf41f878ede5ed9a97,2026-01-01,macro_overlay,Macro Overlay,57,10,10,weight_pct,pct,fresh,2026-01-01T11:23:26.121Z,,v1.1,
4f98127b854175c5e5a161945dd9f17c6c98511c,692b31c764932018185d8fbf41f878ede5ed9a97,2026-01-01,net_liquidity,Net Liquidity (FRED),54,4.3,4.3,weight_pct,pct,fresh,2025-12-31T16:00:00.000Z,,v1.1,
4f98127b854175c5e5a161945dd9f17c6c98511c,692b31c764932018185d8fbf41f878ede5ed9a97,2026-01-01,social_interest,Social Interest,10,10,10,weight_pct,pct,fresh,2026-01-01T11:23:29.345Z,,v1.1,
4f98127b854175c5e5a161945dd9f17c6c98511c,692b31c764932018185d8fbf41f878ede5ed9a97,2026-01-01,stablecoins,Stablecoins,47,18,18,weight_pct,pct,fresh,2026-01-01T11:23:25.744Z,,v1.1,
4f98127b854175c5e5a161945dd9f17c6c98511c,692b31c764932018185d8fbf41f878ede5ed9a97,2026-01-01,term_leverage,Term Structure & Leverage,23,20,20,weight_pct,pct,fresh,2026-01-01T11:24:35.144Z,,v1.1,
4f98127b854175c5e5a161945dd9f17c6c98511c,692b31c764932018185d8fbf41f878ede5ed9a97,2026-01-01,trend_valuation,Trend & Valuation,48,30,30,weight_pct,pct,fresh,2026-01-01T11:23:24.943Z,,v1.1,
0dd5e80db99e8a08d716b41a54974bbcaa01a3a1,e1d6edfcdeb45d48921c7aa8029a6385351c80e6,2026-01-02,etf_flows,ETF Flows,82,7.7,7.7,weight_pct,pct,fresh,2026-01-02T11:24:32.574Z,,v1.1,
0dd5e80db99e8a08d716b41a54974bbcaa01a3a1,e1d6edfcdeb45d48921c7aa8029a6385351c80e6,2026-01-02,macro_overlay,Macro Overlay,59,10,10,weight_pct,pct,fresh,2026-01-02T11:23:21.670Z,,v1.1,
0dd5e80db99e8a08d716b41a54974bbcaa01a3a1,e1d6edfcdeb45d48921c7aa8029a6385351c80e6,2026-01-02,net_liquidity,Net Liquidity (FRED),54,4.3,4.3,weight_pct,pct,fresh,2025-12-31T16:00:00.000Z,,v1.1,
0dd5e80db99e8a08d716b41a54974bbcaa01a3a1,e1d6edfcdeb45d48921c7aa8029a6385351c80e6,2026-01-02,social_interest,Social Interest,10,10,10,weight_pct,pct,fresh,2026-01-01T11:23:29.345Z,,v1.1,
0dd5e80db99e8a08d716b41a54974bbcaa01a3a1,e1d6edfcdeb45d48921c7aa8029a6385351c80e6,2026-01-02,stablecoins,Stablecoins,46,18,18,weight_pct,pct,fresh,2026-01-02T11:23:20.831Z,,v1.1,
0dd5e80db99e8a08d716b41a54974bbcaa01a3a1,e1d6edfcdeb45d48921c7aa8029a6385351c80e6,2026-01-02,term_leverage,Term Structure & Leverage,23,20,20,weight_pct,pct,fresh,2026-01-02T11:24:32.576Z,,v1.1,
0dd5e80db99e8a08d716b41a54974bbcaa01a3a1,e1d6edfcdeb45d48921c7aa8029a6385351c80e6,2026-01-02,trend_valuation,Trend & Valuation,49,30,30,weight_pct,pct,fresh,2026-01-02T11:23:20.116Z,,v1.1,
4b1d255f2f8d1428b4c5de9dba0a579488e71206,6cf7cf1d898b8e64bd0cb5bbbd1ef07bdf534f05,2026-01-03,etf_flows,ETF Flows,81,7.7,7.7,weight_pct,pct,fresh,2026-01-03T11:22:36.495Z,,v1.1,
4b1d255f2f8d1428b4c5de9dba0a579488e71206,6cf7cf1d898b8e64bd0cb5bbbd1ef07bdf534f05,2026-01-03,macro_overlay,Macro Overlay,53,10,10,weight_pct,pct,fresh,2026-01-03T11:21:28.539Z,,v1.1,
4b1d255f2f8d1428b4c5de9dba0a579488e71206,6cf7cf1d898b8e64bd0cb5bbbd1ef07bdf534f05,2026-01-03,net_liquidity,Net Liquidity (FRED),53,4.3,4.3,weight_pct,pct,fresh,2026-01-02T16:00:00.000Z,,v1.1,
4b1d255f2f8d1428b4c5de9dba0a579488e71206,6cf7cf1d898b8e64bd0cb5bbbd1ef07bdf534f05,2026-01-03,social_interest,Social Interest,18,10,10,weight_pct,pct,fresh,2026-01-03T11:21:26.973Z,,v1.1,
4b1d255f2f8d1428b4c5de9dba0a579488e71206,6cf7cf1d898b8e64bd0cb5bbbd1ef07bdf534f05,2026-01-03,stablecoins,Stablecoins,37,18,18,weight_pct,pct,fresh,2026-01-03T11:21:27.186Z,,v1.1,
4b1d255f2f8d1428b4c5de9dba0a579488e71206,6cf7cf1d898b8e64bd0cb5bbbd1ef07bdf534f05,2026-01-03,term_leverage,Term Structure & Leverage,18,20,20,weight_pct,pct,fresh,2026-01-03T11:22:36.497Z,,v1.1,
4b1d255f2f8d1428b4c5de9dba0a579488e71206,6cf7cf1d898b8e64bd0cb5bbbd1ef07bdf534f05,2026-01-03,trend_valuation,Trend & Valuation,49,30,30,weight_pct,pct,fresh,2026-01-03T11:21:26.361Z,,v1.1,
ae752e91a4cb744cd1b19c5e76269a4d687ca3fb,b2d7d609d43a2efe867e7514bb3280cfac3bd963,2026-01-04,etf_flows,ETF Flows,82,7.7,7.7,weight_pct,pct,fresh,2026-01-04T11:22:18.340Z,,v1.1,
ae752e91a4cb744cd1b19c5e76269a4d687ca3fb,b2d7d609d43a2efe867e7514bb3280cfac3bd963,2026-01-04,macro_overlay,Macro Overlay,51,10,10,weight_pct,pct,fresh,2026-01-04T11:21:06.873Z,,v1.1,
ae752e91a4cb744cd1b19c5e76269a4d687ca3fb,b2d7d609d43a2efe867e7514bb3280cfac3bd963,2026-01-04,net_liquidity,Net Liquidity (FRED),53,4.3,4.3,weight_pct,pct,fresh,2026-01-02T16:00:00.000Z,,v1.1,
ae752e91a4cb744cd1b19c5e76269a4d687ca3fb,b2d7d609d43a2efe867e7514bb3280cfac3bd963,2026-01-04,social_interest,Social Interest,18,10,10,weight_pct,pct,fresh,2026-01-03T11:21:26.973Z,,v1.1,
ae752e91a4cb744cd1b19c5e76269a4d687ca3fb,b2d7d609d43a2efe867e7514bb3280cfac3bd963,2026-01-04,stablecoins,Stablecoins,38,18,18,weight_pct,pct,fresh,2026-01-04T11:21:06.455Z,,v1.1,
ae752e91a4cb744cd1b19c5e76269a4d687ca3fb,b2d7d609d43a2efe867e7514bb3280cfac3bd963,2026-01-04,term_leverage,Term Structure & Leverage,18,20,20,weight_pct,pct,fresh,2026-01-04T11:22:18.342Z,,v1.1,
ae752e91a4cb744cd1b19c5e76269a4d687ca3fb,b2d7d609d43a2efe867e7514bb3280cfac3bd963,2026-01-04,trend_valuation,Trend & Valuation,49,30,30,weight_pct,pct,fresh,2026-01-04T11:21:05.545Z,,v1.1,
f1b0c32bf51ccbe4da14fa2fe04f061b2a807140,751dda55b8339cf53fe83406d5dfcc2bdf9926f8,2026-01-05,etf_flows,ETF Flows,82,7.7,7.7,weight_pct,pct,fresh,2026-01-05T11:26:32.895Z,,v1.1,
f1b0c32bf51ccbe4da14fa2fe04f061b2a807140,751dda55b8339cf53fe83406d5dfcc2bdf9926f8,2026-01-05,macro_overlay,Macro Overlay,53,10,10,weight_pct,pct,fresh,2026-01-05T11:25:24.539Z,,v1.1,
f1b0c32bf51ccbe4da14fa2fe04f061b2a807140,751dda55b8339cf53fe83406d5dfcc2bdf9926f8,2026-01-05,net_liquidity,Net Liquidity (FRED),53,4.3,4.3,weight_pct,pct,fresh,2026-01-02T16:00:00.000Z,,v1.1,
f1b0c32bf51ccbe4da14fa2fe04f061b2a807140,751dda55b8339cf53fe83406d5dfcc2bdf9926f8,2026-01-05,social_interest,Social Interest,19,10,10,weight_pct,pct,fresh,2026-01-05T11:25:23.448Z,,v1.1,
f1b0c32bf51ccbe4da14fa2fe04f061b2a807140,751dda55b8339cf53fe83406d5dfcc2bdf9926f8,2026-01-05,stablecoins,Stablecoins,48,18,18,weight_pct,pct,fresh,2026-01-05T11:25:23.858Z,,v1.1,
f1b0c32bf51ccbe4da14fa2fe04f061b2a807140,751dda55b8339cf53fe83406d5dfcc2bdf9926f8,2026-01-05,term_leverage,Term Structure & Leverage,18,20,20,weight_pct,pct,fresh,2026-01-05T11:26:32.898Z,,v1.1,
f1b0c32bf51ccbe4da14fa2fe04f061b2a807140,751dda55b8339cf53fe83406d5dfcc2bdf9926f8,2026-01-05,trend_valuation,Trend & Valuation,50,30,30,weight_pct,pct,fresh,2026-01-05T11:25:22.779Z,,v1.1,
e70040217b294eba893cca98f308f475ff890a6e,d86556fe6c70a34f0e92782a6628d06e645d6559,2026-01-06,etf_flows,ETF Flows,82,7.7,7.7,weight_pct,pct,fresh,2026-01-06T11:25:58.569Z,,v1.1,
e70040217b294eba893cca98f308f475ff890a6e,d86556fe6c70a34f0e92782a6628d06e645d6559,2026-01-06,macro_overlay,Macro Overlay,55,10,10,weight_pct,pct,fresh,2026-01-06T11:24:47.778Z,,v1.1,
e70040217b294eba893cca98f308f475ff890a6e,d86556fe6c70a34f0e92782a6628d06e645d6559,2026-01-06,net_liquidity,Net Liquidity (FRED),43,4.3,4.3,weight_pct,pct,fresh,2026-01-05T16:00:00.000Z,,v1.1,
e70040217b294eba893cca98f308f475ff890a6e,d86556fe6c70a34f0e92782a6628d06e645d6559,2026-01-06,social_interest,Social Interest,14,10,10,weight_pct,pct,fresh,2026-01-06T11:24:47.133Z,,v1.1,
e70040217b294eba893cca98f308f475ff890a6e,d86556fe6c70a34f0e92782a6628d06e645d6559,2026-01-06,stablecoins,Stablecoins,54,18,18,weight_pct,pct,fresh,2026-01-06T11:24:47.685Z,,v1.1,
e70040217b294eba893cca98f308f475ff890a6e,d86556fe6c70a34f0e92782a6628d06e645d6559,2026-01-06,term_leverage,Term Structure & Leverage,18,20,20,weight_pct,pct,fresh,2026-01-06T11:25:58.572Z,,v1.1,
e70040217b294eba893cca98f308f475ff890a6e,d86556fe6c70a34f0e92782a6628d06e645d6559,2026-01-06,trend_valuation,Trend & Valuation,50,30,30,weight_pct,pct,fresh,2026-01-06T11:24:46.392Z,,v1.1,
8ed973b4e48f938de396494d737bfa8d09096650,0906494f3069465748eb067aaa6ef23f9ada62b8,2026-01-07,etf_flows,ETF Flows,82,7.7,7.7,weight_pct,pct,fresh,2026-01-07T11:27:15.346Z,,v1.1,
8ed973b4e48f938de396494d737bfa8d09096650,0906494f3069465748eb067aaa6ef23f9ada62b8,2026-01-07,macro_overlay,Macro Overlay,53,10,10,weight_pct,pct,fresh,2026-01-07T11:26:05.573Z,,v1.1,
8ed973b4e48f938de396494d737bfa8d09096650,0906494f3069465748eb067aaa6ef23f9ada62b8,2026-01-07,net_liquidity,Net Liquidity (FRED),43,4.3,4.3,weight_pct,pct,fresh,2026-01-06T16:00:00.000Z,,v1.1,
8ed973b4e48f938de396494d737bfa8d09096650,0906494f3069465748eb067aaa6ef23f9ada62b8,2026-01-07,social_interest,Social Interest,9,10,10,weight_pct,pct,fresh,2026-01-07T11:26:04.053Z,,v1.1,
8ed973b4e48f938de396494d737bfa8d09096650,0906494f3069465748eb067aaa6ef23f9ada62b8,2026-01-07,stablecoins,Stablecoins,53,18,18,weight_pct,pct,fresh,2026-01-07T11:26:06.094Z,,v1.1,
8ed973b4e48f938de396494d737bfa8d09096650,0906494f3069465748eb067aaa6ef23f9ada62b8,2026-01-07,term_leverage,Term Structure & Leverage,18,20,20,weight_pct,pct,fresh,2026-01-07T11:27:15.348Z,,v1.1,
8ed973b4e48f938de396494d737bfa8d09096650,0906494f3069465748eb067aaa6ef23f9ada62b8,2026-01-07,trend_valuation,Trend & Valuation,50,30,30,weight_pct,pct,fresh,2026-01-07T11:26:03.070Z,,v1.1,
802f29748aa2039c3919dd6c130fb2e22d8ff43d,f16a8554c9cd48bb4468ab34c580a8eb30102f41,2026-01-08,etf_flows,ETF Flows,82,7.7,7.7,weight_pct,pct,fresh,2026-01-08T11:27:21.184Z,,v1.1,
802f29748aa2039c3919dd6c130fb2e22d8ff43d,f16a8554c9cd48bb4468ab34c580a8eb30102f41,2026-01-08,macro_overlay,Macro Overlay,50,10,10,weight_pct,pct,fresh,2026-01-08T11:26:12.526Z,,v1.1,
802f29748aa2039c3919dd6c130fb2e22d8ff43d,f16a8554c9cd48bb4468ab34c580a8eb30102f41,2026-01-08,net_liquidity,Net Liquidity (FRED),45,4.3,4.3,weight_pct,pct,fresh,2026-01-07T16:00:00.000Z,,v1.1,
802f29748aa2039c3919dd6c130fb2e22d8ff43d,f16a8554c9cd48bb4468ab34c580a8eb30102f41,2026-01-08,social_interest,Social Interest,10,10,10,weight_pct,pct,fresh,2026-01-08T11:26:12.431Z,,v1.1,
802f29748aa2039c3919dd6c130fb2e22d8ff43d,f16a8554c9cd48bb4468ab34c580a8eb30102f41,2026-01-08,stablecoins,Stablecoins,42,18,18,weight_pct,pct,fresh,2026-01-08T11:26:12.054Z,,v1.1,
802f29748aa2039c3919dd6c130fb2e22d8ff43d,f16a8554c9cd48bb4468ab34c580a8eb30102f41,2026-01-08,term_leverage,Term Structure & Leverage,18,20,20,weight_pct,pct,fresh,2026-01-08T11:27:21.186Z,,v1.1,
802f29748aa2039c3919dd6c130fb2e22d8ff43d,f16a8554c9cd48bb4468ab34c580a8eb30102f41,2026-01-08,trend_valuation,Trend & Valuation,50,30,30,weight_pct,pct,fresh,2026-01-08T11:26:11.022Z,,v1.1,
81f8b02df1f6a20ca74dac53d391eca5de5e3e9a,537238dd54cc9c2272843c881020a2b79a4edd82,2026-01-09,etf_flows,ETF Flows,82,7.7,7.7,weight_pct,pct,fresh,2026-01-09T11:25:54.665Z,,v1.1,
81f8b02df1f6a20ca74dac53d391eca5de5e3e9a,537238dd54cc9c2272843c881020a2b79a4edd82,2026-01-09,macro_overlay,Macro Overlay,51,10,10,weight_pct,pct,fresh,2026-01-09T11:24:45.663Z,,v1.1,
81f8b02df1f6a20ca74dac53d391eca5de5e3e9a,537238dd54cc9c2272843c881020a2b79a4edd82,2026-01-09,net_liquidity,Net Liquidity (FRED),44,4.3,4.3,weight_pct,pct,fresh,2026-01-08T16:00:00.000Z,,v1.1,
81f8b02df1f6a20ca74dac53d391eca5de5e3e9a,537238dd54cc9c2272843c881020a2b79a4edd82,2026-01-09,social_interest,Social Interest,10,10,10,weight_pct,pct,fresh,2026-01-08T11:26:12.431Z,,v1.1,
81f8b02df1f6a20ca74dac53d391eca5de5e3e9a,537238dd54cc9c2272843c881020a2b79a4edd82,2026-01-09,stablecoins,Stablecoins,46,18,18,weight_pct,pct,fresh,2026-01-09T11:24:45.184Z,,v1.1,
81f8b02df1f6a20ca74dac53d391eca5de5e3e9a,537238dd54cc9c2272843c881020a2b79a4edd82,2026-01-09,term_leverage,Term Structure & Leverage,23,20,20,weight_pct,pct,fresh,2026-01-09T11:25:54.667Z,,v1.1,
81f8b02df1f6a20ca74dac53d391eca5de5e3e9a,537238dd54cc9c2272843c881020a2b79a4edd82,2026-01-09,trend_valuation,Trend & Valuation,49,30,30,weight_pct,pct,fresh,2026-01-09T11:24:44.487Z,,v1.1,
c162d99e2ab31943dc068745cf8e9259118b68ef,14a40597f571835a4769fa372bbd6554dfc50486,2026-01-10,etf_flows,ETF Flows,82,7.7,7.7,weight_pct,pct,fresh,2026-01-10T11:23:06.437Z,,v1.1,
c162d99e2ab31943dc068745cf8e9259118b68ef,14a40597f571835a4769fa372bbd6554dfc50486,2026-01-10,macro_overlay,Macro Overlay,50,10,10,weight_pct,pct,fresh,2026-01-10T11:21:53.000Z,,v1.1,
c162d99e2ab31943dc068745cf8e9259118b68ef,14a40597f571835a4769fa372bbd6554dfc50486,2026-01-10,net_liquidity,Net Liquidity (FRED),78,4.3,4.3,weight_pct,pct,fresh,2026-01-09T16:00:00.000Z,,v1.1,
c162d99e2ab31943dc068745cf8e9259118b68ef,14a40597f571835a4769fa372bbd6554dfc50486,2026-01-10,social_interest,Social Interest,19,10,10,weight_pct,pct,fresh,2026-01-10T11:21:52.262Z,,v1.1,
c162d99e2ab31943dc068745cf8e9259118b68ef,14a40597f571835a4769fa372bbd6554dfc50486,2026-01-10,stablecoins,Stablecoins,51,18,18,weight_pct,pct,fresh,2026-01-10T11:21:52.500Z,,v1.1,
c162d99e2ab31943dc068745cf8e9259118b68ef,14a40597f571835a4769fa372bbd6554dfc50486,2026-01-10,term_leverage,Term Structure & Leverage,23,20,20,weight_pct,pct,fresh,2026-01-10T11:23:06.439Z,,v1.1,
c162d99e2ab31943dc068745cf8e9259118b68ef,14a40597f571835a4769fa372bbd6554dfc50486,2026-01-10,trend_valuation,Trend & Valuation,49,30,30,weight_pct,pct,fresh,2026-01-10T11:21:51.508Z,,v1.1,
49cc7908abf7eb8b1d987797b3657138d9f930fd,bc1ec0748677c567814e4e396002a20d7cf8555e,2026-01-11,etf_flows,ETF Flows,82,7.7,7.7,weight_pct,pct,fresh,2026-01-11T11:23:13.340Z,,v1.1,
49cc7908abf7eb8b1d987797b3657138d9f930fd,bc1ec0748677c567814e4e396002a20d7cf8555e,2026-01-11,macro_overlay,Macro Overlay,47,10,10,weight_pct,pct,fresh,2026-01-11T11:21:59.269Z,,v1.1,
49cc7908abf7eb8b1d987797b3657138d9f930fd,bc1ec0748677c567814e4e396002a20d7cf8555e,2026-01-11,net_liquidity,Net Liquidity (FRED),78,4.3,4.3,weight_pct,pct,fresh,2026-01-09T16:00:00.000Z,,v1.1,
49cc7908abf7eb8b1d987797b3657138d9f930fd,bc1ec0748677c567814e4e396002a20d7cf8555e,2026-01-11,social_interest,Social Interest,20,10,10,weight_pct,pct,fresh,2026-01-11T11:21:58.354Z,,v1.1,
49cc7908abf7eb8b1d987797b3657138d9f930fd,bc1ec0748677c567814e4e396002a20d7cf8555e,2026-01-11,stablecoins,Stablecoins,46,18,18,weight_pct,pct,fresh,2026-01-11T11:21:58.962Z,,v1.1,
49cc7908abf7eb8b1d987797b3657138d9f930fd,bc1ec0748677c567814e4e396002a20d7cf8555e,2026-01-11,term_leverage,Term Structure & Leverage,23,20,20,weight_pct,pct,fresh,2026-01-11T11:23:13.342Z,,v1.1,
49cc7908abf7eb8b1d987797b3657138d9f930fd,bc1ec0748677c567814e4e396002a20d7cf8555e,2026-01-11,trend_valuation,Trend & Valuation,49,30,30,weight_pct,pct,fresh,2026-01-11T11:21:58.018Z,,v1.1,
34c7e4a58cbe061fe69e68bb8b43ac03baac9984,54e1e31e26f5f19e5b08e6c787761fc4970a92ac,2026-01-12,etf_flows,ETF Flows,82,7.7,7.7,weight_pct,pct,fresh,2026-01-12T11:27:31.790Z,,v1.1,
34c7e4a58cbe061fe69e68bb8b43ac03baac9984,54e1e31e26f5f19e5b08e6c787761fc4970a92ac,2026-01-12,macro_overlay,Macro Overlay,46,10,10,weight_pct,pct,fresh,2026-01-12T11:26:21.225Z,,v1.1,
34c7e4a58cbe061fe69e68bb8b43ac03baac9984,54e1e31e26f5f19e5b08e6c787761fc4970a92ac,2026-01-12,net_liquidity,Net Liquidity (FRED),78,4.3,4.3,weight_pct,pct,fresh,2026-01-09T16:00:00.000Z,,v1.1,
34c7e4a58cbe061fe69e68bb8b43ac03baac9984,54e1e31e26f5f19e5b08e6c787761fc4970a92ac,2026-01-12,social_interest,Social Interest,20,10,10,weight_pct,pct,fresh,2026-01-12T11:26:20.739Z,,v1.1,
34c7e4a58cbe061fe69e68bb8b43ac03baac9984,54e1e31e26f5f19e5b08e6c787761fc4970a92ac,2026-01-12,stablecoins,Stablecoins,44,18,18,weight_pct,pct,fresh,2026-01-12T11:26:20.757Z,,v1.1,
34c7e4a58cbe061fe69e68bb8b43ac03baac9984,54e1e31e26f5f19e5b08e6c787761fc4970a92ac,2026-01-12,term_leverage,Term Structure & Leverage,23,20,20,weight_pct,pct,fresh,2026-01-12T11:27:31.792Z,,v1.1,
34c7e4a58cbe061fe69e68bb8b43ac03baac9984,54e1e31e26f5f19e5b08e6c787761fc4970a92ac,2026-01-12,trend_valuation,Trend & Valuation,50,30,30,weight_pct,pct,fresh,2026-01-12T11:26:19.670Z,,v1.1,
2293f37a175fb4e265097e9fbf30d251dba049a0,7715f6099edc4cd84f9622aa093f9529da0596cc,2026-01-13,etf_flows,ETF Flows,82,7.7,7.7,weight_pct,pct,fresh,2026-01-13T11:27:47.452Z,,v1.1,
2293f37a175fb4e265097e9fbf30d251dba049a0,7715f6099edc4cd84f9622aa093f9529da0596cc,2026-01-13,macro_overlay,Macro Overlay,49,10,10,weight_pct,pct,fresh,2026-01-13T11:26:37.054Z,,v1.1,
2293f37a175fb4e265097e9fbf30d251dba049a0,7715f6099edc4cd84f9622aa093f9529da0596cc,2026-01-13,net_liquidity,Net Liquidity (FRED),47,4.3,4.3,weight_pct,pct,fresh,2026-01-12T16:00:00.000Z,,v1.1,
2293f37a175fb4e265097e9fbf30d251dba049a0,7715f6099edc4cd84f9622aa093f9529da0596cc,2026-01-13,social_interest,Social Interest,36,10,10,weight_pct,pct,fresh,2026-01-13T11:26:35.281Z,,v1.1,
2293f37a175fb4e265097e9fbf30d251dba049a0,7715f6099edc4cd84f9622aa093f9529da0596cc,2026-01-13,stablecoins,Stablecoins,37,18,18,weight_pct,pct,fresh,2026-01-13T11:26:35.671Z,,v1.1,
2293f37a175fb4e265097e9fbf30d251dba049a0,7715f6099edc4cd84f9622aa093f9529da0596cc,2026-01-13,term_leverage,Term Structure & Leverage,23,20,20,weight_pct,pct,fresh,2026-01-13T11:27:47.454Z,,v1.1,
2293f37a175fb4e265097e9fbf30d251dba049a0,7715f6099edc4cd84f9622aa093f9529da0596cc,2026-01-13,trend_valuation,Trend & Valuation,50,30,30,weight_pct,pct,fresh,2026-01-13T11:26:34.719Z,,v1.1,
36f32b891ddd49ee7f2cc08024537efc4b323aa4,012f099e5c80d0a2db3dbeb9e26002202421049e,2026-01-13,etf_flows,ETF Flows,82,7.7,7.7,weight_pct,pct,fresh,2026-01-13T20:16:08.471Z,,v1.1,
36f32b891ddd49ee7f2cc08024537efc4b323aa4,012f099e5c80d0a2db3dbeb9e26002202421049e,2026-01-13,macro_overlay,Macro Overlay,50,10,10,weight_pct,pct,fresh,2026-01-13T20:16:10.619Z,,v1.1,
36f32b891ddd49ee7f2cc08024537efc4b323aa4,012f099e5c80d0a2db3dbeb9e26002202421049e,2026-01-13,net_liquidity,Net Liquidity (FRED),47,4.3,4.3,weight_pct,pct,fresh,2026-01-12T16:00:00.000Z,,v1.1,
36f32b891ddd49ee7f2cc08024537efc4b323aa4,012f099e5c80d0a2db3dbeb9e26002202421049e,2026-01-13,social_interest,Social Interest,36,10,10,weight_pct,pct,fresh,2026-01-13T11:26:35.281Z,,v1.1,
36f32b891ddd49ee7f2cc08024537efc4b323aa4,012f099e5c80d0a2db3dbeb9e26002202421049e,2026-01-13,stablecoins,Stablecoins,31,18,18,weight_pct,pct,fresh,2026-01-13T20:16:26.328Z,,v1.1,
36f32b891ddd49ee7f2cc08024537efc4b323aa4,012f099e5c80d0a2db3dbeb9e26002202421049e,2026-01-13,term_leverage,Term Structure & Leverage,23,20,20,weight_pct,pct,fresh,2026-01-13T20:16:26.332Z,,v1.1,
36f32b891ddd49ee7f2cc08024537efc4b323aa4,012f099e5c80d0a2db3dbeb9e26002202421049e,2026-01-13,trend_valuation,Trend & Valuation,51,30,30,weight_pct,pct,fresh,2026-01-13T20:16:08.444Z,,v1.1,
0644a2fe545c8951a80940f7fa18214a7c18b511,011d3c990e9370bfde78ad1b5ad1de6b2207b58a,2026-01-15,etf_flows,ETF Flows,82,7.7,7.7,weight_pct,pct,fresh,2026-01-15T11:27:15.002Z,,v1.1,
0644a2fe545c8951a80940f7fa18214a7c18b511,011d3c990e9370bfde78ad1b5ad1de6b2207b58a,2026-01-15,macro_overlay,Macro Overlay,46,10,10,weight_pct,pct,fresh,2026-01-15T11:26:04.658Z,,v1.1,
0644a2fe545c8951a80940f7fa18214a7c18b511,011d3c990e9370bfde78ad1b5ad1de6b2207b58a,2026-01-15,net_liquidity,Net Liquidity (FRED),68,4.3,4.3,weight_pct,pct,fresh,2026-01-14T16:00:00.000Z,,v1.1,
0644a2fe545c8951a80940f7fa18214a7c18b511,011d3c990e9370bfde78ad1b5ad1de6b2207b58a,2026-01-15,social_interest,Social Interest,41,10,10,weight_pct,pct,fresh,2026-01-15T11:26:03.149Z,,v1.1,
0644a2fe545c8951a80940f7fa18214a7c18b511,011d3c990e9370bfde78ad1b5ad1de6b2207b58a,2026-01-15,stablecoins,Stablecoins,34,18,18,weight_pct,pct,fresh,2026-01-15T11:26:03.435Z,,v1.1,
0644a2fe545c8951a80940f7fa18214a7c18b511,011d3c990e9370bfde78ad1b5ad1de6b2207b58a,2026-01-15,term_leverage,Term Structure & Leverage,23,20,20,weight_pct,pct,fresh,2026-01-15T11:27:15.004Z,,v1.1,
0644a2fe545c8951a80940f7fa18214a7c18b511,011d3c990e9370bfde78ad1b5ad1de6b2207b58a,2026-01-15,trend_valuation,Trend & Valuation,52,30,30,weight_pct,pct,fresh,2026-01-15T11:26:02.610Z,,v1.1,
f2521173ea9ac4bf284a53137149feabe1ded9e2,54ddb244c1498578e705992dbf7e917fbf6db603,2026-01-16,etf_flows,ETF Flows,82,7.7,7.7,weight_pct,pct,fresh,2026-01-16T11:26:28.653Z,,v1.1,
f2521173ea9ac4bf284a53137149feabe1ded9e2,54ddb244c1498578e705992dbf7e917fbf6db603,2026-01-16,macro_overlay,Macro Overlay,48,10,10,weight_pct,pct,fresh,2026-01-16T11:25:18.954Z,,v1.1,
f2521173ea9ac4bf284a53137149feabe1ded9e2,54ddb244c1498578e705992dbf7e917fbf6db603,2026-01-16,net_liquidity,Net Liquidity (FRED),57,4.3,4.3,weight_pct,pct,fresh,2026-01-15T16:00:00.000Z,,v1.1,
f2521173ea9ac4bf284a53137149feabe1ded9e2,54ddb244c1498578e705992dbf7e917fbf6db603,2026-01-16,social_interest,Social Interest,41,10,10,weight_pct,pct,fresh,2026-01-15T11:26:03.149Z,,v1.1,
f2521173ea9ac4bf284a53137149feabe1ded9e2,54ddb244c1498578e705992dbf7e917fbf6db603,2026-01-16,stablecoins,Stablecoins,41,18,18,weight_pct,pct,fresh,2026-01-16T11:25:17.672Z,,v1.1,
f2521173ea9ac4bf284a53137149feabe1ded9e2,54ddb244c1498578e705992dbf7e917fbf6db603,2026-01-16,term_leverage,Term Structure & Leverage,25,20,20,weight_pct,pct,fresh,2026-01-16T11:26:28.655Z,,v1.1,
f2521173ea9ac4bf284a53137149feabe1ded9e2,54ddb244c1498578e705992dbf7e917fbf6db603,2026-01-16,trend_valuation,Trend & Valuation,51,30,30,weight_pct,pct,fresh,2026-01-16T11:25:16.721Z,,v1.1,
14dc0975d3cac4d82e24de79211827d527a18575,b2f7d9e54339f7f3c186ed446155ad40cc853aab,2026-01-17,etf_flows,ETF Flows,71,7.7,7.7,weight_pct,pct,fresh,2026-01-17T11:22:46.177Z,,v1.1,
14dc0975d3cac4d82e24de79211827d527a18575,b2f7d9e54339f7f3c186ed446155ad40cc853aab,2026-01-17,macro_overlay,Macro Overlay,47,10,10,weight_pct,pct,fresh,2026-01-17T11:21:38.114Z,,v1.1,
14dc0975d3cac4d82e24de79211827d527a18575,b2f7d9e54339f7f3c186ed446155ad40cc853aab,2026-01-17,net_liquidity,Net Liquidity (FRED),51,4.3,4.3,weight_pct,pct,fresh,2026-01-16T16:00:00.000Z,,v1.1,
14dc0975d3cac4d82e24de79211827d527a18575,b2f7d9e54339f7f3c186ed446155ad40cc853aab,2026-01-17,social_interest,Social Interest,46,10,10,weight_pct,pct,fresh,2026-01-17T11:21:36.583Z,,v1.1,
14dc0975d3cac4d82e24de79211827d527a18575,b2f7d9e54339f7f3c186ed446155ad40cc853aab,2026-01-17,stablecoins,Stablecoins,56,18,18,weight_pct,pct,fresh,2026-01-17T11:21:36.852Z,,v1.1,
14dc0975d3cac4d82e24de79211827d527a18575,b2f7d9e54339f7f3c186ed446155ad40cc853aab,2026-01-17,term_leverage,Term Structure & Leverage,25,20,20,weight_pct,pct,fresh,2026-01-17T11:22:46.179Z,,v1.1,
14dc0975d3cac4d82e24de79211827d527a18575,b2f7d9e54339f7f3c186ed446155ad40cc853aab,2026-01-17,trend_valuation,Trend & Valuation,51,30,30,weight_pct,pct,fresh,2026-01-17T11:21:35.967Z,,v1.1,
739b65126ac0a3138c80f207e4eab053af7900b1,84b0075c8431464d9ef644c01993c2fa80663c23,2026-01-18,etf_flows,ETF Flows,68,7.7,7.7,weight_pct,pct,fresh,2026-01-18T11:22:11.085Z,,v1.1,
739b65126ac0a3138c80f207e4eab053af7900b1,84b0075c8431464d9ef644c01993c2fa80663c23,2026-01-18,macro_overlay,Macro Overlay,51,10,10,weight_pct,pct,fresh,2026-01-18T11:21:02.406Z,,v1.1,
739b65126ac0a3138c80f207e4eab053af7900b1,84b0075c8431464d9ef644c01993c2fa80663c23,2026-01-18,net_liquidity,Net Liquidity (FRED),51,4.3,4.3,weight_pct,pct,fresh,2026-01-16T16:00:00.000Z,,v1.1,
739b65126ac0a3138c80f207e4eab053af7900b1,84b0075c8431464d9ef644c01993c2fa80663c23,2026-01-18,social_interest,Social Interest,46,10,10,weight_pct,pct,fresh,2026-01-17T11:21:36.583Z,,v1.1,
739b65126ac0a3138c80f207e4eab053af7900b1,84b0075c8431464d9ef644c01993c2fa80663c23,2026-01-18,stablecoins,Stablecoins,59,18,18,weight_pct,pct,fresh,2026-01-18T11:21:02.122Z,,v1.1,
739b65126ac0a3138c80f207e4eab053af7900b1,84b0075c8431464d9ef644c01993c2fa80663c23,2026-01-18,term_leverage,Term Structure & Leverage,25,20,20,weight_pct,pct,fresh,2026-01-18T11:22:11.088Z,,v1.1,
739b65126ac0a3138c80f207e4eab053af7900b1,84b0075c8431464d9ef644c01993c2fa80663c23,2026-01-18,trend_valuation,Trend & Valuation,51,30,30,weight_pct,pct,fresh,2026-01-18T11:21:00.886Z,,v1.1,
25c7cf0b999c9df0ac12707608941dad2cbdf430,093636cff4dc4e418805499809f5279b4eb914be,2026-01-19,etf_flows,ETF Flows,74,7.7,7.7,weight_pct,pct,fresh,2026-01-19T11:28:12.687Z,,v1.1,
25c7cf0b999c9df0ac12707608941dad2cbdf430,093636cff4dc4e418805499809f5279b4eb914be,2026-01-19,macro_overlay,Macro Overlay,54,10,10,weight_pct,pct,fresh,2026-01-19T11:27:04.582Z,,v1.1,
25c7cf0b999c9df0ac12707608941dad2cbdf430,093636cff4dc4e418805499809f5279b4eb914be,2026-01-19,net_liquidity,Net Liquidity (FRED),51,4.3,4.3,weight_pct,pct,fresh,2026-01-16T16:00:00.000Z,,v1.1,
25c7cf0b999c9df0ac12707608941dad2cbdf430,093636cff4dc4e418805499809f5279b4eb914be,2026-01-19,social_interest,Social Interest,46,10,10,weight_pct,pct,fresh,2026-01-19T11:27:03.260Z,,v1.1,
25c7cf0b999c9df0ac12707608941dad2cbdf430,093636cff4dc4e418805499809f5279b4eb914be,2026-01-19,stablecoins,Stablecoins,59,18,18,weight_pct,pct,fresh,2026-01-19T11:27:03.713Z,,v1.1,
25c7cf0b999c9df0ac12707608941dad2cbdf430,093636cff4dc4e418805499809f5279b4eb914be,2026-01-19,term_leverage,Term Structure & Leverage,25,20,20,weight_pct,pct,fresh,2026-01-19T11:28:12.689Z,,v1.1,
25c7cf0b999c9df0ac12707608941dad2cbdf430,093636cff4dc4e418805499809f5279b4eb914be,2026-01-19,trend_valuation,Trend & Valuation,51,30,30,weight_pct,pct,fresh,2026-01-19T11:27:02.494Z,,v1.1,
37e830a9d421f22bddb55f9df279b75f61b048c3,fdc22623bf743ae8f1283490fab87c1278796f39,2026-01-20,etf_flows,ETF Flows,76,7.7,7.7,weight_pct,pct,fresh,2026-01-20T11:29:43.991Z,,v1.1,
37e830a9d421f22bddb55f9df279b75f61b048c3,fdc22623bf743ae8f1283490fab87c1278796f39,2026-01-20,macro_overlay,Macro Overlay,56,10,10,weight_pct,pct,fresh,2026-01-20T11:28:35.732Z,,v1.1,
37e830a9d421f22bddb55f9df279b75f61b048c3,fdc22623bf743ae8f1283490fab87c1278796f39,2026-01-20,net_liquidity,Net Liquidity (FRED),51,4.3,4.3,weight_pct,pct,fresh,2026-01-16T16:00:00.000Z,,v1.1,
37e830a9d421f22bddb55f9df279b75f61b048c3,fdc22623bf743ae8f1283490fab87c1278796f39,2026-01-20,social_interest,Social Interest,46,10,10,weight_pct,pct,fresh,2026-01-20T11:28:35.424Z,,v1.1,
37e830a9d421f22bddb55f9df279b75f61b048c3,fdc22623bf743ae8f1283490fab87c1278796f39,2026-01-20,stablecoins,Stablecoins,60,18,18,weight_pct,pct,fresh,2026-01-20T11:28:34.736Z,,v1.1,
37e830a9d421f22bddb55f9df279b75f61b048c3,fdc22623bf743ae8f1283490fab87c1278796f39,2026-01-20,term_leverage,Term Structure & Leverage,25,20,20,weight_pct,pct,fresh,2026-01-20T11:29:43.993Z,,v1.1,
37e830a9d421f22bddb55f9df279b75f61b048c3,fdc22623bf743ae8f1283490fab87c1278796f39,2026-01-20,trend_valuation,Trend & Valuation,50,30,30,weight_pct,pct,fresh,2026-01-20T11:28:33.839Z,,v1.1,
4f6871b3083320606fb985f5321590413f572159,b298d4e77648cfe4b2fda8f5c2dd34ea0691804e,2026-01-21,etf_flows,ETF Flows,80,7.7,7.7,weight_pct,pct,fresh,2026-01-21T11:30:55.083Z,,v1.1,
4f6871b3083320606fb985f5321590413f572159,b298d4e77648cfe4b2fda8f5c2dd34ea0691804e,2026-01-21,macro_overlay,Macro Overlay,57,10,10,weight_pct,pct,fresh,2026-01-21T11:29:46.844Z,,v1.1,
4f6871b3083320606fb985f5321590413f572159,b298d4e77648cfe4b2fda8f5c2dd34ea0691804e,2026-01-21,net_liquidity,Net Liquidity (FRED),45,4.3,4.3,weight_pct,pct,fresh,2026-01-20T16:00:00.000Z,,v1.1,
4f6871b3083320606fb985f5321590413f572159,b298d4e77648cfe4b2fda8f5c2dd34ea0691804e,2026-01-21,social_interest,Social Interest,64,10,10,weight_pct,pct,fresh,2026-01-21T11:29:45.355Z,,v1.1,
4f6871b3083320606fb985f5321590413f572159,b298d4e77648cfe4b2fda8f5c2dd34ea0691804e,2026-01-21,stablecoins,Stablecoins,49,18,18,weight_pct,pct,fresh,2026-01-21T11:29:45.618Z,,v1.1,
4f6871b3083320606fb985f5321590413f572159,b298d4e77648cfe4b2fda8f5c2dd34ea0691804e,2026-01-21,term_leverage,Term Structure & Leverage,25,20,20,weight_pct,pct,fresh,2026-01-21T11:30:55.085Z,,v1.1,
4f6871b3083320606fb985f5321590413f572159,b298d4e77648cfe4b2fda8f5c2dd34ea0691804e,2026-01-21,trend_valuation,Trend & Valuation,50,30,30,weight_pct,pct,fresh,2026-01-21T11:29:44.929Z,,v1.1,
1db580e9a00eceb2ec1dbab64a91eeb4e7220023,717ac03cc62437c52a0e4cff309fccf23f3e4fb4,2026-01-22,etf_flows,ETF Flows,82,7.7,7.7,weight_pct,pct,fresh,2026-01-22T11:29:27.298Z,,v1.1,
1db580e9a00eceb2ec1dbab64a91eeb4e7220023,717ac03cc62437c52a0e4cff309fccf23f3e4fb4,2026-01-22,macro_overlay,Macro Overlay,55,10,10,weight_pct,pct,fresh,2026-01-22T11:28:16.689Z,,v1.1,
1db580e9a00eceb2ec1dbab64a91eeb4e7220023,717ac03cc62437c52a0e4cff309fccf23f3e4fb4,2026-01-22,net_liquidity,Net Liquidity (FRED),48,4.3,4.3,weight_pct,pct,fresh,2026-01-21T16:00:00.000Z,,v1.1,
1db580e9a00eceb2ec1dbab64a91eeb4e7220023,717ac03cc62437c52a0e4cff309fccf23f3e4fb4,2026-01-22,social_interest,Social Interest,69,10,10,weight_pct,pct,fresh,2026-01-22T11:28:15.384Z,,v1.1,
1db580e9a00eceb2ec1dbab64a91eeb4e7220023,717ac03cc62437c52a0e4cff309fccf23f3e4fb4,2026-01-22,stablecoins,Stablecoins,56,18,18,weight_pct,pct,fresh,2026-01-22T11:28:15.785Z,,v1.1,
1db580e9a00eceb2ec1dbab64a91eeb4e7220023,717ac03cc62437c52a0e4cff309fccf23f3e4fb4,2026-01-22,term_leverage,Term Structure & Leverage,25,20,20,weight_pct,pct,fresh,2026-01-22T11:29:27.300Z,,v1.1,
1db580e9a00eceb2ec1dbab64a91eeb4e7220023,717ac03cc62437c52a0e4cff309fccf23f3e4fb4,2026-01-22,trend_valuation,Trend & Valuation,50,30,30,weight_pct,pct,fresh,2026-01-22T11:28:14.873Z,,v1.1,
e09f99e488133d254bf803b0732b271a10b2d77c,2d3cdc886f061bcfc4881f4f81a6a316e7a4f96a,2026-01-23,etf_flows,ETF Flows,82,7.7,7.7,weight_pct,pct,fresh,2026-01-23T11:27:51.828Z,,v1.1,
e09f99e488133d254bf803b0732b271a10b2d77c,2d3cdc886f061bcfc4881f4f81a6a316e7a4f96a,2026-01-23,macro_overlay,Macro Overlay,61,10,10,weight_pct,pct,fresh,2026-01-23T11:26:40.774Z,,v1.1,
e09f99e488133d254bf803b0732b271a10b2d77c,2d3cdc886f061bcfc4881f4f81a6a316e7a4f96a,2026-01-23,net_liquidity,Net Liquidity (FRED),59,4.3,4.3,weight_pct,pct,fresh,2026-01-22T16:00:00.000Z,,v1.1,
e09f99e488133d254bf803b0732b271a10b2d77c,2d3cdc886f061bcfc4881f4f81a6a316e7a4f96a,2026-01-23,social_interest,Social Interest,69,10,10,weight_pct,pct,fresh,2026-01-22T11:28:15.384Z,,v1.1,
e09f99e488133d254bf803b0732b271a10b2d77c,2d3cdc886f061bcfc4881f4f81a6a316e7a4f96a,2026-01-23,stablecoins,Stablecoins,46,18,18,weight_pct,pct,fresh,2026-01-23T11:26:40.261Z,,v1.1,
e09f99e488133d254bf803b0732b271a10b2d77c,2d3cdc886f061bcfc4881f4f81a6a316e7a4f96a,2026-01-23,term_leverage,Term Structure & Leverage,53,20,20,weight_pct,pct,fresh,2026-01-23T11:27:51.830Z,,v1.1,
e09f99e488133d254bf803b0732b271a10b2d77c,2d3cdc886f061bcfc4881f4f81a6a316e7a4f96a,2026-01-23,trend_valuation,Trend & Valuation,50,30,30,weight_pct,pct,fresh,2026-01-23T11:26:39.415Z,,v1.1,
7d4625b0bafc741c624d1fea047ec34bd653132a,f0f06e6fc72e7c65588ee8772f67c159ab32a3e6,2026-01-24,etf_flows,ETF Flows,82,7.7,7.7,weight_pct,pct,fresh,2026-01-24T11:23:53.661Z,,v1.1,
7d4625b0bafc741c624d1fea047ec34bd653132a,f0f06e6fc72e7c65588ee8772f67c159ab32a3e6,2026-01-24,macro_overlay,Macro Overlay,59,10,10,weight_pct,pct,fresh,2026-01-24T11:22:43.930Z,,v1.1,
7d4625b0bafc741c624d1fea047ec34bd653132a,f0f06e6fc72e7c65588ee8772f67c159ab32a3e6,2026-01-24,net_liquidity,Net Liquidity (FRED),90,4.3,4.3,weight_pct,pct,fresh,2026-01-23T16:00:00.000Z,,v1.1,
7d4625b0bafc741c624d1fea047ec34bd653132a,f0f06e6fc72e7c65588ee8772f67c159ab32a3e6,2026-01-24,social_interest,Social Interest,54,10,10,weight_pct,pct,fresh,2026-01-24T11:22:43.227Z,,v1.1,
7d4625b0bafc741c624d1fea047ec34bd653132a,f0f06e6fc72e7c65588ee8772f67c159ab32a3e6,2026-01-24,stablecoins,Stablecoins,38,18,18,weight_pct,pct,fresh,2026-01-24T11:22:42.969Z,,v1.1,
7d4625b0bafc741c624d1fea047ec34bd653132a,f0f06e6fc72e7c65588ee8772f67c159ab32a3e6,2026-01-24,term_leverage,Term Structure & Leverage,53,20,20,weight_pct,pct,fresh,2026-01-24T11:23:53.663Z,,v1.1,
7d4625b0bafc741c624d1fea047ec34bd653132a,f0f06e6fc72e7c65588ee8772f67c159ab32a3e6,2026-01-24,trend_valuation,Trend & Valuation,49,30,30,weight_pct,pct,fresh,2026-01-24T11:22:41.676Z,,v1.1,
7f6c6e42c827afb4fd0941e2499449f326a3b684,7770c655c6b3095710546b797d3af7b1beb7b69c,2026-01-25,etf_flows,ETF Flows,82,7.7,7.7,weight_pct,pct,fresh,2026-01-25T11:24:00.040Z,,v1.1,
7f6c6e42c827afb4fd0941e2499449f326a3b684,7770c655c6b3095710546b797d3af7b1beb7b69c,2026-01-25,macro_overlay,Macro Overlay,55,10,10,weight_pct,pct,fresh,2026-01-25T11:22:50.207Z,,v1.1,
7f6c6e42c827afb4fd0941e2499449f326a3b684,7770c655c6b3095710546b797d3af7b1beb7b69c,2026-01-25,net_liquidity,Net Liquidity (FRED),90,4.3,4.3,weight_pct,pct,fresh,2026-01-23T16:00:00.000Z,,v1.1,
7f6c6e42c827afb4fd0941e2499449f326a3b684,7770c655c6b3095710546b797d3af7b1beb7b69c,2026-01-25,social_interest,Social Interest,55,10,10,weight_pct,pct,fresh,2026-01-25T11:22:50.256Z,,v1.1,
7f6c6e42c827afb4fd0941e2499449f326a3b684,7770c655c6b3095710546b797d3af7b1beb7b69c,2026-01-25,stablecoins,Stablecoins,42,18,18,weight_pct,pct,fresh,2026-01-25T11:22:49.026Z,,v1.1,
7f6c6e42c827afb4fd0941e2499449f326a3b684,7770c655c6b3095710546b797d3af7b1beb7b69c,2026-01-25,term_leverage,Term Structure & Leverage,53,20,20,weight_pct,pct,fresh,2026-01-25T11:24:00.042Z,,v1.1,
7f6c6e42c827afb4fd0941e2499449f326a3b684,7770c655c6b3095710546b797d3af7b1beb7b69c,2026-01-25,trend_valuation,Trend & Valuation,50,30,30,weight_pct,pct,fresh,2026-01-25T11:22:48.270Z,,v1.1,
6651845ec2789e22a6731666c16537f0670faac1,83b1a2b5b2d2a99594353434d2d082ace7fba46d,2026-01-26,etf_flows,ETF Flows,82,7.7,7.7,weight_pct,pct,fresh,2026-01-26T11:27:36.788Z,,v1.1,
6651845ec2789e22a6731666c16537f0670faac1,83b1a2b5b2d2a99594353434d2d082ace7fba46d,2026-01-26,macro_overlay,Macro Overlay,51,10,10,weight_pct,pct,fresh,2026-01-26T11:26:27.387Z,,v1.1,
6651845ec2789e22a6731666c16537f0670faac1,83b1a2b5b2d2a99594353434d2d082ace7fba46d,2026-01-26,net_liquidity,Net Liquidity (FRED),90,4.3,4.3,weight_pct,pct,fresh,2026-01-23T16:00:00.000Z,,v1.1,
6651845ec2789e22a6731666c16537f0670faac1,83b1a2b5b2d2a99594353434d2d082ace7fba46d,2026-01-26,social_interest,Social Interest,55,10,10,weight_pct,pct,fresh,2026-01-26T11:26:25.113Z,,v1.1,
6651845ec2789e22a6731666c16537f0670faac1,83b1a2b5b2d2a99594353434d2d082ace7fba46d,2026-01-26,stablecoins,Stablecoins,35,18,18,weight_pct,pct,fresh,2026-01-26T11:26:25.374Z,,v1.1,
6651845ec2789e22a6731666c16537f0670faac1,83b1a2b5b2d2a99594353434d2d082ace7fba46d,2026-01-26,term_leverage,Term Structure & Leverage,53,20,20,weight_pct,pct,fresh,2026-01-26T11:27:36.791Z,,v1.1,
6651845ec2789e22a6731666c16537f0670faac1,83b1a2b5b2d2a99594353434d2d082ace7fba46d,2026-01-26,trend_valuation,Trend & Valuation,50,30,30,weight_pct,pct,fresh,2026-01-26T11:26:24.576Z,,v1.1,
77e113401e0e5196eb948ebbe516381379200c1d,a675e8fe36a73f893bbd02d07abea367446e9747,2026-01-27,etf_flows,ETF Flows,82,7.7,7.7,weight_pct,pct,fresh,2026-01-27T11:29:33.790Z,,v1.1,
77e113401e0e5196eb948ebbe516381379200c1d,a675e8fe36a73f893bbd02d07abea367446e9747,2026-01-27,macro_overlay,Macro Overlay,55,10,10,weight_pct,pct,fresh,2026-01-27T11:28:23.570Z,,v1.1,
77e113401e0e5196eb948ebbe516381379200c1d,a675e8fe36a73f893bbd02d07abea367446e9747,2026-01-27,net_liquidity,Net Liquidity (FRED),65,4.3,4.3,weight_pct,pct,fresh,2026-01-26T16:00:00.000Z,,v1.1,
77e113401e0e5196eb948ebbe516381379200c1d,a675e8fe36a73f893bbd02d07abea367446e9747,2026-01-27,social_interest,Social Interest,52,10,10,weight_pct,pct,fresh,2026-01-27T11:28:22.327Z,,v1.1,
77e113401e0e5196eb948ebbe516381379200c1d,a675e8fe36a73f893bbd02d07abea367446e9747,2026-01-27,stablecoins,Stablecoins,37,18,18,weight_pct,pct,fresh,2026-01-27T11:28:22.724Z,,v1.1,
77e113401e0e5196eb948ebbe516381379200c1d,a675e8fe36a73f893bbd02d07abea367446e9747,2026-01-27,term_leverage,Term Structure & Leverage,53,20,20,weight_pct,pct,fresh,2026-01-27T11:29:33.792Z,,v1.1,
77e113401e0e5196eb948ebbe516381379200c1d,a675e8fe36a73f893bbd02d07abea367446e9747,2026-01-27,trend_valuation,Trend & Valuation,50,30,30,weight_pct,pct,fresh,2026-01-27T11:28:21.770Z,,v1.1,
ebc1772c6f0dc7491d5c0d79bfee129c2e22c06c,a12f0b51c9369809c07e503a3e23d547cc7a462f,2026-01-28,etf_flows,ETF Flows,82,7.7,7.7,weight_pct,pct,fresh,2026-01-28T11:29:34.238Z,,v1.1,
ebc1772c6f0dc7491d5c0d79bfee129c2e22c06c,a12f0b51c9369809c07e503a3e23d547cc7a462f,2026-01-28,macro_overlay,Macro Overlay,57,10,10,weight_pct,pct,fresh,2026-01-28T11:28:23.154Z,,v1.1,
ebc1772c6f0dc7491d5c0d79bfee129c2e22c06c,a12f0b51c9369809c07e503a3e23d547cc7a462f,2026-01-28,net_liquidity,Net Liquidity (FRED),72,4.3,4.3,weight_pct,pct,fresh,2026-01-27T16:00:00.000Z,,v1.1,
ebc1772c6f0dc7491d5c0d79bfee129c2e22c06c,a12f0b51c9369809c07e503a3e23d547cc7a462f,2026-01-28,social_interest,Social Interest,52,10,10,weight_pct,pct,fresh,2026-01-27T11:28:22.327Z,,v1.1,
ebc1772c6f0dc7491d5c0d79bfee129c2e22c06c,a12f0b51c9369809c07e503a3e23d547cc7a462f,2026-01-28,stablecoins,Stablecoins,31,18,18,weight_pct,pct,fresh,2026-01-28T11:28:22.847Z,,v1.1,
ebc1772c6f0dc7491d5c0d79bfee129c2e22c06c,a12f0b51c9369809c07e503a3e23d547cc7a462f,2026-01-28,term_leverage,Term Structure & Leverage,53,20,20,weight_pct,pct,fresh,2026-01-28T11:29:34.240Z,,v1.1,
ebc1772c6f0dc7491d5c0d79bfee129c2e22c06c,a12f0b51c9369809c07e503a3e23d547cc7a462f,2026-01-28,trend_valuation,Trend & Valuation,50,30,30,weight_pct,pct,fresh,2026-01-28T11:28:21.718Z,,v1.1,
d5335a95eb31ceae3eb87c113de684f5072a1418,6be09b5806bf162cdd7bc92300e4692c1f2b0de4,2026-01-29,etf_flows,ETF Flows,82,7.7,7.7,weight_pct,pct,fresh,2026-01-29T11:37:06.177Z,,v1.1,
d5335a95eb31ceae3eb87c113de684f5072a1418,6be09b5806bf162cdd7bc92300e4692c1f2b0de4,2026-01-29,macro_overlay,Macro Overlay,51,10,10,weight_pct,pct,fresh,2026-01-29T11:35:53.750Z,,v1.1,
d5335a95eb31ceae3eb87c113de684f5072a1418,6be09b5806bf162cdd7bc92300e4692c1f2b0de4,2026-01-29,net_liquidity,Net Liquidity (FRED),64,4.3,4.3,weight_pct,pct,fresh,2026-01-28T16:00:00.000Z,,v1.1,
d5335a95eb31ceae3eb87c113de684f5072a1418,6be09b5806bf162cdd7bc92300e4692c1f2b0de4,2026-01-29,social_interest,Social Interest,54,10,10,weight_pct,pct,fresh,2026-01-29T11:35:51.985Z,,v1.1,
d5335a95eb31ceae3eb87c113de684f5072a1418,6be09b5806bf162cdd7bc92300e4692c1f2b0de4,2026-01-29,stablecoins,Stablecoins,45,18,18,weight_pct,pct,fresh,2026-01-29T11:35:52.554Z,,v1.1,
d5335a95eb31ceae3eb87c113de684f5072a1418,6be09b5806bf162cdd7bc92300e4692c1f2b0de4,2026-01-29,term_leverage,Term Structure & Leverage,53,20,20,weight_pct,pct,fresh,2026-01-29T11:37:06.179Z,,v1.1,
d5335a95eb31ceae3eb87c113de684f5072a1418,6be09b5806bf162cdd7bc92300e4692c1f2b0de4,2026-01-29,trend_valuation,Trend & Valuation,50,30,30,weight_pct,pct,fresh,2026-01-29T11:35:51.703Z,,v1.1,
a258fca7e6a8d6b6d6033d0800f02e891e446692,74c8623d313bf0c26074013fa3d4d2347ff60519,2026-01-30,etf_flows,ETF Flows,82,7.7,7.7,weight_pct,pct,fresh,2026-01-30T11:35:15.684Z,,v1.1,
a258fca7e6a8d6b6d6033d0800f02e891e446692,74c8623d313bf0c26074013fa3d4d2347ff60519,2026-01-30,macro_overlay,Macro Overlay,48,10,10,weight_pct,pct,fresh,2026-01-30T11:34:05.558Z,,v1.1,
a258fca7e6a8d6b6d6033d0800f02e891e446692,74c8623d313bf0c26074013fa3d4d2347ff60519,2026-01-30,net_liquidity,Net Liquidity (FRED),65,4.3,4.3,weight_pct,pct,fresh,2026-01-29T16:00:00.000Z,,v1.1,
a258fca7e6a8d6b6d6033d0800f02e891e446692,74c8623d313bf0c26074013fa3d4d2347ff60519,2026-01-30,social_interest,Social Interest,54,10,10,weight_pct,pct,fresh,2026-01-29T11:35:51.985Z,,v1.1,
a258fca7e6a8d6b6d6033d0800f02e891e446692,74c8623d313bf0c26074013fa3d4d2347ff60519,2026-01-30,stablecoins,Stablecoins,44,18,18,weight_pct,pct,fresh,2026-01-30T11:34:04.478Z,,v1.1,
a258fca7e6a8d6b6d6033d0800f02e891e446692,74c8623d313bf0c26074013fa3d4d2347ff60519,2026-01-30,term_leverage,Term Structure & Leverage,50,20,20,weight_pct,pct,fresh,2026-01-30T11:35:15.686Z,,v1.1,
a258fca7e6a8d6b6d6033d0800f02e891e446692,74c8623d313bf0c26074013fa3d4d2347ff60519,2026-01-30,trend_valuation,Trend & Valuation,50,30,30,weight_pct,pct,fresh,2026-01-30T11:34:03.380Z,,v1.1,
170da21ea339a507c9600deabe1ad1de168ed974,607eb45145353af93318bfc5e5f865db093ac268,2026-01-31,etf_flows,ETF Flows,82,7.7,7.7,weight_pct,pct,fresh,2026-01-31T11:27:07.151Z,,v1.1,
170da21ea339a507c9600deabe1ad1de168ed974,607eb45145353af93318bfc5e5f865db093ac268,2026-01-31,macro_overlay,Macro Overlay,54,10,10,weight_pct,pct,fresh,2026-01-31T11:25:54.066Z,,v1.1,
170da21ea339a507c9600deabe1ad1de168ed974,607eb45145353af93318bfc5e5f865db093ac268,2026-01-31,net_liquidity,Net Liquidity (FRED),92,4.3,4.3,weight_pct,pct,fresh,2026-01-30T16:00:00.000Z,,v1.1,
170da21ea339a507c9600deabe1ad1de168ed974,607eb45145353af93318bfc5e5f865db093ac268,2026-01-31,social_interest,Social Interest,60,10,10,weight_pct,pct,fresh,2026-01-31T11:25:53.045Z,,v1.1,
170da21ea339a507c9600deabe1ad1de168ed974,607eb45145353af93318bfc5e5f865db093ac268,2026-01-31,stablecoins,Stablecoins,50,18,18,weight_pct,pct,fresh,2026-01-31T11:25:53.421Z,,v1.1,
170da21ea339a507c9600deabe1ad1de168ed974,607eb45145353af93318bfc5e5f865db093ac268,2026-01-31,term_leverage,Term Structure & Leverage,50,20,20,weight_pct,pct,fresh,2026-01-31T11:27:07.153Z,,v1.1,
170da21ea339a507c9600deabe1ad1de168ed974,607eb45145353af93318bfc5e5f865db093ac268,2026-01-31,trend_valuation,Trend & Valuation,49,30,30,weight_pct,pct,fresh,2026-01-31T11:25:52.578Z,,v1.1,
5eae897413e361a533100adb46823dd9645518e6,75385da293ece79a812974ed56b16c137b3b61df,2026-02-01,etf_flows,ETF Flows,82,7.7,7.7,weight_pct,pct,fresh,2026-02-01T11:28:13.499Z,,v1.1,
5eae897413e361a533100adb46823dd9645518e6,75385da293ece79a812974ed56b16c137b3b61df,2026-02-01,macro_overlay,Macro Overlay,54,10,10,weight_pct,pct,fresh,2026-02-01T11:27:03.210Z,,v1.1,
5eae897413e361a533100adb46823dd9645518e6,75385da293ece79a812974ed56b16c137b3b61df,2026-02-01,net_liquidity,Net Liquidity (FRED),92,4.3,4.3,weight_pct,pct,fresh,2026-01-30T16:00:00.000Z,,v1.1,
5eae897413e361a533100adb46823dd9645518e6,75385da293ece79a812974ed56b16c137b3b61df,2026-02-01,social_interest,Social Interest,60,10,10,weight_pct,pct,fresh,2026-02-01T11:27:02.285Z,,v1.1,
5eae897413e361a533100adb46823dd9645518e6,75385da293ece79a812974ed56b16c137b3b61df,2026-02-01,stablecoins,Stablecoins,50,18,18,weight_pct,pct,fresh,2026-02-01T11:27:02.522Z,,v1.1,
5eae897413e361a533100adb46823dd9645518e6,75385da293ece79a812974ed56b16c137b3b61df,2026-02-01,term_leverage,Term Structure & Leverage,50,20,20,weight_pct,pct,fresh,2026-02-01T11:28:13.501Z,,v1.1,
5eae897413e361a533100adb46823dd9645518e6,75385da293ece79a812974ed56b16c137b3b61df,2026-02-01,trend_valuation,Trend & Valuation,49,30,30,weight_pct,pct,fresh,2026-02-01T11:27:01.204Z,,v1.1,
a5870e30b11a0d153d9194016fd1dbf65d3ca524,c288e50df6742df4d718db61d2f9c363a29ad12e,2026-02-02,etf_flows,ETF Flows,82,7.7,7.7,weight_pct,pct,fresh,2026-02-02T11:40:26.229Z,,v1.1,
a5870e30b11a0d153d9194016fd1dbf65d3ca524,c288e50df6742df4d718db61d2f9c363a29ad12e,2026-02-02,macro_overlay,Macro Overlay,48,10,10,weight_pct,pct,fresh,2026-02-02T11:39:15.667Z,,v1.1,
a5870e30b11a0d153d9194016fd1dbf65d3ca524,c288e50df6742df4d718db61d2f9c363a29ad12e,2026-02-02,net_liquidity,Net Liquidity (FRED),92,4.3,4.3,weight_pct,pct,fresh,2026-01-30T16:00:00.000Z,,v1.1,
a5870e30b11a0d153d9194016fd1dbf65d3ca524,c288e50df6742df4d718db61d2f9c363a29ad12e,2026-02-02,social_interest,Social Interest,60,10,10,weight_pct,pct,fresh,2026-02-02T11:39:14.724Z,,v1.1,
a5870e30b11a0d153d9194016fd1dbf65d3ca524,c288e50df6742df4d718db61d2f9c363a29ad12e,2026-02-02,stablecoins,Stablecoins,49,18,18,weight_pct,pct,fresh,2026-02-02T11:39:14.783Z,,v1.1,
a5870e30b11a0d153d9194016fd1dbf65d3ca524,c288e50df6742df4d718db61d2f9c363a29ad12e,2026-02-02,term_leverage,Term Structure & Leverage,50,20,20,weight_pct,pct,fresh,2026-02-02T11:40:26.232Z,,v1.1,
a5870e30b11a0d153d9194016fd1dbf65d3ca524,c288e50df6742df4d718db61d2f9c363a29ad12e,2026-02-02,trend_valuation,Trend & Valuation,49,30,30,weight_pct,pct,fresh,2026-02-02T11:39:13.784Z,,v1.1,
5b0e93df7fd1f2f1635286a2b506e5d3e9c01dc6,4a93c795be27931f4cfccd8ce577d06cf407cdf9,2026-02-03,etf_flows,ETF Flows,82,7.7,7.7,weight_pct,pct,fresh,2026-02-03T11:40:01.062Z,,v1.1,
5b0e93df7fd1f2f1635286a2b506e5d3e9c01dc6,4a93c795be27931f4cfccd8ce577d06cf407cdf9,2026-02-03,macro_overlay,Macro Overlay,50,10,10,weight_pct,pct,fresh,2026-02-03T11:38:50.464Z,,v1.1,
5b0e93df7fd1f2f1635286a2b506e5d3e9c01dc6,4a93c795be27931f4cfccd8ce577d06cf407cdf9,2026-02-03,net_liquidity,Net Liquidity (FRED),61,4.3,4.3,weight_pct,pct,fresh,2026-02-02T16:00:00.000Z,,v1.1,
5b0e93df7fd1f2f1635286a2b506e5d3e9c01dc6,4a93c795be27931f4cfccd8ce577d06cf407cdf9,2026-02-03,social_interest,Social Interest,50,10,10,weight_pct,pct,fresh,2026-02-03T11:38:49.212Z,,v1.1,
5b0e93df7fd1f2f1635286a2b506e5d3e9c01dc6,4a93c795be27931f4cfccd8ce577d06cf407cdf9,2026-02-03,stablecoins,Stablecoins,49,18,18,weight_pct,pct,fresh,2026-02-03T11:38:49.715Z,,v1.1,
5b0e93df7fd1f2f1635286a2b506e5d3e9c01dc6,4a93c795be27931f4cfccd8ce577d06cf407cdf9,2026-02-03,term_leverage,Term Structure & Leverage,50,20,20,weight_pct,pct,fresh,2026-02-03T11:40:01.064Z,,v1.1,
5b0e93df7fd1f2f1635286a2b506e5d3e9c01dc6,4a93c795be27931f4cfccd8ce577d06cf407cdf9,2026-02-03,trend_valuation,Trend & Valuation,49,30,30,weight_pct,pct,fresh,2026-02-03T11:38:48.840Z,,v1.1,
de9c8f650116d43305d5dc279ed5e4e1d3d7bd9f,370084e7a66cecd7267402d3fd87a4aeff536b55,2026-02-04,etf_flows,ETF Flows,81,7.7,7.7,weight_pct,pct,fresh,2026-02-04T11:39:11.270Z,,v1.1,
de9c8f650116d43305d5dc279ed5e4e1d3d7bd9f,370084e7a66cecd7267402d3fd87a4aeff536b55,2026-02-04,macro_overlay,Macro Overlay,49,10,10,weight_pct,pct,fresh,2026-02-04T11:38:00.700Z,,v1.1,
de9c8f650116d43305d5dc279ed5e4e1d3d7bd9f,370084e7a66cecd7267402d3fd87a4aeff536b55,2026-02-04,net_liquidity,Net Liquidity (FRED),58,4.3,4.3,weight_pct,pct,fresh,2026-02-03T16:00:00.000Z,,v1.1,
de9c8f650116d43305d5dc279ed5e4e1d3d7bd9f,370084e7a66cecd7267402d3fd87a4aeff536b55,2026-02-04,social_interest,Social Interest,50,10,10,weight_pct,pct,fresh,2026-02-03T11:38:49.212Z,,v1.1,
de9c8f650116d43305d5dc279ed5e4e1d3d7bd9f,370084e7a66cecd7267402d3fd87a4aeff536b55,2026-02-04,stablecoins,Stablecoins,51,18,18,weight_pct,pct,fresh,2026-02-04T11:38:00.262Z,,v1.1,
de9c8f650116d43305d5dc279ed5e4e1d3d7bd9f,370084e7a66cecd7267402d3fd87a4aeff536b55,2026-02-04,term_leverage,Term Structure & Leverage,50,20,20,weight_pct,pct,fresh,2026-02-04T11:39:11.272Z,,v1.1,
de9c8f650116d43305d5dc279ed5e4e1d3d7bd9f,370084e7a66cecd7267402d3fd87a4aeff536b55,2026-02-04,trend_valuation,Trend & Valuation,47,30,30,weight_pct,pct,fresh,2026-02-04T11:37:59.070Z,,v1.1,
a953a1c9708da879990caaf8bad283469ffb2025,9b2b0d7b5056b26bf4767b506c94232932f239d3,2026-02-05,etf_flows,ETF Flows,82,7.7,7.7,weight_pct,pct,fresh,2026-02-05T11:40:33.265Z,,v1.1,
a953a1c9708da879990caaf8bad283469ffb2025,9b2b0d7b5056b26bf4767b506c94232932f239d3,2026-02-05,macro_overlay,Macro Overlay,51,10,10,weight_pct,pct,fresh,2026-02-05T11:39:21.431Z,,v1.1,
a953a1c9708da879990caaf8bad283469ffb2025,9b2b0d7b5056b26bf4767b506c94232932f239d3,2026-02-05,net_liquidity,Net Liquidity (FRED),61,4.3,4.3,weight_pct,pct,fresh,2026-02-04T16:00:00.000Z,,v1.1,
a953a1c9708da879990caaf8bad283469ffb2025,9b2b0d7b5056b26bf4767b506c94232932f239d3,2026-02-05,social_interest,Social Interest,55,10,10,weight_pct,pct,fresh,2026-02-05T11:39:21.435Z,,v1.1,
a953a1c9708da879990caaf8bad283469ffb2025,9b2b0d7b5056b26bf4767b506c94232932f239d3,2026-02-05,stablecoins,Stablecoins,54,18,18,weight_pct,pct,fresh,2026-02-05T11:39:21.072Z,,v1.1,
a953a1c9708da879990caaf8bad283469ffb2025,9b2b0d7b5056b26bf4767b506c94232932f239d3,2026-02-05,term_leverage,Term Structure & Leverage,50,20,20,weight_pct,pct,fresh,2026-02-05T11:40:33.267Z,,v1.1,
a953a1c9708da879990caaf8bad283469ffb2025,9b2b0d7b5056b26bf4767b506c94232932f239d3,2026-02-05,trend_valuation,Trend & Valuation,40,30,30,weight_pct,pct,fresh,2026-02-05T11:39:19.786Z,,v1.1,
b98698473dc800eafab66ad52d48bd5b91baa5ac,2dbbe9af968f83f0529762afea872bbaf8ac5a97,2026-02-06,etf_flows,ETF Flows,81,7.7,7.7,weight_pct,pct,fresh,2026-02-06T11:39:36.822Z,,v1.1,
b98698473dc800eafab66ad52d48bd5b91baa5ac,2dbbe9af968f83f0529762afea872bbaf8ac5a97,2026-02-06,macro_overlay,Macro Overlay,48,10,10,weight_pct,pct,fresh,2026-02-06T11:38:27.905Z,,v1.1,
b98698473dc800eafab66ad52d48bd5b91baa5ac,2dbbe9af968f83f0529762afea872bbaf8ac5a97,2026-02-06,net_liquidity,Net Liquidity (FRED),56,4.3,4.3,weight_pct,pct,fresh,2026-02-05T16:00:00.000Z,,v1.1,
b98698473dc800eafab66ad52d48bd5b91baa5ac,2dbbe9af968f83f0529762afea872bbaf8ac5a97,2026-02-06,social_interest,Social Interest,55,10,10,weight_pct,pct,fresh,2026-02-05T11:39:21.435Z,,v1.1,
b98698473dc800eafab66ad52d48bd5b91baa5ac,2dbbe9af968f83f0529762afea872bbaf8ac5a97,2026-02-06,stablecoins,Stablecoins,55,18,18,weight_pct,pct,fresh,2026-02-06T11:38:27.649Z,,v1.1,
b98698473dc800eafab66ad52d48bd5b91baa5ac,2dbbe9af968f83f0529762afea872bbaf8ac5a97,2026-02-06,term_leverage,Term Structure & Leverage,68,20,20,weight_pct,pct,fresh,2026-02-06T11:39:36.824Z,,v1.1,
b98698473dc800eafab66ad52d48bd5b91baa5ac,2dbbe9af968f83f0529762afea872bbaf8ac5a97,2026-02-06,trend_valuation,Trend & Valuation,39,30,30,weight_pct,pct,fresh,2026-02-06T11:38:26.607Z,,v1.1,
a3156df39af22b49ab63a27a1035ec4f0deb100b,3962d4981135e89f4b3f5cce04f3c4c46a0ecd4e,2026-02-07,etf_flows,ETF Flows,82,7.7,7.7,weight_pct,pct,fresh,2026-02-07T11:28:47.421Z,,v1.1,
a3156df39af22b49ab63a27a1035ec4f0deb100b,3962d4981135e89f4b3f5cce04f3c4c46a0ecd4e,2026-02-07,macro_overlay,Macro Overlay,50,10,10,weight_pct,pct,fresh,2026-02-07T11:27:36.131Z,,v1.1,
a3156df39af22b49ab63a27a1035ec4f0deb100b,3962d4981135e89f4b3f5cce04f3c4c46a0ecd4e,2026-02-07,net_liquidity,Net Liquidity (FRED),70,4.3,4.3,weight_pct,pct,fresh,2026-02-06T16:00:00.000Z,,v1.1,
a3156df39af22b49ab63a27a1035ec4f0deb100b,3962d4981135e89f4b3f5cce04f3c4c46a0ecd4e,2026-02-07,social_interest,Social Interest,53,10,10,weight_pct,pct,fresh,2026-02-07T11:27:34.611Z,,v1.1,
a3156df39af22b49ab63a27a1035ec4f0deb100b,3962d4981135e89f4b3f5cce04f3c4c46a0ecd4e,2026-02-07,stablecoins,Stablecoins,72,18,18,weight_pct,pct,fresh,2026-02-07T11:27:34.974Z,,v1.1,
a3156df39af22b49ab63a27a1035ec4f0deb100b,3962d4981135e89f4b3f5cce04f3c4c46a0ecd4e,2026-02-07,term_leverage,Term Structure & Leverage,68,20,20,weight_pct,pct,fresh,2026-02-07T11:28:47.423Z,,v1.1,
a3156df39af22b49ab63a27a1035ec4f0deb100b,3962d4981135e89f4b3f5cce04f3c4c46a0ecd4e,2026-02-07,trend_valuation,Trend & Valuation,39,30,30,weight_pct,pct,fresh,2026-02-07T11:27:34.079Z,,v1.1,
a6906c60a719ab257abb10c91d0e9be3d1b96651,686e1c07452726e29c3fafc7e8f6e01de576c781,2026-02-08,etf_flows,ETF Flows,82,7.7,7.7,weight_pct,pct,fresh,2026-02-08T11:29:33.113Z,,v1.1,
a6906c60a719ab257abb10c91d0e9be3d1b96651,686e1c07452726e29c3fafc7e8f6e01de576c781,2026-02-08,macro_overlay,Macro Overlay,50,10,10,weight_pct,pct,fresh,2026-02-08T11:28:22.950Z,,v1.1,
a6906c60a719ab257abb10c91d0e9be3d1b96651,686e1c07452726e29c3fafc7e8f6e01de576c781,2026-02-08,net_liquidity,Net Liquidity (FRED),70,4.3,4.3,weight_pct,pct,fresh,2026-02-06T16:00:00.000Z,,v1.1,
a6906c60a719ab257abb10c91d0e9be3d1b96651,686e1c07452726e29c3fafc7e8f6e01de576c781,2026-02-08,social_interest,Social Interest,54,10,10,weight_pct,pct,fresh,2026-02-08T11:28:21.151Z,,v1.1,
a6906c60a719ab257abb10c91d0e9be3d1b96651,686e1c07452726e29c3fafc7e8f6e01de576c781,2026-02-08,stablecoins,Stablecoins,72,18,18,weight_pct,pct,fresh,2026-02-08T11:28:21.512Z,,v1.1,
a6906c60a719ab257abb10c91d0e9be3d1b96651,686e1c07452726e29c3fafc7e8f6e01de576c781,2026-02-08,term_leverage,Term Structure & Leverage,68,20,20,weight_pct,pct,fresh,2026-02-08T11:29:33.115Z,,v1.1,
a6906c60a719ab257abb10c91d0e9be3d1b96651,686e1c07452726e29c3fafc7e8f6e01de576c781,2026-02-08,trend_valuation,Trend & Valuation,38,30,30,weight_pct,pct,fresh,2026-02-08T11:28:20.486Z,,v1.1,
0dd9d6e651c2ff8784b0d6af2d85e00bb45c080c,65b19b5070c4d3087d679f8cde640b2f2d684404,2026-02-09,etf_flows,ETF Flows,80,7.7,7.7,weight_pct,pct,fresh,2026-02-09T11:52:35.098Z,,v1.1,
0dd9d6e651c2ff8784b0d6af2d85e00bb45c080c,65b19b5070c4d3087d679f8cde640b2f2d684404,2026-02-09,macro_overlay,Macro Overlay,46,10,10,weight_pct,pct,fresh,2026-02-09T11:51:26.510Z,,v1.1,
0dd9d6e651c2ff8784b0d6af2d85e00bb45c080c,65b19b5070c4d3087d679f8cde640b2f2d684404,2026-02-09,net_liquidity,Net Liquidity (FRED),62,4.3,4.3,weight_pct,pct,fresh,2026-02-06T16:00:00.000Z,,v1.1,
0dd9d6e651c2ff8784b0d6af2d85e00bb45c080c,65b19b5070c4d3087d679f8cde640b2f2d684404,2026-02-09,social_interest,Social Interest,54,10,10,weight_pct,pct,fresh,2026-02-09T11:51:25.520Z,,v1.1,
0dd9d6e651c2ff8784b0d6af2d85e00bb45c080c,65b19b5070c4d3087d679f8cde640b2f2d684404,2026-02-09,stablecoins,Stablecoins,70,18,18,weight_pct,pct,fresh,2026-02-09T11:51:25.824Z,,v1.1,
0dd9d6e651c2ff8784b0d6af2d85e00bb45c080c,65b19b5070c4d3087d679f8cde640b2f2d684404,2026-02-09,term_leverage,Term Structure & Leverage,68,20,20,weight_pct,pct,fresh,2026-02-09T11:52:35.100Z,,v1.1,
0dd9d6e651c2ff8784b0d6af2d85e00bb45c080c,65b19b5070c4d3087d679f8cde640b2f2d684404,2026-02-09,trend_valuation,Trend & Valuation,39,30,30,weight_pct,pct,fresh,2026-02-09T11:51:24.978Z,,v1.1,
0f81227a4cc8eb3f81a2992b2dad94950563bd85,72dc35ef302c6e2e3bc53d4d9931d6ba391a576d,2026-02-10,etf_flows,ETF Flows,82,7.7,7.7,weight_pct,pct,fresh,2026-02-10T11:55:09.260Z,,v1.1,
0f81227a4cc8eb3f81a2992b2dad94950563bd85,72dc35ef302c6e2e3bc53d4d9931d6ba391a576d,2026-02-10,macro_overlay,Macro Overlay,51,10,10,weight_pct,pct,fresh,2026-02-10T11:53:55.864Z,,v1.1,
0f81227a4cc8eb3f81a2992b2dad94950563bd85,72dc35ef302c6e2e3bc53d4d9931d6ba391a576d,2026-02-10,net_liquidity,Net Liquidity (FRED),43,4.3,4.3,weight_pct,pct,fresh,2026-02-09T16:00:00.000Z,,v1.1,
0f81227a4cc8eb3f81a2992b2dad94950563bd85,72dc35ef302c6e2e3bc53d4d9931d6ba391a576d,2026-02-10,social_interest,Social Interest,42,10,10,weight_pct,pct,fresh,2026-02-10T11:53:55.472Z,,v1.1,
0f81227a4cc8eb3f81a2992b2dad94950563bd85,72dc35ef302c6e2e3bc53d4d9931d6ba391a576d,2026-02-10,stablecoins,Stablecoins,68,18,18,weight_pct,pct,fresh,2026-02-10T11:53:56.016Z,,v1.1,
0f81227a4cc8eb3f81a2992b2dad94950563bd85,72dc35ef302c6e2e3bc53d4d9931d6ba391a576d,2026-02-10,term_leverage,Term Structure & Leverage,68,20,20,weight_pct,pct,fresh,2026-02-10T11:55:09.262Z,,v1.1,
0f81227a4cc8eb3f81a2992b2dad94950563bd85,72dc35ef302c6e2e3bc53d4d9931d6ba391a576d,2026-02-10,trend_valuation,Trend & Valuation,39,30,30,weight_pct,pct,fresh,2026-02-10T11:53:54.708Z,,v1.1,
8e0d764f96a6a5b342997e6bc19f41d1140542ba,34d808b764de2f9be3421769ca106b756018070f,2026-02-11,etf_flows,ETF Flows,82,7.7,7.7,weight_pct,pct,fresh,2026-02-11T11:50:36.521Z,,v1.1,
8e0d764f96a6a5b342997e6bc19f41d1140542ba,34d808b764de2f9be3421769ca106b756018070f,2026-02-11,macro_overlay,Macro Overlay,45,10,10,weight_pct,pct,fresh,2026-02-11T11:49:25.360Z,,v1.1,
8e0d764f96a6a5b342997e6bc19f41d1140542ba,34d808b764de2f9be3421769ca106b756018070f,2026-02-11,net_liquidity,Net Liquidity (FRED),42,4.3,4.3,weight_pct,pct,fresh,2026-02-10T16:00:00.000Z,,v1.1,
8e0d764f96a6a5b342997e6bc19f41d1140542ba,34d808b764de2f9be3421769ca106b756018070f,2026-02-11,social_interest,Social Interest,42,10,10,weight_pct,pct,fresh,2026-02-10T11:53:55.472Z,,v1.1,
8e0d764f96a6a5b342997e6bc19f41d1140542ba,34d808b764de2f9be3421769ca106b756018070f,2026-02-11,stablecoins,Stablecoins,71,18,18,weight_pct,pct,fresh,2026-02-11T11:49:24.339Z,,v1.1,
8e0d764f96a6a5b342997e6bc19f41d1140542ba,34d808b764de2f9be3421769ca106b756018070f,2026-02-11,term_leverage,Term Structure & Leverage,68,20,20,weight_pct,pct,fresh,2026-02-11T11:50:36.523Z,,v1.1,
8e0d764f96a6a5b342997e6bc19f41d1140542ba,34d808b764de2f9be3421769ca106b756018070f,2026-02-11,trend_valuation,Trend & Valuation,39,30,30,weight_pct,pct,fresh,2026-02-11T11:49:23.528Z,,v1.1,
2c893920faf201a37d8bec438da07c7dc46160f1,4ed1350bd2ca8deb5703b7c3e3b3dfff5bc20276,2026-02-12,etf_flows,ETF Flows,82,7.7,7.7,weight_pct,pct,fresh,2026-02-12T11:45:17.261Z,,v1.1,
2c893920faf201a37d8bec438da07c7dc46160f1,4ed1350bd2ca8deb5703b7c3e3b3dfff5bc20276,2026-02-12,macro_overlay,Macro Overlay,51,10,10,weight_pct,pct,fresh,2026-02-12T11:44:07.350Z,,v1.1,
2c893920faf201a37d8bec438da07c7dc46160f1,4ed1350bd2ca8deb5703b7c3e3b3dfff5bc20276,2026-02-12,net_liquidity,Net Liquidity (FRED),50,4.3,4.3,weight_pct,pct,fresh,2026-02-11T16:00:00.000Z,,v1.1,
2c893920faf201a37d8bec438da07c7dc46160f1,4ed1350bd2ca8deb5703b7c3e3b3dfff5bc20276,2026-02-12,social_interest,Social Interest,32,10,10,weight_pct,pct,fresh,2026-02-12T11:44:05.558Z,,v1.1,
2c893920faf201a37d8bec438da07c7dc46160f1,4ed1350bd2ca8deb5703b7c3e3b3dfff5bc20276,2026-02-12,stablecoins,Stablecoins,71,18,18,weight_pct,pct,fresh,2026-02-12T11:44:06.020Z,,v1.1,
2c893920faf201a37d8bec438da07c7dc46160f1,4ed1350bd2ca8deb5703b7c3e3b3dfff5bc20276,2026-02-12,term_leverage,Term Structure & Leverage,68,20,20,weight_pct,pct,fresh,2026-02-12T11:45:17.262Z,,v1.1,
2c893920faf201a37d8bec438da07c7dc46160f1,4ed1350bd2ca8deb5703b7c3e3b3dfff5bc20276,2026-02-12,trend_valuation,Trend & Valuation,38,30,30,weight_pct,pct,fresh,2026-02-12T11:44:05.106Z,,v1.1,
6d928f682ff0755e92b1cf0c200efcf937eb554c,d3d920775cc089973f379effc3be1fe1ff3e14df,2026-02-13,etf_flows,ETF Flows,82,7.7,7.7,weight_pct,pct,fresh,2026-02-13T11:37:09.240Z,,v1.1,
6d928f682ff0755e92b1cf0c200efcf937eb554c,d3d920775cc089973f379effc3be1fe1ff3e14df,2026-02-13,macro_overlay,Macro Overlay,51,10,10,weight_pct,pct,fresh,2026-02-13T11:35:57.534Z,,v1.1,
6d928f682ff0755e92b1cf0c200efcf937eb554c,d3d920775cc089973f379effc3be1fe1ff3e14df,2026-02-13,net_liquidity,Net Liquidity (FRED),51,4.3,4.3,weight_pct,pct,fresh,2026-02-12T16:00:00.000Z,,v1.1,
6d928f682ff0755e92b1cf0c200efcf937eb554c,d3d920775cc089973f379effc3be1fe1ff3e14df,2026-02-13,social_interest,Social Interest,32,10,10,weight_pct,pct,fresh,2026-02-12T11:44:05.558Z,,v1.1,
6d928f682ff0755e92b1cf0c200efcf937eb554c,d3d920775cc089973f379effc3be1fe1ff3e14df,2026-02-13,stablecoins,Stablecoins,65,18,18,weight_pct,pct,fresh,2026-02-13T11:35:56.375Z,,v1.1,
6d928f682ff0755e92b1cf0c200efcf937eb554c,d3d920775cc089973f379effc3be1fe1ff3e14df,2026-02-13,term_leverage,Term Structure & Leverage,74,20,20,weight_pct,pct,fresh,2026-02-13T11:37:09.242Z,,v1.1,
6d928f682ff0755e92b1cf0c200efcf937eb554c,d3d920775cc089973f379effc3be1fe1ff3e14df,2026-02-13,trend_valuation,Trend & Valuation,38,30,30,weight_pct,pct,fresh,2026-02-13T11:35:55.159Z,,v1.1,
14c50e00dbb43a1466282ed835e7b08835b5d377,8a0472c60c3322cd4198cef0bb4bab27c8afdc1b,2026-02-14,etf_flows,ETF Flows,82,7.7,7.7,weight_pct,pct,fresh,2026-02-14T11:28:58.694Z,,v1.1,
14c50e00dbb43a1466282ed835e7b08835b5d377,8a0472c60c3322cd4198cef0bb4bab27c8afdc1b,2026-02-14,macro_overlay,Macro Overlay,48,10,10,weight_pct,pct,fresh,2026-02-14T11:27:47.824Z,,v1.1,
14c50e00dbb43a1466282ed835e7b08835b5d377,8a0472c60c3322cd4198cef0bb4bab27c8afdc1b,2026-02-14,net_liquidity,Net Liquidity (FRED),43,4.3,4.3,weight_pct,pct,fresh,2026-02-13T16:00:00.000Z,,v1.1,
14c50e00dbb43a1466282ed835e7b08835b5d377,8a0472c60c3322cd4198cef0bb4bab27c8afdc1b,2026-02-14,social_interest,Social Interest,33,10,10,weight_pct,pct,fresh,2026-02-14T11:27:47.159Z,,v1.1,
14c50e00dbb43a1466282ed835e7b08835b5d377,8a0472c60c3322cd4198cef0bb4bab27c8afdc1b,2026-02-14,stablecoins,Stablecoins,52,18,18,weight_pct,pct,fresh,2026-02-14T11:27:47.582Z,,v1.1,
14c50e00dbb43a1466282ed835e7b08835b5d377,8a0472c60c3322cd4198cef0bb4bab27c8afdc1b,2026-02-14,term_leverage,Term Structure & Leverage,74,20,20,weight_pct,pct,fresh,2026-02-14T11:28:58.696Z,,v1.1,
14c50e00dbb43a1466282ed835e7b08835b5d377,8a0472c60c3322cd4198cef0bb4bab27c8afdc1b,2026-02-14,trend_valuation,Trend & Valuation,37,30,30,weight_pct,pct,fresh,2026-02-14T11:27:46.333Z,,v1.1,
7f8184c2cabc23f03a052952d0b844243822b720,a229052ac0d76d9fdd807b3415be7a0ca78e4650,2026-02-15,etf_flows,ETF Flows,82,7.7,7.7,weight_pct,pct,fresh,2026-02-15T11:29:42.183Z,,v1.1,
7f8184c2cabc23f03a052952d0b844243822b720,a229052ac0d76d9fdd807b3415be7a0ca78e4650,2026-02-15,macro_overlay,Macro Overlay,44,10,10,weight_pct,pct,fresh,2026-02-15T11:28:31.640Z,,v1.1,
7f8184c2cabc23f03a052952d0b844243822b720,a229052ac0d76d9fdd807b3415be7a0ca78e4650,2026-02-15,net_liquidity,Net Liquidity (FRED),43,4.3,4.3,weight_pct,pct,fresh,2026-02-13T16:00:00.000Z,,v1.1,
7f8184c2cabc23f03a052952d0b844243822b720,a229052ac0d76d9fdd807b3415be7a0ca78e4650,2026-02-15,social_interest,Social Interest,34,10,10,weight_pct,pct,fresh,2026-02-15T11:28:30.042Z,,v1.1,
7f8184c2cabc23f03a052952d0b844243822b720,a229052ac0d76d9fdd807b3415be7a0ca78e4650,2026-02-15,stablecoins,Stablecoins,56,18,18,weight_pct,pct,fresh,2026-02-15T11:28:30.480Z,,v1.1,
7f8184c2cabc23f03a052952d0b844243822b720,a229052ac0d76d9fdd807b3415be7a0ca78e4650,2026-02-15,term_leverage,Term Structure & Leverage,74,20,20,weight_pct,pct,fresh,2026-02-15T11:29:42.185Z,,v1.1,
7f8184c2cabc23f03a052952d0b844243822b720,a229052ac0d76d9fdd807b3415be7a0ca78e4650,2026-02-15,trend_valuation,Trend & Valuation,38,30,30,weight_pct,pct,fresh,2026-02-15T11:28:29.777Z,,v1.1,
b87f360bb19ebc86b22210926e5c2b0633fbb405,56a50ab08717dfaf1061bf9602036cce8bfae35c,2026-02-16,etf_flows,ETF Flows,82,7.7,7.7,weight_pct,pct,fresh,2026-02-16T11:44:21.560Z,,v1.1,
b87f360bb19ebc86b22210926e5c2b0633fbb405,56a50ab08717dfaf1061bf9602036cce8bfae35c,2026-02-16,macro_overlay,Macro Overlay,48,10,10,weight_pct,pct,fresh,2026-02-16T11:43:11.030Z,,v1.1,
b87f360bb19ebc86b22210926e5c2b0633fbb405,56a50ab08717dfaf1061bf9602036cce8bfae35c,2026-02-16,net_liquidity,Net Liquidity (FRED),43,4.3,4.3,weight_pct,pct,fresh,2026-02-13T16:00:00.000Z,,v1.1,
b87f360bb19ebc86b22210926e5c2b0633fbb405,56a50ab08717dfaf1061bf9602036cce8bfae35c,2026-02-16,social_interest,Social Interest,34,10,10,weight_pct,pct,fresh,2026-02-16T11:43:10.021Z,,v1.1,
b87f360bb19ebc86b22210926e5c2b0633fbb405,56a50ab08717dfaf1061bf9602036cce8bfae35c,2026-02-16,stablecoins,Stablecoins,47,18,18,weight_pct,pct,fresh,2026-02-16T11:43:12.027Z,,v1.1,
b87f360bb19ebc86b22210926e5c2b0633fbb405,56a50ab08717dfaf1061bf9602036cce8bfae35c,2026-02-16,term_leverage,Term Structure & Leverage,74,20,20,weight_pct,pct,fresh,2026-02-16T11:44:21.562Z,,v1.1,
b87f360bb19ebc86b22210926e5c2b0633fbb405,56a50ab08717dfaf1061bf9602036cce8bfae35c,2026-02-16,trend_valuation,Trend & Valuation,39,30,30,weight_pct,pct,fresh,2026-02-16T11:43:09.164Z,,v1.1,
a55faec1974e0e5730a69adabc49534bc4425a59,14ed61d02b9beca9a9a409ed095228634faea27d,2026-02-17,etf_flows,ETF Flows,82,7.7,7.7,weight_pct,pct,fresh,2026-02-17T11:44:20.179Z,,v1.1,
a55faec1974e0e5730a69adabc49534bc4425a59,14ed61d02b9beca9a9a409ed095228634faea27d,2026-02-17,macro_overlay,Macro Overlay,47,10,10,weight_pct,pct,fresh,2026-02-17T11:43:08.936Z,,v1.1,
a55faec1974e0e5730a69adabc49534bc4425a59,14ed61d02b9beca9a9a409ed095228634faea27d,2026-02-17,net_liquidity,Net Liquidity (FRED),43,4.3,4.3,weight_pct,pct,fresh,2026-02-13T16:00:00.000Z,,v1.1,
a55faec1974e0e5730a69adabc49534bc4425a59,14ed61d02b9beca9a9a409ed095228634faea27d,2026-02-17,social_interest,Social Interest,34,10,10,weight_pct,pct,fresh,2026-02-16T11:43:10.021Z,,v1.1,
a55faec1974e0e5730a69adabc49534bc4425a59,14ed61d02b9beca9a9a409ed095228634faea27d,2026-02-17,stablecoins,Stablecoins,41,18,18,weight_pct,pct,fresh,2026-02-17T11:43:08.670Z,,v1.1,
a55faec1974e0e5730a69adabc49534bc4425a59,14ed61d02b9beca9a9a409ed095228634faea27d,2026-02-17,term_leverage,Term Structure & Leverage,74,20,20,weight_pct,pct,fresh,2026-02-17T11:44:20.181Z,,v1.1,
a55faec1974e0e5730a69adabc49534bc4425a59,14ed61d02b9beca9a9a409ed095228634faea27d,2026-02-17,trend_valuation,Trend & Valuation,37,30,30,weight_pct,pct,fresh,2026-02-17T11:43:07.598Z,,v1.1,
eda30ce27687fd4916ed3af716aaeea4ec27cdb3,180e7ebbe2578402949b82bbfd5206232d88cf85,2026-02-18,etf_flows,ETF Flows,82,7.7,7.7,weight_pct,pct,fresh,2026-02-18T11:43:44.093Z,,v1.1,
eda30ce27687fd4916ed3af716aaeea4ec27cdb3,180e7ebbe2578402949b82bbfd5206232d88cf85,2026-02-18,macro_overlay,Macro Overlay,51,10,10,weight_pct,pct,fresh,2026-02-18T11:42:33.921Z,,v1.1,
eda30ce27687fd4916ed3af716aaeea4ec27cdb3,180e7ebbe2578402949b82bbfd5206232d88cf85,2026-02-18,net_liquidity,Net Liquidity (FRED),54,4.3,4.3,weight_pct,pct,fresh,2026-02-17T16:00:00.000Z,,v1.1,
eda30ce27687fd4916ed3af716aaeea4ec27cdb3,180e7ebbe2578402949b82bbfd5206232d88cf85,2026-02-18,social_interest,Social Interest,29,10,10,weight_pct,pct,fresh,2026-02-18T11:42:32.248Z,,v1.1,
eda30ce27687fd4916ed3af716aaeea4ec27cdb3,180e7ebbe2578402949b82bbfd5206232d88cf85,2026-02-18,stablecoins,Stablecoins,35,18,18,weight_pct,pct,fresh,2026-02-18T11:42:32.767Z,,v1.1,
eda30ce27687fd4916ed3af716aaeea4ec27cdb3,180e7ebbe2578402949b82bbfd5206232d88cf85,2026-02-18,term_leverage,Term Structure & Leverage,74,20,20,weight_pct,pct,fresh,2026-02-18T11:43:44.095Z,,v1.1,
eda30ce27687fd4916ed3af716aaeea4ec27cdb3,180e7ebbe2578402949b82bbfd5206232d88cf85,2026-02-18,trend_valuation,Trend & Valuation,37,30,30,weight_pct,pct,fresh,2026-02-18T11:42:31.606Z,,v1.1,
b0b9c6ef3a5b071b3750c7bc432636ed04224d65,2555a478e9f86b9a4b4b7a36aeaf0e5622e25426,2026-02-19,etf_flows,ETF Flows,82,7.7,7.7,weight_pct,pct,fresh,2026-02-19T11:43:14.504Z,,v1.1,
b0b9c6ef3a5b071b3750c7bc432636ed04224d65,2555a478e9f86b9a4b4b7a36aeaf0e5622e25426,2026-02-19,macro_overlay,Macro Overlay,55,10,10,weight_pct,pct,fresh,2026-02-19T11:42:04.007Z,,v1.1,
b0b9c6ef3a5b071b3750c7bc432636ed04224d65,2555a478e9f86b9a4b4b7a36aeaf0e5622e25426,2026-02-19,net_liquidity,Net Liquidity (FRED),48,4.3,4.3,weight_pct,pct,fresh,2026-02-18T16:00:00.000Z,,v1.1,
b0b9c6ef3a5b071b3750c7bc432636ed04224d65,2555a478e9f86b9a4b4b7a36aeaf0e5622e25426,2026-02-19,social_interest,Social Interest,29,10,10,weight_pct,pct,fresh,2026-02-18T11:42:32.248Z,,v1.1,
b0b9c6ef3a5b071b3750c7bc432636ed04224d65,2555a478e9f86b9a4b4b7a36aeaf0e5622e25426,2026-02-19,stablecoins,Stablecoins,45,18,18,weight_pct,pct,fresh,2026-02-19T11:42:03.151Z,,v1.1,
b0b9c6ef3a5b071b3750c7bc432636ed04224d65,2555a478e9f86b9a4b4b7a36aeaf0e5622e25426,2026-02-19,term_leverage,Term Structure & Leverage,74,20,20,weight_pct,pct,fresh,2026-02-19T11:43:14.507Z,,v1.1,
b0b9c6ef3a5b071b3750c7bc432636ed04224d65,2555a478e9f86b9a4b4b7a36aeaf0e5622e25426,2026-02-19,trend_valuation,Trend & Valuation,37,30,30,weight_pct,pct,fresh,2026-02-19T11:42:02.305Z,,v1.1,
c770b29f020925a54d54960796f9ee9a6fec7a91,4d5b1e018b0060a47a5b0fccde1f63e07eb36224,2026-02-20,etf_flows,ETF Flows,82,7.7,7.7,weight_pct,pct,fresh,2026-02-20T11:38:26.579Z,,v1.1,
c770b29f020925a54d54960796f9ee9a6fec7a91,4d5b1e018b0060a47a5b0fccde1f63e07eb36224,2026-02-20,macro_overlay,Macro Overlay,49,10,10,weight_pct,pct,fresh,2026-02-20T11:37:15.705Z,,v1.1,
c770b29f020925a54d54960796f9ee9a6fec7a91,4d5b1e018b0060a47a5b0fccde1f63e07eb36224,2026-02-20,net_liquidity,Net Liquidity (FRED),86,4.3,4.3,weight_pct,pct,fresh,2026-02-19T16:00:00.000Z,,v1.1,
c770b29f020925a54d54960796f9ee9a6fec7a91,4d5b1e018b0060a47a5b0fccde1f63e07eb36224,2026-02-20,social_interest,Social Interest,28,10,10,weight_pct,pct,fresh,2026-02-20T11:37:15.631Z,,v1.1,
c770b29f020925a54d54960796f9ee9a6fec7a91,4d5b1e018b0060a47a5b0fccde1f63e07eb36224,2026-02-20,stablecoins,Stablecoins,35,18,18,weight_pct,pct,fresh,2026-02-20T11:37:15.936Z,,v1.1,
c770b29f020925a54d54960796f9ee9a6fec7a91,4d5b1e018b0060a47a5b0fccde1f63e07eb36224,2026-02-20,term_leverage,Term Structure & Leverage,68,20,20,weight_pct,pct,fresh,2026-02-20T11:38:26.581Z,,v1.1,
c770b29f020925a54d54960796f9ee9a6fec7a91,4d5b1e018b0060a47a5b0fccde1f63e07eb36224,2026-02-20,trend_valuation,Trend & Valuation,36,30,30,weight_pct,pct,fresh,2026-02-20T11:37:14.396Z,,v1.1,
ffd3cc8bdf90c35a5fb062147303a566c6e98c31,bdca20607609fe890b16f7472ed0448b03ec7138,2026-02-21,etf_flows,ETF Flows,76,7.7,7.7,weight_pct,pct,fresh,2026-02-21T11:28:35.924Z,,v1.1,
ffd3cc8bdf90c35a5fb062147303a566c6e98c31,bdca20607609fe890b16f7472ed0448b03ec7138,2026-02-21,macro_overlay,Macro Overlay,53,10,10,weight_pct,pct,fresh,2026-02-21T11:27:27.644Z,,v1.1,
ffd3cc8bdf90c35a5fb062147303a566c6e98c31,bdca20607609fe890b16f7472ed0448b03ec7138,2026-02-21,net_liquidity,Net Liquidity (FRED),70,4.3,4.3,weight_pct,pct,fresh,2026-02-20T16:00:00.000Z,,v1.1,
ffd3cc8bdf90c35a5fb062147303a566c6e98c31,bdca20607609fe890b16f7472ed0448b03ec7138,2026-02-21,social_interest,Social Interest,28,10,10,weight_pct,pct,fresh,2026-02-20T11:37:15.631Z,,v1.1,
ffd3cc8bdf90c35a5fb062147303a566c6e98c31,bdca20607609fe890b16f7472ed0448b03ec7138,2026-02-21,stablecoins,Stablecoins,37,18,18,weight_pct,pct,fresh,2026-02-21T11:27:26.759Z,,v1.1,
ffd3cc8bdf90c35a5fb062147303a566c6e98c31,bdca20607609fe890b16f7472ed0448b03ec7138,2026-02-21,term_leverage,Term Structure & Leverage,68,20,20,weight_pct,pct,fresh,2026-02-21T11:28:35.926Z,,v1.1,
ffd3cc8bdf90c35a5fb062147303a566c6e98c31,bdca20607609fe890b16f7472ed0448b03ec7138,2026-02-21,trend_valuation,Trend & Valuation,36,30,30,weight_pct,pct,fresh,2026-02-21T11:27:25.745Z,,v1.1,
f5c491960c48ef14aa200a74b408cde7bd6bbdd8,38905ae9aefa42256740537f259d5408b0f66e74,2026-02-22,etf_flows,ETF Flows,74,7.7,7.7,weight_pct,pct,fresh,2026-02-22T11:28:28.098Z,,v1.1,
f5c491960c48ef14aa200a74b408cde7bd6bbdd8,38905ae9aefa42256740537f259d5408b0f66e74,2026-02-22,macro_overlay,Macro Overlay,55,10,10,weight_pct,pct,fresh,2026-02-22T11:27:20.024Z,,v1.1,
f5c491960c48ef14aa200a74b408cde7bd6bbdd8,38905ae9aefa42256740537f259d5408b0f66e74,2026-02-22,net_liquidity,Net Liquidity (FRED),70,4.3,4.3,weight_pct,pct,fresh,2026-02-20T16:00:00.000Z,,v1.1,
f5c491960c48ef14aa200a74b408cde7bd6bbdd8,38905ae9aefa42256740537f259d5408b0f66e74,2026-02-22,social_interest,Social Interest,29,10,10,weight_pct,pct,fresh,2026-02-22T11:27:18.816Z,,v1.1,
f5c491960c48ef14aa200a74b408cde7bd6bbdd8,38905ae9aefa42256740537f259d5408b0f66e74,2026-02-22,stablecoins,Stablecoins,38,18,18,weight_pct,pct,fresh,2026-02-22T11:27:19.222Z,,v1.1,
f5c491960c48ef14aa200a74b408cde7bd6bbdd8,38905ae9aefa42256740537f259d5408b0f66e74,2026-02-22,term_leverage,Term Structure & Leverage,68,20,20,weight_pct,pct,fresh,2026-02-22T11:28:28.100Z,,v1.1,
f5c491960c48ef14aa200a74b408cde7bd6bbdd8,38905ae9aefa42256740537f259d5408b0f66e74,2026-02-22,trend_valuation,Trend & Valuation,36,30,30,weight_pct,pct,fresh,2026-02-22T11:27:17.880Z,,v1.1,
be27e5adbf768dd2e2602fab67bece887ca7c689,d156d5ce6da98cc230d38bc6ce547efc952cc357,2026-02-23,etf_flows,ETF Flows,74,7.7,7.7,weight_pct,pct,fresh,2026-02-23T11:43:48.719Z,,v1.1,
be27e5adbf768dd2e2602fab67bece887ca7c689,d156d5ce6da98cc230d38bc6ce547efc952cc357,2026-02-23,macro_overlay,Macro Overlay,53,10,10,weight_pct,pct,fresh,2026-02-23T11:42:40.643Z,,v1.1,
be27e5adbf768dd2e2602fab67bece887ca7c689,d156d5ce6da98cc230d38bc6ce547efc952cc357,2026-02-23,net_liquidity,Net Liquidity (FRED),70,4.3,4.3,weight_pct,pct,fresh,2026-02-20T16:00:00.000Z,,v1.1,
be27e5adbf768dd2e2602fab67bece887ca7c689,d156d5ce6da98cc230d38bc6ce547efc952cc357,2026-02-23,social_interest,Social Interest,29,10,10,weight_pct,pct,fresh,2026-02-23T11:42:39.344Z,,v1.1,
be27e5adbf768dd2e2602fab67bece887ca7c689,d156d5ce6da98cc230d38bc6ce547efc952cc357,2026-02-23,stablecoins,Stablecoins,44,18,18,weight_pct,pct,fresh,2026-02-23T11:42:39.866Z,,v1.1,
be27e5adbf768dd2e2602fab67bece887ca7c689,d156d5ce6da98cc230d38bc6ce547efc952cc357,2026-02-23,term_leverage,Term Structure & Leverage,68,20,20,weight_pct,pct,fresh,2026-02-23T11:43:48.721Z,,v1.1,
be27e5adbf768dd2e2602fab67bece887ca7c689,d156d5ce6da98cc230d38bc6ce547efc952cc357,2026-02-23,trend_valuation,Trend & Valuation,37,30,30,weight_pct,pct,fresh,2026-02-23T11:42:38.534Z,,v1.1,
dbce51fdc9ff9327abe631bb08fe90c25610ab96,afb5140d1f1e75ff4a159f17a7aa8cf464e3d86a,2026-02-24,etf_flows,ETF Flows,71,7.7,7.7,weight_pct,pct,fresh,2026-02-24T11:44:53.502Z,,v1.1,
dbce51fdc9ff9327abe631bb08fe90c25610ab96,afb5140d1f1e75ff4a159f17a7aa8cf464e3d86a,2026-02-24,macro_overlay,Macro Overlay,57,10,10,weight_pct,pct,fresh,2026-02-24T11:43:45.433Z,,v1.1,
dbce51fdc9ff9327abe631bb08fe90c25610ab96,afb5140d1f1e75ff4a159f17a7aa8cf464e3d86a,2026-02-24,net_liquidity,Net Liquidity (FRED),56,4.3,4.3,weight_pct,pct,fresh,2026-02-23T16:00:00.000Z,,v1.1,
dbce51fdc9ff9327abe631bb08fe90c25610ab96,afb5140d1f1e75ff4a159f17a7aa8cf464e3d86a,2026-02-24,social_interest,Social Interest,43,10,10,weight_pct,pct,fresh,2026-02-24T11:43:43.945Z,,v1.1,
dbce51fdc9ff9327abe631bb08fe90c25610ab96,afb5140d1f1e75ff4a159f17a7aa8cf464e3d86a,2026-02-24,stablecoins,Stablecoins,46,18,18,weight_pct,pct,fresh,2026-02-24T11:43:44.425Z,,v1.1,
dbce51fdc9ff9327abe631bb08fe90c25610ab96,afb5140d1f1e75ff4a159f17a7aa8cf464e3d86a,2026-02-24,term_leverage,Term Structure & Leverage,68,20,20,weight_pct,pct,fresh,2026-02-24T11:44:53.504Z,,v1.1,
dbce51fdc9ff9327abe631bb08fe90c25610ab96,afb5140d1f1e75ff4a159f17a7aa8cf464e3d86a,2026-02-24,trend_valuation,Trend & Valuation,39,30,30,weight_pct,pct,fresh,2026-02-24T11:43:43.349Z,,v1.1,
cbfb2d124806baeea6c4d103d8b53f60f2c90d5c,9c4ba8d508a8e84af08b8e340a83657dfaf3ac0f,2026-02-25,etf_flows,ETF Flows,68,7.7,7.7,weight_pct,pct,fresh,2026-02-25T11:44:12.576Z,,v1.1,
cbfb2d124806baeea6c4d103d8b53f60f2c90d5c,9c4ba8d508a8e84af08b8e340a83657dfaf3ac0f,2026-02-25,macro_overlay,Macro Overlay,57,10,10,weight_pct,pct,fresh,2026-02-25T11:43:04.461Z,,v1.1,
cbfb2d124806baeea6c4d103d8b53f60f2c90d5c,9c4ba8d508a8e84af08b8e340a83657dfaf3ac0f,2026-02-25,net_liquidity,Net Liquidity (FRED),46,4.3,4.3,weight_pct,pct,fresh,2026-02-24T16:00:00.000Z,,v1.1,
cbfb2d124806baeea6c4d103d8b53f60f2c90d5c,9c4ba8d508a8e84af08b8e340a83657dfaf3ac0f,2026-02-25,social_interest,Social Interest,43,10,10,weight_pct,pct,fresh,2026-02-24T11:43:43.945Z,,v1.1,
cbfb2d124806baeea6c4d103d8b53f60f2c90d5c,9c4ba8d508a8e84af08b8e340a83657dfaf3ac0f,2026-02-25,stablecoins,Stablecoins,42,18,18,weight_pct,pct,fresh,2026-02-25T11:43:03.460Z,,v1.1,
cbfb2d124806baeea6c4d103d8b53f60f2c90d5c,9c4ba8d508a8e84af08b8e340a83657dfaf3ac0f,2026-02-25,term_leverage,Term Structure & Leverage,68,20,20,weight_pct,pct,fresh,2026-02-25T11:44:12.578Z,,v1.1,
cbfb2d124806baeea6c4d103d8b53f60f2c90d5c,9c4ba8d508a8e84af08b8e340a83657dfaf3ac0f,2026-02-25,trend_valuation,Trend & Valuation,37,30,30,weight_pct,pct,fresh,2026-02-25T11:43:02.435Z,,v1.1,
efd1a15e8f03549127bd4cd88e0cded93926f7c7,665acecb6195da03cb24b662f41c2c1292e0b130,2026-02-26,etf_flows,ETF Flows,82,7.7,7.7,weight_pct,pct,fresh,2026-02-26T11:44:18.614Z,,v1.1,
efd1a15e8f03549127bd4cd88e0cded93926f7c7,665acecb6195da03cb24b662f41c2c1292e0b130,2026-02-26,macro_overlay,Macro Overlay,55,10,10,weight_pct,pct,fresh,2026-02-26T11:43:07.245Z,,v1.1,
efd1a15e8f03549127bd4cd88e0cded93926f7c7,665acecb6195da03cb24b662f41c2c1292e0b130,2026-02-26,net_liquidity,Net Liquidity (FRED),53,4.3,4.3,weight_pct,pct,fresh,2026-02-25T16:00:00.000Z,,v1.1,
efd1a15e8f03549127bd4cd88e0cded93926f7c7,665acecb6195da03cb24b662f41c2c1292e0b130,2026-02-26,social_interest,Social Interest,45,10,10,weight_pct,pct,fresh,2026-02-26T11:43:06.298Z,,v1.1,
efd1a15e8f03549127bd4cd88e0cded93926f7c7,665acecb6195da03cb24b662f41c2c1292e0b130,2026-02-26,stablecoins,Stablecoins,38,18,18,weight_pct,pct,fresh,2026-02-26T11:43:06.324Z,,v1.1,
efd1a15e8f03549127bd4cd88e0cded93926f7c7,665acecb6195da03cb24b662f41c2c1292e0b130,2026-02-26,term_leverage,Term Structure & Leverage,68,20,20,weight_pct,pct,fresh,2026-02-26T11:44:18.616Z,,v1.1,
efd1a15e8f03549127bd4cd88e0cded93926f7c7,665acecb6195da03cb24b662f41c2c1292e0b130,2026-02-26,trend_valuation,Trend & Valuation,41,30,30,weight_pct,pct,fresh,2026-02-26T11:43:05.396Z,,v1.1,
03b6c89e8c5dd6f417569ffc01e19c5ae215e3f7,4a865529bc22e65d99456d956e9d1636be08f5eb,2026-02-27,etf_flows,ETF Flows,82,7.7,7.7,weight_pct,pct,fresh,2026-02-27T11:38:27.804Z,,v1.1,
03b6c89e8c5dd6f417569ffc01e19c5ae215e3f7,4a865529bc22e65d99456d956e9d1636be08f5eb,2026-02-27,macro_overlay,Macro Overlay,57,10,10,weight_pct,pct,fresh,2026-02-27T11:37:17.321Z,,v1.1,
03b6c89e8c5dd6f417569ffc01e19c5ae215e3f7,4a865529bc22e65d99456d956e9d1636be08f5eb,2026-02-27,net_liquidity,Net Liquidity (FRED),51,4.3,4.3,weight_pct,pct,fresh,2026-02-26T16:00:00.000Z,,v1.1,
03b6c89e8c5dd6f417569ffc01e19c5ae215e3f7,4a865529bc22e65d99456d956e9d1636be08f5eb,2026-02-27,social_interest,Social Interest,45,10,10,weight_pct,pct,fresh,2026-02-26T11:43:06.298Z,,v1.1,
03b6c89e8c5dd6f417569ffc01e19c5ae215e3f7,4a865529bc22e65d99456d956e9d1636be08f5eb,2026-02-27,stablecoins,Stablecoins,51,18,18,weight_pct,pct,fresh,2026-02-27T11:37:17.455Z,,v1.1,
03b6c89e8c5dd6f417569ffc01e19c5ae215e3f7,4a865529bc22e65d99456d956e9d1636be08f5eb,2026-02-27,term_leverage,Term Structure & Leverage,62,20,20,weight_pct,pct,fresh,2026-02-27T11:38:27.806Z,,v1.1,
03b6c89e8c5dd6f417569ffc01e19c5ae215e3f7,4a865529bc22e65d99456d956e9d1636be08f5eb,2026-02-27,trend_valuation,Trend & Valuation,36,30,30,weight_pct,pct,fresh,2026-02-27T11:37:15.089Z,,v1.1,
7fdade36ddebed1e9a49c2186b5456d4b16001d9,b6a882fa96dfc2ea97eab1505846a7ad9cfb4209,2026-02-28,etf_flows,ETF Flows,82,7.7,7.7,weight_pct,pct,fresh,2026-02-28T11:26:21.710Z,,v1.1,
7fdade36ddebed1e9a49c2186b5456d4b16001d9,b6a882fa96dfc2ea97eab1505846a7ad9cfb4209,2026-02-28,macro_overlay,Macro Overlay,55,10,10,weight_pct,pct,fresh,2026-02-28T11:25:11.089Z,,v1.1,
7fdade36ddebed1e9a49c2186b5456d4b16001d9,b6a882fa96dfc2ea97eab1505846a7ad9cfb4209,2026-02-28,net_liquidity,Net Liquidity (FRED),63,4.3,4.3,weight_pct,pct,fresh,2026-02-27T16:00:00.000Z,,v1.1,
7fdade36ddebed1e9a49c2186b5456d4b16001d9,b6a882fa96dfc2ea97eab1505846a7ad9cfb4209,2026-02-28,social_interest,Social Interest,41,10,10,weight_pct,pct,fresh,2026-02-28T11:25:09.827Z,,v1.1,
7fdade36ddebed1e9a49c2186b5456d4b16001d9,b6a882fa96dfc2ea97eab1505846a7ad9cfb4209,2026-02-28,stablecoins,Stablecoins,57,18,18,weight_pct,pct,fresh,2026-02-28T11:25:10.101Z,,v1.1,
7fdade36ddebed1e9a49c2186b5456d4b16001d9,b6a882fa96dfc2ea97eab1505846a7ad9cfb4209,2026-02-28,term_leverage,Term Structure & Leverage,62,20,20,weight_pct,pct,fresh,2026-02-28T11:26:21.712Z,,v1.1,
7fdade36ddebed1e9a49c2186b5456d4b16001d9,b6a882fa96dfc2ea97eab1505846a7ad9cfb4209,2026-02-28,trend_valuation,Trend & Valuation,37,30,30,weight_pct,pct,fresh,2026-02-28T11:25:09.403Z,,v1.1,
8ba60ce9a40fe4007f5e7d99ef0ab7b9ddc3cd88,73f38037872f41a8fd1c666718fda0d1f2bf110d,2026-03-01,etf_flows,ETF Flows,82,7.7,7.7,weight_pct,pct,fresh,2026-03-01T11:27:24.637Z,,v1.1,
8ba60ce9a40fe4007f5e7d99ef0ab7b9ddc3cd88,73f38037872f41a8fd1c666718fda0d1f2bf110d,2026-03-01,macro_overlay,Macro Overlay,57,10,10,weight_pct,pct,fresh,2026-03-01T11:26:14.319Z,,v1.1,
8ba60ce9a40fe4007f5e7d99ef0ab7b9ddc3cd88,73f38037872f41a8fd1c666718fda0d1f2bf110d,2026-03-01,net_liquidity,Net Liquidity (FRED),63,4.3,4.3,weight_pct,pct,fresh,2026-02-27T16:00:00.000Z,,v1.1,
8ba60ce9a40fe4007f5e7d99ef0ab7b9ddc3cd88,73f38037872f41a8fd1c666718fda0d1f2bf110d,2026-03-01,social_interest,Social Interest,42,10,10,weight_pct,pct,fresh,2026-03-01T11:26:14.992Z,,v1.1,
8ba60ce9a40fe4007f5e7d99ef0ab7b9ddc3cd88,73f38037872f41a8fd1c666718fda0d1f2bf110d,2026-03-01,stablecoins,Stablecoins,65,18,18,weight_pct,pct,fresh,2026-03-01T11:26:12.807Z,,v1.1,
8ba60ce9a40fe4007f5e7d99ef0ab7b9ddc3cd88,73f38037872f41a8fd1c666718fda0d1f2bf110d,2026-03-01,term_leverage,Term Structure & Leverage,62,20,20,weight_pct,pct,fresh,2026-03-01T11:27:24.639Z,,v1.1,
8ba60ce9a40fe4007f5e7d99ef0ab7b9ddc3cd88,73f38037872f41a8fd1c666718fda0d1f2bf110d,2026-03-01,trend_valuation,Trend & Valuation,37,30,30,weight_pct,pct,fresh,2026-03-01T11:26:12.004Z,,v1.1,
cab65356a9d3af0ca915f300dfea968fa2e82f0d,92a8f45ca10aefc38169fa36f7cc048a897df92c,2026-03-02,etf_flows,ETF Flows,82,7.7,7.7,weight_pct,pct,fresh,2026-03-02T11:35:56.738Z,,v1.1,
cab65356a9d3af0ca915f300dfea968fa2e82f0d,92a8f45ca10aefc38169fa36f7cc048a897df92c,2026-03-02,macro_overlay,Macro Overlay,55,10,10,weight_pct,pct,fresh,2026-03-02T11:34:44.746Z,,v1.1,
cab65356a9d3af0ca915f300dfea968fa2e82f0d,92a8f45ca10aefc38169fa36f7cc048a897df92c,2026-03-02,net_liquidity,Net Liquidity (FRED),63,4.3,4.3,weight_pct,pct,fresh,2026-02-27T16:00:00.000Z,,v1.1,
cab65356a9d3af0ca915f300dfea968fa2e82f0d,92a8f45ca10aefc38169fa36f7cc048a897df92c,2026-03-02,social_interest,Social Interest,42,10,10,weight_pct,pct,fresh,2026-03-02T11:34:43.521Z,,v1.1,
cab65356a9d3af0ca915f300dfea968fa2e82f0d,92a8f45ca10aefc38169fa36f7cc048a897df92c,2026-03-02,stablecoins,Stablecoins,67,18,18,weight_pct,pct,fresh,2026-03-02T11:34:43.971Z,,v1.1,
cab65356a9d3af0ca915f300dfea968fa2e82f0d,92a8f45ca10aefc38169fa36f7cc048a897df92c,2026-03-02,term_leverage,Term Structure & Leverage,62,20,20,weight_pct,pct,fresh,2026-03-02T11:35:56.740Z,,v1.1,
cab65356a9d3af0ca915f300dfea968fa2e82f0d,92a8f45ca10aefc38169fa36f7cc048a897df92c,2026-03-02,trend_valuation,Trend & Valuation,41,30,30,weight_pct,pct,fresh,2026-03-02T11:34:43.039Z,,v1.1,
95269f5446835339d855c9aadcd18d503afa1c79,5e2b20edcb82e4923ab9ebb5b874b4e73b9facfe,2026-03-03,etf_flows,ETF Flows,82,7.7,7.7,weight_pct,pct,fresh,2026-03-03T11:39:16.497Z,,v1.1,
95269f5446835339d855c9aadcd18d503afa1c79,5e2b20edcb82e4923ab9ebb5b874b4e73b9facfe,2026-03-03,macro_overlay,Macro Overlay,57,10,10,weight_pct,pct,fresh,2026-03-03T11:38:06.998Z,,v1.1,
95269f5446835339d855c9aadcd18d503afa1c79,5e2b20edcb82e4923ab9ebb5b874b4e73b9facfe,2026-03-03,net_liquidity,Net Liquidity (FRED),43,4.3,4.3,weight_pct,pct,fresh,2026-03-02T16:00:00.000Z,,v1.1,
95269f5446835339d855c9aadcd18d503afa1c79,5e2b20edcb82e4923ab9ebb5b874b4e73b9facfe,2026-03-03,social_interest,Social Interest,60,10,10,weight_pct,pct,fresh,2026-03-03T11:38:05.426Z,,v1.1,
95269f5446835339d855c9aadcd18d503afa1c79,5e2b20edcb82e4923ab9ebb5b874b4e73b9facfe,2026-03-03,stablecoins,Stablecoins,61,18,18,weight_pct,pct,fresh,2026-03-03T11:38:05.890Z,,v1.1,
95269f5446835339d855c9aadcd18d503afa1c79,5e2b20edcb82e4923ab9ebb5b874b4e73b9facfe,2026-03-03,term_leverage,Term Structure & Leverage,62,20,20,weight_pct,pct,fresh,2026-03-03T11:39:16.499Z,,v1.1,
95269f5446835339d855c9aadcd18d503afa1c79,5e2b20edcb82e4923ab9ebb5b874b4e73b9facfe,2026-03-03,trend_valuation,Trend & Valuation,42,30,30,weight_pct,pct,fresh,2026-03-03T11:38:04.749Z,,v1.1,
9ef6e636d5e4c06b564c6e50da86a14ed1ee4991,b2d2c3e39bcb406f916cbe12e010438b0ab2f361,2026-03-04,etf_flows,ETF Flows,82,7.7,7.7,weight_pct,pct,fresh,2026-03-04T11:37:15.525Z,,v1.1,
9ef6e636d5e4c06b564c6e50da86a14ed1ee4991,b2d2c3e39bcb406f916cbe12e010438b0ab2f361,2026-03-04,macro_overlay,Macro Overlay,61,10,10,weight_pct,pct,fresh,2026-03-04T11:36:05.001Z,,v1.1,
9ef6e636d5e4c06b564c6e50da86a14ed1ee4991,b2d2c3e39bcb406f916cbe12e010438b0ab2f361,2026-03-04,net_liquidity,Net Liquidity (FRED),46,4.3,4.3,weight_pct,pct,fresh,2026-03-03T16:00:00.000Z,,v1.1,
9ef6e636d5e4c06b564c6e50da86a14ed1ee4991,b2d2c3e39bcb406f916cbe12e010438b0ab2f361,2026-03-04,social_interest,Social Interest,60,10,10,weight_pct,pct,fresh,2026-03-03T11:38:05.426Z,,v1.1,
9ef6e636d5e4c06b564c6e50da86a14ed1ee4991,b2d2c3e39bcb406f916cbe12e010438b0ab2f361,2026-03-04,stablecoins,Stablecoins,52,18,18,weight_pct,pct,fresh,2026-03-04T11:36:03.887Z,,v1.1,
9ef6e636d5e4c06b564c6e50da86a14ed1ee4991,b2d2c3e39bcb406f916cbe12e010438b0ab2f361,2026-03-04,term_leverage,Term Structure & Leverage,62,20,20,weight_pct,pct,fresh,2026-03-04T11:37:15.527Z,,v1.1,
9ef6e636d5e4c06b564c6e50da86a14ed1ee4991,b2d2c3e39bcb406f916cbe12e010438b0ab2f361,2026-03-04,trend_valuation,Trend & Valuation,46,30,30,weight_pct,pct,fresh,2026-03-04T11:36:02.769Z,,v1.1,
f98eb6b1afc666fd406823f1fba0206b6d061c1d,4ee21e69bb7a0a1495f3121b1bbf8c988afca967,2026-03-05,etf_flows,ETF Flows,82,7.7,7.7,weight_pct,pct,fresh,2026-03-05T11:39:47.208Z,,v1.1,
f98eb6b1afc666fd406823f1fba0206b6d061c1d,4ee21e69bb7a0a1495f3121b1bbf8c988afca967,2026-03-05,macro_overlay,Macro Overlay,57,10,10,weight_pct,pct,fresh,2026-03-05T11:38:35.992Z,,v1.1,
f98eb6b1afc666fd406823f1fba0206b6d061c1d,4ee21e69bb7a0a1495f3121b1bbf8c988afca967,2026-03-05,net_liquidity,Net Liquidity (FRED),48,4.3,4.3,weight_pct,pct,fresh,2026-03-04T16:00:00.000Z,,v1.1,
f98eb6b1afc666fd406823f1fba0206b6d061c1d,4ee21e69bb7a0a1495f3121b1bbf8c988afca967,2026-03-05,social_interest,Social Interest,69,10,10,weight_pct,pct,fresh,2026-03-05T11:38:35.126Z,,v1.1,
f98eb6b1afc666fd406823f1fba0206b6d061c1d,4ee21e69bb7a0a1495f3121b1bbf8c988afca967,2026-03-05,stablecoins,Stablecoins,64,18,18,weight_pct,pct,fresh,2026-03-05T11:38:35.462Z,,v1.1,
f98eb6b1afc666fd406823f1fba0206b6d061c1d,4ee21e69bb7a0a1495f3121b1bbf8c988afca967,2026-03-05,term_leverage,Term Structure & Leverage,62,20,20,weight_pct,pct,fresh,2026-03-05T11:39:47.210Z,,v1.1,
f98eb6b1afc666fd406823f1fba0206b6d061c1d,4ee21e69bb7a0a1495f3121b1bbf8c988afca967,2026-03-05,trend_valuation,Trend & Valuation,47,30,30,weight_pct,pct,fresh,2026-03-05T11:38:34.419Z,,v1.1,
ab870bafa8f1210d6952772eb9b6d196c094519d,27d42dab7fe1cd146fc43a23e6e01f07ded27ca7,2026-03-07,etf_flows,ETF Flows,42,7.7,7.7,weight_pct,pct,fresh,2026-03-07T11:27:08.480Z,,v1.1,
ab870bafa8f1210d6952772eb9b6d196c094519d,27d42dab7fe1cd146fc43a23e6e01f07ded27ca7,2026-03-07,macro_overlay,Macro Overlay,53,10,10,weight_pct,pct,fresh,2026-03-07T11:25:57.899Z,,v1.1,
ab870bafa8f1210d6952772eb9b6d196c094519d,27d42dab7fe1cd146fc43a23e6e01f07ded27ca7,2026-03-07,net_liquidity,Net Liquidity (FRED),50,4.3,4.3,weight_pct,pct,fresh,2026-03-06T16:00:00.000Z,,v1.1,
ab870bafa8f1210d6952772eb9b6d196c094519d,27d42dab7fe1cd146fc43a23e6e01f07ded27ca7,2026-03-07,social_interest,Social Interest,92,10,10,weight_pct,pct,fresh,2026-03-07T11:25:56.837Z,,v1.1,
ab870bafa8f1210d6952772eb9b6d196c094519d,27d42dab7fe1cd146fc43a23e6e01f07ded27ca7,2026-03-07,stablecoins,Stablecoins,60,18,18,weight_pct,pct,fresh,2026-03-07T11:25:57.095Z,,v1.1,
ab870bafa8f1210d6952772eb9b6d196c094519d,27d42dab7fe1cd146fc43a23e6e01f07ded27ca7,2026-03-07,term_leverage,Term Structure & Leverage,47,20,20,weight_pct,pct,fresh,2026-03-07T11:27:08.482Z,,v1.1,
ab870bafa8f1210d6952772eb9b6d196c094519d,27d42dab7fe1cd146fc43a23e6e01f07ded27ca7,2026-03-07,trend_valuation,Trend & Valuation,43,30,30,weight_pct,pct,fresh,2026-03-07T11:25:56.316Z,,v1.1,
90f9243262468da0bd946e01590d47c0da0d0cc4,09ff567b16373ded95cd1742f559abe13b9988c3,2026-03-08,etf_flows,ETF Flows,82,7.7,7.7,weight_pct,pct,fresh,2026-03-08T11:28:07.567Z,,v1.1,
90f9243262468da0bd946e01590d47c0da0d0cc4,09ff567b16373ded95cd1742f559abe13b9988c3,2026-03-08,macro_overlay,Macro Overlay,53,10,10,weight_pct,pct,fresh,2026-03-08T11:26:54.629Z,,v1.1,
90f9243262468da0bd946e01590d47c0da0d0cc4,09ff567b16373ded95cd1742f559abe13b9988c3,2026-03-08,net_liquidity,Net Liquidity (FRED),50,4.3,4.3,weight_pct,pct,fresh,2026-03-06T16:00:00.000Z,,v1.1,
90f9243262468da0bd946e01590d47c0da0d0cc4,09ff567b16373ded95cd1742f559abe13b9988c3,2026-03-08,social_interest,Social Interest,92,10,10,weight_pct,pct,fresh,2026-03-08T11:26:53.705Z,,v1.1,
90f9243262468da0bd946e01590d47c0da0d0cc4,09ff567b16373ded95cd1742f559abe13b9988c3,2026-03-08,stablecoins,Stablecoins,62,18,18,weight_pct,pct,fresh,2026-03-08T11:26:54.200Z,,v1.1,
90f9243262468da0bd946e01590d47c0da0d0cc4,09ff567b16373ded95cd1742f559abe13b9988c3,2026-03-08,term_leverage,Term Structure & Leverage,47,20,20,weight_pct,pct,fresh,2026-03-08T11:28:07.570Z,,v1.1,
90f9243262468da0bd946e01590d47c0da0d0cc4,09ff567b16373ded95cd1742f559abe13b9988c3,2026-03-08,trend_valuation,Trend & Valuation,42,30,30,weight_pct,pct,fresh,2026-03-08T11:26:53.274Z,,v1.1,
56f8ee1f700f34eb101b307a66a0e2336386d7f6,1e3fcd6d1e51d4a8d7b2f0fd52d8e98f15b0143e,2026-03-09,etf_flows,ETF Flows,82,7.7,7.7,weight_pct,pct,fresh,2026-03-09T11:38:52.037Z,,v1.1,
56f8ee1f700f34eb101b307a66a0e2336386d7f6,1e3fcd6d1e51d4a8d7b2f0fd52d8e98f15b0143e,2026-03-09,macro_overlay,Macro Overlay,57,10,10,weight_pct,pct,fresh,2026-03-09T11:37:41.293Z,,v1.1,
56f8ee1f700f34eb101b307a66a0e2336386d7f6,1e3fcd6d1e51d4a8d7b2f0fd52d8e98f15b0143e,2026-03-09,net_liquidity,Net Liquidity (FRED),50,4.3,4.3,weight_pct,pct,fresh,2026-03-06T16:00:00.000Z,,v1.1,
56f8ee1f700f34eb101b307a66a0e2336386d7f6,1e3fcd6d1e51d4a8d7b2f0fd52d8e98f15b0143e,2026-03-09,social_interest,Social Interest,92,10,10,weight_pct,pct,fresh,2026-03-09T11:37:39.730Z,,v1.1,
56f8ee1f700f34eb101b307a66a0e2336386d7f6,1e3fcd6d1e51d4a8d7b2f0fd52d8e98f15b0143e,2026-03-09,stablecoins,Stablecoins,59,18,18,weight_pct,pct,fresh,2026-03-09T11:37:40.130Z,,v1.1,
56f8ee1f700f34eb101b307a66a0e2336386d7f6,1e3fcd6d1e51d4a8d7b2f0fd52d8e98f15b0143e,2026-03-09,term_leverage,Term Structure & Leverage,47,20,20,weight_pct,pct,fresh,2026-03-09T11:38:52.039Z,,v1.1,
56f8ee1f700f34eb101b307a66a0e2336386d7f6,1e3fcd6d1e51d4a8d7b2f0fd52d8e98f15b0143e,2026-03-09,trend_valuation,Trend & Valuation,45,30,30,weight_pct,pct,fresh,2026-03-09T11:37:39.158Z,,v1.1,
f0cb61adb665ece11d2ed499e59a0b1dab69d52b,665eb1a5ce926e454675ee8aafcd873fe70e248a,2026-03-10,etf_flows,ETF Flows,35,7.7,7.7,weight_pct,pct,fresh,2026-03-10T11:38:43.183Z,,v1.1,
f0cb61adb665ece11d2ed499e59a0b1dab69d52b,665eb1a5ce926e454675ee8aafcd873fe70e248a,2026-03-10,macro_overlay,Macro Overlay,59,10,10,weight_pct,pct,fresh,2026-03-10T11:37:35.110Z,,v1.1,
f0cb61adb665ece11d2ed499e59a0b1dab69d52b,665eb1a5ce926e454675ee8aafcd873fe70e248a,2026-03-10,net_liquidity,Net Liquidity (FRED),57,4.3,4.3,weight_pct,pct,fresh,2026-03-09T16:00:00.000Z,,v1.1,
f0cb61adb665ece11d2ed499e59a0b1dab69d52b,665eb1a5ce926e454675ee8aafcd873fe70e248a,2026-03-10,social_interest,Social Interest,89,10,10,weight_pct,pct,fresh,2026-03-10T11:37:33.511Z,,v1.1,
f0cb61adb665ece11d2ed499e59a0b1dab69d52b,665eb1a5ce926e454675ee8aafcd873fe70e248a,2026-03-10,stablecoins,Stablecoins,48,18,18,weight_pct,pct,fresh,2026-03-10T11:37:33.824Z,,v1.1,
f0cb61adb665ece11d2ed499e59a0b1dab69d52b,665eb1a5ce926e454675ee8aafcd873fe70e248a,2026-03-10,term_leverage,Term Structure & Leverage,47,20,20,weight_pct,pct,fresh,2026-03-10T11:38:43.185Z,,v1.1,
f0cb61adb665ece11d2ed499e59a0b1dab69d52b,665eb1a5ce926e454675ee8aafcd873fe70e248a,2026-03-10,trend_valuation,Trend & Valuation,47,30,30,weight_pct,pct,fresh,2026-03-10T11:37:32.983Z,,v1.1,
d0ca1f7a916e10881bca5d1242dc813ef9114ea1,db9e38b49fcf26ca1b9024dfe366627f2fc9d294,2026-03-11,etf_flows,ETF Flows,82,7.7,7.7,weight_pct,pct,fresh,2026-03-11T11:39:15.189Z,,v1.1,
d0ca1f7a916e10881bca5d1242dc813ef9114ea1,db9e38b49fcf26ca1b9024dfe366627f2fc9d294,2026-03-11,macro_overlay,Macro Overlay,53,10,10,weight_pct,pct,fresh,2026-03-11T11:38:04.391Z,,v1.1,
d0ca1f7a916e10881bca5d1242dc813ef9114ea1,db9e38b49fcf26ca1b9024dfe366627f2fc9d294,2026-03-11,net_liquidity,Net Liquidity (FRED),60,4.3,4.3,weight_pct,pct,fresh,2026-03-10T16:00:00.000Z,,v1.1,
d0ca1f7a916e10881bca5d1242dc813ef9114ea1,db9e38b49fcf26ca1b9024dfe366627f2fc9d294,2026-03-11,social_interest,Social Interest,91,10,10,weight_pct,pct,fresh,2026-03-11T11:38:03.264Z,,v1.1,
d0ca1f7a916e10881bca5d1242dc813ef9114ea1,db9e38b49fcf26ca1b9024dfe366627f2fc9d294,2026-03-11,stablecoins,Stablecoins,58,18,18,weight_pct,pct,fresh,2026-03-11T11:38:03.683Z,,v1.1,
d0ca1f7a916e10881bca5d1242dc813ef9114ea1,db9e38b49fcf26ca1b9024dfe366627f2fc9d294,2026-03-11,term_leverage,Term Structure & Leverage,47,20,20,weight_pct,pct,fresh,2026-03-11T11:39:15.191Z,,v1.1,
d0ca1f7a916e10881bca5d1242dc813ef9114ea1,db9e38b49fcf26ca1b9024dfe366627f2fc9d294,2026-03-11,trend_valuation,Trend & Valuation,46,30,30,weight_pct,pct,fresh,2026-03-11T11:38:02.577Z,,v1.1,
48418b162babb097e24cd08af948ef973bf8b26c,8f93f0641d630dc680bb51743ba9a92442801fa3,2026-03-12,etf_flows,ETF Flows,82,7.7,7.7,weight_pct,pct,fresh,2026-03-12T11:36:50.590Z,,v1.1,
48418b162babb097e24cd08af948ef973bf8b26c,8f93f0641d630dc680bb51743ba9a92442801fa3,2026-03-12,macro_overlay,Macro Overlay,49,10,10,weight_pct,pct,fresh,2026-03-12T11:35:41.017Z,,v1.1,
48418b162babb097e24cd08af948ef973bf8b26c,8f93f0641d630dc680bb51743ba9a92442801fa3,2026-03-12,net_liquidity,Net Liquidity (FRED),72,4.3,4.3,weight_pct,pct,fresh,2026-03-11T16:00:00.000Z,,v1.1,
48418b162babb097e24cd08af948ef973bf8b26c,8f93f0641d630dc680bb51743ba9a92442801fa3,2026-03-12,social_interest,Social Interest,91,10,10,weight_pct,pct,fresh,2026-03-11T11:38:03.264Z,,v1.1,
48418b162babb097e24cd08af948ef973bf8b26c,8f93f0641d630dc680bb51743ba9a92442801fa3,2026-03-12,stablecoins,Stablecoins,51,18,18,weight_pct,pct,fresh,2026-03-12T11:35:39.749Z,,v1.1,
48418b162babb097e24cd08af948ef973bf8b26c,8f93f0641d630dc680bb51743ba9a92442801fa3,2026-03-12,term_leverage,Term Structure & Leverage,47,20,20,weight_pct,pct,fresh,2026-03-12T11:36:50.592Z,,v1.1,
48418b162babb097e24cd08af948ef973bf8b26c,8f93f0641d630dc680bb51743ba9a92442801fa3,2026-03-12,trend_valuation,Trend & Valuation,47,30,30,weight_pct,pct,fresh,2026-03-12T11:35:38.887Z,,v1.1,
0f28fa16f7479c51c4f82ff05e66396e851a6033,157360a40935a036bbf76590ba12a811f6004d82,2026-03-13,etf_flows,ETF Flows,34,7.7,7.7,weight_pct,pct,fresh,2026-03-13T11:37:18.981Z,,v1.1,
0f28fa16f7479c51c4f82ff05e66396e851a6033,157360a40935a036bbf76590ba12a811f6004d82,2026-03-13,macro_overlay,Macro Overlay,49,10,10,weight_pct,pct,fresh,2026-03-13T11:36:10.408Z,,v1.1,
0f28fa16f7479c51c4f82ff05e66396e851a6033,157360a40935a036bbf76590ba12a811f6004d82,2026-03-13,net_liquidity,Net Liquidity (FRED),65,4.3,4.3,weight_pct,pct,fresh,2026-03-12T16:00:00.000Z,,v1.1,
0f28fa16f7479c51c4f82ff05e66396e851a6033,157360a40935a036bbf76590ba12a811f6004d82,2026-03-13,social_interest,Social Interest,95,10,10,weight_pct,pct,fresh,2026-03-13T11:36:09.142Z,,v1.1,
0f28fa16f7479c51c4f82ff05e66396e851a6033,157360a40935a036bbf76590ba12a811f6004d82,2026-03-13,stablecoins,Stablecoins,52,18,18,weight_pct,pct,fresh,2026-03-13T11:36:09.568Z,,v1.1,
0f28fa16f7479c51c4f82ff05e66396e851a6033,157360a40935a036bbf76590ba12a811f6004d82,2026-03-13,term_leverage,Term Structure & Leverage,45,20,20,weight_pct,pct,fresh,2026-03-13T11:37:18.983Z,,v1.1,
0f28fa16f7479c51c4f82ff05e66396e851a6033,157360a40935a036bbf76590ba12a811f6004d82,2026-03-13,trend_valuation,Trend & Valuation,48,30,30,weight_pct,pct,fresh,2026-03-13T11:36:08.771Z,,v1.1,
f4bf18c99c070d2c994110ddb1174de5a08def0f,54b042fa410d43eed02d6243c44ab0925e1b1073,2026-03-14,etf_flows,ETF Flows,82,7.7,7.7,weight_pct,pct,fresh,2026-03-14T11:30:37.363Z,,v1.1,
f4bf18c99c070d2c994110ddb1174de5a08def0f,54b042fa410d43eed02d6243c44ab0925e1b1073,2026-03-14,macro_overlay,Macro Overlay,47,10,10,weight_pct,pct,fresh,2026-03-14T11:29:27.388Z,,v1.1,
f4bf18c99c070d2c994110ddb1174de5a08def0f,54b042fa410d43eed02d6243c44ab0925e1b1073,2026-03-14,net_liquidity,Net Liquidity (FRED),77,4.3,4.3,weight_pct,pct,fresh,2026-03-13T16:00:00.000Z,,v1.1,
f4bf18c99c070d2c994110ddb1174de5a08def0f,54b042fa410d43eed02d6243c44ab0925e1b1073,2026-03-14,social_interest,Social Interest,95,10,10,weight_pct,pct,fresh,2026-03-13T11:36:09.142Z,,v1.1,
f4bf18c99c070d2c994110ddb1174de5a08def0f,54b042fa410d43eed02d6243c44ab0925e1b1073,2026-03-14,stablecoins,Stablecoins,52,18,18,weight_pct,pct,fresh,2026-03-14T11:29:26.358Z,,v1.1,
f4bf18c99c070d2c994110ddb1174de5a08def0f,54b042fa410d43eed02d6243c44ab0925e1b1073,2026-03-14,term_leverage,Term Structure & Leverage,45,20,20,weight_pct,pct,fresh,2026-03-14T11:30:37.365Z,,v1.1,
f4bf18c99c070d2c994110ddb1174de5a08def0f,54b042fa410d43eed02d6243c44ab0925e1b1073,2026-03-14,trend_valuation,Trend & Valuation,47,30,30,weight_pct,pct,fresh,2026-03-14T11:29:25.161Z,,v1.1,
f58220352b2c618734df20c1a64a46f75b8d04b7,e7169b772bd5a514c1657bd881eeee2af9656b69,2026-03-15,etf_flows,ETF Flows,82,7.7,7.7,weight_pct,pct,fresh,2026-03-15T11:33:15.867Z,,v1.1,
f58220352b2c618734df20c1a64a46f75b8d04b7,e7169b772bd5a514c1657bd881eeee2af9656b69,2026-03-15,macro_overlay,Macro Overlay,51,10,10,weight_pct,pct,fresh,2026-03-15T11:32:05.152Z,,v1.1,
f58220352b2c618734df20c1a64a46f75b8d04b7,e7169b772bd5a514c1657bd881eeee2af9656b69,2026-03-15,net_liquidity,Net Liquidity (FRED),77,4.3,4.3,weight_pct,pct,fresh,2026-03-13T16:00:00.000Z,,v1.1,
f58220352b2c618734df20c1a64a46f75b8d04b7,e7169b772bd5a514c1657bd881eeee2af9656b69,2026-03-15,social_interest,Social Interest,96,10,10,weight_pct,pct,fresh,2026-03-15T11:32:04.508Z,,v1.1,
f58220352b2c618734df20c1a64a46f75b8d04b7,e7169b772bd5a514c1657bd881eeee2af9656b69,2026-03-15,stablecoins,Stablecoins,58,18,18,weight_pct,pct,fresh,2026-03-15T11:32:05.044Z,,v1.1,
f58220352b2c618734df20c1a64a46f75b8d04b7,e7169b772bd5a514c1657bd881eeee2af9656b69,2026-03-15,term_leverage,Term Structure & Leverage,45,20,20,weight_pct,pct,fresh,2026-03-15T11:33:15.869Z,,v1.1,
f58220352b2c618734df20c1a64a46f75b8d04b7,e7169b772bd5a514c1657bd881eeee2af9656b69,2026-03-15,trend_valuation,Trend & Valuation,47,30,30,weight_pct,pct,fresh,2026-03-15T11:32:03.729Z,,v1.1,
b8b3baea747c48e62de1f3ea928d629fbfaba0ee,9f51d8f4f6c8c6c887d672c98f3a050755449587,2026-03-16,etf_flows,ETF Flows,82,7.7,7.7,weight_pct,pct,fresh,2026-03-16T11:52:44.496Z,,v1.1,
b8b3baea747c48e62de1f3ea928d629fbfaba0ee,9f51d8f4f6c8c6c887d672c98f3a050755449587,2026-03-16,macro_overlay,Macro Overlay,47,10,10,weight_pct,pct,fresh,2026-03-16T11:51:34.541Z,,v1.1,
b8b3baea747c48e62de1f3ea928d629fbfaba0ee,9f51d8f4f6c8c6c887d672c98f3a050755449587,2026-03-16,net_liquidity,Net Liquidity (FRED),77,4.3,4.3,weight_pct,pct,fresh,2026-03-13T16:00:00.000Z,,v1.1,
b8b3baea747c48e62de1f3ea928d629fbfaba0ee,9f51d8f4f6c8c6c887d672c98f3a050755449587,2026-03-16,social_interest,Social Interest,96,10,10,weight_pct,pct,fresh,2026-03-16T11:51:33.003Z,,v1.1,
b8b3baea747c48e62de1f3ea928d629fbfaba0ee,9f51d8f4f6c8c6c887d672c98f3a050755449587,2026-03-16,stablecoins,Stablecoins,55,18,18,weight_pct,pct,fresh,2026-03-16T11:51:33.452Z,,v1.1,
b8b3baea747c48e62de1f3ea928d629fbfaba0ee,9f51d8f4f6c8c6c887d672c98f3a050755449587,2026-03-16,term_leverage,Term Structure & Leverage,45,20,20,weight_pct,pct,fresh,2026-03-16T11:52:44.499Z,,v1.1,
b8b3baea747c48e62de1f3ea928d629fbfaba0ee,9f51d8f4f6c8c6c887d672c98f3a050755449587,2026-03-16,trend_valuation,Trend & Valuation,49,30,30,weight_pct,pct,fresh,2026-03-16T11:51:32.414Z,,v1.1,
0c04564813ef3b696863b1c616287347be902a1b,1145685a9a6ad535317f9187abcc418323c02144,2026-03-17,etf_flows,ETF Flows,82,7.7,7.7,weight_pct,pct,fresh,2026-03-17T11:48:20.905Z,,v1.1,
0c04564813ef3b696863b1c616287347be902a1b,1145685a9a6ad535317f9187abcc418323c02144,2026-03-17,macro_overlay,Macro Overlay,45,10,10,weight_pct,pct,fresh,2026-03-17T11:47:10.849Z,,v1.1,
0c04564813ef3b696863b1c616287347be902a1b,1145685a9a6ad535317f9187abcc418323c02144,2026-03-17,net_liquidity,Net Liquidity (FRED),67,4.3,4.3,weight_pct,pct,fresh,2026-03-16T16:00:00.000Z,,v1.1,
0c04564813ef3b696863b1c616287347be902a1b,1145685a9a6ad535317f9187abcc418323c02144,2026-03-17,social_interest,Social Interest,96,10,10,weight_pct,pct,fresh,2026-03-17T11:47:09.451Z,,v1.1,
0c04564813ef3b696863b1c616287347be902a1b,1145685a9a6ad535317f9187abcc418323c02144,2026-03-17,stablecoins,Stablecoins,43,18,18,weight_pct,pct,fresh,2026-03-17T11:47:09.785Z,,v1.1,
0c04564813ef3b696863b1c616287347be902a1b,1145685a9a6ad535317f9187abcc418323c02144,2026-03-17,term_leverage,Term Structure & Leverage,45,20,20,weight_pct,pct,fresh,2026-03-17T11:48:20.907Z,,v1.1,
0c04564813ef3b696863b1c616287347be902a1b,1145685a9a6ad535317f9187abcc418323c02144,2026-03-17,trend_valuation,Trend & Valuation,50,30,30,weight_pct,pct,fresh,2026-03-17T11:47:08.626Z,,v1.1,
fef0f6d2588eb15e4c182aac99fdb2d029e4cdd1,fa732908d4f707097e3e952809375830d5a791b2,2026-03-18,etf_flows,ETF Flows,34,7.7,7.7,weight_pct,pct,fresh,2026-03-18T11:51:29.565Z,,v1.1,
fef0f6d2588eb15e4c182aac99fdb2d029e4cdd1,fa732908d4f707097e3e952809375830d5a791b2,2026-03-18,macro_overlay,Macro Overlay,45,10,10,weight_pct,pct,fresh,2026-03-18T11:50:20.623Z,,v1.1,
fef0f6d2588eb15e4c182aac99fdb2d029e4cdd1,fa732908d4f707097e3e952809375830d5a791b2,2026-03-18,net_liquidity,Net Liquidity (FRED),64,4.3,4.3,weight_pct,pct,fresh,2026-03-17T16:00:00.000Z,,v1.1,
fef0f6d2588eb15e4c182aac99fdb2d029e4cdd1,fa732908d4f707097e3e952809375830d5a791b2,2026-03-18,social_interest,Social Interest,96,10,10,weight_pct,pct,fresh,2026-03-18T11:50:19.921Z,,v1.1,
fef0f6d2588eb15e4c182aac99fdb2d029e4cdd1,fa732908d4f707097e3e952809375830d5a791b2,2026-03-18,stablecoins,Stablecoins,42,18,18,weight_pct,pct,fresh,2026-03-18T11:50:20.329Z,,v1.1,
fef0f6d2588eb15e4c182aac99fdb2d029e4cdd1,fa732908d4f707097e3e952809375830d5a791b2,2026-03-18,term_leverage,Term Structure & Leverage,45,20,20,weight_pct,pct,fresh,2026-03-18T11:51:29.567Z,,v1.1,
fef0f6d2588eb15e4c182aac99fdb2d029e4cdd1,fa732908d4f707097e3e952809375830d5a791b2,2026-03-18,trend_valuation,Trend & Valuation,49,30,30,weight_pct,pct,fresh,2026-03-18T11:50:19.333Z,,v1.1,
13eb76987ded7d54a0956a942cbdc1aabc11cd70,f171f9f541933389b28c2b12d1b68b67ff4000a0,2026-03-19,etf_flows,ETF Flows,82,7.7,7.7,weight_pct,pct,fresh,2026-03-19T11:41:22.857Z,,v1.1,
13eb76987ded7d54a0956a942cbdc1aabc11cd70,f171f9f541933389b28c2b12d1b68b67ff4000a0,2026-03-19,macro_overlay,Macro Overlay,53,10,10,weight_pct,pct,fresh,2026-03-19T11:40:12.043Z,,v1.1,
13eb76987ded7d54a0956a942cbdc1aabc11cd70,f171f9f541933389b28c2b12d1b68b67ff4000a0,2026-03-19,net_liquidity,Net Liquidity (FRED),56,4.3,4.3,weight_pct,pct,fresh,2026-03-18T16:00:00.000Z,,v1.1,
13eb76987ded7d54a0956a942cbdc1aabc11cd70,f171f9f541933389b28c2b12d1b68b67ff4000a0,2026-03-19,social_interest,Social Interest,96,10,10,weight_pct,pct,fresh,2026-03-18T11:50:19.921Z,,v1.1,
13eb76987ded7d54a0956a942cbdc1aabc11cd70,f171f9f541933389b28c2b12d1b68b67ff4000a0,2026-03-19,stablecoins,Stablecoins,43,18,18,weight_pct,pct,fresh,2026-03-19T11:40:12.065Z,,v1.1,
13eb76987ded7d54a0956a942cbdc1aabc11cd70,f171f9f541933389b28c2b12d1b68b67ff4000a0,2026-03-19,term_leverage,Term Structure & Leverage,45,20,20,weight_pct,pct,fresh,2026-03-19T11:41:22.859Z,,v1.1,
13eb76987ded7d54a0956a942cbdc1aabc11cd70,f171f9f541933389b28c2b12d1b68b67ff4000a0,2026-03-19,trend_valuation,Trend & Valuation,47,30,30,weight_pct,pct,fresh,2026-03-19T11:40:10.705Z,,v1.1,
6afc2c728cc9c352be244011f3872b024bc8258d,3fc7926748d733039eecf765549e0db8b2dfcfa7,2026-03-20,etf_flows,ETF Flows,82,7.7,7.7,weight_pct,pct,fresh,2026-03-20T11:37:33.083Z,,v1.1,
6afc2c728cc9c352be244011f3872b024bc8258d,3fc7926748d733039eecf765549e0db8b2dfcfa7,2026-03-20,macro_overlay,Macro Overlay,57,10,10,weight_pct,pct,fresh,2026-03-20T11:36:22.665Z,,v1.1,
6afc2c728cc9c352be244011f3872b024bc8258d,3fc7926748d733039eecf765549e0db8b2dfcfa7,2026-03-20,net_liquidity,Net Liquidity (FRED),57,4.3,4.3,weight_pct,pct,fresh,2026-03-19T16:00:00.000Z,,v1.1,
6afc2c728cc9c352be244011f3872b024bc8258d,3fc7926748d733039eecf765549e0db8b2dfcfa7,2026-03-20,social_interest,Social Interest,96,10,10,weight_pct,pct,fresh,2026-03-20T11:36:21.180Z,,v1.1,
6afc2c728cc9c352be244011f3872b024bc8258d,3fc7926748d733039eecf765549e0db8b2dfcfa7,2026-03-20,stablecoins,Stablecoins,43,18,18,weight_pct,pct,fresh,2026-03-20T11:36:21.689Z,,v1.1,
6afc2c728cc9c352be244011f3872b024bc8258d,3fc7926748d733039eecf765549e0db8b2dfcfa7,2026-03-20,term_leverage,Term Structure & Leverage,21,20,20,weight_pct,pct,fresh,2026-03-20T11:37:33.085Z,,v1.1,
6afc2c728cc9c352be244011f3872b024bc8258d,3fc7926748d733039eecf765549e0db8b2dfcfa7,2026-03-20,trend_valuation,Trend & Valuation,47,30,30,weight_pct,pct,fresh,2026-03-20T11:36:20.621Z,,v1.1,
2bc7811899c22eb9a3d6ad793dc8ad3fc1a3a6ed,d733c0fb830ce07a7e906904b8a288b73dabc8fd,2026-03-21,etf_flows,ETF Flows,82,7.7,7.7,weight_pct,pct,fresh,2026-03-21T11:29:49.242Z,,v1.1,
2bc7811899c22eb9a3d6ad793dc8ad3fc1a3a6ed,d733c0fb830ce07a7e906904b8a288b73dabc8fd,2026-03-21,macro_overlay,Macro Overlay,57,10,10,weight_pct,pct,fresh,2026-03-21T11:28:38.989Z,,v1.1,
2bc7811899c22eb9a3d6ad793dc8ad3fc1a3a6ed,d733c0fb830ce07a7e906904b8a288b73dabc8fd,2026-03-21,net_liquidity,Net Liquidity (FRED),68,4.3,4.3,weight_pct,pct,fresh,2026-03-20T16:00:00.000Z,,v1.1,
2bc7811899c22eb9a3d6ad793dc8ad3fc1a3a6ed,d733c0fb830ce07a7e906904b8a288b73dabc8fd,2026-03-21,social_interest,Social Interest,96,10,10,weight_pct,pct,fresh,2026-03-20T11:36:21.180Z,,v1.1,
2bc7811899c22eb9a3d6ad793dc8ad3fc1a3a6ed,d733c0fb830ce07a7e906904b8a288b73dabc8fd,2026-03-21,stablecoins,Stablecoins,41,18,18,weight_pct,pct,fresh,2026-03-21T11:28:38.270Z,,v1.1,
2bc7811899c22eb9a3d6ad793dc8ad3fc1a3a6ed,d733c0fb830ce07a7e906904b8a288b73dabc8fd,2026-03-21,term_leverage,Term Structure & Leverage,21,20,20,weight_pct,pct,fresh,2026-03-21T11:29:49.244Z,,v1.1,
2bc7811899c22eb9a3d6ad793dc8ad3fc1a3a6ed,d733c0fb830ce07a7e906904b8a288b73dabc8fd,2026-03-21,trend_valuation,Trend & Valuation,47,30,30,weight_pct,pct,fresh,2026-03-21T11:28:37.268Z,,v1.1,
f2d9f8cfffb36cd8e6afda0317a3390bbaa9131d,b9605f343e2c4ebb0ef790c0f80fca0f105013f6,2026-03-22,etf_flows,ETF Flows,82,7.7,7.7,weight_pct,pct,fresh,2026-03-22T11:30:23.856Z,,v1.1,
f2d9f8cfffb36cd8e6afda0317a3390bbaa9131d,b9605f343e2c4ebb0ef790c0f80fca0f105013f6,2026-03-22,macro_overlay,Macro Overlay,53,10,10,weight_pct,pct,fresh,2026-03-22T11:29:14.319Z,,v1.1,
f2d9f8cfffb36cd8e6afda0317a3390bbaa9131d,b9605f343e2c4ebb0ef790c0f80fca0f105013f6,2026-03-22,net_liquidity,Net Liquidity (FRED),68,4.3,4.3,weight_pct,pct,fresh,2026-03-20T16:00:00.000Z,,v1.1,
f2d9f8cfffb36cd8e6afda0317a3390bbaa9131d,b9605f343e2c4ebb0ef790c0f80fca0f105013f6,2026-03-22,social_interest,Social Interest,96,10,10,weight_pct,pct,fresh,2026-03-22T11:29:12.814Z,,v1.1,
f2d9f8cfffb36cd8e6afda0317a3390bbaa9131d,b9605f343e2c4ebb0ef790c0f80fca0f105013f6,2026-03-22,stablecoins,Stablecoins,42,18,18,weight_pct,pct,fresh,2026-03-22T11:29:13.295Z,,v1.1,
f2d9f8cfffb36cd8e6afda0317a3390bbaa9131d,b9605f343e2c4ebb0ef790c0f80fca0f105013f6,2026-03-22,term_leverage,Term Structure & Leverage,21,20,20,weight_pct,pct,fresh,2026-03-22T11:30:23.858Z,,v1.1,
f2d9f8cfffb36cd8e6afda0317a3390bbaa9131d,b9605f343e2c4ebb0ef790c0f80fca0f105013f6,2026-03-22,trend_valuation,Trend & Valuation,47,30,30,weight_pct,pct,fresh,2026-03-22T11:29:12.305Z,,v1.1,
82aa6a90ae0f7d443c1803060ec053cc42f718ed,6ffce9f46e1f726dd9385d4c34779191ab3affcc,2026-03-23,etf_flows,ETF Flows,82,7.7,7.7,weight_pct,pct,fresh,2026-03-23T11:49:50.868Z,,v1.1,
82aa6a90ae0f7d443c1803060ec053cc42f718ed,6ffce9f46e1f726dd9385d4c34779191ab3affcc,2026-03-23,macro_overlay,Macro Overlay,51,10,10,weight_pct,pct,fresh,2026-03-23T11:48:40.523Z,,v1.1,
82aa6a90ae0f7d443c1803060ec053cc42f718ed,6ffce9f46e1f726dd9385d4c34779191ab3affcc,2026-03-23,net_liquidity,Net Liquidity (FRED),68,4.3,4.3,weight_pct,pct,fresh,2026-03-20T16:00:00.000Z,,v1.1,
82aa6a90ae0f7d443c1803060ec053cc42f718ed,6ffce9f46e1f726dd9385d4c34779191ab3affcc,2026-03-23,social_interest,Social Interest,96,10,10,weight_pct,pct,fresh,2026-03-23T11:48:38.863Z,,v1.1,
82aa6a90ae0f7d443c1803060ec053cc42f718ed,6ffce9f46e1f726dd9385d4c34779191ab3affcc,2026-03-23,stablecoins,Stablecoins,42,18,18,weight_pct,pct,fresh,2026-03-23T11:48:39.226Z,,v1.1,
82aa6a90ae0f7d443c1803060ec053cc42f718ed,6ffce9f46e1f726dd9385d4c34779191ab3affcc,2026-03-23,term_leverage,Term Structure & Leverage,21,20,20,weight_pct,pct,fresh,2026-03-23T11:49:50.870Z,,v1.1,
82aa6a90ae0f7d443c1803060ec053cc42f718ed,6ffce9f46e1f726dd9385d4c34779191ab3affcc,2026-03-23,trend_valuation,Trend & Valuation,48,30,30,weight_pct,pct,fresh,2026-03-23T11:48:38.602Z,,v1.1,
02fa4f8d6f92a4a8923ef9e0b258539faa8fd8aa,9884815c488d9af090a0004279342320f225c91e,2026-03-24,etf_flows,ETF Flows,40,7.7,7.7,weight_pct,pct,fresh,2026-03-24T11:50:11.994Z,,v1.1,
02fa4f8d6f92a4a8923ef9e0b258539faa8fd8aa,9884815c488d9af090a0004279342320f225c91e,2026-03-24,macro_overlay,Macro Overlay,47,10,10,weight_pct,pct,fresh,2026-03-24T11:49:03.916Z,,v1.1,
02fa4f8d6f92a4a8923ef9e0b258539faa8fd8aa,9884815c488d9af090a0004279342320f225c91e,2026-03-24,net_liquidity,Net Liquidity (FRED),60,4.3,4.3,weight_pct,pct,fresh,2026-03-23T16:00:00.000Z,,v1.1,
02fa4f8d6f92a4a8923ef9e0b258539faa8fd8aa,9884815c488d9af090a0004279342320f225c91e,2026-03-24,social_interest,Social Interest,96,10,10,weight_pct,pct,fresh,2026-03-24T11:49:02.521Z,,v1.1,
02fa4f8d6f92a4a8923ef9e0b258539faa8fd8aa,9884815c488d9af090a0004279342320f225c91e,2026-03-24,stablecoins,Stablecoins,40,18,18,weight_pct,pct,fresh,2026-03-24T11:49:03.061Z,,v1.1,
02fa4f8d6f92a4a8923ef9e0b258539faa8fd8aa,9884815c488d9af090a0004279342320f225c91e,2026-03-24,term_leverage,Term Structure & Leverage,21,20,20,weight_pct,pct,fresh,2026-03-24T11:50:11.998Z,,v1.1,
02fa4f8d6f92a4a8923ef9e0b258539faa8fd8aa,9884815c488d9af090a0004279342320f225c91e,2026-03-24,trend_valuation,Trend & Valuation,48,30,30,weight_pct,pct,fresh,2026-03-24T11:49:01.768Z,,v1.1,
2e49dcf88657516414c4c46ea9c57f0564d63888,c444abdd0a9135ca0f75582c5697228df3a06d06,2026-03-25,etf_flows,ETF Flows,62,7.7,7.7,weight_pct,pct,stale,2026-03-24T16:00:00.000Z,,v1.1,
2e49dcf88657516414c4c46ea9c57f0564d63888,c444abdd0a9135ca0f75582c5697228df3a06d06,2026-03-25,macro_overlay,Macro Overlay,96,10,10,weight_pct,pct,fresh,2026-03-25T18:29:56.341Z,,v1.1,
2e49dcf88657516414c4c46ea9c57f0564d63888,c444abdd0a9135ca0f75582c5697228df3a06d06,2026-03-25,net_liquidity,Net Liquidity (FRED),21,4.3,4.3,weight_pct,pct,fresh,2026-03-18T00:00:00.000Z,,v1.1,
2e49dcf88657516414c4c46ea9c57f0564d63888,c444abdd0a9135ca0f75582c5697228df3a06d06,2026-03-25,social_interest,Social Interest,78,10,10,weight_pct,pct,fresh,2026-03-25T18:29:56.015Z,,v1.1,
2e49dcf88657516414c4c46ea9c57f0564d63888,c444abdd0a9135ca0f75582c5697228df3a06d06,2026-03-25,stablecoins,Stablecoins,82,18,18,weight_pct,pct,fresh,2026-03-25T18:29:56.016Z,,v1.1,
2e49dcf88657516414c4c46ea9c57f0564d63888,c444abdd0a9135ca0f75582c5697228df3a06d06,2026-03-25,term_leverage,Term Structure & Leverage,47,20,20,weight_pct,pct,fresh,2026-03-25T18:29:57.884Z,,v1.1,
2e49dcf88657516414c4c46ea9c57f0564d63888,c444abdd0a9135ca0f75582c5697228df3a06d06,2026-03-25,trend_valuation,Trend & Valuation,37,30,30,weight_pct,pct,fresh,2026-03-25T18:29:56.014Z,,v1.1,
e729a533c5a9a76d2022bd4fa126466d73505824,2e480e6398c427c1fe9f32a017e21c89530d80bd,2026-03-25,etf_flows,ETF Flows,82,7.7,7.7,weight_pct,pct,fresh,2026-03-25T11:47:53.530Z,,v1.1,
e729a533c5a9a76d2022bd4fa126466d73505824,2e480e6398c427c1fe9f32a017e21c89530d80bd,2026-03-25,macro_overlay,Macro Overlay,49,10,10,weight_pct,pct,fresh,2026-03-25T11:46:43.133Z,,v1.1,
e729a533c5a9a76d2022bd4fa126466d73505824,2e480e6398c427c1fe9f32a017e21c89530d80bd,2026-03-25,net_liquidity,Net Liquidity (FRED),58,4.3,4.3,weight_pct,pct,fresh,2026-03-24T16:00:00.000Z,,v1.1,
e729a533c5a9a76d2022bd4fa126466d73505824,2e480e6398c427c1fe9f32a017e21c89530d80bd,2026-03-25,social_interest,Social Interest,96,10,10,weight_pct,pct,fresh,2026-03-24T11:49:02.521Z,,v1.1,
e729a533c5a9a76d2022bd4fa126466d73505824,2e480e6398c427c1fe9f32a017e21c89530d80bd,2026-03-25,stablecoins,Stablecoins,41,18,18,weight_pct,pct,fresh,2026-03-25T11:46:42.175Z,,v1.1,
e729a533c5a9a76d2022bd4fa126466d73505824,2e480e6398c427c1fe9f32a017e21c89530d80bd,2026-03-25,term_leverage,Term Structure & Leverage,21,20,20,weight_pct,pct,fresh,2026-03-25T11:47:53.532Z,,v1.1,
e729a533c5a9a76d2022bd4fa126466d73505824,2e480e6398c427c1fe9f32a017e21c89530d80bd,2026-03-25,trend_valuation,Trend & Valuation,49,30,30,weight_pct,pct,fresh,2026-03-25T11:46:41.305Z,,v1.1,
745c2223c5603e5981f2bfd78058cb43634db599,81035753b22df3f9c087bcc259e6be9b435b4866,2026-03-26,etf_flows,ETF Flows,64,7.7,7.7,weight_pct,pct,fresh,2026-03-25T16:00:00.000Z,,v1.1,
745c2223c5603e5981f2bfd78058cb43634db599,81035753b22df3f9c087bcc259e6be9b435b4866,2026-03-26,macro_overlay,Macro Overlay,96,10,10,weight_pct,pct,fresh,2026-03-25T18:29:56.341Z,,v1.1,
745c2223c5603e5981f2bfd78058cb43634db599,81035753b22df3f9c087bcc259e6be9b435b4866,2026-03-26,net_liquidity,Net Liquidity (FRED),21,4.3,4.3,weight_pct,pct,fresh,2026-03-18T00:00:00.000Z,,v1.1,
745c2223c5603e5981f2bfd78058cb43634db599,81035753b22df3f9c087bcc259e6be9b435b4866,2026-03-26,social_interest,Social Interest,78,10,10,weight_pct,pct,fresh,2026-03-26T11:53:42.458Z,,v1.1,
745c2223c5603e5981f2bfd78058cb43634db599,81035753b22df3f9c087bcc259e6be9b435b4866,2026-03-26,stablecoins,Stablecoins,46,18,18,weight_pct,pct,fresh,2026-03-26T11:54:52.646Z,,v1.1,
745c2223c5603e5981f2bfd78058cb43634db599,81035753b22df3f9c087bcc259e6be9b435b4866,2026-03-26,term_leverage,Term Structure & Leverage,46,20,20,weight_pct,pct,fresh,2026-03-26T11:53:43.636Z,,v1.1,
745c2223c5603e5981f2bfd78058cb43634db599,81035753b22df3f9c087bcc259e6be9b435b4866,2026-03-26,trend_valuation,Trend & Valuation,47,30,30,weight_pct,pct,fresh,2026-03-26T11:53:42.445Z,,v1.1,
99d4199228cd8dc280d65e54e8b49b6d32af4ce5,2a7c695bf2438ed16423ee6ca778492ccef20669,2026-03-27,etf_flows,ETF Flows,62,7.7,7.7,weight_pct,pct,fresh,2026-03-26T16:00:00.000Z,,v1.1,
99d4199228cd8dc280d65e54e8b49b6d32af4ce5,2a7c695bf2438ed16423ee6ca778492ccef20669,2026-03-27,macro_overlay,Macro Overlay,96,10,10,weight_pct,pct,fresh,2026-03-27T11:46:01.236Z,,v1.1,
99d4199228cd8dc280d65e54e8b49b6d32af4ce5,2a7c695bf2438ed16423ee6ca778492ccef20669,2026-03-27,net_liquidity,Net Liquidity (FRED),23,4.3,4.3,weight_pct,pct,fresh,2026-03-25T00:00:00.000Z,,v1.1,
99d4199228cd8dc280d65e54e8b49b6d32af4ce5,2a7c695bf2438ed16423ee6ca778492ccef20669,2026-03-27,social_interest,Social Interest,78,10,10,weight_pct,pct,fresh,2026-03-27T11:46:00.622Z,,v1.1,
99d4199228cd8dc280d65e54e8b49b6d32af4ce5,2a7c695bf2438ed16423ee6ca778492ccef20669,2026-03-27,stablecoins,Stablecoins,82,18,18,weight_pct,pct,fresh,2026-03-27T11:47:12.660Z,,v1.1,
99d4199228cd8dc280d65e54e8b49b6d32af4ce5,2a7c695bf2438ed16423ee6ca778492ccef20669,2026-03-27,term_leverage,Term Structure & Leverage,41,20,20,weight_pct,pct,fresh,2026-03-27T11:46:02.773Z,,v1.1,
99d4199228cd8dc280d65e54e8b49b6d32af4ce5,2a7c695bf2438ed16423ee6ca778492ccef20669,2026-03-27,trend_valuation,Trend & Valuation,46,30,30,weight_pct,pct,fresh,2026-03-27T11:46:00.614Z,,v1.1,
578519eb3b98bb9a30c2749387cfedb3e026737b,8f23ae8312b6085fc96df52818395d77e7952be8,2026-03-28,etf_flows,ETF Flows,87,7.7,7.7,weight_pct,pct,fresh,2026-03-27T16:00:00.000Z,,v1.1,
578519eb3b98bb9a30c2749387cfedb3e026737b,8f23ae8312b6085fc96df52818395d77e7952be8,2026-03-28,macro_overlay,Macro Overlay,96,10,10,weight_pct,pct,fresh,2026-03-27T11:46:01.236Z,,v1.1,
578519eb3b98bb9a30c2749387cfedb3e026737b,8f23ae8312b6085fc96df52818395d77e7952be8,2026-03-28,net_liquidity,Net Liquidity (FRED),23,4.3,4.3,weight_pct,pct,fresh,2026-03-25T00:00:00.000Z,,v1.1,
578519eb3b98bb9a30c2749387cfedb3e026737b,8f23ae8312b6085fc96df52818395d77e7952be8,2026-03-28,social_interest,Social Interest,78,10,10,weight_pct,pct,fresh,2026-03-28T11:34:01.924Z,,v1.1,
578519eb3b98bb9a30c2749387cfedb3e026737b,8f23ae8312b6085fc96df52818395d77e7952be8,2026-03-28,stablecoins,Stablecoins,50,18,18,weight_pct,pct,fresh,2026-03-28T11:35:12.101Z,,v1.1,
578519eb3b98bb9a30c2749387cfedb3e026737b,8f23ae8312b6085fc96df52818395d77e7952be8,2026-03-28,term_leverage,Term Structure & Leverage,37,20,20,weight_pct,pct,fresh,2026-03-28T11:34:03.395Z,,v1.1,
578519eb3b98bb9a30c2749387cfedb3e026737b,8f23ae8312b6085fc96df52818395d77e7952be8,2026-03-28,trend_valuation,Trend & Valuation,46,30,30,weight_pct,pct,fresh,2026-03-28T11:34:01.913Z,,v1.1,
d6312269a38db11da92d5b125176b7e14cd10fd9,4fea4aec349e6313ac7dc8a0ef26bb2d5d3f1109,2026-03-31,etf_flows,ETF Flows,64,7.7,7.7,weight_pct,pct,fresh,2026-03-30T16:00:00.000Z,,v1.1,
d6312269a38db11da92d5b125176b7e14cd10fd9,4fea4aec349e6313ac7dc8a0ef26bb2d5d3f1109,2026-03-31,macro_overlay,Macro Overlay,96,10,10,weight_pct,pct,fresh,2026-03-31T11:53:30.046Z,,v1.1,
d6312269a38db11da92d5b125176b7e14cd10fd9,4fea4aec349e6313ac7dc8a0ef26bb2d5d3f1109,2026-03-31,net_liquidity,Net Liquidity (FRED),23,4.3,4.3,weight_pct,pct,fresh,2026-03-25T00:00:00.000Z,,v1.1,
d6312269a38db11da92d5b125176b7e14cd10fd9,4fea4aec349e6313ac7dc8a0ef26bb2d5d3f1109,2026-03-31,social_interest,Social Interest,78,10,10,weight_pct,pct,fresh,2026-03-31T11:53:28.893Z,,v1.1,
d6312269a38db11da92d5b125176b7e14cd10fd9,4fea4aec349e6313ac7dc8a0ef26bb2d5d3f1109,2026-03-31,stablecoins,Stablecoins,54,18,18,weight_pct,pct,fresh,2026-03-31T11:54:39.102Z,,v1.1,
d6312269a38db11da92d5b125176b7e14cd10fd9,4fea4aec349e6313ac7dc8a0ef26bb2d5d3f1109,2026-03-31,term_leverage,Term Structure & Leverage,46,20,20,weight_pct,pct,fresh,2026-03-31T11:53:30.288Z,,v1.1,
d6312269a38db11da92d5b125176b7e14cd10fd9,4fea4aec349e6313ac7dc8a0ef26bb2d5d3f1109,2026-03-31,trend_valuation,Trend & Valuation,46,30,30,weight_pct,pct,fresh,2026-03-31T11:53:28.888Z,,v1.1,
b732c5ff4b27d2c99206e6d86c404bc0bddd6aa6,ffe5945b8197ee49be9a9fded26680528b26571a,2026-04-01,etf_flows,ETF Flows,72,7.7,7.7,weight_pct,pct,fresh,2026-03-31T16:00:00.000Z,,v1.1,
b732c5ff4b27d2c99206e6d86c404bc0bddd6aa6,ffe5945b8197ee49be9a9fded26680528b26571a,2026-04-01,macro_overlay,Macro Overlay,96,10,10,weight_pct,pct,fresh,2026-04-01T11:55:23.390Z,,v1.1,
b732c5ff4b27d2c99206e6d86c404bc0bddd6aa6,ffe5945b8197ee49be9a9fded26680528b26571a,2026-04-01,net_liquidity,Net Liquidity (FRED),23,4.3,4.3,weight_pct,pct,fresh,2026-03-25T00:00:00.000Z,,v1.1,
b732c5ff4b27d2c99206e6d86c404bc0bddd6aa6,ffe5945b8197ee49be9a9fded26680528b26571a,2026-04-01,social_interest,Social Interest,78,10,10,weight_pct,pct,fresh,2026-04-01T11:55:22.814Z,,v1.1,
b732c5ff4b27d2c99206e6d86c404bc0bddd6aa6,ffe5945b8197ee49be9a9fded26680528b26571a,2026-04-01,stablecoins,Stablecoins,82,18,18,weight_pct,pct,fresh,2026-04-01T11:56:35.417Z,,v1.1,
b732c5ff4b27d2c99206e6d86c404bc0bddd6aa6,ffe5945b8197ee49be9a9fded26680528b26571a,2026-04-01,term_leverage,Term Structure & Leverage,43,20,20,weight_pct,pct,fresh,2026-04-01T11:55:24.767Z,,v1.1,
b732c5ff4b27d2c99206e6d86c404bc0bddd6aa6,ffe5945b8197ee49be9a9fded26680528b26571a,2026-04-01,trend_valuation,Trend & Valuation,47,30,30,weight_pct,pct,fresh,2026-04-01T11:55:22.806Z,,v1.1,
06bb979d0135e91050848ec39f9efae2036602a1,5c5e38826e21223c988a74de0e80ecce02976c24,2026-04-02,etf_flows,ETF Flows,64,7.7,7.7,weight_pct,pct,fresh,2026-04-01T16:00:00.000Z,,v1.1,
06bb979d0135e91050848ec39f9efae2036602a1,5c5e38826e21223c988a74de0e80ecce02976c24,2026-04-02,macro_overlay,Macro Overlay,96,10,10,weight_pct,pct,fresh,2026-04-01T11:55:23.390Z,,v1.1,
06bb979d0135e91050848ec39f9efae2036602a1,5c5e38826e21223c988a74de0e80ecce02976c24,2026-04-02,net_liquidity,Net Liquidity (FRED),23,4.3,4.3,weight_pct,pct,fresh,2026-03-25T00:00:00.000Z,,v1.1,
06bb979d0135e91050848ec39f9efae2036602a1,5c5e38826e21223c988a74de0e80ecce02976c24,2026-04-02,social_interest,Social Interest,78,10,10,weight_pct,pct,fresh,2026-04-02T11:50:53.696Z,,v1.1,
06bb979d0135e91050848ec39f9efae2036602a1,5c5e38826e21223c988a74de0e80ecce02976c24,2026-04-02,stablecoins,Stablecoins,57,18,18,weight_pct,pct,fresh,2026-04-02T11:52:05.866Z,,v1.1,
06bb979d0135e91050848ec39f9efae2036602a1,5c5e38826e21223c988a74de0e80ecce02976c24,2026-04-02,term_leverage,Term Structure & Leverage,51,20,20,weight_pct,pct,fresh,2026-04-02T11:50:55.886Z,,v1.1,
06bb979d0135e91050848ec39f9efae2036602a1,5c5e38826e21223c988a74de0e80ecce02976c24,2026-04-02,trend_valuation,Trend & Valuation,46,30,30,weight_pct,pct,fresh,2026-04-02T11:50:53.681Z,,v1.1,
98afb36f80636253b2392313d2b4364bad0a8dc5,b80747b670a170d63a5e2d79bb53796fd5163347,2026-04-03,etf_flows,ETF Flows,61,7.7,7.7,weight_pct,pct,fresh,2026-04-02T16:00:00.000Z,,v1.1,
98afb36f80636253b2392313d2b4364bad0a8dc5,b80747b670a170d63a5e2d79bb53796fd5163347,2026-04-03,macro_overlay,Macro Overlay,96,10,10,weight_pct,pct,fresh,2026-04-03T11:41:01.228Z,,v1.1,
98afb36f80636253b2392313d2b4364bad0a8dc5,b80747b670a170d63a5e2d79bb53796fd5163347,2026-04-03,net_liquidity,Net Liquidity (FRED),22,4.3,4.3,weight_pct,pct,fresh,2026-04-01T00:00:00.000Z,,v1.1,
98afb36f80636253b2392313d2b4364bad0a8dc5,b80747b670a170d63a5e2d79bb53796fd5163347,2026-04-03,social_interest,Social Interest,78,10,10,weight_pct,pct,fresh,2026-04-03T11:41:00.508Z,,v1.1,
98afb36f80636253b2392313d2b4364bad0a8dc5,b80747b670a170d63a5e2d79bb53796fd5163347,2026-04-03,stablecoins,Stablecoins,82,18,18,weight_pct,pct,fresh,2026-04-03T11:42:12.197Z,,v1.1,
98afb36f80636253b2392313d2b4364bad0a8dc5,b80747b670a170d63a5e2d79bb53796fd5163347,2026-04-03,term_leverage,Term Structure & Leverage,51,20,20,weight_pct,pct,fresh,2026-04-03T11:41:01.882Z,,v1.1,
98afb36f80636253b2392313d2b4364bad0a8dc5,b80747b670a170d63a5e2d79bb53796fd5163347,2026-04-03,trend_valuation,Trend & Valuation,47,30,30,weight_pct,pct,fresh,2026-04-03T11:41:00.495Z,,v1.1,
063f1a8f2aa1c1ccfd917027ba6795ec0be14f2c,2c9741f344c97f5e97286ab69b485a6d96ed0cf7,2026-04-07,etf_flows,ETF Flows,53,7.7,7.7,weight_pct,pct,fresh,2026-04-06T16:00:00.000Z,,v1.1,
063f1a8f2aa1c1ccfd917027ba6795ec0be14f2c,2c9741f344c97f5e97286ab69b485a6d96ed0cf7,2026-04-07,macro_overlay,Macro Overlay,95,10,10,weight_pct,pct,fresh,2026-04-07T11:55:53.367Z,,v1.1,
063f1a8f2aa1c1ccfd917027ba6795ec0be14f2c,2c9741f344c97f5e97286ab69b485a6d96ed0cf7,2026-04-07,net_liquidity,Net Liquidity (FRED),22,4.3,4.3,weight_pct,pct,fresh,2026-04-01T00:00:00.000Z,,v1.1,
063f1a8f2aa1c1ccfd917027ba6795ec0be14f2c,2c9741f344c97f5e97286ab69b485a6d96ed0cf7,2026-04-07,social_interest,Social Interest,78,10,10,weight_pct,pct,fresh,2026-04-07T11:55:52.709Z,,v1.1,
063f1a8f2aa1c1ccfd917027ba6795ec0be14f2c,2c9741f344c97f5e97286ab69b485a6d96ed0cf7,2026-04-07,stablecoins,Stablecoins,54,18,18,weight_pct,pct,fresh,2026-04-07T11:57:04.887Z,,v1.1,
063f1a8f2aa1c1ccfd917027ba6795ec0be14f2c,2c9741f344c97f5e97286ab69b485a6d96ed0cf7,2026-04-07,term_leverage,Term Structure & Leverage,57,20,20,weight_pct,pct,fresh,2026-04-07T11:55:55.006Z,,v1.1,
063f1a8f2aa1c1ccfd917027ba6795ec0be14f2c,2c9741f344c97f5e97286ab69b485a6d96ed0cf7,2026-04-07,trend_valuation,Trend & Valuation,48,30,30,weight_pct,pct,fresh,2026-04-07T11:55:52.706Z,,v1.1,
dc6db82f8c89464a34ede61146493ed41fb27eff,45d9581c8cca3644fee85641639eab9e04450e27,2026-04-08,etf_flows,ETF Flows,46,7.7,7.7,weight_pct,pct,fresh,2026-04-07T16:00:00.000Z,,v1.1,
dc6db82f8c89464a34ede61146493ed41fb27eff,45d9581c8cca3644fee85641639eab9e04450e27,2026-04-08,macro_overlay,Macro Overlay,95,10,10,weight_pct,pct,fresh,2026-04-08T11:57:28.920Z,,v1.1,
dc6db82f8c89464a34ede61146493ed41fb27eff,45d9581c8cca3644fee85641639eab9e04450e27,2026-04-08,net_liquidity,Net Liquidity (FRED),22,4.3,4.3,weight_pct,pct,fresh,2026-04-01T00:00:00.000Z,,v1.1,
dc6db82f8c89464a34ede61146493ed41fb27eff,45d9581c8cca3644fee85641639eab9e04450e27,2026-04-08,social_interest,Social Interest,78,10,10,weight_pct,pct,fresh,2026-04-08T11:57:27.803Z,,v1.1,
dc6db82f8c89464a34ede61146493ed41fb27eff,45d9581c8cca3644fee85641639eab9e04450e27,2026-04-08,stablecoins,Stablecoins,82,18,18,weight_pct,pct,fresh,2026-04-08T11:58:40.004Z,,v1.1,
dc6db82f8c89464a34ede61146493ed41fb27eff,45d9581c8cca3644fee85641639eab9e04450e27,2026-04-08,term_leverage,Term Structure & Leverage,57,20,20,weight_pct,pct,fresh,2026-04-08T11:57:29.200Z,,v1.1,
dc6db82f8c89464a34ede61146493ed41fb27eff,45d9581c8cca3644fee85641639eab9e04450e27,2026-04-08,trend_valuation,Trend & Valuation,49,30,30,weight_pct,pct,fresh,2026-04-08T11:57:27.796Z,,v1.1,
a4ca31d384f02c78ade21f351274bcbfb40d4d84,b8b8c3997e71b81bde4a7c0f835e2b38f7e3f72c,2026-04-09,etf_flows,ETF Flows,47,7.7,7.7,weight_pct,pct,fresh,2026-04-08T16:00:00.000Z,,v1.1,
a4ca31d384f02c78ade21f351274bcbfb40d4d84,b8b8c3997e71b81bde4a7c0f835e2b38f7e3f72c,2026-04-09,macro_overlay,Macro Overlay,95,10,10,weight_pct,pct,fresh,2026-04-08T11:57:28.920Z,,v1.1,
a4ca31d384f02c78ade21f351274bcbfb40d4d84,b8b8c3997e71b81bde4a7c0f835e2b38f7e3f72c,2026-04-09,net_liquidity,Net Liquidity (FRED),22,4.3,4.3,weight_pct,pct,fresh,2026-04-01T00:00:00.000Z,,v1.1,
a4ca31d384f02c78ade21f351274bcbfb40d4d84,b8b8c3997e71b81bde4a7c0f835e2b38f7e3f72c,2026-04-09,social_interest,Social Interest,78,10,10,weight_pct,pct,fresh,2026-04-09T11:57:19.171Z,,v1.1,
a4ca31d384f02c78ade21f351274bcbfb40d4d84,b8b8c3997e71b81bde4a7c0f835e2b38f7e3f72c,2026-04-09,stablecoins,Stablecoins,56,18,18,weight_pct,pct,fresh,2026-04-09T11:58:29.372Z,,v1.1,
a4ca31d384f02c78ade21f351274bcbfb40d4d84,b8b8c3997e71b81bde4a7c0f835e2b38f7e3f72c,2026-04-09,term_leverage,Term Structure & Leverage,59,20,20,weight_pct,pct,fresh,2026-04-09T11:57:20.966Z,,v1.1,
a4ca31d384f02c78ade21f351274bcbfb40d4d84,b8b8c3997e71b81bde4a7c0f835e2b38f7e3f72c,2026-04-09,trend_valuation,Trend & Valuation,49,30,30,weight_pct,pct,fresh,2026-04-09T11:57:19.160Z,,v1.1,
80826f6074f40db3e75d0cf02a9740bfd5e907e4,1eb47357f003049bb6bd91e89600669bdec772eb,2026-04-10,etf_flows,ETF Flows,56,7.7,7.7,weight_pct,pct,fresh,2026-04-09T16:00:00.000Z,,v1.1,
80826f6074f40db3e75d0cf02a9740bfd5e907e4,1eb47357f003049bb6bd91e89600669bdec772eb,2026-04-10,macro_overlay,Macro Overlay,76,10,10,weight_pct,pct,fresh,2026-04-10T11:52:30.380Z,,v1.1,
80826f6074f40db3e75d0cf02a9740bfd5e907e4,1eb47357f003049bb6bd91e89600669bdec772eb,2026-04-10,net_liquidity,Net Liquidity (FRED),11,4.3,4.3,weight_pct,pct,fresh,2026-04-08T00:00:00.000Z,,v1.1,
80826f6074f40db3e75d0cf02a9740bfd5e907e4,1eb47357f003049bb6bd91e89600669bdec772eb,2026-04-10,social_interest,Social Interest,78,10,10,weight_pct,pct,fresh,2026-04-10T11:52:29.753Z,,v1.1,
80826f6074f40db3e75d0cf02a9740bfd5e907e4,1eb47357f003049bb6bd91e89600669bdec772eb,2026-04-10,stablecoins,Stablecoins,82,18,18,weight_pct,pct,fresh,2026-04-10T11:53:42.415Z,,v1.1,
80826f6074f40db3e75d0cf02a9740bfd5e907e4,1eb47357f003049bb6bd91e89600669bdec772eb,2026-04-10,term_leverage,Term Structure & Leverage,61,20,20,weight_pct,pct,fresh,2026-04-10T11:52:31.100Z,,v1.1,
80826f6074f40db3e75d0cf02a9740bfd5e907e4,1eb47357f003049bb6bd91e89600669bdec772eb,2026-04-10,trend_valuation,Trend & Valuation,49,30,30,weight_pct,pct,fresh,2026-04-10T11:52:29.741Z,,v1.1,
d5c651ca0c979820ba95de82a0b4357f326c92e0,8c277f773b4df9a53e2cfeb056cec10ec4bfe7b0,2026-04-11,etf_flows,ETF Flows,49,7.7,7.7,weight_pct,pct,fresh,2026-04-10T16:00:00.000Z,,v1.1,
d5c651ca0c979820ba95de82a0b4357f326c92e0,8c277f773b4df9a53e2cfeb056cec10ec4bfe7b0,2026-04-11,macro_overlay,Macro Overlay,76,10,10,weight_pct,pct,fresh,2026-04-10T11:52:30.380Z,,v1.1,
d5c651ca0c979820ba95de82a0b4357f326c92e0,8c277f773b4df9a53e2cfeb056cec10ec4bfe7b0,2026-04-11,net_liquidity,Net Liquidity (FRED),11,4.3,4.3,weight_pct,pct,fresh,2026-04-08T00:00:00.000Z,,v1.1,
d5c651ca0c979820ba95de82a0b4357f326c92e0,8c277f773b4df9a53e2cfeb056cec10ec4bfe7b0,2026-04-11,social_interest,Social Interest,78,10,10,weight_pct,pct,fresh,2026-04-11T11:35:57.153Z,,v1.1,
d5c651ca0c979820ba95de82a0b4357f326c92e0,8c277f773b4df9a53e2cfeb056cec10ec4bfe7b0,2026-04-11,stablecoins,Stablecoins,82,18,18,weight_pct,pct,fresh,2026-04-11T11:37:11.127Z,,v1.1,
d5c651ca0c979820ba95de82a0b4357f326c92e0,8c277f773b4df9a53e2cfeb056cec10ec4bfe7b0,2026-04-11,term_leverage,Term Structure & Leverage,55,20,20,weight_pct,pct,fresh,2026-04-11T11:35:58.550Z,,v1.1,
d5c651ca0c979820ba95de82a0b4357f326c92e0,8c277f773b4df9a53e2cfeb056cec10ec4bfe7b0,2026-04-11,trend_valuation,Trend & Valuation,50,30,30,weight_pct,pct,fresh,2026-04-11T11:35:57.142Z,,v1.1,
e35fb5d25f928965f189243db4bfcdfdb90bcafe,06d454acc445520d473cf151bf69358aefb2cfb9,2026-04-13,etf_flows,ETF Flows,45,7.7,7.7,weight_pct,pct,fresh,2026-04-13T16:00:00.000Z,,v1.1,
e35fb5d25f928965f189243db4bfcdfdb90bcafe,06d454acc445520d473cf151bf69358aefb2cfb9,2026-04-13,macro_overlay,Macro Overlay,70,10,10,weight_pct,pct,fresh,2026-04-13T12:06:40.064Z,,v1.1,
e35fb5d25f928965f189243db4bfcdfdb90bcafe,06d454acc445520d473cf151bf69358aefb2cfb9,2026-04-13,net_liquidity,Net Liquidity (FRED),11,4.3,4.3,weight_pct,pct,fresh,2026-04-08T00:00:00.000Z,,v1.1,
e35fb5d25f928965f189243db4bfcdfdb90bcafe,06d454acc445520d473cf151bf69358aefb2cfb9,2026-04-13,social_interest,Social Interest,78,10,10,weight_pct,pct,fresh,2026-04-13T12:06:39.447Z,,v1.1,
e35fb5d25f928965f189243db4bfcdfdb90bcafe,06d454acc445520d473cf151bf69358aefb2cfb9,2026-04-13,stablecoins,Stablecoins,82,18,18,weight_pct,pct,fresh,2026-04-13T12:07:51.349Z,,v1.1,
e35fb5d25f928965f189243db4bfcdfdb90bcafe,06d454acc445520d473cf151bf69358aefb2cfb9,2026-04-13,term_leverage,Term Structure & Leverage,49,20,20,weight_pct,pct,fresh,2026-04-13T12:06:41.514Z,,v1.1,
e35fb5d25f928965f189243db4bfcdfdb90bcafe,06d454acc445520d473cf151bf69358aefb2cfb9,2026-04-13,trend_valuation,Trend & Valuation,49,30,30,weight_pct,pct,fresh,2026-04-13T12:06:39.442Z,,v1.1,
7aacfb8666b078bc2681d43f55d4213acc38a20d,5818b3b948b422e2a9f614db9943a8b89582a08c,2026-04-14,etf_flows,ETF Flows,47,7.7,7.7,weight_pct,pct,fresh,2026-04-14T16:00:00.000Z,,v1.1,
7aacfb8666b078bc2681d43f55d4213acc38a20d,5818b3b948b422e2a9f614db9943a8b89582a08c,2026-04-14,macro_overlay,Macro Overlay,59,10,10,weight_pct,pct,fresh,2026-04-14T12:37:57.734Z,,v1.1,
7aacfb8666b078bc2681d43f55d4213acc38a20d,5818b3b948b422e2a9f614db9943a8b89582a08c,2026-04-14,net_liquidity,Net Liquidity (FRED),11,4.3,4.3,weight_pct,pct,fresh,2026-04-08T00:00:00.000Z,,v1.1,
7aacfb8666b078bc2681d43f55d4213acc38a20d,5818b3b948b422e2a9f614db9943a8b89582a08c,2026-04-14,social_interest,Social Interest,78,10,10,weight_pct,pct,fresh,2026-04-14T12:37:57.418Z,,v1.1,
7aacfb8666b078bc2681d43f55d4213acc38a20d,5818b3b948b422e2a9f614db9943a8b89582a08c,2026-04-14,stablecoins,Stablecoins,82,18,18,weight_pct,pct,fresh,2026-04-14T12:39:11.046Z,,v1.1,
7aacfb8666b078bc2681d43f55d4213acc38a20d,5818b3b948b422e2a9f614db9943a8b89582a08c,2026-04-14,term_leverage,Term Structure & Leverage,63,20,20,weight_pct,pct,fresh,2026-04-14T12:37:58.788Z,,v1.1,
7aacfb8666b078bc2681d43f55d4213acc38a20d,5818b3b948b422e2a9f614db9943a8b89582a08c,2026-04-14,trend_valuation,Trend & Valuation,50,30,30,weight_pct,pct,fresh,2026-04-14T12:37:57.409Z,,v1.1,
b85e003ed1f6f4e3e56e84bd8b40d8a844282687,2236de110dfbc8e03eaf44a491f08ace89d8bfb7,2026-04-15,etf_flows,ETF Flows,46,7.7,7.7,weight_pct,pct,fresh,2026-04-14T16:00:00.000Z,,v1.1,
b85e003ed1f6f4e3e56e84bd8b40d8a844282687,2236de110dfbc8e03eaf44a491f08ace89d8bfb7,2026-04-15,macro_overlay,Macro Overlay,59,10,10,weight_pct,pct,fresh,2026-04-14T12:37:57.734Z,,v1.1,
b85e003ed1f6f4e3e56e84bd8b40d8a844282687,2236de110dfbc8e03eaf44a491f08ace89d8bfb7,2026-04-15,net_liquidity,Net Liquidity (FRED),11,4.3,4.3,weight_pct,pct,fresh,2026-04-08T00:00:00.000Z,,v1.1,
b85e003ed1f6f4e3e56e84bd8b40d8a844282687,2236de110dfbc8e03eaf44a491f08ace89d8bfb7,2026-04-15,social_interest,Social Interest,78,10,10,weight_pct,pct,fresh,2026-04-15T11:58:26.793Z,,v1.1,
b85e003ed1f6f4e3e56e84bd8b40d8a844282687,2236de110dfbc8e03eaf44a491f08ace89d8bfb7,2026-04-15,stablecoins,Stablecoins,82,18,18,weight_pct,pct,fresh,2026-04-15T11:59:39.476Z,,v1.1,
b85e003ed1f6f4e3e56e84bd8b40d8a844282687,2236de110dfbc8e03eaf44a491f08ace89d8bfb7,2026-04-15,term_leverage,Term Structure & Leverage,59,20,20,weight_pct,pct,fresh,2026-04-15T11:58:28.917Z,,v1.1,
b85e003ed1f6f4e3e56e84bd8b40d8a844282687,2236de110dfbc8e03eaf44a491f08ace89d8bfb7,2026-04-15,trend_valuation,Trend & Valuation,50,30,30,weight_pct,pct,fresh,2026-04-15T11:58:26.781Z,,v1.1,
3f6620d93d9efc0a28c07854887f160795a531ea,ef6ca3dc4a3b13db8169fba3be09561dac05ec23,2026-04-16,etf_flows,ETF Flows,54,7.7,7.7,weight_pct,pct,fresh,2026-04-16T16:00:00.000Z,,v1.1,
3f6620d93d9efc0a28c07854887f160795a531ea,ef6ca3dc4a3b13db8169fba3be09561dac05ec23,2026-04-16,macro_overlay,Macro Overlay,42,10,10,weight_pct,pct,fresh,2026-04-16T12:01:34.113Z,,v1.1,
3f6620d93d9efc0a28c07854887f160795a531ea,ef6ca3dc4a3b13db8169fba3be09561dac05ec23,2026-04-16,net_liquidity,Net Liquidity (FRED),11,4.3,4.3,weight_pct,pct,fresh,2026-04-08T00:00:00.000Z,,v1.1,
3f6620d93d9efc0a28c07854887f160795a531ea,ef6ca3dc4a3b13db8169fba3be09561dac05ec23,2026-04-16,social_interest,Social Interest,78,10,10,weight_pct,pct,fresh,2026-04-16T12:01:33.470Z,,v1.1,
3f6620d93d9efc0a28c07854887f160795a531ea,ef6ca3dc4a3b13db8169fba3be09561dac05ec23,2026-04-16,stablecoins,Stablecoins,60,18,18,weight_pct,pct,fresh,2026-04-16T12:02:43.697Z,,v1.1,
3f6620d93d9efc0a28c07854887f160795a531ea,ef6ca3dc4a3b13db8169fba3be09561dac05ec23,2026-04-16,term_leverage,Term Structure & Leverage,50,20,20,weight_pct,pct,fresh,2026-04-16T12:01:35.139Z,,v1.1,
3f6620d93d9efc0a28c07854887f160795a531ea,ef6ca3dc4a3b13db8169fba3be09561dac05ec23,2026-04-16,trend_valuation,Trend & Valuation,50,30,30,weight_pct,pct,fresh,2026-04-16T12:01:33.463Z,,v1.1,
a68b4ff89fda1478454ceede05ac4dce2819ad1a,e4b6819ae8ce3952d299c85ba3a524ceb0fe0df3,2026-04-17,etf_flows,ETF Flows,46,7.7,7.7,weight_pct,pct,fresh,2026-04-16T16:00:00.000Z,,v1.1,
a68b4ff89fda1478454ceede05ac4dce2819ad1a,e4b6819ae8ce3952d299c85ba3a524ceb0fe0df3,2026-04-17,macro_overlay,Macro Overlay,42,10,10,weight_pct,pct,fresh,2026-04-16T12:01:34.113Z,,v1.1,
a68b4ff89fda1478454ceede05ac4dce2819ad1a,e4b6819ae8ce3952d299c85ba3a524ceb0fe0df3,2026-04-17,net_liquidity,Net Liquidity (FRED),10,4.3,4.3,weight_pct,pct,fresh,2026-04-15T00:00:00.000Z,,v1.1,
a68b4ff89fda1478454ceede05ac4dce2819ad1a,e4b6819ae8ce3952d299c85ba3a524ceb0fe0df3,2026-04-17,social_interest,Social Interest,78,10,10,weight_pct,pct,fresh,2026-04-17T11:55:22.149Z,,v1.1,
a68b4ff89fda1478454ceede05ac4dce2819ad1a,e4b6819ae8ce3952d299c85ba3a524ceb0fe0df3,2026-04-17,stablecoins,Stablecoins,82,18,18,weight_pct,pct,fresh,2026-04-17T11:56:34.733Z,,v1.1,
a68b4ff89fda1478454ceede05ac4dce2819ad1a,e4b6819ae8ce3952d299c85ba3a524ceb0fe0df3,2026-04-17,term_leverage,Term Structure & Leverage,48,20,20,weight_pct,pct,fresh,2026-04-17T11:55:23.825Z,,v1.1,
a68b4ff89fda1478454ceede05ac4dce2819ad1a,e4b6819ae8ce3952d299c85ba3a524ceb0fe0df3,2026-04-17,trend_valuation,Trend & Valuation,51,30,30,weight_pct,pct,fresh,2026-04-17T11:55:22.137Z,,v1.1,
39869271e3c082737d236e7aaab7ae7a1db1175f,7ce988a7b7eab69e109701c382ad5fcf5dff7ba1,2026-04-18,etf_flows,ETF Flows,42,7.7,7.7,weight_pct,pct,fresh,2026-04-17T16:00:00.000Z,,v1.1,
39869271e3c082737d236e7aaab7ae7a1db1175f,7ce988a7b7eab69e109701c382ad5fcf5dff7ba1,2026-04-18,macro_overlay,Macro Overlay,31,10,10,weight_pct,pct,fresh,2026-04-18T11:39:16.823Z,,v1.1,
39869271e3c082737d236e7aaab7ae7a1db1175f,7ce988a7b7eab69e109701c382ad5fcf5dff7ba1,2026-04-18,net_liquidity,Net Liquidity (FRED),10,4.3,4.3,weight_pct,pct,fresh,2026-04-15T00:00:00.000Z,,v1.1,
39869271e3c082737d236e7aaab7ae7a1db1175f,7ce988a7b7eab69e109701c382ad5fcf5dff7ba1,2026-04-18,social_interest,Social Interest,78,10,10,weight_pct,pct,fresh,2026-04-18T11:39:16.077Z,,v1.1,
39869271e3c082737d236e7aaab7ae7a1db1175f,7ce988a7b7eab69e109701c382ad5fcf5dff7ba1,2026-04-18,stablecoins,Stablecoins,82,18,18,weight_pct,pct,fresh,2026-04-18T11:40:27.926Z,,v1.1,
39869271e3c082737d236e7aaab7ae7a1db1175f,7ce988a7b7eab69e109701c382ad5fcf5dff7ba1,2026-04-18,term_leverage,Term Structure & Leverage,57,20,20,weight_pct,pct,fresh,2026-04-18T11:39:17.720Z,,v1.1,
39869271e3c082737d236e7aaab7ae7a1db1175f,7ce988a7b7eab69e109701c382ad5fcf5dff7ba1,2026-04-18,trend_valuation,Trend & Valuation,51,30,30,weight_pct,pct,fresh,2026-04-18T11:39:16.053Z,,v1.1,
ebf761e7f52aa427419998c824b5b0c462fe0060,6d7afdf61b52f3c5f9b924801919e9fdab271695,2026-04-19,etf_flows,ETF Flows,42,7.7,7.7,weight_pct,pct,fresh,2026-04-17T16:00:00.000Z,,v1.1,
ebf761e7f52aa427419998c824b5b0c462fe0060,6d7afdf61b52f3c5f9b924801919e9fdab271695,2026-04-19,macro_overlay,Macro Overlay,32,10,10,weight_pct,pct,fresh,2026-04-19T18:03:20.294Z,,v1.1,
ebf761e7f52aa427419998c824b5b0c462fe0060,6d7afdf61b52f3c5f9b924801919e9fdab271695,2026-04-19,net_liquidity,Net Liquidity (FRED),10,4.3,4.3,weight_pct,pct,fresh,2026-04-15T00:00:00.000Z,,v1.1,
ebf761e7f52aa427419998c824b5b0c462fe0060,6d7afdf61b52f3c5f9b924801919e9fdab271695,2026-04-19,social_interest,Social Interest,78,10,10,weight_pct,pct,fresh,2026-04-19T18:03:19.748Z,,v1.1,
ebf761e7f52aa427419998c824b5b0c462fe0060,6d7afdf61b52f3c5f9b924801919e9fdab271695,2026-04-19,stablecoins,Stablecoins,82,18,18,weight_pct,pct,fresh,2026-04-19T18:04:31.431Z,,v1.1,
ebf761e7f52aa427419998c824b5b0c462fe0060,6d7afdf61b52f3c5f9b924801919e9fdab271695,2026-04-19,term_leverage,Term Structure & Leverage,55,20,20,weight_pct,pct,fresh,2026-04-19T18:03:21.337Z,,v1.1,
ebf761e7f52aa427419998c824b5b0c462fe0060,6d7afdf61b52f3c5f9b924801919e9fdab271695,2026-04-19,trend_valuation,Trend & Valuation,50,30,30,weight_pct,pct,fresh,2026-04-19T18:03:19.736Z,,v1.1,
5e75e3564d2606f073957bbb690cb0f07717a609,660ccfdb16911871367f041c0fef8df18456122a,2026-04-20,etf_flows,ETF Flows,46,7.7,7.7,weight_pct,pct,fresh,2026-04-20T16:00:00.000Z,,v1.1,
5e75e3564d2606f073957bbb690cb0f07717a609,660ccfdb16911871367f041c0fef8df18456122a,2026-04-20,macro_overlay,Macro Overlay,32,10,10,weight_pct,pct,fresh,2026-04-19T18:03:20.294Z,,v1.1,
5e75e3564d2606f073957bbb690cb0f07717a609,660ccfdb16911871367f041c0fef8df18456122a,2026-04-20,net_liquidity,Net Liquidity (FRED),10,4.3,4.3,weight_pct,pct,fresh,2026-04-15T00:00:00.000Z,,v1.1,
5e75e3564d2606f073957bbb690cb0f07717a609,660ccfdb16911871367f041c0fef8df18456122a,2026-04-20,social_interest,Social Interest,78,10,10,weight_pct,pct,fresh,2026-04-20T12:07:48.993Z,,v1.1,
5e75e3564d2606f073957bbb690cb0f07717a609,660ccfdb16911871367f041c0fef8df18456122a,2026-04-20,stablecoins,Stablecoins,82,18,18,weight_pct,pct,fresh,2026-04-20T12:08:53.257Z,,v1.1,
5e75e3564d2606f073957bbb690cb0f07717a609,660ccfdb16911871367f041c0fef8df18456122a,2026-04-20,term_leverage,Term Structure & Leverage,51,20,20,weight_pct,pct,fresh,2026-04-20T12:07:51.072Z,,v1.1,
5e75e3564d2606f073957bbb690cb0f07717a609,660ccfdb16911871367f041c0fef8df18456122a,2026-04-20,trend_valuation,Trend & Valuation,51,30,30,weight_pct,pct,fresh,2026-04-20T12:07:48.978Z,,v1.1,
c373863c9ea9c0814b2d2810a21d9a70a6aae75d,635bd0910dccb5ad91253acfb3b8fc8aab9c367f,2026-04-21,etf_flows,ETF Flows,68,7.7,7.7,weight_pct,pct,fresh,2026-04-21T16:00:00.000Z,,v1.1,
c373863c9ea9c0814b2d2810a21d9a70a6aae75d,635bd0910dccb5ad91253acfb3b8fc8aab9c367f,2026-04-21,macro_overlay,Macro Overlay,18,10,10,weight_pct,pct,fresh,2026-04-21T12:02:02.341Z,,v1.1,
c373863c9ea9c0814b2d2810a21d9a70a6aae75d,635bd0910dccb5ad91253acfb3b8fc8aab9c367f,2026-04-21,net_liquidity,Net Liquidity (FRED),10,4.3,4.3,weight_pct,pct,fresh,2026-04-15T00:00:00.000Z,,v1.1,
c373863c9ea9c0814b2d2810a21d9a70a6aae75d,635bd0910dccb5ad91253acfb3b8fc8aab9c367f,2026-04-21,social_interest,Social Interest,78,10,10,weight_pct,pct,fresh,2026-04-21T12:01:59.901Z,,v1.1,
c373863c9ea9c0814b2d2810a21d9a70a6aae75d,635bd0910dccb5ad91253acfb3b8fc8aab9c367f,2026-04-21,stablecoins,Stablecoins,82,18,18,weight_pct,pct,fresh,2026-04-21T12:03:11.402Z,,v1.1,
c373863c9ea9c0814b2d2810a21d9a70a6aae75d,635bd0910dccb5ad91253acfb3b8fc8aab9c367f,2026-04-21,term_leverage,Term Structure & Leverage,59,20,20,weight_pct,pct,fresh,2026-04-21T12:02:01.472Z,,v1.1,
c373863c9ea9c0814b2d2810a21d9a70a6aae75d,635bd0910dccb5ad91253acfb3b8fc8aab9c367f,2026-04-21,trend_valuation,Trend & Valuation,51,30,30,weight_pct,pct,fresh,2026-04-21T12:01:59.889Z,,v1.1,
68493787c0503e19e3fe642b6051b3f23caf130a,0d66c0b828622ffebf94bc2d51d383b5cd2e6df7,2026-04-22,etf_flows,ETF Flows,43,7.7,7.7,weight_pct,pct,fresh,2026-04-22T16:00:00.000Z,,v1.1,
68493787c0503e19e3fe642b6051b3f23caf130a,0d66c0b828622ffebf94bc2d51d383b5cd2e6df7,2026-04-22,macro_overlay,Macro Overlay,18,10,10,weight_pct,pct,fresh,2026-04-21T12:02:02.341Z,,v1.1,
68493787c0503e19e3fe642b6051b3f23caf130a,0d66c0b828622ffebf94bc2d51d383b5cd2e6df7,2026-04-22,net_liquidity,Net Liquidity (FRED),10,4.3,4.3,weight_pct,pct,fresh,2026-04-15T00:00:00.000Z,,v1.1,
68493787c0503e19e3fe642b6051b3f23caf130a,0d66c0b828622ffebf94bc2d51d383b5cd2e6df7,2026-04-22,social_interest,Social Interest,78,10,10,weight_pct,pct,fresh,2026-04-22T12:01:30.245Z,,v1.1,
68493787c0503e19e3fe642b6051b3f23caf130a,0d66c0b828622ffebf94bc2d51d383b5cd2e6df7,2026-04-22,stablecoins,Stablecoins,82,18,18,weight_pct,pct,fresh,2026-04-22T12:02:42.297Z,,v1.1,
68493787c0503e19e3fe642b6051b3f23caf130a,0d66c0b828622ffebf94bc2d51d383b5cd2e6df7,2026-04-22,term_leverage,Term Structure & Leverage,65,20,20,weight_pct,pct,fresh,2026-04-22T12:01:31.590Z,,v1.1,
68493787c0503e19e3fe642b6051b3f23caf130a,0d66c0b828622ffebf94bc2d51d383b5cd2e6df7,2026-04-22,trend_valuation,Trend & Valuation,52,30,30,weight_pct,pct,fresh,2026-04-22T12:01:30.237Z,,v1.1,
7e374da92a0140b538379cbff03d4b4f07a32dc7,ad7be3246b9829609041d58f463f40bdd52e01c2,2026-04-23,etf_flows,ETF Flows,55,7.7,7.7,weight_pct,pct,fresh,2026-04-23T16:00:00.000Z,,v1.1,
7e374da92a0140b538379cbff03d4b4f07a32dc7,ad7be3246b9829609041d58f463f40bdd52e01c2,2026-04-23,macro_overlay,Macro Overlay,28,10,10,weight_pct,pct,fresh,2026-04-23T12:01:32.789Z,,v1.1,
7e374da92a0140b538379cbff03d4b4f07a32dc7,ad7be3246b9829609041d58f463f40bdd52e01c2,2026-04-23,net_liquidity,Net Liquidity (FRED),10,4.3,4.3,weight_pct,pct,fresh,2026-04-15T00:00:00.000Z,,v1.1,
7e374da92a0140b538379cbff03d4b4f07a32dc7,ad7be3246b9829609041d58f463f40bdd52e01c2,2026-04-23,social_interest,Social Interest,78,10,10,weight_pct,pct,fresh,2026-04-23T12:01:30.671Z,,v1.1,
7e374da92a0140b538379cbff03d4b4f07a32dc7,ad7be3246b9829609041d58f463f40bdd52e01c2,2026-04-23,stablecoins,Stablecoins,82,18,18,weight_pct,pct,fresh,2026-04-23T12:02:44.034Z,,v1.1,
7e374da92a0140b538379cbff03d4b4f07a32dc7,ad7be3246b9829609041d58f463f40bdd52e01c2,2026-04-23,term_leverage,Term Structure & Leverage,63,20,20,weight_pct,pct,fresh,2026-04-23T12:01:32.132Z,,v1.1,
7e374da92a0140b538379cbff03d4b4f07a32dc7,ad7be3246b9829609041d58f463f40bdd52e01c2,2026-04-23,trend_valuation,Trend & Valuation,52,30,30,weight_pct,pct,fresh,2026-04-23T12:01:30.659Z,,v1.1,
6d37de82930aabbffb1ff4e4e3a47d8d988849bc,790fd9c3aa5b4013ab626244c036907a5440c5c4,2026-04-24,etf_flows,ETF Flows,52,7.7,7.7,weight_pct,pct,fresh,2026-04-24T16:00:00.000Z,,v1.1,
6d37de82930aabbffb1ff4e4e3a47d8d988849bc,790fd9c3aa5b4013ab626244c036907a5440c5c4,2026-04-24,macro_overlay,Macro Overlay,28,10,10,weight_pct,pct,fresh,2026-04-23T12:01:32.789Z,,v1.1,
6d37de82930aabbffb1ff4e4e3a47d8d988849bc,790fd9c3aa5b4013ab626244c036907a5440c5c4,2026-04-24,net_liquidity,Net Liquidity (FRED),10,4.3,4.3,weight_pct,pct,fresh,2026-04-15T00:00:00.000Z,,v1.1,
6d37de82930aabbffb1ff4e4e3a47d8d988849bc,790fd9c3aa5b4013ab626244c036907a5440c5c4,2026-04-24,social_interest,Social Interest,78,10,10,weight_pct,pct,fresh,2026-04-24T12:00:34.461Z,,v1.1,
6d37de82930aabbffb1ff4e4e3a47d8d988849bc,790fd9c3aa5b4013ab626244c036907a5440c5c4,2026-04-24,stablecoins,Stablecoins,82,18,18,weight_pct,pct,fresh,2026-04-24T12:01:47.102Z,,v1.1,
6d37de82930aabbffb1ff4e4e3a47d8d988849bc,790fd9c3aa5b4013ab626244c036907a5440c5c4,2026-04-24,term_leverage,Term Structure & Leverage,61,20,20,weight_pct,pct,fresh,2026-04-24T12:00:35.732Z,,v1.1,
6d37de82930aabbffb1ff4e4e3a47d8d988849bc,790fd9c3aa5b4013ab626244c036907a5440c5c4,2026-04-24,trend_valuation,Trend & Valuation,52,30,30,weight_pct,pct,fresh,2026-04-24T12:00:34.450Z,,v1.1,
367f2d14750d40168d52c2f6dc65111326108f84,1095549297b6289acd1a71e1c08f43340df7cd4d,2026-04-25,etf_flows,ETF Flows,49,7.7,7.7,weight_pct,pct,fresh,2026-04-24T16:00:00.000Z,,v1.1,
367f2d14750d40168d52c2f6dc65111326108f84,1095549297b6289acd1a71e1c08f43340df7cd4d,2026-04-25,macro_overlay,Macro Overlay,28,10,10,weight_pct,pct,fresh,2026-04-25T11:42:06.285Z,,v1.1,
367f2d14750d40168d52c2f6dc65111326108f84,1095549297b6289acd1a71e1c08f43340df7cd4d,2026-04-25,net_liquidity,Net Liquidity (FRED),76,4.3,4.3,weight_pct,pct,fresh,2026-04-22T00:00:00.000Z,,v1.1,
367f2d14750d40168d52c2f6dc65111326108f84,1095549297b6289acd1a71e1c08f43340df7cd4d,2026-04-25,social_interest,Social Interest,78,10,10,weight_pct,pct,fresh,2026-04-25T11:42:05.995Z,,v1.1,
367f2d14750d40168d52c2f6dc65111326108f84,1095549297b6289acd1a71e1c08f43340df7cd4d,2026-04-25,stablecoins,Stablecoins,36,18,18,weight_pct,pct,fresh,2026-04-25T11:43:16.178Z,,v1.1,
367f2d14750d40168d52c2f6dc65111326108f84,1095549297b6289acd1a71e1c08f43340df7cd4d,2026-04-25,term_leverage,Term Structure & Leverage,63,20,20,weight_pct,pct,fresh,2026-04-25T11:42:07.451Z,,v1.1,
367f2d14750d40168d52c2f6dc65111326108f84,1095549297b6289acd1a71e1c08f43340df7cd4d,2026-04-25,trend_valuation,Trend & Valuation,52,30,30,weight_pct,pct,fresh,2026-04-25T11:42:05.983Z,,v1.1,
6737a94cea5a17d440ebdf7009479ea89e417dde,55178238f6ed9e5735d954cc525499ecd8aaf437,2026-04-26,etf_flows,ETF Flows,49,7.7,7.7,weight_pct,pct,fresh,2026-04-24T16:00:00.000Z,,v1.1,
6737a94cea5a17d440ebdf7009479ea89e417dde,55178238f6ed9e5735d954cc525499ecd8aaf437,2026-04-26,macro_overlay,Macro Overlay,28,10,10,weight_pct,pct,fresh,2026-04-26T11:43:18.557Z,,v1.1,
6737a94cea5a17d440ebdf7009479ea89e417dde,55178238f6ed9e5735d954cc525499ecd8aaf437,2026-04-26,net_liquidity,Net Liquidity (FRED),76,4.3,4.3,weight_pct,pct,fresh,2026-04-22T00:00:00.000Z,,v1.1,
6737a94cea5a17d440ebdf7009479ea89e417dde,55178238f6ed9e5735d954cc525499ecd8aaf437,2026-04-26,social_interest,Social Interest,78,10,10,weight_pct,pct,fresh,2026-04-26T11:43:17.906Z,,v1.1,
6737a94cea5a17d440ebdf7009479ea89e417dde,55178238f6ed9e5735d954cc525499ecd8aaf437,2026-04-26,stablecoins,Stablecoins,82,18,18,weight_pct,pct,fresh,2026-04-26T11:44:29.696Z,,v1.1,
6737a94cea5a17d440ebdf7009479ea89e417dde,55178238f6ed9e5735d954cc525499ecd8aaf437,2026-04-26,term_leverage,Term Structure & Leverage,63,20,20,weight_pct,pct,fresh,2026-04-26T11:43:19.307Z,,v1.1,
6737a94cea5a17d440ebdf7009479ea89e417dde,55178238f6ed9e5735d954cc525499ecd8aaf437,2026-04-26,trend_valuation,Trend & Valuation,51,30,30,weight_pct,pct,fresh,2026-04-26T11:43:17.894Z,,v1.1,
87254fa3d33b4022d79a4573476b0f8ade1fe3c7,4e21b0b0a90c66d125fabf902d1c7133fb6818e7,2026-04-27,etf_flows,ETF Flows,51,7.7,7.7,weight_pct,pct,fresh,2026-04-27T16:00:00.000Z,,v1.1,
87254fa3d33b4022d79a4573476b0f8ade1fe3c7,4e21b0b0a90c66d125fabf902d1c7133fb6818e7,2026-04-27,macro_overlay,Macro Overlay,28,10,10,weight_pct,pct,fresh,2026-04-27T12:21:25.727Z,,v1.1,
87254fa3d33b4022d79a4573476b0f8ade1fe3c7,4e21b0b0a90c66d125fabf902d1c7133fb6818e7,2026-04-27,net_liquidity,Net Liquidity (FRED),76,4.3,4.3,weight_pct,pct,fresh,2026-04-22T00:00:00.000Z,,v1.1,
87254fa3d33b4022d79a4573476b0f8ade1fe3c7,4e21b0b0a90c66d125fabf902d1c7133fb6818e7,2026-04-27,social_interest,Social Interest,78,10,10,weight_pct,pct,fresh,2026-04-27T12:21:24.868Z,,v1.1,
87254fa3d33b4022d79a4573476b0f8ade1fe3c7,4e21b0b0a90c66d125fabf902d1c7133fb6818e7,2026-04-27,stablecoins,Stablecoins,82,18,18,weight_pct,pct,fresh,2026-04-27T12:22:37.471Z,,v1.1,
87254fa3d33b4022d79a4573476b0f8ade1fe3c7,4e21b0b0a90c66d125fabf902d1c7133fb6818e7,2026-04-27,term_leverage,Term Structure & Leverage,61,20,20,weight_pct,pct,fresh,2026-04-27T12:21:26.652Z,,v1.1,
87254fa3d33b4022d79a4573476b0f8ade1fe3c7,4e21b0b0a90c66d125fabf902d1c7133fb6818e7,2026-04-27,trend_valuation,Trend & Valuation,51,30,30,weight_pct,pct,fresh,2026-04-27T12:21:24.856Z,,v1.1,
a497e15640692abea608e06c92ccced2651a993a,ef117d32322e7a6dd9d2efe43eaf642ed7e009f2,2026-04-28,etf_flows,ETF Flows,65,7.7,7.7,weight_pct,pct,fresh,2026-04-28T16:00:00.000Z,,v1.1,
a497e15640692abea608e06c92ccced2651a993a,ef117d32322e7a6dd9d2efe43eaf642ed7e009f2,2026-04-28,macro_overlay,Macro Overlay,22,10,10,weight_pct,pct,fresh,2026-04-28T12:25:11.053Z,,v1.1,
a497e15640692abea608e06c92ccced2651a993a,ef117d32322e7a6dd9d2efe43eaf642ed7e009f2,2026-04-28,net_liquidity,Net Liquidity (FRED),76,4.3,4.3,weight_pct,pct,fresh,2026-04-22T00:00:00.000Z,,v1.1,
a497e15640692abea608e06c92ccced2651a993a,ef117d32322e7a6dd9d2efe43eaf642ed7e009f2,2026-04-28,social_interest,Social Interest,78,10,10,weight_pct,pct,fresh,2026-04-28T12:25:10.532Z,,v1.1,
a497e15640692abea608e06c92ccced2651a993a,ef117d32322e7a6dd9d2efe43eaf642ed7e009f2,2026-04-28,stablecoins,Stablecoins,37,18,18,weight_pct,pct,fresh,2026-04-28T12:26:20.769Z,,v1.1,
a497e15640692abea608e06c92ccced2651a993a,ef117d32322e7a6dd9d2efe43eaf642ed7e009f2,2026-04-28,term_leverage,Term Structure & Leverage,55,20,20,weight_pct,pct,fresh,2026-04-28T12:25:12.456Z,,v1.1,
a497e15640692abea608e06c92ccced2651a993a,ef117d32322e7a6dd9d2efe43eaf642ed7e009f2,2026-04-28,trend_valuation,Trend & Valuation,51,30,30,weight_pct,pct,fresh,2026-04-28T12:25:10.521Z,,v1.1,
bf1b92c932aca2bc6db4c578cb893c547c029e49,cd858b50c5d4e667a0e26d988801108e5d7d46cb,2026-04-29,etf_flows,ETF Flows,73,7.7,7.7,weight_pct,pct,fresh,2026-04-29T16:00:00.000Z,,v1.1,
bf1b92c932aca2bc6db4c578cb893c547c029e49,cd858b50c5d4e667a0e26d988801108e5d7d46cb,2026-04-29,macro_overlay,Macro Overlay,22,10,10,weight_pct,pct,fresh,2026-04-28T12:25:11.053Z,,v1.1,
bf1b92c932aca2bc6db4c578cb893c547c029e49,cd858b50c5d4e667a0e26d988801108e5d7d46cb,2026-04-29,net_liquidity,Net Liquidity (FRED),76,4.3,4.3,weight_pct,pct,fresh,2026-04-22T00:00:00.000Z,,v1.1,
bf1b92c932aca2bc6db4c578cb893c547c029e49,cd858b50c5d4e667a0e26d988801108e5d7d46cb,2026-04-29,social_interest,Social Interest,78,10,10,weight_pct,pct,fresh,2026-04-29T12:19:22.555Z,,v1.1,
bf1b92c932aca2bc6db4c578cb893c547c029e49,cd858b50c5d4e667a0e26d988801108e5d7d46cb,2026-04-29,stablecoins,Stablecoins,82,18,18,weight_pct,pct,fresh,2026-04-29T12:20:34.213Z,,v1.1,
bf1b92c932aca2bc6db4c578cb893c547c029e49,cd858b50c5d4e667a0e26d988801108e5d7d46cb,2026-04-29,term_leverage,Term Structure & Leverage,55,20,20,weight_pct,pct,fresh,2026-04-29T12:19:24.310Z,,v1.1,
bf1b92c932aca2bc6db4c578cb893c547c029e49,cd858b50c5d4e667a0e26d988801108e5d7d46cb,2026-04-29,trend_valuation,Trend & Valuation,51,30,30,weight_pct,pct,fresh,2026-04-29T12:19:22.541Z,,v1.1,
85db28d5a19acbf670d92267a8fca63186d878c9,b27ccb7682fb328c406394b1b6ec58b2fd23d4a3,2026-04-30,etf_flows,ETF Flows,62,7.7,7.7,weight_pct,pct,fresh,2026-04-30T16:00:00.000Z,,v1.1,
85db28d5a19acbf670d92267a8fca63186d878c9,b27ccb7682fb328c406394b1b6ec58b2fd23d4a3,2026-04-30,macro_overlay,Macro Overlay,24,10,10,weight_pct,pct,fresh,2026-04-30T12:17:14.013Z,,v1.1,
85db28d5a19acbf670d92267a8fca63186d878c9,b27ccb7682fb328c406394b1b6ec58b2fd23d4a3,2026-04-30,net_liquidity,Net Liquidity (FRED),76,4.3,4.3,weight_pct,pct,fresh,2026-04-22T00:00:00.000Z,,v1.1,
85db28d5a19acbf670d92267a8fca63186d878c9,b27ccb7682fb328c406394b1b6ec58b2fd23d4a3,2026-04-30,social_interest,Social Interest,78,10,10,weight_pct,pct,fresh,2026-04-30T12:17:13.141Z,,v1.1,
85db28d5a19acbf670d92267a8fca63186d878c9,b27ccb7682fb328c406394b1b6ec58b2fd23d4a3,2026-04-30,stablecoins,Stablecoins,40,18,18,weight_pct,pct,fresh,2026-04-30T12:18:23.343Z,,v1.1,
85db28d5a19acbf670d92267a8fca63186d878c9,b27ccb7682fb328c406394b1b6ec58b2fd23d4a3,2026-04-30,term_leverage,Term Structure & Leverage,63,20,20,weight_pct,pct,fresh,2026-04-30T12:17:14.953Z,,v1.1,
85db28d5a19acbf670d92267a8fca63186d878c9,b27ccb7682fb328c406394b1b6ec58b2fd23d4a3,2026-04-30,trend_valuation,Trend & Valuation,51,30,30,weight_pct,pct,fresh,2026-04-30T12:17:13.127Z,,v1.1,
f836cbb5fdeb47ca299cdab58d3a6af53b76faa1,f8c4222248b0a937e5573dc89658a9e1a140eadc,2026-05-01,etf_flows,ETF Flows,64,7.7,7.7,weight_pct,pct,fresh,2026-05-01T16:00:00.000Z,,v1.1,
f836cbb5fdeb47ca299cdab58d3a6af53b76faa1,f8c4222248b0a937e5573dc89658a9e1a140eadc,2026-05-01,macro_overlay,Macro Overlay,24,10,10,weight_pct,pct,fresh,2026-04-30T12:17:14.013Z,,v1.1,
f836cbb5fdeb47ca299cdab58d3a6af53b76faa1,f8c4222248b0a937e5573dc89658a9e1a140eadc,2026-05-01,net_liquidity,Net Liquidity (FRED),82,4.3,4.3,weight_pct,pct,fresh,2026-04-29T00:00:00.000Z,,v1.1,
f836cbb5fdeb47ca299cdab58d3a6af53b76faa1,f8c4222248b0a937e5573dc89658a9e1a140eadc,2026-05-01,social_interest,Social Interest,78,10,10,weight_pct,pct,fresh,2026-05-01T12:02:07.020Z,,v1.1,
f836cbb5fdeb47ca299cdab58d3a6af53b76faa1,f8c4222248b0a937e5573dc89658a9e1a140eadc,2026-05-01,stablecoins,Stablecoins,82,18,18,weight_pct,pct,fresh,2026-05-01T12:03:19.026Z,,v1.1,
f836cbb5fdeb47ca299cdab58d3a6af53b76faa1,f8c4222248b0a937e5573dc89658a9e1a140eadc,2026-05-01,term_leverage,Term Structure & Leverage,59,20,20,weight_pct,pct,fresh,2026-05-01T12:02:08.129Z,,v1.1,
f836cbb5fdeb47ca299cdab58d3a6af53b76faa1,f8c4222248b0a937e5573dc89658a9e1a140eadc,2026-05-01,trend_valuation,Trend & Valuation,51,30,30,weight_pct,pct,fresh,2026-05-01T12:02:07.003Z,,v1.1,
af65f610708de34797d418be09cdc394f67488ec,e5c3a15a0a7d1bd5d610624df03c7474b5b1eda8,2026-05-02,etf_flows,ETF Flows,64,7.7,7.7,weight_pct,pct,fresh,2026-05-01T16:00:00.000Z,,v1.1,
af65f610708de34797d418be09cdc394f67488ec,e5c3a15a0a7d1bd5d610624df03c7474b5b1eda8,2026-05-02,macro_overlay,Macro Overlay,21,10,10,weight_pct,pct,fresh,2026-05-02T11:50:47.159Z,,v1.1,
af65f610708de34797d418be09cdc394f67488ec,e5c3a15a0a7d1bd5d610624df03c7474b5b1eda8,2026-05-02,net_liquidity,Net Liquidity (FRED),82,4.3,4.3,weight_pct,pct,fresh,2026-04-29T00:00:00.000Z,,v1.1,
af65f610708de34797d418be09cdc394f67488ec,e5c3a15a0a7d1bd5d610624df03c7474b5b1eda8,2026-05-02,social_interest,Social Interest,78,10,10,weight_pct,pct,fresh,2026-05-02T11:50:46.618Z,,v1.1,
af65f610708de34797d418be09cdc394f67488ec,e5c3a15a0a7d1bd5d610624df03c7474b5b1eda8,2026-05-02,stablecoins,Stablecoins,82,18,18,weight_pct,pct,fresh,2026-05-02T11:51:59.200Z,,v1.1,
af65f610708de34797d418be09cdc394f67488ec,e5c3a15a0a7d1bd5d610624df03c7474b5b1eda8,2026-05-02,term_leverage,Term Structure & Leverage,65,20,20,weight_pct,pct,fresh,2026-05-02T11:50:48.524Z,,v1.1,
af65f610708de34797d418be09cdc394f67488ec,e5c3a15a0a7d1bd5d610624df03c7474b5b1eda8,2026-05-02,trend_valuation,Trend & Valuation,52,30,30,weight_pct,pct,fresh,2026-05-02T11:50:46.606Z,,v1.1,
92287c2fd1cca366ac732efd36e644be045021df,8b0e47adb60c10ef690948153d7f2a984d26f630,2026-05-03,etf_flows,ETF Flows,64,7.7,7.7,weight_pct,pct,fresh,2026-05-01T16:00:00.000Z,,v1.1,
92287c2fd1cca366ac732efd36e644be045021df,8b0e47adb60c10ef690948153d7f2a984d26f630,2026-05-03,macro_overlay,Macro Overlay,21,10,10,weight_pct,pct,fresh,2026-05-02T11:50:47.159Z,,v1.1,
92287c2fd1cca366ac732efd36e644be045021df,8b0e47adb60c10ef690948153d7f2a984d26f630,2026-05-03,net_liquidity,Net Liquidity (FRED),82,4.3,4.3,weight_pct,pct,fresh,2026-04-29T00:00:00.000Z,,v1.1,
92287c2fd1cca366ac732efd36e644be045021df,8b0e47adb60c10ef690948153d7f2a984d26f630,2026-05-03,social_interest,Social Interest,78,10,10,weight_pct,pct,fresh,2026-05-03T11:49:42.874Z,,v1.1,
92287c2fd1cca366ac732efd36e644be045021df,8b0e47adb60c10ef690948153d7f2a984d26f630,2026-05-03,stablecoins,Stablecoins,45,18,18,weight_pct,pct,fresh,2026-05-03T11:50:53.029Z,,v1.1,
92287c2fd1cca366ac732efd36e644be045021df,8b0e47adb60c10ef690948153d7f2a984d26f630,2026-05-03,term_leverage,Term Structure & Leverage,59,20,20,weight_pct,pct,fresh,2026-05-03T11:49:44.211Z,,v1.1,
92287c2fd1cca366ac732efd36e644be045021df,8b0e47adb60c10ef690948153d7f2a984d26f630,2026-05-03,trend_valuation,Trend & Valuation,52,30,30,weight_pct,pct,fresh,2026-05-03T11:49:42.862Z,,v1.1,
3c3046b81c757a7a1ab68256625dd44f1d0e0ee6,2fd494f8a85ac873292d6a22b13ad29e0db5bf44,2026-05-04,etf_flows,ETF Flows,64,7.7,7.7,weight_pct,pct,fresh,2026-05-04T16:00:00.000Z,,v1.1,
3c3046b81c757a7a1ab68256625dd44f1d0e0ee6,2fd494f8a85ac873292d6a22b13ad29e0db5bf44,2026-05-04,macro_overlay,Macro Overlay,21,10,10,weight_pct,pct,fresh,2026-05-04T12:22:02.769Z,,v1.1,
3c3046b81c757a7a1ab68256625dd44f1d0e0ee6,2fd494f8a85ac873292d6a22b13ad29e0db5bf44,2026-05-04,net_liquidity,Net Liquidity (FRED),82,4.3,4.3,weight_pct,pct,fresh,2026-04-29T00:00:00.000Z,,v1.1,
3c3046b81c757a7a1ab68256625dd44f1d0e0ee6,2fd494f8a85ac873292d6a22b13ad29e0db5bf44,2026-05-04,social_interest,Social Interest,78,10,10,weight_pct,pct,fresh,2026-05-04T12:22:02.159Z,,v1.1,
3c3046b81c757a7a1ab68256625dd44f1d0e0ee6,2fd494f8a85ac873292d6a22b13ad29e0db5bf44,2026-05-04,stablecoins,Stablecoins,42,18,18,weight_pct,pct,fresh,2026-05-04T12:23:12.347Z,,v1.1,
3c3046b81c757a7a1ab68256625dd44f1d0e0ee6,2fd494f8a85ac873292d6a22b13ad29e0db5bf44,2026-05-04,term_leverage,Term Structure & Leverage,57,20,20,weight_pct,pct,fresh,2026-05-04T12:22:03.530Z,,v1.1,
3c3046b81c757a7a1ab68256625dd44f1d0e0ee6,2fd494f8a85ac873292d6a22b13ad29e0db5bf44,2026-05-04,trend_valuation,Trend & Valuation,52,30,30,weight_pct,pct,fresh,2026-05-04T12:22:02.148Z,,v1.1,
d55274557b3ed1fea7bd9fa62e1bbef879872b4b,db1d9921e0fe5b1c2f8d64c5f548883ed67f302c,2026-05-05,etf_flows,ETF Flows,66,7.7,7.7,weight_pct,pct,fresh,2026-05-05T16:00:00.000Z,,v1.1,
d55274557b3ed1fea7bd9fa62e1bbef879872b4b,db1d9921e0fe5b1c2f8d64c5f548883ed67f302c,2026-05-05,macro_overlay,Macro Overlay,21,10,10,weight_pct,pct,fresh,2026-05-04T12:22:02.769Z,,v1.1,
d55274557b3ed1fea7bd9fa62e1bbef879872b4b,db1d9921e0fe5b1c2f8d64c5f548883ed67f302c,2026-05-05,net_liquidity,Net Liquidity (FRED),82,4.3,4.3,weight_pct,pct,fresh,2026-04-29T00:00:00.000Z,,v1.1,
d55274557b3ed1fea7bd9fa62e1bbef879872b4b,db1d9921e0fe5b1c2f8d64c5f548883ed67f302c,2026-05-05,social_interest,Social Interest,78,10,10,weight_pct,pct,fresh,2026-05-05T12:06:23.513Z,,v1.1,
d55274557b3ed1fea7bd9fa62e1bbef879872b4b,db1d9921e0fe5b1c2f8d64c5f548883ed67f302c,2026-05-05,stablecoins,Stablecoins,82,18,18,weight_pct,pct,fresh,2026-05-05T12:07:35.737Z,,v1.1,
d55274557b3ed1fea7bd9fa62e1bbef879872b4b,db1d9921e0fe5b1c2f8d64c5f548883ed67f302c,2026-05-05,term_leverage,Term Structure & Leverage,57,20,20,weight_pct,pct,fresh,2026-05-05T12:06:25.811Z,,v1.1,
d55274557b3ed1fea7bd9fa62e1bbef879872b4b,db1d9921e0fe5b1c2f8d64c5f548883ed67f302c,2026-05-05,trend_valuation,Trend & Valuation,53,30,30,weight_pct,pct,fresh,2026-05-05T12:06:23.506Z,,v1.1,
977140dc0debbc6f7ee50560d558f17885f4fd8d,8fac5ed70775af0a7d96d689d30f5672c4525c57,2026-05-06,etf_flows,ETF Flows,48,7.7,7.7,weight_pct,pct,fresh,2026-05-06T16:00:00.000Z,,v1.1,
977140dc0debbc6f7ee50560d558f17885f4fd8d,8fac5ed70775af0a7d96d689d30f5672c4525c57,2026-05-06,macro_overlay,Macro Overlay,32,10,10,weight_pct,pct,fresh,2026-05-06T12:57:25.383Z,,v1.1,
977140dc0debbc6f7ee50560d558f17885f4fd8d,8fac5ed70775af0a7d96d689d30f5672c4525c57,2026-05-06,net_liquidity,Net Liquidity (FRED),82,4.3,4.3,weight_pct,pct,fresh,2026-04-29T00:00:00.000Z,,v1.1,
977140dc0debbc6f7ee50560d558f17885f4fd8d,8fac5ed70775af0a7d96d689d30f5672c4525c57,2026-05-06,social_interest,Social Interest,78,10,10,weight_pct,pct,fresh,2026-05-06T12:57:24.937Z,,v1.1,
977140dc0debbc6f7ee50560d558f17885f4fd8d,8fac5ed70775af0a7d96d689d30f5672c4525c57,2026-05-06,stablecoins,Stablecoins,33,18,18,weight_pct,pct,fresh,2026-05-06T12:58:35.062Z,,v1.1,
977140dc0debbc6f7ee50560d558f17885f4fd8d,8fac5ed70775af0a7d96d689d30f5672c4525c57,2026-05-06,term_leverage,Term Structure & Leverage,57,20,20,weight_pct,pct,fresh,2026-05-06T12:57:26.915Z,,v1.1,
977140dc0debbc6f7ee50560d558f17885f4fd8d,8fac5ed70775af0a7d96d689d30f5672c4525c57,2026-05-06,trend_valuation,Trend & Valuation,53,30,30,weight_pct,pct,fresh,2026-05-06T12:57:24.927Z,,v1.1,
19b889bde308915e7279ade1df3fbeb5e0bb2571,1e4bce46cc4ec59f4700c911108aa6269740376e,2026-05-07,etf_flows,ETF Flows,41,7.7,7.7,weight_pct,pct,fresh,2026-05-07T16:00:00.000Z,,v1.1,
19b889bde308915e7279ade1df3fbeb5e0bb2571,1e4bce46cc4ec59f4700c911108aa6269740376e,2026-05-07,macro_overlay,Macro Overlay,27,10,10,weight_pct,pct,fresh,2026-05-07T12:58:56.217Z,,v1.1,
19b889bde308915e7279ade1df3fbeb5e0bb2571,1e4bce46cc4ec59f4700c911108aa6269740376e,2026-05-07,net_liquidity,Net Liquidity (FRED),69,4.3,4.3,weight_pct,pct,fresh,2026-05-06T00:00:00.000Z,,v1.1,
19b889bde308915e7279ade1df3fbeb5e0bb2571,1e4bce46cc4ec59f4700c911108aa6269740376e,2026-05-07,social_interest,Social Interest,78,10,10,weight_pct,pct,fresh,2026-05-07T21:01:28.384Z,,v1.1,
19b889bde308915e7279ade1df3fbeb5e0bb2571,1e4bce46cc4ec59f4700c911108aa6269740376e,2026-05-07,stablecoins,Stablecoins,23,18,18,weight_pct,pct,fresh,2026-05-07T21:01:28.384Z,,v1.1,
19b889bde308915e7279ade1df3fbeb5e0bb2571,1e4bce46cc4ec59f4700c911108aa6269740376e,2026-05-07,term_leverage,Term Structure & Leverage,49,20,20,weight_pct,pct,fresh,2026-05-07T21:01:29.908Z,,v1.1,
19b889bde308915e7279ade1df3fbeb5e0bb2571,1e4bce46cc4ec59f4700c911108aa6269740376e,2026-05-07,trend_valuation,Trend & Valuation,52,30,30,weight_pct,pct,fresh,2026-05-07T21:01:28.354Z,,v1.1,
55da28d9ab269167b6d53330bd43f7d1f801b759,ff1cdd0e7c3668d8ad20610d27d58f380ea2b59e,2026-05-07,etf_flows,ETF Flows,41,7.7,7.7,weight_pct,pct,fresh,2026-05-07T16:00:00.000Z,,v1.1,
55da28d9ab269167b6d53330bd43f7d1f801b759,ff1cdd0e7c3668d8ad20610d27d58f380ea2b59e,2026-05-07,macro_overlay,Macro Overlay,27,10,10,weight_pct,pct,fresh,2026-05-07T12:58:56.217Z,,v1.1,
55da28d9ab269167b6d53330bd43f7d1f801b759,ff1cdd0e7c3668d8ad20610d27d58f380ea2b59e,2026-05-07,net_liquidity,Net Liquidity (FRED),82,4.3,4.3,weight_pct,pct,fresh,2026-04-29T00:00:00.000Z,,v1.1,
55da28d9ab269167b6d53330bd43f7d1f801b759,ff1cdd0e7c3668d8ad20610d27d58f380ea2b59e,2026-05-07,social_interest,Social Interest,78,10,10,weight_pct,pct,fresh,2026-05-07T20:32:12.490Z,,v1.1,
55da28d9ab269167b6d53330bd43f7d1f801b759,ff1cdd0e7c3668d8ad20610d27d58f380ea2b59e,2026-05-07,stablecoins,Stablecoins,23,18,18,weight_pct,pct,fresh,2026-05-07T20:32:12.489Z,,v1.1,
55da28d9ab269167b6d53330bd43f7d1f801b759,ff1cdd0e7c3668d8ad20610d27d58f380ea2b59e,2026-05-07,term_leverage,Term Structure & Leverage,49,20,20,weight_pct,pct,fresh,2026-05-07T20:32:14.384Z,,v1.1,
55da28d9ab269167b6d53330bd43f7d1f801b759,ff1cdd0e7c3668d8ad20610d27d58f380ea2b59e,2026-05-07,trend_valuation,Trend & Valuation,52,30,30,weight_pct,pct,fresh,2026-05-07T20:32:12.458Z,,v1.1,
58ac7f82ed39a495b96578ce1492a24a46c9c7b4,348382d600019f8a0320b4bd950fda20aee3e973,2026-05-07,etf_flows,ETF Flows,41,7.7,7.7,weight_pct,pct,fresh,2026-05-07T16:00:00.000Z,,v1.1,
58ac7f82ed39a495b96578ce1492a24a46c9c7b4,348382d600019f8a0320b4bd950fda20aee3e973,2026-05-07,macro_overlay,Macro Overlay,27,10,10,weight_pct,pct,fresh,2026-05-07T12:58:56.217Z,,v1.1,
58ac7f82ed39a495b96578ce1492a24a46c9c7b4,348382d600019f8a0320b4bd950fda20aee3e973,2026-05-07,net_liquidity,Net Liquidity (FRED),69,4.3,4.3,weight_pct,pct,fresh,2026-05-06T00:00:00.000Z,,v1.1,
58ac7f82ed39a495b96578ce1492a24a46c9c7b4,348382d600019f8a0320b4bd950fda20aee3e973,2026-05-07,social_interest,Social Interest,78,10,10,weight_pct,pct,fresh,2026-05-07T23:19:37.536Z,,v1.1,
58ac7f82ed39a495b96578ce1492a24a46c9c7b4,348382d600019f8a0320b4bd950fda20aee3e973,2026-05-07,stablecoins,Stablecoins,23,18,18,weight_pct,pct,fresh,2026-05-07T23:19:37.535Z,,v1.1,
58ac7f82ed39a495b96578ce1492a24a46c9c7b4,348382d600019f8a0320b4bd950fda20aee3e973,2026-05-07,term_leverage,Term Structure & Leverage,49,20,20,weight_pct,pct,fresh,2026-05-07T23:19:38.898Z,,v1.1,
58ac7f82ed39a495b96578ce1492a24a46c9c7b4,348382d600019f8a0320b4bd950fda20aee3e973,2026-05-07,trend_valuation,Trend & Valuation,52,30,30,weight_pct,pct,fresh,2026-05-07T23:19:37.488Z,,v1.1,
7b10d52d09bdc0a1b056c3edd4be9dd3b4582b42,a2414426b4e55b8ffbda6c7664b6acb82d3244c7,2026-05-07,etf_flows,ETF Flows,41,7.7,7.7,weight_pct,pct,fresh,2026-05-07T16:00:00.000Z,,v1.1,
7b10d52d09bdc0a1b056c3edd4be9dd3b4582b42,a2414426b4e55b8ffbda6c7664b6acb82d3244c7,2026-05-07,macro_overlay,Macro Overlay,27,10,10,weight_pct,pct,fresh,2026-05-07T12:58:56.217Z,,v1.1,
7b10d52d09bdc0a1b056c3edd4be9dd3b4582b42,a2414426b4e55b8ffbda6c7664b6acb82d3244c7,2026-05-07,net_liquidity,Net Liquidity (FRED),82,4.3,4.3,weight_pct,pct,fresh,2026-04-29T00:00:00.000Z,,v1.1,
7b10d52d09bdc0a1b056c3edd4be9dd3b4582b42,a2414426b4e55b8ffbda6c7664b6acb82d3244c7,2026-05-07,social_interest,Social Interest,78,10,10,weight_pct,pct,fresh,2026-05-07T16:24:46.740Z,,v1.1,
7b10d52d09bdc0a1b056c3edd4be9dd3b4582b42,a2414426b4e55b8ffbda6c7664b6acb82d3244c7,2026-05-07,stablecoins,Stablecoins,23,18,18,weight_pct,pct,fresh,2026-05-07T16:24:46.738Z,,v1.1,
7b10d52d09bdc0a1b056c3edd4be9dd3b4582b42,a2414426b4e55b8ffbda6c7664b6acb82d3244c7,2026-05-07,term_leverage,Term Structure & Leverage,51,20,20,weight_pct,pct,fresh,2026-05-07T16:24:48.712Z,,v1.1,
7b10d52d09bdc0a1b056c3edd4be9dd3b4582b42,a2414426b4e55b8ffbda6c7664b6acb82d3244c7,2026-05-07,trend_valuation,Trend & Valuation,52,30,30,weight_pct,pct,fresh,2026-05-07T16:24:46.702Z,,v1.1,
883b3a17d41b1d481777dfc636600415c143ce21,e768f9540cda5ff37e62d95a0c44567ab5bad209,2026-05-07,etf_flows,ETF Flows,41,7.7,7.7,weight_pct,pct,fresh,2026-05-07T16:00:00.000Z,,v1.1,
883b3a17d41b1d481777dfc636600415c143ce21,e768f9540cda5ff37e62d95a0c44567ab5bad209,2026-05-07,macro_overlay,Macro Overlay,27,10,10,weight_pct,pct,fresh,2026-05-07T12:58:56.217Z,,v1.1,
883b3a17d41b1d481777dfc636600415c143ce21,e768f9540cda5ff37e62d95a0c44567ab5bad209,2026-05-07,net_liquidity,Net Liquidity (FRED),69,4.3,4.3,weight_pct,pct,fresh,2026-05-06T00:00:00.000Z,,v1.1,
883b3a17d41b1d481777dfc636600415c143ce21,e768f9540cda5ff37e62d95a0c44567ab5bad209,2026-05-07,social_interest,Social Interest,78,10,10,weight_pct,pct,fresh,2026-05-07T22:52:31.177Z,,v1.1,
883b3a17d41b1d481777dfc636600415c143ce21,e768f9540cda5ff37e62d95a0c44567ab5bad209,2026-05-07,stablecoins,Stablecoins,23,18,18,weight_pct,pct,fresh,2026-05-07T22:52:31.176Z,,v1.1,
883b3a17d41b1d481777dfc636600415c143ce21,e768f9540cda5ff37e62d95a0c44567ab5bad209,2026-05-07,term_leverage,Term Structure & Leverage,49,20,20,weight_pct,pct,fresh,2026-05-07T22:52:33.506Z,,v1.1,
883b3a17d41b1d481777dfc636600415c143ce21,e768f9540cda5ff37e62d95a0c44567ab5bad209,2026-05-07,trend_valuation,Trend & Valuation,52,30,30,weight_pct,pct,fresh,2026-05-07T22:52:31.142Z,,v1.1,
b03bc4cc5aaa4b058983d95f581fde162f8b1ed8,63cda212511ce4a362f54bb2e46cd5e3bda59e52,2026-05-07,etf_flows,ETF Flows,41,7.7,7.7,weight_pct,pct,fresh,2026-05-07T16:00:00.000Z,,v1.1,
b03bc4cc5aaa4b058983d95f581fde162f8b1ed8,63cda212511ce4a362f54bb2e46cd5e3bda59e52,2026-05-07,macro_overlay,Macro Overlay,27,10,10,weight_pct,pct,fresh,2026-05-07T12:58:56.217Z,,v1.1,
b03bc4cc5aaa4b058983d95f581fde162f8b1ed8,63cda212511ce4a362f54bb2e46cd5e3bda59e52,2026-05-07,net_liquidity,Net Liquidity (FRED),82,4.3,4.3,weight_pct,pct,fresh,2026-04-29T00:00:00.000Z,,v1.1,
b03bc4cc5aaa4b058983d95f581fde162f8b1ed8,63cda212511ce4a362f54bb2e46cd5e3bda59e52,2026-05-07,social_interest,Social Interest,78,10,10,weight_pct,pct,fresh,2026-05-07T19:14:07.597Z,,v1.1,
b03bc4cc5aaa4b058983d95f581fde162f8b1ed8,63cda212511ce4a362f54bb2e46cd5e3bda59e52,2026-05-07,stablecoins,Stablecoins,23,18,18,weight_pct,pct,fresh,2026-05-07T19:14:07.596Z,,v1.1,
b03bc4cc5aaa4b058983d95f581fde162f8b1ed8,63cda212511ce4a362f54bb2e46cd5e3bda59e52,2026-05-07,term_leverage,Term Structure & Leverage,51,20,20,weight_pct,pct,fresh,2026-05-07T19:14:09.566Z,,v1.1,
b03bc4cc5aaa4b058983d95f581fde162f8b1ed8,63cda212511ce4a362f54bb2e46cd5e3bda59e52,2026-05-07,trend_valuation,Trend & Valuation,52,30,30,weight_pct,pct,fresh,2026-05-07T19:14:07.555Z,,v1.1,
cb4b8dbbd58c873b5d6f10f5db9284e640ced5b4,0b12fde149b38f4fbe9134ba52fa27e0793f3284,2026-05-07,etf_flows,ETF Flows,41,7.7,7.7,weight_pct,pct,fresh,2026-05-07T16:00:00.000Z,,v1.1,
cb4b8dbbd58c873b5d6f10f5db9284e640ced5b4,0b12fde149b38f4fbe9134ba52fa27e0793f3284,2026-05-07,macro_overlay,Macro Overlay,27,10,10,weight_pct,pct,fresh,2026-05-07T12:58:56.217Z,,v1.1,
cb4b8dbbd58c873b5d6f10f5db9284e640ced5b4,0b12fde149b38f4fbe9134ba52fa27e0793f3284,2026-05-07,net_liquidity,Net Liquidity (FRED),82,4.3,4.3,weight_pct,pct,fresh,2026-04-29T00:00:00.000Z,,v1.1,
cb4b8dbbd58c873b5d6f10f5db9284e640ced5b4,0b12fde149b38f4fbe9134ba52fa27e0793f3284,2026-05-07,social_interest,Social Interest,78,10,10,weight_pct,pct,fresh,2026-05-07T17:59:48.666Z,,v1.1,
cb4b8dbbd58c873b5d6f10f5db9284e640ced5b4,0b12fde149b38f4fbe9134ba52fa27e0793f3284,2026-05-07,stablecoins,Stablecoins,23,18,18,weight_pct,pct,fresh,2026-05-07T17:59:48.663Z,,v1.1,
cb4b8dbbd58c873b5d6f10f5db9284e640ced5b4,0b12fde149b38f4fbe9134ba52fa27e0793f3284,2026-05-07,term_leverage,Term Structure & Leverage,51,20,20,weight_pct,pct,fresh,2026-05-07T17:59:50.394Z,,v1.1,
cb4b8dbbd58c873b5d6f10f5db9284e640ced5b4,0b12fde149b38f4fbe9134ba52fa27e0793f3284,2026-05-07,trend_valuation,Trend & Valuation,52,30,30,weight_pct,pct,fresh,2026-05-07T17:59:48.632Z,,v1.1,
ea29e5c6f64489deec5836e7524a492ae2244ba1,da4616f39d3ccbeb2ec05b1f96c99db7204da395,2026-05-07,etf_flows,ETF Flows,41,7.7,7.7,weight_pct,pct,fresh,2026-05-07T16:00:00.000Z,,v1.1,
ea29e5c6f64489deec5836e7524a492ae2244ba1,da4616f39d3ccbeb2ec05b1f96c99db7204da395,2026-05-07,macro_overlay,Macro Overlay,27,10,10,weight_pct,pct,fresh,2026-05-07T12:58:56.217Z,,v1.1,
ea29e5c6f64489deec5836e7524a492ae2244ba1,da4616f39d3ccbeb2ec05b1f96c99db7204da395,2026-05-07,net_liquidity,Net Liquidity (FRED),82,4.3,4.3,weight_pct,pct,fresh,2026-04-29T00:00:00.000Z,,v1.1,
ea29e5c6f64489deec5836e7524a492ae2244ba1,da4616f39d3ccbeb2ec05b1f96c99db7204da395,2026-05-07,social_interest,Social Interest,78,10,10,weight_pct,pct,fresh,2026-05-07T12:58:55.511Z,,v1.1,
ea29e5c6f64489deec5836e7524a492ae2244ba1,da4616f39d3ccbeb2ec05b1f96c99db7204da395,2026-05-07,stablecoins,Stablecoins,23,18,18,weight_pct,pct,fresh,2026-05-07T13:00:07.718Z,,v1.1,
ea29e5c6f64489deec5836e7524a492ae2244ba1,da4616f39d3ccbeb2ec05b1f96c99db7204da395,2026-05-07,term_leverage,Term Structure & Leverage,51,20,20,weight_pct,pct,fresh,2026-05-07T12:58:57.791Z,,v1.1,
ea29e5c6f64489deec5836e7524a492ae2244ba1,da4616f39d3ccbeb2ec05b1f96c99db7204da395,2026-05-07,trend_valuation,Trend & Valuation,53,30,30,weight_pct,pct,fresh,2026-05-07T12:58:55.502Z,,v1.1,
7aeee427df69540d67649dd1104222427a2208bf,1c2e8bc570523135c2c1d08ff673625554658258,2026-05-08,etf_flows,ETF Flows,41,7.7,7.7,weight_pct,pct,fresh,2026-05-08T16:00:00.000Z,,v1.1,
7aeee427df69540d67649dd1104222427a2208bf,1c2e8bc570523135c2c1d08ff673625554658258,2026-05-08,macro_overlay,Macro Overlay,23,10,10,weight_pct,pct,fresh,2026-05-08T15:46:45.369Z,,v1.1,
7aeee427df69540d67649dd1104222427a2208bf,1c2e8bc570523135c2c1d08ff673625554658258,2026-05-08,net_liquidity,Net Liquidity (FRED),69,4.3,4.3,weight_pct,pct,fresh,2026-05-06T00:00:00.000Z,,v1.1,
7aeee427df69540d67649dd1104222427a2208bf,1c2e8bc570523135c2c1d08ff673625554658258,2026-05-08,social_interest,Social Interest,78,10,10,weight_pct,pct,fresh,2026-05-08T15:46:43.357Z,,v1.1,
7aeee427df69540d67649dd1104222427a2208bf,1c2e8bc570523135c2c1d08ff673625554658258,2026-05-08,stablecoins,Stablecoins,26,18,18,weight_pct,pct,fresh,2026-05-08T15:47:55.811Z,,v1.1,
7aeee427df69540d67649dd1104222427a2208bf,1c2e8bc570523135c2c1d08ff673625554658258,2026-05-08,term_leverage,Term Structure & Leverage,53,20,20,weight_pct,pct,fresh,2026-05-08T15:46:45.345Z,,v1.1,
7aeee427df69540d67649dd1104222427a2208bf,1c2e8bc570523135c2c1d08ff673625554658258,2026-05-08,trend_valuation,Trend & Valuation,52,30,30,weight_pct,pct,fresh,2026-05-08T15:46:43.341Z,,v1.1,
126f9980e35ecf8a4511213a779166b947612dc7,cbe9a4fa77d50b88a4870131cebae7cb3e457ec7,2026-05-09,etf_flows,ETF Flows,45,7.7,7.7,weight_pct,pct,fresh,2026-05-08T16:00:00.000Z,,v1.1,
126f9980e35ecf8a4511213a779166b947612dc7,cbe9a4fa77d50b88a4870131cebae7cb3e457ec7,2026-05-09,macro_overlay,Macro Overlay,23,10,10,weight_pct,pct,fresh,2026-05-08T15:46:45.369Z,,v1.1,
126f9980e35ecf8a4511213a779166b947612dc7,cbe9a4fa77d50b88a4870131cebae7cb3e457ec7,2026-05-09,net_liquidity,Net Liquidity (FRED),69,4.3,4.3,weight_pct,pct,fresh,2026-05-06T00:00:00.000Z,,v1.1,
126f9980e35ecf8a4511213a779166b947612dc7,cbe9a4fa77d50b88a4870131cebae7cb3e457ec7,2026-05-09,social_interest,Social Interest,78,10,10,weight_pct,pct,fresh,2026-05-09T11:54:19.520Z,,v1.1,
126f9980e35ecf8a4511213a779166b947612dc7,cbe9a4fa77d50b88a4870131cebae7cb3e457ec7,2026-05-09,stablecoins,Stablecoins,33,18,18,weight_pct,pct,fresh,2026-05-09T11:55:31.931Z,,v1.1,
126f9980e35ecf8a4511213a779166b947612dc7,cbe9a4fa77d50b88a4870131cebae7cb3e457ec7,2026-05-09,term_leverage,Term Structure & Leverage,55,20,20,weight_pct,pct,fresh,2026-05-09T11:54:20.940Z,,v1.1,
126f9980e35ecf8a4511213a779166b947612dc7,cbe9a4fa77d50b88a4870131cebae7cb3e457ec7,2026-05-09,trend_valuation,Trend & Valuation,53,30,30,weight_pct,pct,fresh,2026-05-09T11:54:19.505Z,,v1.1,
38f800fc53f934d82c6fe0b59de06db9fd96faff,2bca48bd80f2766d0c0e0c3726d29a53dd6ea614,2026-05-10,etf_flows,ETF Flows,45,7.7,7.7,weight_pct,pct,fresh,2026-05-08T16:00:00.000Z,,v1.1,
38f800fc53f934d82c6fe0b59de06db9fd96faff,2bca48bd80f2766d0c0e0c3726d29a53dd6ea614,2026-05-10,macro_overlay,Macro Overlay,24,10,10,weight_pct,pct,fresh,2026-05-10T11:56:48.902Z,,v1.1,
38f800fc53f934d82c6fe0b59de06db9fd96faff,2bca48bd80f2766d0c0e0c3726d29a53dd6ea614,2026-05-10,net_liquidity,Net Liquidity (FRED),69,4.3,4.3,weight_pct,pct,fresh,2026-05-06T00:00:00.000Z,,v1.1,
38f800fc53f934d82c6fe0b59de06db9fd96faff,2bca48bd80f2766d0c0e0c3726d29a53dd6ea614,2026-05-10,social_interest,Social Interest,78,10,10,weight_pct,pct,fresh,2026-05-10T11:56:48.239Z,,v1.1,
38f800fc53f934d82c6fe0b59de06db9fd96faff,2bca48bd80f2766d0c0e0c3726d29a53dd6ea614,2026-05-10,stablecoins,Stablecoins,43,18,18,weight_pct,pct,fresh,2026-05-10T11:58:00.903Z,,v1.1,
38f800fc53f934d82c6fe0b59de06db9fd96faff,2bca48bd80f2766d0c0e0c3726d29a53dd6ea614,2026-05-10,term_leverage,Term Structure & Leverage,57,20,20,weight_pct,pct,fresh,2026-05-10T11:56:50.080Z,,v1.1,
38f800fc53f934d82c6fe0b59de06db9fd96faff,2bca48bd80f2766d0c0e0c3726d29a53dd6ea614,2026-05-10,trend_valuation,Trend & Valuation,52,30,30,weight_pct,pct,fresh,2026-05-10T11:56:48.228Z,,v1.1,
194c20550576fcb303afa66b5450071513383280,80619cf7f5ecd1a53dd99d8f40e87f28292b1db8,2026-05-11,etf_flows,ETF Flows,46,7.7,7.7,weight_pct,pct,fresh,2026-05-11T16:00:00.000Z,,v1.1,
194c20550576fcb303afa66b5450071513383280,80619cf7f5ecd1a53dd99d8f40e87f28292b1db8,2026-05-11,macro_overlay,Macro Overlay,24,10,10,weight_pct,pct,fresh,2026-05-11T13:49:13.639Z,,v1.1,
194c20550576fcb303afa66b5450071513383280,80619cf7f5ecd1a53dd99d8f40e87f28292b1db8,2026-05-11,net_liquidity,Net Liquidity (FRED),69,4.3,4.3,weight_pct,pct,fresh,2026-05-06T00:00:00.000Z,,v1.1,
194c20550576fcb303afa66b5450071513383280,80619cf7f5ecd1a53dd99d8f40e87f28292b1db8,2026-05-11,social_interest,Social Interest,78,10,10,weight_pct,pct,fresh,2026-05-11T13:49:13.177Z,,v1.1,
194c20550576fcb303afa66b5450071513383280,80619cf7f5ecd1a53dd99d8f40e87f28292b1db8,2026-05-11,stablecoins,Stablecoins,45,18,18,weight_pct,pct,fresh,2026-05-11T13:50:24.822Z,,v1.1,
194c20550576fcb303afa66b5450071513383280,80619cf7f5ecd1a53dd99d8f40e87f28292b1db8,2026-05-11,term_leverage,Term Structure & Leverage,59,20,20,weight_pct,pct,fresh,2026-05-11T13:49:15.177Z,,v1.1,
194c20550576fcb303afa66b5450071513383280,80619cf7f5ecd1a53dd99d8f40e87f28292b1db8,2026-05-11,trend_valuation,Trend & Valuation,52,30,30,weight_pct,pct,fresh,2026-05-11T13:49:13.165Z,,v1.1,
94607419d842d88ec59cbea6dd5d25819b956a0a,f47621e34ed4a139b6b441ce38067f528dced44a,2026-05-12,etf_flows,ETF Flows,50,7.7,7.7,weight_pct,pct,fresh,2026-05-12T16:00:00.000Z,,v1.1,
94607419d842d88ec59cbea6dd5d25819b956a0a,f47621e34ed4a139b6b441ce38067f528dced44a,2026-05-12,macro_overlay,Macro Overlay,27,10,10,weight_pct,pct,fresh,2026-05-12T13:07:35.565Z,,v1.1,
94607419d842d88ec59cbea6dd5d25819b956a0a,f47621e34ed4a139b6b441ce38067f528dced44a,2026-05-12,net_liquidity,Net Liquidity (FRED),69,4.3,4.3,weight_pct,pct,fresh,2026-05-06T00:00:00.000Z,,v1.1,
94607419d842d88ec59cbea6dd5d25819b956a0a,f47621e34ed4a139b6b441ce38067f528dced44a,2026-05-12,social_interest,Social Interest,78,10,10,weight_pct,pct,fresh,2026-05-12T13:07:35.008Z,,v1.1,
94607419d842d88ec59cbea6dd5d25819b956a0a,f47621e34ed4a139b6b441ce38067f528dced44a,2026-05-12,stablecoins,Stablecoins,53,18,18,weight_pct,pct,fresh,2026-05-12T13:08:47.018Z,,v1.1,
94607419d842d88ec59cbea6dd5d25819b956a0a,f47621e34ed4a139b6b441ce38067f528dced44a,2026-05-12,term_leverage,Term Structure & Leverage,59,20,20,weight_pct,pct,fresh,2026-05-12T13:07:37.117Z,,v1.1,
94607419d842d88ec59cbea6dd5d25819b956a0a,f47621e34ed4a139b6b441ce38067f528dced44a,2026-05-12,trend_valuation,Trend & Valuation,52,30,30,weight_pct,pct,fresh,2026-05-12T13:07:34.996Z,,v1.1,
a8ef8376188abb532beed8680e25e237edee91b1,42b38dec08670bc5a1a4165908d9b0a8f0384bf7,2026-05-13,etf_flows,ETF Flows,61,7.7,7.7,weight_pct,pct,fresh,2026-05-13T16:00:00.000Z,,v1.1,
a8ef8376188abb532beed8680e25e237edee91b1,42b38dec08670bc5a1a4165908d9b0a8f0384bf7,2026-05-13,macro_overlay,Macro Overlay,33,10,10,weight_pct,pct,fresh,2026-05-13T13:20:22.602Z,,v1.1,
a8ef8376188abb532beed8680e25e237edee91b1,42b38dec08670bc5a1a4165908d9b0a8f0384bf7,2026-05-13,net_liquidity,Net Liquidity (FRED),69,4.3,4.3,weight_pct,pct,fresh,2026-05-06T00:00:00.000Z,,v1.1,
a8ef8376188abb532beed8680e25e237edee91b1,42b38dec08670bc5a1a4165908d9b0a8f0384bf7,2026-05-13,social_interest,Social Interest,78,10,10,weight_pct,pct,fresh,2026-05-13T13:20:20.981Z,,v1.1,
a8ef8376188abb532beed8680e25e237edee91b1,42b38dec08670bc5a1a4165908d9b0a8f0384bf7,2026-05-13,stablecoins,Stablecoins,56,18,18,weight_pct,pct,fresh,2026-05-13T13:21:31.112Z,,v1.1,
a8ef8376188abb532beed8680e25e237edee91b1,42b38dec08670bc5a1a4165908d9b0a8f0384bf7,2026-05-13,term_leverage,Term Structure & Leverage,57,20,20,weight_pct,pct,fresh,2026-05-13T13:20:22.709Z,,v1.1,
a8ef8376188abb532beed8680e25e237edee91b1,42b38dec08670bc5a1a4165908d9b0a8f0384bf7,2026-05-13,trend_valuation,Trend & Valuation,52,30,30,weight_pct,pct,fresh,2026-05-13T13:20:20.969Z,,v1.1,
41f2d198a492997f13aaf11ce3c756c685f3aa38,559e1c9dbf94fbc8719ad40d25fb80dcf04abe81,2026-05-14,etf_flows,ETF Flows,67,7.7,7.7,weight_pct,pct,fresh,2026-05-14T16:00:00.000Z,,v1.1,
41f2d198a492997f13aaf11ce3c756c685f3aa38,559e1c9dbf94fbc8719ad40d25fb80dcf04abe81,2026-05-14,macro_overlay,Macro Overlay,33,10,10,weight_pct,pct,fresh,2026-05-13T13:20:22.602Z,,v1.1,
41f2d198a492997f13aaf11ce3c756c685f3aa38,559e1c9dbf94fbc8719ad40d25fb80dcf04abe81,2026-05-14,net_liquidity,Net Liquidity (FRED),69,4.3,4.3,weight_pct,pct,fresh,2026-05-06T00:00:00.000Z,,v1.1,
41f2d198a492997f13aaf11ce3c756c685f3aa38,559e1c9dbf94fbc8719ad40d25fb80dcf04abe81,2026-05-14,social_interest,Social Interest,78,10,10,weight_pct,pct,fresh,2026-05-14T12:56:33.264Z,,v1.1,
41f2d198a492997f13aaf11ce3c756c685f3aa38,559e1c9dbf94fbc8719ad40d25fb80dcf04abe81,2026-05-14,stablecoins,Stablecoins,57,18,18,weight_pct,pct,fresh,2026-05-14T12:57:43.444Z,,v1.1,
41f2d198a492997f13aaf11ce3c756c685f3aa38,559e1c9dbf94fbc8719ad40d25fb80dcf04abe81,2026-05-14,term_leverage,Term Structure & Leverage,55,20,20,weight_pct,pct,fresh,2026-05-14T12:56:34.592Z,,v1.1,
41f2d198a492997f13aaf11ce3c756c685f3aa38,559e1c9dbf94fbc8719ad40d25fb80dcf04abe81,2026-05-14,trend_valuation,Trend & Valuation,52,30,30,weight_pct,pct,fresh,2026-05-14T12:56:33.252Z,,v1.1,
9784ad6426b88b5526058c1d062fae4da747c271,c904b8a475706ae9847a2329aebc08b0aca1ffe4,2026-05-15,etf_flows,ETF Flows,72,7.7,7.7,weight_pct,pct,fresh,2026-05-15T16:00:00.000Z,,v1.1,
9784ad6426b88b5526058c1d062fae4da747c271,c904b8a475706ae9847a2329aebc08b0aca1ffe4,2026-05-15,macro_overlay,Macro Overlay,28,10,10,weight_pct,pct,fresh,2026-05-15T12:57:57.039Z,,v1.1,
9784ad6426b88b5526058c1d062fae4da747c271,c904b8a475706ae9847a2329aebc08b0aca1ffe4,2026-05-15,net_liquidity,Net Liquidity (FRED),56,4.3,4.3,weight_pct,pct,fresh,2026-05-13T00:00:00.000Z,,v1.1,
9784ad6426b88b5526058c1d062fae4da747c271,c904b8a475706ae9847a2329aebc08b0aca1ffe4,2026-05-15,social_interest,Social Interest,78,10,10,weight_pct,pct,fresh,2026-05-15T12:57:56.595Z,,v1.1,
9784ad6426b88b5526058c1d062fae4da747c271,c904b8a475706ae9847a2329aebc08b0aca1ffe4,2026-05-15,stablecoins,Stablecoins,60,18,18,weight_pct,pct,fresh,2026-05-15T12:59:10.583Z,,v1.1,
9784ad6426b88b5526058c1d062fae4da747c271,c904b8a475706ae9847a2329aebc08b0aca1ffe4,2026-05-15,term_leverage,Term Structure & Leverage,55,20,20,weight_pct,pct,fresh,2026-05-15T12:57:58.033Z,,v1.1,
9784ad6426b88b5526058c1d062fae4da747c271,c904b8a475706ae9847a2329aebc08b0aca1ffe4,2026-05-15,trend_valuation,Trend & Valuation,52,30,30,weight_pct,pct,fresh,2026-05-15T12:57:56.580Z,,v1.1,
ee1e50230dea420f54b5b53a2fe83ff4c5cd971d,168052e455e156fbfa14599a1a1c6b6dd71e37d7,2026-05-16,etf_flows,ETF Flows,66,7.7,7.7,weight_pct,pct,fresh,2026-05-15T16:00:00.000Z,,v1.1,
ee1e50230dea420f54b5b53a2fe83ff4c5cd971d,168052e455e156fbfa14599a1a1c6b6dd71e37d7,2026-05-16,macro_overlay,Macro Overlay,28,10,10,weight_pct,pct,fresh,2026-05-15T12:57:57.039Z,,v1.1,
ee1e50230dea420f54b5b53a2fe83ff4c5cd971d,168052e455e156fbfa14599a1a1c6b6dd71e37d7,2026-05-16,net_liquidity,Net Liquidity (FRED),56,4.3,4.3,weight_pct,pct,fresh,2026-05-13T00:00:00.000Z,,v1.1,
ee1e50230dea420f54b5b53a2fe83ff4c5cd971d,168052e455e156fbfa14599a1a1c6b6dd71e37d7,2026-05-16,social_interest,Social Interest,78,10,10,weight_pct,pct,fresh,2026-05-16T11:55:17.771Z,,v1.1,
ee1e50230dea420f54b5b53a2fe83ff4c5cd971d,168052e455e156fbfa14599a1a1c6b6dd71e37d7,2026-05-16,stablecoins,Stablecoins,59,18,18,weight_pct,pct,fresh,2026-05-16T11:56:30.504Z,,v1.1,
ee1e50230dea420f54b5b53a2fe83ff4c5cd971d,168052e455e156fbfa14599a1a1c6b6dd71e37d7,2026-05-16,term_leverage,Term Structure & Leverage,57,20,20,weight_pct,pct,fresh,2026-05-16T11:55:19.771Z,,v1.1,
ee1e50230dea420f54b5b53a2fe83ff4c5cd971d,168052e455e156fbfa14599a1a1c6b6dd71e37d7,2026-05-16,trend_valuation,Trend & Valuation,52,30,30,weight_pct,pct,fresh,2026-05-16T11:55:17.760Z,,v1.1,
283eca3fb47ceabfdbde3de0847d631609b31738,655abbceaaa82c9dfaba348648d0a4f270a4318b,2026-05-17,etf_flows,ETF Flows,66,7.7,7.7,weight_pct,pct,fresh,2026-05-15T16:00:00.000Z,,v1.1,
283eca3fb47ceabfdbde3de0847d631609b31738,655abbceaaa82c9dfaba348648d0a4f270a4318b,2026-05-17,macro_overlay,Macro Overlay,33,10,10,weight_pct,pct,fresh,2026-05-17T12:01:28.526Z,,v1.1,
283eca3fb47ceabfdbde3de0847d631609b31738,655abbceaaa82c9dfaba348648d0a4f270a4318b,2026-05-17,net_liquidity,Net Liquidity (FRED),56,4.3,4.3,weight_pct,pct,fresh,2026-05-13T00:00:00.000Z,,v1.1,
283eca3fb47ceabfdbde3de0847d631609b31738,655abbceaaa82c9dfaba348648d0a4f270a4318b,2026-05-17,social_interest,Social Interest,78,10,10,weight_pct,pct,fresh,2026-05-17T12:01:28.066Z,,v1.1,
283eca3fb47ceabfdbde3de0847d631609b31738,655abbceaaa82c9dfaba348648d0a4f270a4318b,2026-05-17,stablecoins,Stablecoins,63,18,18,weight_pct,pct,fresh,2026-05-17T12:02:38.263Z,,v1.1,
283eca3fb47ceabfdbde3de0847d631609b31738,655abbceaaa82c9dfaba348648d0a4f270a4318b,2026-05-17,term_leverage,Term Structure & Leverage,57,20,20,weight_pct,pct,fresh,2026-05-17T12:01:30.116Z,,v1.1,
283eca3fb47ceabfdbde3de0847d631609b31738,655abbceaaa82c9dfaba348648d0a4f270a4318b,2026-05-17,trend_valuation,Trend & Valuation,52,30,30,weight_pct,pct,fresh,2026-05-17T12:01:28.058Z,,v1.1,
7476f7ab2c37338b1b339121e3ef384b5f372739,8819d7917aa575765346beff793deb4624b31691,2026-05-18,etf_flows,ETF Flows,66,7.7,7.7,weight_pct,pct,fresh,2026-05-18T16:00:00.000Z,,v1.1,
7476f7ab2c37338b1b339121e3ef384b5f372739,8819d7917aa575765346beff793deb4624b31691,2026-05-18,macro_overlay,Macro Overlay,39,10,10,weight_pct,pct,fresh,2026-05-18T14:33:05.778Z,,v1.1,
7476f7ab2c37338b1b339121e3ef384b5f372739,8819d7917aa575765346beff793deb4624b31691,2026-05-18,net_liquidity,Net Liquidity (FRED),56,4.3,4.3,weight_pct,pct,fresh,2026-05-13T00:00:00.000Z,,v1.1,
7476f7ab2c37338b1b339121e3ef384b5f372739,8819d7917aa575765346beff793deb4624b31691,2026-05-18,social_interest,Social Interest,78,10,10,weight_pct,pct,fresh,2026-05-18T14:33:04.762Z,,v1.1,
7476f7ab2c37338b1b339121e3ef384b5f372739,8819d7917aa575765346beff793deb4624b31691,2026-05-18,stablecoins,Stablecoins,66,18,18,weight_pct,pct,fresh,2026-05-18T14:34:14.937Z,,v1.1,
7476f7ab2c37338b1b339121e3ef384b5f372739,8819d7917aa575765346beff793deb4624b31691,2026-05-18,term_leverage,Term Structure & Leverage,59,20,20,weight_pct,pct,fresh,2026-05-18T14:33:06.090Z,,v1.1,
7476f7ab2c37338b1b339121e3ef384b5f372739,8819d7917aa575765346beff793deb4624b31691,2026-05-18,trend_valuation,Trend & Valuation,51,30,30,weight_pct,pct,fresh,2026-05-18T14:33:04.750Z,,v1.1,
af3e6d196ec4e7803c849d56ec998a95847aa2c7,191b93cc77b34d97ad9337e1e59a76760e4e40bf,2026-05-19,etf_flows,ETF Flows,74,7.7,7.7,weight_pct,pct,fresh,2026-05-19T16:00:00.000Z,,v1.1,
af3e6d196ec4e7803c849d56ec998a95847aa2c7,191b93cc77b34d97ad9337e1e59a76760e4e40bf,2026-05-19,macro_overlay,Macro Overlay,55,10,10,weight_pct,pct,fresh,2026-05-19T13:55:57.885Z,,v1.1,
af3e6d196ec4e7803c849d56ec998a95847aa2c7,191b93cc77b34d97ad9337e1e59a76760e4e40bf,2026-05-19,net_liquidity,Net Liquidity (FRED),56,4.3,4.3,weight_pct,pct,fresh,2026-05-13T00:00:00.000Z,,v1.1,
af3e6d196ec4e7803c849d56ec998a95847aa2c7,191b93cc77b34d97ad9337e1e59a76760e4e40bf,2026-05-19,social_interest,Social Interest,78,10,10,weight_pct,pct,fresh,2026-05-19T13:55:57.232Z,,v1.1,
af3e6d196ec4e7803c849d56ec998a95847aa2c7,191b93cc77b34d97ad9337e1e59a76760e4e40bf,2026-05-19,stablecoins,Stablecoins,70,18,18,weight_pct,pct,fresh,2026-05-19T13:57:09.417Z,,v1.1,
af3e6d196ec4e7803c849d56ec998a95847aa2c7,191b93cc77b34d97ad9337e1e59a76760e4e40bf,2026-05-19,term_leverage,Term Structure & Leverage,61,20,20,weight_pct,pct,fresh,2026-05-19T13:55:58.990Z,,v1.1,
af3e6d196ec4e7803c849d56ec998a95847aa2c7,191b93cc77b34d97ad9337e1e59a76760e4e40bf,2026-05-19,trend_valuation,Trend & Valuation,51,30,30,weight_pct,pct,fresh,2026-05-19T13:55:57.225Z,,v1.1,
7a03f5fc5eee7fc9d2f9f218aeefde7db303eb42,fae4b4fe9622ca3b25103476a69bb4decb937388,2026-05-20,etf_flows,ETF Flows,95,7.7,7.7,weight_pct,pct,fresh,2026-05-20T16:00:00.000Z,,v1.1,
7a03f5fc5eee7fc9d2f9f218aeefde7db303eb42,fae4b4fe9622ca3b25103476a69bb4decb937388,2026-05-20,macro_overlay,Macro Overlay,55,10,10,weight_pct,pct,fresh,2026-05-19T13:55:57.885Z,,v1.1,
7a03f5fc5eee7fc9d2f9f218aeefde7db303eb42,fae4b4fe9622ca3b25103476a69bb4decb937388,2026-05-20,net_liquidity,Net Liquidity (FRED),56,4.3,4.3,weight_pct,pct,fresh,2026-05-13T00:00:00.000Z,,v1.1,
7a03f5fc5eee7fc9d2f9f218aeefde7db303eb42,fae4b4fe9622ca3b25103476a69bb4decb937388,2026-05-20,social_interest,Social Interest,78,10,10,weight_pct,pct,fresh,2026-05-20T13:43:08.066Z,,v1.1,
7a03f5fc5eee7fc9d2f9f218aeefde7db303eb42,fae4b4fe9622ca3b25103476a69bb4decb937388,2026-05-20,stablecoins,Stablecoins,70,18,18,weight_pct,pct,fresh,2026-05-20T13:44:20.195Z,,v1.1,
7a03f5fc5eee7fc9d2f9f218aeefde7db303eb42,fae4b4fe9622ca3b25103476a69bb4decb937388,2026-05-20,term_leverage,Term Structure & Leverage,55,20,20,weight_pct,pct,fresh,2026-05-20T13:43:09.524Z,,v1.1,
7a03f5fc5eee7fc9d2f9f218aeefde7db303eb42,fae4b4fe9622ca3b25103476a69bb4decb937388,2026-05-20,trend_valuation,Trend & Valuation,51,30,30,weight_pct,pct,fresh,2026-05-20T13:43:08.054Z,,v1.1,
f113f46a601932e8184998026d2d324762c6e004,3161ef9e407ccf0acc80a4a16b08b2239a1ad73b,2026-05-21,etf_flows,ETF Flows,80,7.7,7.7,weight_pct,pct,fresh,2026-05-21T16:00:00.000Z,,v1.1,
f113f46a601932e8184998026d2d324762c6e004,3161ef9e407ccf0acc80a4a16b08b2239a1ad73b,2026-05-21,macro_overlay,Macro Overlay,53,10,10,weight_pct,pct,fresh,2026-05-21T14:15:10.076Z,,v1.1,
f113f46a601932e8184998026d2d324762c6e004,3161ef9e407ccf0acc80a4a16b08b2239a1ad73b,2026-05-21,net_liquidity,Net Liquidity (FRED),56,4.3,4.3,weight_pct,pct,fresh,2026-05-13T00:00:00.000Z,,v1.1,
f113f46a601932e8184998026d2d324762c6e004,3161ef9e407ccf0acc80a4a16b08b2239a1ad73b,2026-05-21,social_interest,Social Interest,78,10,10,weight_pct,pct,fresh,2026-05-21T14:15:07.003Z,,v1.1,
f113f46a601932e8184998026d2d324762c6e004,3161ef9e407ccf0acc80a4a16b08b2239a1ad73b,2026-05-21,stablecoins,Stablecoins,75,18,18,weight_pct,pct,fresh,2026-05-21T14:16:17.168Z,,v1.1,
f113f46a601932e8184998026d2d324762c6e004,3161ef9e407ccf0acc80a4a16b08b2239a1ad73b,2026-05-21,term_leverage,Term Structure & Leverage,55,20,20,weight_pct,pct,fresh,2026-05-21T14:15:08.301Z,,v1.1,
f113f46a601932e8184998026d2d324762c6e004,3161ef9e407ccf0acc80a4a16b08b2239a1ad73b,2026-05-21,trend_valuation,Trend & Valuation,51,30,30,weight_pct,pct,fresh,2026-05-21T14:15:06.995Z,,v1.1,
6d24c15d289d6fc9618a83d94350f9a2e2414959,dd6af4ac0ea508e7074e6f390039232ae34f573a,2026-05-22,etf_flows,ETF Flows,88,7.7,7.7,weight_pct,pct,fresh,2026-05-22T16:00:00.000Z,,v1.1,
6d24c15d289d6fc9618a83d94350f9a2e2414959,dd6af4ac0ea508e7074e6f390039232ae34f573a,2026-05-22,macro_overlay,Macro Overlay,53,10,10,weight_pct,pct,fresh,2026-05-21T14:15:10.076Z,,v1.1,
6d24c15d289d6fc9618a83d94350f9a2e2414959,dd6af4ac0ea508e7074e6f390039232ae34f573a,2026-05-22,net_liquidity,Net Liquidity (FRED),16,4.3,4.3,weight_pct,pct,fresh,2026-05-20T00:00:00.000Z,,v1.1,
6d24c15d289d6fc9618a83d94350f9a2e2414959,dd6af4ac0ea508e7074e6f390039232ae34f573a,2026-05-22,social_interest,Social Interest,78,10,10,weight_pct,pct,fresh,2026-05-22T13:33:03.117Z,,v1.1,
6d24c15d289d6fc9618a83d94350f9a2e2414959,dd6af4ac0ea508e7074e6f390039232ae34f573a,2026-05-22,stablecoins,Stablecoins,73,18,18,weight_pct,pct,fresh,2026-05-22T13:34:15.611Z,,v1.1,
6d24c15d289d6fc9618a83d94350f9a2e2414959,dd6af4ac0ea508e7074e6f390039232ae34f573a,2026-05-22,term_leverage,Term Structure & Leverage,57,20,20,weight_pct,pct,fresh,2026-05-22T13:33:04.774Z,,v1.1,
6d24c15d289d6fc9618a83d94350f9a2e2414959,dd6af4ac0ea508e7074e6f390039232ae34f573a,2026-05-22,trend_valuation,Trend & Valuation,51,30,30,weight_pct,pct,fresh,2026-05-22T13:33:03.105Z,,v1.1,
2d6c3bbb1d13be7da9688199d41c775dc4fdf184,040a5f0c2b5823989f1332a3bfb922c9d8a02815,2026-05-23,etf_flows,ETF Flows,66,7.7,7.7,weight_pct,pct,fresh,2026-05-22T16:00:00.000Z,,v1.1,
2d6c3bbb1d13be7da9688199d41c775dc4fdf184,040a5f0c2b5823989f1332a3bfb922c9d8a02815,2026-05-23,macro_overlay,Macro Overlay,48,10,10,weight_pct,pct,fresh,2026-05-23T12:02:00.038Z,,v1.1,
2d6c3bbb1d13be7da9688199d41c775dc4fdf184,040a5f0c2b5823989f1332a3bfb922c9d8a02815,2026-05-23,net_liquidity,Net Liquidity (FRED),16,4.3,4.3,weight_pct,pct,fresh,2026-05-20T00:00:00.000Z,,v1.1,
2d6c3bbb1d13be7da9688199d41c775dc4fdf184,040a5f0c2b5823989f1332a3bfb922c9d8a02815,2026-05-23,social_interest,Social Interest,78,10,10,weight_pct,pct,fresh,2026-05-23T12:01:59.726Z,,v1.1,
2d6c3bbb1d13be7da9688199d41c775dc4fdf184,040a5f0c2b5823989f1332a3bfb922c9d8a02815,2026-05-23,stablecoins,Stablecoins,76,18,18,weight_pct,pct,fresh,2026-05-23T12:03:13.797Z,,v1.1,
2d6c3bbb1d13be7da9688199d41c775dc4fdf184,040a5f0c2b5823989f1332a3bfb922c9d8a02815,2026-05-23,term_leverage,Term Structure & Leverage,55,20,20,weight_pct,pct,fresh,2026-05-23T12:02:01.307Z,,v1.1,
2d6c3bbb1d13be7da9688199d41c775dc4fdf184,040a5f0c2b5823989f1332a3bfb922c9d8a02815,2026-05-23,trend_valuation,Trend & Valuation,50,30,30,weight_pct,pct,fresh,2026-05-23T12:01:59.718Z,,v1.1,
9b92502ff96e63da4059c37fcc2c7e2d89248c2c,f7c4f67cf233aaffd44802ecd2c6295ace1c8ad4,2026-05-24,etf_flows,ETF Flows,66,7.7,7.7,weight_pct,pct,fresh,2026-05-22T16:00:00.000Z,,v1.1,
9b92502ff96e63da4059c37fcc2c7e2d89248c2c,f7c4f67cf233aaffd44802ecd2c6295ace1c8ad4,2026-05-24,macro_overlay,Macro Overlay,47,10,10,weight_pct,pct,fresh,2026-05-24T12:03:30.787Z,,v1.1,
9b92502ff96e63da4059c37fcc2c7e2d89248c2c,f7c4f67cf233aaffd44802ecd2c6295ace1c8ad4,2026-05-24,net_liquidity,Net Liquidity (FRED),16,4.3,4.3,weight_pct,pct,fresh,2026-05-20T00:00:00.000Z,,v1.1,
9b92502ff96e63da4059c37fcc2c7e2d89248c2c,f7c4f67cf233aaffd44802ecd2c6295ace1c8ad4,2026-05-24,social_interest,Social Interest,78,10,10,weight_pct,pct,fresh,2026-05-24T12:03:29.943Z,,v1.1,
9b92502ff96e63da4059c37fcc2c7e2d89248c2c,f7c4f67cf233aaffd44802ecd2c6295ace1c8ad4,2026-05-24,stablecoins,Stablecoins,76,18,18,weight_pct,pct,fresh,2026-05-24T12:04:40.092Z,,v1.1,
9b92502ff96e63da4059c37fcc2c7e2d89248c2c,f7c4f67cf233aaffd44802ecd2c6295ace1c8ad4,2026-05-24,term_leverage,Term Structure & Leverage,53,20,20,weight_pct,pct,fresh,2026-05-24T12:03:31.960Z,,v1.1,
9b92502ff96e63da4059c37fcc2c7e2d89248c2c,f7c4f67cf233aaffd44802ecd2c6295ace1c8ad4,2026-05-24,trend_valuation,Trend & Valuation,51,30,30,weight_pct,pct,fresh,2026-05-24T12:03:29.932Z,,v1.1,
a78c4e34f1b984e08448c97d50cf39318c1719f3,b333e3221c872d1835058d5c6ce793c366dd6a74,2026-05-26,etf_flows,ETF Flows,64,7.7,7.7,weight_pct,pct,fresh,2026-05-26T16:00:00.000Z,,v1.1,
a78c4e34f1b984e08448c97d50cf39318c1719f3,b333e3221c872d1835058d5c6ce793c366dd6a74,2026-05-26,macro_overlay,Macro Overlay,47,10,10,weight_pct,pct,fresh,2026-05-26T13:56:14.464Z,,v1.1,
a78c4e34f1b984e08448c97d50cf39318c1719f3,b333e3221c872d1835058d5c6ce793c366dd6a74,2026-05-26,net_liquidity,Net Liquidity (FRED),16,4.3,4.3,weight_pct,pct,fresh,2026-05-20T00:00:00.000Z,,v1.1,
a78c4e34f1b984e08448c97d50cf39318c1719f3,b333e3221c872d1835058d5c6ce793c366dd6a74,2026-05-26,social_interest,Social Interest,78,10,10,weight_pct,pct,fresh,2026-05-26T13:56:14.156Z,,v1.1,
a78c4e34f1b984e08448c97d50cf39318c1719f3,b333e3221c872d1835058d5c6ce793c366dd6a74,2026-05-26,stablecoins,Stablecoins,77,18,18,weight_pct,pct,fresh,2026-05-26T13:57:24.336Z,,v1.1,
a78c4e34f1b984e08448c97d50cf39318c1719f3,b333e3221c872d1835058d5c6ce793c366dd6a74,2026-05-26,term_leverage,Term Structure & Leverage,51,20,20,weight_pct,pct,fresh,2026-05-26T13:56:15.883Z,,v1.1,
a78c4e34f1b984e08448c97d50cf39318c1719f3,b333e3221c872d1835058d5c6ce793c366dd6a74,2026-05-26,trend_valuation,Trend & Valuation,51,30,30,weight_pct,pct,fresh,2026-05-26T13:56:14.153Z,,v1.1,
8e3471166822119b7d78fe90b1de1b6d87b60815,7b88b7fb82cdf7c9df96efc2db209b2c00f84d9a,2026-05-27,etf_flows,ETF Flows,59,7.7,7.7,weight_pct,pct,fresh,2026-05-27T16:00:00.000Z,,v1.1,
8e3471166822119b7d78fe90b1de1b6d87b60815,7b88b7fb82cdf7c9df96efc2db209b2c00f84d9a,2026-05-27,macro_overlay,Macro Overlay,46,10,10,weight_pct,pct,fresh,2026-05-27T14:29:35.464Z,,v1.1,
8e3471166822119b7d78fe90b1de1b6d87b60815,7b88b7fb82cdf7c9df96efc2db209b2c00f84d9a,2026-05-27,net_liquidity,Net Liquidity (FRED),16,4.3,4.3,weight_pct,pct,fresh,2026-05-20T00:00:00.000Z,,v1.1,
8e3471166822119b7d78fe90b1de1b6d87b60815,7b88b7fb82cdf7c9df96efc2db209b2c00f84d9a,2026-05-27,social_interest,Social Interest,78,10,10,weight_pct,pct,fresh,2026-05-27T14:29:34.304Z,,v1.1,
8e3471166822119b7d78fe90b1de1b6d87b60815,7b88b7fb82cdf7c9df96efc2db209b2c00f84d9a,2026-05-27,stablecoins,Stablecoins,76,18,18,weight_pct,pct,fresh,2026-05-27T14:30:45.922Z,,v1.1,
8e3471166822119b7d78fe90b1de1b6d87b60815,7b88b7fb82cdf7c9df96efc2db209b2c00f84d9a,2026-05-27,term_leverage,Term Structure & Leverage,53,20,20,weight_pct,pct,fresh,2026-05-27T14:29:35.879Z,,v1.1,
8e3471166822119b7d78fe90b1de1b6d87b60815,7b88b7fb82cdf7c9df96efc2db209b2c00f84d9a,2026-05-27,trend_valuation,Trend & Valuation,50,30,30,weight_pct,pct,fresh,2026-05-27T14:29:34.293Z,,v1.1,
c9a92c4777b61ab69267ed948d7a3fba83af40f2,fb6df29dab40f1ce6102135e50d18d8b501977cf,2026-05-28,etf_flows,ETF Flows,62,7.7,7.7,weight_pct,pct,fresh,2026-05-28T16:00:00.000Z,,v1.1,
c9a92c4777b61ab69267ed948d7a3fba83af40f2,fb6df29dab40f1ce6102135e50d18d8b501977cf,2026-05-28,macro_overlay,Macro Overlay,33,10,10,weight_pct,pct,fresh,2026-05-28T14:39:29.918Z,,v1.1,
c9a92c4777b61ab69267ed948d7a3fba83af40f2,fb6df29dab40f1ce6102135e50d18d8b501977cf,2026-05-28,net_liquidity,Net Liquidity (FRED),16,4.3,4.3,weight_pct,pct,fresh,2026-05-20T00:00:00.000Z,,v1.1,
c9a92c4777b61ab69267ed948d7a3fba83af40f2,fb6df29dab40f1ce6102135e50d18d8b501977cf,2026-05-28,social_interest,Social Interest,78,10,10,weight_pct,pct,fresh,2026-05-28T14:39:29.211Z,,v1.1,
c9a92c4777b61ab69267ed948d7a3fba83af40f2,fb6df29dab40f1ce6102135e50d18d8b501977cf,2026-05-28,stablecoins,Stablecoins,75,18,18,weight_pct,pct,fresh,2026-05-28T14:40:41.559Z,,v1.1,
c9a92c4777b61ab69267ed948d7a3fba83af40f2,fb6df29dab40f1ce6102135e50d18d8b501977cf,2026-05-28,term_leverage,Term Structure & Leverage,51,20,20,weight_pct,pct,fresh,2026-05-28T14:39:30.982Z,,v1.1,
c9a92c4777b61ab69267ed948d7a3fba83af40f2,fb6df29dab40f1ce6102135e50d18d8b501977cf,2026-05-28,trend_valuation,Trend & Valuation,49,30,30,weight_pct,pct,fresh,2026-05-28T14:39:29.199Z,,v1.1,
3c41ebd3d92ff6b6e9648953a2c4a421035087be,6b02b3b5c89afe73f223758aa64fa4750ce8bc1d,2026-05-29,etf_flows,ETF Flows,62,7.7,7.7,weight_pct,pct,fresh,2026-05-29T16:00:00.000Z,,v1.1,
3c41ebd3d92ff6b6e9648953a2c4a421035087be,6b02b3b5c89afe73f223758aa64fa4750ce8bc1d,2026-05-29,macro_overlay,Macro Overlay,33,10,10,weight_pct,pct,fresh,2026-05-28T14:39:29.918Z,,v1.1,
3c41ebd3d92ff6b6e9648953a2c4a421035087be,6b02b3b5c89afe73f223758aa64fa4750ce8bc1d,2026-05-29,net_liquidity,Net Liquidity (FRED),33,4.3,4.3,weight_pct,pct,fresh,2026-05-27T00:00:00.000Z,,v1.1,
3c41ebd3d92ff6b6e9648953a2c4a421035087be,6b02b3b5c89afe73f223758aa64fa4750ce8bc1d,2026-05-29,social_interest,Social Interest,78,10,10,weight_pct,pct,fresh,2026-05-29T14:10:47.634Z,,v1.1,
3c41ebd3d92ff6b6e9648953a2c4a421035087be,6b02b3b5c89afe73f223758aa64fa4750ce8bc1d,2026-05-29,stablecoins,Stablecoins,74,18,18,weight_pct,pct,fresh,2026-05-29T14:11:57.803Z,,v1.1,
3c41ebd3d92ff6b6e9648953a2c4a421035087be,6b02b3b5c89afe73f223758aa64fa4750ce8bc1d,2026-05-29,term_leverage,Term Structure & Leverage,47,20,20,weight_pct,pct,fresh,2026-05-29T14:10:49.532Z,,v1.1,
3c41ebd3d92ff6b6e9648953a2c4a421035087be,6b02b3b5c89afe73f223758aa64fa4750ce8bc1d,2026-05-29,trend_valuation,Trend & Valuation,49,30,30,weight_pct,pct,fresh,2026-05-29T14:10:47.623Z,,v1.1,
19482a0e38b6db393161bc99392833c7a63fb9ee,a39ebe027954166bd5a27f6804101de6052c3f1a,2026-05-30,etf_flows,ETF Flows,54,7.7,7.7,weight_pct,pct,fresh,2026-05-29T16:00:00.000Z,,v1.1,
19482a0e38b6db393161bc99392833c7a63fb9ee,a39ebe027954166bd5a27f6804101de6052c3f1a,2026-05-30,macro_overlay,Macro Overlay,28,10,10,weight_pct,pct,fresh,2026-05-30T12:06:16.771Z,,v1.1,
19482a0e38b6db393161bc99392833c7a63fb9ee,a39ebe027954166bd5a27f6804101de6052c3f1a,2026-05-30,net_liquidity,Net Liquidity (FRED),33,4.3,4.3,weight_pct,pct,fresh,2026-05-27T00:00:00.000Z,,v1.1,
19482a0e38b6db393161bc99392833c7a63fb9ee,a39ebe027954166bd5a27f6804101de6052c3f1a,2026-05-30,social_interest,Social Interest,78,10,10,weight_pct,pct,fresh,2026-05-30T12:06:16.357Z,,v1.1,
19482a0e38b6db393161bc99392833c7a63fb9ee,a39ebe027954166bd5a27f6804101de6052c3f1a,2026-05-30,stablecoins,Stablecoins,78,18,18,weight_pct,pct,fresh,2026-05-30T12:07:28.613Z,,v1.1,
19482a0e38b6db393161bc99392833c7a63fb9ee,a39ebe027954166bd5a27f6804101de6052c3f1a,2026-05-30,term_leverage,Term Structure & Leverage,46,20,20,weight_pct,pct,fresh,2026-05-30T12:06:17.550Z,,v1.1,
19482a0e38b6db393161bc99392833c7a63fb9ee,a39ebe027954166bd5a27f6804101de6052c3f1a,2026-05-30,trend_valuation,Trend & Valuation,50,30,30,weight_pct,pct,fresh,2026-05-30T12:06:16.347Z,,v1.1,
22d217f7d0f61e0822332c158a9b0a8be95a4a7a,5ffe778a07caa16f78bea957ac108d18e5584793,2026-05-31,etf_flows,ETF Flows,54,7.7,7.7,weight_pct,pct,fresh,2026-05-29T16:00:00.000Z,,v1.1,
22d217f7d0f61e0822332c158a9b0a8be95a4a7a,5ffe778a07caa16f78bea957ac108d18e5584793,2026-05-31,macro_overlay,Macro Overlay,28,10,10,weight_pct,pct,fresh,2026-05-31T12:14:01.918Z,,v1.1,
22d217f7d0f61e0822332c158a9b0a8be95a4a7a,5ffe778a07caa16f78bea957ac108d18e5584793,2026-05-31,net_liquidity,Net Liquidity (FRED),33,4.3,4.3,weight_pct,pct,fresh,2026-05-27T00:00:00.000Z,,v1.1,
22d217f7d0f61e0822332c158a9b0a8be95a4a7a,5ffe778a07caa16f78bea957ac108d18e5584793,2026-05-31,social_interest,Social Interest,78,10,10,weight_pct,pct,fresh,2026-05-31T12:13:55.400Z,,v1.1,
22d217f7d0f61e0822332c158a9b0a8be95a4a7a,5ffe778a07caa16f78bea957ac108d18e5584793,2026-05-31,stablecoins,Stablecoins,78,18,18,weight_pct,pct,fresh,2026-05-31T12:15:09.626Z,,v1.1,
22d217f7d0f61e0822332c158a9b0a8be95a4a7a,5ffe778a07caa16f78bea957ac108d18e5584793,2026-05-31,term_leverage,Term Structure & Leverage,51,20,20,weight_pct,pct,fresh,2026-05-31T12:13:57.688Z,,v1.1,
22d217f7d0f61e0822332c158a9b0a8be95a4a7a,5ffe778a07caa16f78bea957ac108d18e5584793,2026-05-31,trend_valuation,Trend & Valuation,50,30,30,weight_pct,pct,fresh,2026-05-31T12:13:55.393Z,,v1.1,
052caf7e576dbed2e8ae3a987675a1fe221e30d0,7eab77b851618173441b941460427aecc4b33791,2026-06-02,etf_flows,ETF Flows,73,7.7,7.7,weight_pct,pct,fresh,2026-06-02T16:00:00.000Z,,v1.1,
052caf7e576dbed2e8ae3a987675a1fe221e30d0,7eab77b851618173441b941460427aecc4b33791,2026-06-02,macro_overlay,Macro Overlay,29,10,10,weight_pct,pct,fresh,2026-06-02T16:13:40.034Z,,v1.1,
052caf7e576dbed2e8ae3a987675a1fe221e30d0,7eab77b851618173441b941460427aecc4b33791,2026-06-02,net_liquidity,Net Liquidity (FRED),33,4.3,4.3,weight_pct,pct,fresh,2026-05-27T00:00:00.000Z,,v1.1,
052caf7e576dbed2e8ae3a987675a1fe221e30d0,7eab77b851618173441b941460427aecc4b33791,2026-06-02,social_interest,Social Interest,78,10,10,weight_pct,pct,fresh,2026-06-02T16:13:35.069Z,,v1.1,
052caf7e576dbed2e8ae3a987675a1fe221e30d0,7eab77b851618173441b941460427aecc4b33791,2026-06-02,stablecoins,Stablecoins,78,18,18,weight_pct,pct,fresh,2026-06-02T16:14:47.179Z,,v1.1,
052caf7e576dbed2e8ae3a987675a1fe221e30d0,7eab77b851618173441b941460427aecc4b33791,2026-06-02,term_leverage,Term Structure & Leverage,57,20,20,weight_pct,pct,fresh,2026-06-02T16:13:36.986Z,,v1.1,
052caf7e576dbed2e8ae3a987675a1fe221e30d0,7eab77b851618173441b941460427aecc4b33791,2026-06-02,trend_valuation,Trend & Valuation,47,30,30,weight_pct,pct,fresh,2026-06-02T16:13:35.066Z,,v1.1,
3a087fbe563e6168df9930d68a28af8abb425229,89ea64de84500ccb81fa285e132bbf836a47aeb8,2026-06-03,etf_flows,ETF Flows,72,7.7,7.7,weight_pct,pct,fresh,2026-06-03T16:00:00.000Z,,v1.1,
3a087fbe563e6168df9930d68a28af8abb425229,89ea64de84500ccb81fa285e132bbf836a47aeb8,2026-06-03,macro_overlay,Macro Overlay,29,10,10,weight_pct,pct,fresh,2026-06-02T16:13:40.034Z,,v1.1,
3a087fbe563e6168df9930d68a28af8abb425229,89ea64de84500ccb81fa285e132bbf836a47aeb8,2026-06-03,net_liquidity,Net Liquidity (FRED),33,4.3,4.3,weight_pct,pct,fresh,2026-05-27T00:00:00.000Z,,v1.1,
3a087fbe563e6168df9930d68a28af8abb425229,89ea64de84500ccb81fa285e132bbf836a47aeb8,2026-06-03,social_interest,Social Interest,78,10,10,weight_pct,pct,fresh,2026-06-03T15:48:41.475Z,,v1.1,
3a087fbe563e6168df9930d68a28af8abb425229,89ea64de84500ccb81fa285e132bbf836a47aeb8,2026-06-03,stablecoins,Stablecoins,79,18,18,weight_pct,pct,fresh,2026-06-03T15:49:53.785Z,,v1.1,
3a087fbe563e6168df9930d68a28af8abb425229,89ea64de84500ccb81fa285e132bbf836a47aeb8,2026-06-03,term_leverage,Term Structure & Leverage,53,20,20,weight_pct,pct,fresh,2026-06-03T15:48:43.545Z,,v1.1,
3a087fbe563e6168df9930d68a28af8abb425229,89ea64de84500ccb81fa285e132bbf836a47aeb8,2026-06-03,trend_valuation,Trend & Valuation,47,30,30,weight_pct,pct,fresh,2026-06-03T15:48:41.459Z,,v1.1,
907005e1a8c4eb9f78bb9cfa159f1aa6d89a03da,9652d2599d6e890754a98502534ff348a0b293a6,2026-06-04,etf_flows,ETF Flows,75,7.7,7.7,weight_pct,pct,fresh,2026-06-04T16:00:00.000Z,,v1.1,
907005e1a8c4eb9f78bb9cfa159f1aa6d89a03da,9652d2599d6e890754a98502534ff348a0b293a6,2026-06-04,macro_overlay,Macro Overlay,35,10,10,weight_pct,pct,fresh,2026-06-04T14:06:08.319Z,,v1.1,
907005e1a8c4eb9f78bb9cfa159f1aa6d89a03da,9652d2599d6e890754a98502534ff348a0b293a6,2026-06-04,net_liquidity,Net Liquidity (FRED),33,4.3,4.3,weight_pct,pct,fresh,2026-05-27T00:00:00.000Z,,v1.1,
907005e1a8c4eb9f78bb9cfa159f1aa6d89a03da,9652d2599d6e890754a98502534ff348a0b293a6,2026-06-04,social_interest,Social Interest,78,10,10,weight_pct,pct,fresh,2026-06-04T14:06:07.797Z,,v1.1,
907005e1a8c4eb9f78bb9cfa159f1aa6d89a03da,9652d2599d6e890754a98502534ff348a0b293a6,2026-06-04,stablecoins,Stablecoins,80,18,18,weight_pct,pct,fresh,2026-06-04T14:07:17.983Z,,v1.1,
907005e1a8c4eb9f78bb9cfa159f1aa6d89a03da,9652d2599d6e890754a98502534ff348a0b293a6,2026-06-04,term_leverage,Term Structure & Leverage,51,20,20,weight_pct,pct,fresh,2026-06-04T14:06:09.848Z,,v1.1,
907005e1a8c4eb9f78bb9cfa159f1aa6d89a03da,9652d2599d6e890754a98502534ff348a0b293a6,2026-06-04,trend_valuation,Trend & Valuation,46,30,30,weight_pct,pct,fresh,2026-06-04T14:06:07.784Z,,v1.1,
2a5ce7130202f663e54277212f24fd010f4a670a,3da679bb5bc36b1b4a0eb9fa47bc58706d8e240f,2026-06-05,etf_flows,ETF Flows,48,7.7,7.7,weight_pct,pct,fresh,2026-06-05T16:00:00.000Z,,v1.1,
2a5ce7130202f663e54277212f24fd010f4a670a,3da679bb5bc36b1b4a0eb9fa47bc58706d8e240f,2026-06-05,macro_overlay,Macro Overlay,35,10,10,weight_pct,pct,fresh,2026-06-04T14:06:08.319Z,,v1.1,
2a5ce7130202f663e54277212f24fd010f4a670a,3da679bb5bc36b1b4a0eb9fa47bc58706d8e240f,2026-06-05,net_liquidity,Net Liquidity (FRED),61,4.3,4.3,weight_pct,pct,fresh,2026-06-03T00:00:00.000Z,,v1.1,
2a5ce7130202f663e54277212f24fd010f4a670a,3da679bb5bc36b1b4a0eb9fa47bc58706d8e240f,2026-06-05,social_interest,Social Interest,78,10,10,weight_pct,pct,fresh,2026-06-05T13:53:51.037Z,,v1.1,
2a5ce7130202f663e54277212f24fd010f4a670a,3da679bb5bc36b1b4a0eb9fa47bc58706d8e240f,2026-06-05,stablecoins,Stablecoins,80,18,18,weight_pct,pct,fresh,2026-06-05T13:55:03.230Z,,v1.1,
2a5ce7130202f663e54277212f24fd010f4a670a,3da679bb5bc36b1b4a0eb9fa47bc58706d8e240f,2026-06-05,term_leverage,Term Structure & Leverage,55,20,20,weight_pct,pct,fresh,2026-06-05T13:53:53.017Z,,v1.1,
2a5ce7130202f663e54277212f24fd010f4a670a,3da679bb5bc36b1b4a0eb9fa47bc58706d8e240f,2026-06-05,trend_valuation,Trend & Valuation,44,30,30,weight_pct,pct,fresh,2026-06-05T13:53:51.023Z,,v1.1,
acc0a9424c18571050320f502e22c0447c25a1ad,192e5161c4d9547bd23cc08d9e60394e66e5ad64,2026-06-06,etf_flows,ETF Flows,56,7.7,7.7,weight_pct,pct,fresh,2026-06-05T16:00:00.000Z,,v1.1,
acc0a9424c18571050320f502e22c0447c25a1ad,192e5161c4d9547bd23cc08d9e60394e66e5ad64,2026-06-06,macro_overlay,Macro Overlay,36,10,10,weight_pct,pct,fresh,2026-06-06T12:09:18.634Z,,v1.1,
acc0a9424c18571050320f502e22c0447c25a1ad,192e5161c4d9547bd23cc08d9e60394e66e5ad64,2026-06-06,net_liquidity,Net Liquidity (FRED),61,4.3,4.3,weight_pct,pct,fresh,2026-06-03T00:00:00.000Z,,v1.1,
acc0a9424c18571050320f502e22c0447c25a1ad,192e5161c4d9547bd23cc08d9e60394e66e5ad64,2026-06-06,social_interest,Social Interest,78,10,10,weight_pct,pct,fresh,2026-06-06T12:09:18.200Z,,v1.1,
acc0a9424c18571050320f502e22c0447c25a1ad,192e5161c4d9547bd23cc08d9e60394e66e5ad64,2026-06-06,stablecoins,Stablecoins,80,18,18,weight_pct,pct,fresh,2026-06-06T12:10:28.397Z,,v1.1,
acc0a9424c18571050320f502e22c0447c25a1ad,192e5161c4d9547bd23cc08d9e60394e66e5ad64,2026-06-06,term_leverage,Term Structure & Leverage,59,20,20,weight_pct,pct,fresh,2026-06-06T12:09:20.075Z,,v1.1,
acc0a9424c18571050320f502e22c0447c25a1ad,192e5161c4d9547bd23cc08d9e60394e66e5ad64,2026-06-06,trend_valuation,Trend & Valuation,44,30,30,weight_pct,pct,fresh,2026-06-06T12:09:18.188Z,,v1.1,
030d4cfcaa58bb9f0cb2e279fe5ec9a4d9b8ed1e,728d27d742b19aab6a4a22386ca18e133a534a12,2026-06-07,etf_flows,ETF Flows,56,7.7,7.7,weight_pct,pct,fresh,2026-06-05T16:00:00.000Z,,v1.1,
030d4cfcaa58bb9f0cb2e279fe5ec9a4d9b8ed1e,728d27d742b19aab6a4a22386ca18e133a534a12,2026-06-07,macro_overlay,Macro Overlay,36,10,10,weight_pct,pct,fresh,2026-06-07T12:23:14.327Z,,v1.1,
030d4cfcaa58bb9f0cb2e279fe5ec9a4d9b8ed1e,728d27d742b19aab6a4a22386ca18e133a534a12,2026-06-07,net_liquidity,Net Liquidity (FRED),61,4.3,4.3,weight_pct,pct,fresh,2026-06-03T00:00:00.000Z,,v1.1,
030d4cfcaa58bb9f0cb2e279fe5ec9a4d9b8ed1e,728d27d742b19aab6a4a22386ca18e133a534a12,2026-06-07,social_interest,Social Interest,78,10,10,weight_pct,pct,fresh,2026-06-07T12:23:13.501Z,,v1.1,
030d4cfcaa58bb9f0cb2e279fe5ec9a4d9b8ed1e,728d27d742b19aab6a4a22386ca18e133a534a12,2026-06-07,stablecoins,Stablecoins,80,18,18,weight_pct,pct,fresh,2026-06-07T12:24:25.638Z,,v1.1,
030d4cfcaa58bb9f0cb2e279fe5ec9a4d9b8ed1e,728d27d742b19aab6a4a22386ca18e133a534a12,2026-06-07,term_leverage,Term Structure & Leverage,59,20,20,weight_pct,pct,fresh,2026-06-07T12:23:15.498Z,,v1.1,
030d4cfcaa58bb9f0cb2e279fe5ec9a4d9b8ed1e,728d27d742b19aab6a4a22386ca18e133a534a12,2026-06-07,trend_valuation,Trend & Valuation,45,30,30,weight_pct,pct,fresh,2026-06-07T12:23:13.492Z,,v1.1,
f3d3f2ad182d8c7c5456dbbc559fa66043aef02c,61c120879725de6d1bc914259ce30201b0717e36,2026-06-08,etf_flows,ETF Flows,58,7.7,7.7,weight_pct,pct,fresh,2026-06-08T16:00:00.000Z,,v1.1,
f3d3f2ad182d8c7c5456dbbc559fa66043aef02c,61c120879725de6d1bc914259ce30201b0717e36,2026-06-08,macro_overlay,Macro Overlay,54,10,10,weight_pct,pct,fresh,2026-06-08T14:49:59.267Z,,v1.1,
f3d3f2ad182d8c7c5456dbbc559fa66043aef02c,61c120879725de6d1bc914259ce30201b0717e36,2026-06-08,net_liquidity,Net Liquidity (FRED),61,4.3,4.3,weight_pct,pct,fresh,2026-06-03T00:00:00.000Z,,v1.1,
f3d3f2ad182d8c7c5456dbbc559fa66043aef02c,61c120879725de6d1bc914259ce30201b0717e36,2026-06-08,social_interest,Social Interest,78,10,10,weight_pct,pct,fresh,2026-06-08T14:49:58.691Z,,v1.1,
f3d3f2ad182d8c7c5456dbbc559fa66043aef02c,61c120879725de6d1bc914259ce30201b0717e36,2026-06-08,stablecoins,Stablecoins,80,18,18,weight_pct,pct,fresh,2026-06-08T14:51:10.842Z,,v1.1,
f3d3f2ad182d8c7c5456dbbc559fa66043aef02c,61c120879725de6d1bc914259ce30201b0717e36,2026-06-08,term_leverage,Term Structure & Leverage,57,20,20,weight_pct,pct,fresh,2026-06-08T14:49:59.934Z,,v1.1,
f3d3f2ad182d8c7c5456dbbc559fa66043aef02c,61c120879725de6d1bc914259ce30201b0717e36,2026-06-08,trend_valuation,Trend & Valuation,46,30,30,weight_pct,pct,fresh,2026-06-08T14:49:58.683Z,,v1.1,
d45476ab27ee696d0e0c5fbbed3db772c3db0462,9934fc9aca43f10397c2673493c833a680b99671,2026-06-09,etf_flows,ETF Flows,60,7.7,7.7,weight_pct,pct,fresh,2026-06-09T16:00:00.000Z,,v1.1,
d45476ab27ee696d0e0c5fbbed3db772c3db0462,9934fc9aca43f10397c2673493c833a680b99671,2026-06-09,macro_overlay,Macro Overlay,68,10,10,weight_pct,pct,fresh,2026-06-09T13:45:32.726Z,,v1.1,
d45476ab27ee696d0e0c5fbbed3db772c3db0462,9934fc9aca43f10397c2673493c833a680b99671,2026-06-09,net_liquidity,Net Liquidity (FRED),61,4.3,4.3,weight_pct,pct,fresh,2026-06-03T00:00:00.000Z,,v1.1,
d45476ab27ee696d0e0c5fbbed3db772c3db0462,9934fc9aca43f10397c2673493c833a680b99671,2026-06-09,social_interest,Social Interest,78,10,10,weight_pct,pct,fresh,2026-06-09T13:45:32.074Z,,v1.1,
d45476ab27ee696d0e0c5fbbed3db772c3db0462,9934fc9aca43f10397c2673493c833a680b99671,2026-06-09,stablecoins,Stablecoins,80,18,18,weight_pct,pct,fresh,2026-06-09T13:46:42.317Z,,v1.1,
d45476ab27ee696d0e0c5fbbed3db772c3db0462,9934fc9aca43f10397c2673493c833a680b99671,2026-06-09,term_leverage,Term Structure & Leverage,57,20,20,weight_pct,pct,fresh,2026-06-09T13:45:33.653Z,,v1.1,
d45476ab27ee696d0e0c5fbbed3db772c3db0462,9934fc9aca43f10397c2673493c833a680b99671,2026-06-09,trend_valuation,Trend & Valuation,46,30,30,weight_pct,pct,fresh,2026-06-09T13:45:32.061Z,,v1.1,
354239c871ec57983c1cc2004476c83526593cc4,48c8ca17c10569c9d301d77bd660e4827c601c05,2026-06-10,etf_flows,ETF Flows,54,7.7,7.7,weight_pct,pct,fresh,2026-06-10T16:00:00.000Z,,v1.1,
354239c871ec57983c1cc2004476c83526593cc4,48c8ca17c10569c9d301d77bd660e4827c601c05,2026-06-10,macro_overlay,Macro Overlay,68,10,10,weight_pct,pct,fresh,2026-06-10T14:03:38.394Z,,v1.1,
354239c871ec57983c1cc2004476c83526593cc4,48c8ca17c10569c9d301d77bd660e4827c601c05,2026-06-10,net_liquidity,Net Liquidity (FRED),61,4.3,4.3,weight_pct,pct,fresh,2026-06-03T00:00:00.000Z,,v1.1,
354239c871ec57983c1cc2004476c83526593cc4,48c8ca17c10569c9d301d77bd660e4827c601c05,2026-06-10,social_interest,Social Interest,78,10,10,weight_pct,pct,fresh,2026-06-10T14:03:37.832Z,,v1.1,
354239c871ec57983c1cc2004476c83526593cc4,48c8ca17c10569c9d301d77bd660e4827c601c05,2026-06-10,stablecoins,Stablecoins,82,18,18,weight_pct,pct,fresh,2026-06-10T14:04:48.000Z,,v1.1,
354239c871ec57983c1cc2004476c83526593cc4,48c8ca17c10569c9d301d77bd660e4827c601c05,2026-06-10,term_leverage,Term Structure & Leverage,59,20,20,weight_pct,pct,fresh,2026-06-10T14:03:39.348Z,,v1.1,
354239c871ec57983c1cc2004476c83526593cc4,48c8ca17c10569c9d301d77bd660e4827c601c05,2026-06-10,trend_valuation,Trend & Valuation,46,30,30,weight_pct,pct,fresh,2026-06-10T14:03:37.818Z,,v1.1,
f66e9da6504e58b3a564a4c8be63fecfc4e220dc,852b688c764cf5527b15222bc33cadc2e99972bc,2026-06-10,etf_flows,ETF Flows,54,7.7,7.7,weight_pct,pct,fresh,2026-06-10T16:00:00.000Z,,v1.1,
f66e9da6504e58b3a564a4c8be63fecfc4e220dc,852b688c764cf5527b15222bc33cadc2e99972bc,2026-06-10,macro_overlay,Macro Overlay,68,10,10,weight_pct,pct,fresh,2026-06-10T14:03:38.394Z,,v1.1,
f66e9da6504e58b3a564a4c8be63fecfc4e220dc,852b688c764cf5527b15222bc33cadc2e99972bc,2026-06-10,net_liquidity,Net Liquidity (FRED),61,4.3,4.3,weight_pct,pct,fresh,2026-06-03T00:00:00.000Z,,v1.1,
f66e9da6504e58b3a564a4c8be63fecfc4e220dc,852b688c764cf5527b15222bc33cadc2e99972bc,2026-06-10,social_interest,Social Interest,78,10,10,weight_pct,pct,fresh,2026-06-10T14:25:52.858Z,,v1.1,
f66e9da6504e58b3a564a4c8be63fecfc4e220dc,852b688c764cf5527b15222bc33cadc2e99972bc,2026-06-10,stablecoins,Stablecoins,82,18,18,weight_pct,pct,fresh,2026-06-10T14:25:52.857Z,,v1.1,
f66e9da6504e58b3a564a4c8be63fecfc4e220dc,852b688c764cf5527b15222bc33cadc2e99972bc,2026-06-10,term_leverage,Term Structure & Leverage,59,20,20,weight_pct,pct,fresh,2026-06-10T14:25:54.107Z,,v1.1,
f66e9da6504e58b3a564a4c8be63fecfc4e220dc,852b688c764cf5527b15222bc33cadc2e99972bc,2026-06-10,trend_valuation,Trend & Valuation,46,30,30,weight_pct,pct,fresh,2026-06-10T14:25:52.822Z,,v1.1,
dd14e52fcadc94825b408c497141fa30ce37b239,ea442d9e9f3d1c1589b618fab645d1ecc801f853,2026-06-11,etf_flows,ETF Flows,52,7.7,7.7,weight_pct,pct,fresh,2026-06-11T16:00:00.000Z,,v1.1,
dd14e52fcadc94825b408c497141fa30ce37b239,ea442d9e9f3d1c1589b618fab645d1ecc801f853,2026-06-11,macro_overlay,Macro Overlay,69,10,10,weight_pct,pct,fresh,2026-06-11T14:42:43.147Z,,v1.1,
dd14e52fcadc94825b408c497141fa30ce37b239,ea442d9e9f3d1c1589b618fab645d1ecc801f853,2026-06-11,net_liquidity,Net Liquidity (FRED),61,4.3,4.3,weight_pct,pct,fresh,2026-06-03T00:00:00.000Z,,v1.1,
dd14e52fcadc94825b408c497141fa30ce37b239,ea442d9e9f3d1c1589b618fab645d1ecc801f853,2026-06-11,social_interest,Social Interest,78,10,10,weight_pct,pct,fresh,2026-06-11T14:42:42.732Z,,v1.1,
dd14e52fcadc94825b408c497141fa30ce37b239,ea442d9e9f3d1c1589b618fab645d1ecc801f853,2026-06-11,stablecoins,Stablecoins,82,18,18,weight_pct,pct,fresh,2026-06-11T14:43:43.932Z,,v1.1,
dd14e52fcadc94825b408c497141fa30ce37b239,ea442d9e9f3d1c1589b618fab645d1ecc801f853,2026-06-11,term_leverage,Term Structure & Leverage,61,20,20,weight_pct,pct,fresh,2026-06-11T14:42:44.509Z,,v1.1,
dd14e52fcadc94825b408c497141fa30ce37b239,ea442d9e9f3d1c1589b618fab645d1ecc801f853,2026-06-11,trend_valuation,Trend & Valuation,46,30,30,weight_pct,pct,fresh,2026-06-11T14:42:42.720Z,,v1.1,
b7095deab742640eab0977b4c1e4612b96649a46,1dba207eb360b3df353901752a60866df3ebdff1,2026-06-12,etf_flows,ETF Flows,40,7.7,7.7,weight_pct,pct,fresh,2026-06-12T16:00:00.000Z,,v1.1,
b7095deab742640eab0977b4c1e4612b96649a46,1dba207eb360b3df353901752a60866df3ebdff1,2026-06-12,macro_overlay,Macro Overlay,69,10,10,weight_pct,pct,fresh,2026-06-11T14:42:43.147Z,,v1.1,
b7095deab742640eab0977b4c1e4612b96649a46,1dba207eb360b3df353901752a60866df3ebdff1,2026-06-12,net_liquidity,Net Liquidity (FRED),59,4.3,4.3,weight_pct,pct,fresh,2026-06-10T00:00:00.000Z,,v1.1,
b7095deab742640eab0977b4c1e4612b96649a46,1dba207eb360b3df353901752a60866df3ebdff1,2026-06-12,social_interest,Social Interest,78,10,10,weight_pct,pct,fresh,2026-06-12T14:11:11.837Z,,v1.1,
b7095deab742640eab0977b4c1e4612b96649a46,1dba207eb360b3df353901752a60866df3ebdff1,2026-06-12,stablecoins,Stablecoins,82,18,18,weight_pct,pct,fresh,2026-06-12T14:12:25.490Z,,v1.1,
b7095deab742640eab0977b4c1e4612b96649a46,1dba207eb360b3df353901752a60866df3ebdff1,2026-06-12,term_leverage,Term Structure & Leverage,57,20,20,weight_pct,pct,fresh,2026-06-12T14:11:13.454Z,,v1.1,
b7095deab742640eab0977b4c1e4612b96649a46,1dba207eb360b3df353901752a60866df3ebdff1,2026-06-12,trend_valuation,Trend & Valuation,46,30,30,weight_pct,pct,fresh,2026-06-12T14:11:11.821Z,,v1.1,
94bf2f660d7949f06893c2471b04553f0cf9b766,02787e6f8b399eddd43a3bd16acc9ce410da1b28,2026-06-13,etf_flows,ETF Flows,45,7.7,7.7,weight_pct,pct,fresh,2026-06-12T16:00:00.000Z,,v1.1,
94bf2f660d7949f06893c2471b04553f0cf9b766,02787e6f8b399eddd43a3bd16acc9ce410da1b28,2026-06-13,macro_overlay,Macro Overlay,53,10,10,weight_pct,pct,fresh,2026-06-13T12:52:52.725Z,,v1.1,
94bf2f660d7949f06893c2471b04553f0cf9b766,02787e6f8b399eddd43a3bd16acc9ce410da1b28,2026-06-13,net_liquidity,Net Liquidity (FRED),59,4.3,4.3,weight_pct,pct,fresh,2026-06-10T00:00:00.000Z,,v1.1,
94bf2f660d7949f06893c2471b04553f0cf9b766,02787e6f8b399eddd43a3bd16acc9ce410da1b28,2026-06-13,social_interest,Social Interest,78,10,10,weight_pct,pct,fresh,2026-06-13T12:52:52.438Z,,v1.1,
94bf2f660d7949f06893c2471b04553f0cf9b766,02787e6f8b399eddd43a3bd16acc9ce410da1b28,2026-06-13,stablecoins,Stablecoins,82,18,18,weight_pct,pct,fresh,2026-06-13T12:54:04.600Z,,v1.1,
94bf2f660d7949f06893c2471b04553f0cf9b766,02787e6f8b399eddd43a3bd16acc9ce410da1b28,2026-06-13,term_leverage,Term Structure & Leverage,63,20,20,weight_pct,pct,fresh,2026-06-13T12:52:53.913Z,,v1.1,
94bf2f660d7949f06893c2471b04553f0cf9b766,02787e6f8b399eddd43a3bd16acc9ce410da1b28,2026-06-13,trend_valuation,Trend & Valuation,46,30,30,weight_pct,pct,fresh,2026-06-13T12:52:52.425Z,,v1.1,
1660484c0044955ab109e285d50d5a7f9315d5f0,013be594022ce0a20ba9e3cdc58ba34e258ede77,2026-06-14,etf_flows,ETF Flows,45,7.7,7.7,weight_pct,pct,fresh,2026-06-12T16:00:00.000Z,,v1.1,
1660484c0044955ab109e285d50d5a7f9315d5f0,013be594022ce0a20ba9e3cdc58ba34e258ede77,2026-06-14,macro_overlay,Macro Overlay,54,10,10,weight_pct,pct,fresh,2026-06-14T13:00:42.804Z,,v1.1,
1660484c0044955ab109e285d50d5a7f9315d5f0,013be594022ce0a20ba9e3cdc58ba34e258ede77,2026-06-14,net_liquidity,Net Liquidity (FRED),59,4.3,4.3,weight_pct,pct,fresh,2026-06-10T00:00:00.000Z,,v1.1,
1660484c0044955ab109e285d50d5a7f9315d5f0,013be594022ce0a20ba9e3cdc58ba34e258ede77,2026-06-14,social_interest,Social Interest,78,10,10,weight_pct,pct,fresh,2026-06-14T13:00:38.270Z,,v1.1,
1660484c0044955ab109e285d50d5a7f9315d5f0,013be594022ce0a20ba9e3cdc58ba34e258ede77,2026-06-14,stablecoins,Stablecoins,82,18,18,weight_pct,pct,fresh,2026-06-14T13:01:51.714Z,,v1.1,
1660484c0044955ab109e285d50d5a7f9315d5f0,013be594022ce0a20ba9e3cdc58ba34e258ede77,2026-06-14,term_leverage,Term Structure & Leverage,57,20,20,weight_pct,pct,fresh,2026-06-14T13:00:40.465Z,,v1.1,
1660484c0044955ab109e285d50d5a7f9315d5f0,013be594022ce0a20ba9e3cdc58ba34e258ede77,2026-06-14,trend_valuation,Trend & Valuation,46,30,30,weight_pct,pct,fresh,2026-06-14T13:00:38.262Z,,v1.1,
c053ca8c33e4ffb9654ecb55253d23a4f9e8ca6c,e699a4ed89ecd7fa8d645764d738dd3678b2bcb2,2026-06-15,etf_flows,ETF Flows,46,7.7,7.7,weight_pct,pct,fresh,2026-06-15T16:00:00.000Z,,v1.1,
c053ca8c33e4ffb9654ecb55253d23a4f9e8ca6c,e699a4ed89ecd7fa8d645764d738dd3678b2bcb2,2026-06-15,macro_overlay,Macro Overlay,48,10,10,weight_pct,pct,fresh,2026-06-15T16:18:59.150Z,,v1.1,
c053ca8c33e4ffb9654ecb55253d23a4f9e8ca6c,e699a4ed89ecd7fa8d645764d738dd3678b2bcb2,2026-06-15,net_liquidity,Net Liquidity (FRED),59,4.3,4.3,weight_pct,pct,fresh,2026-06-10T00:00:00.000Z,,v1.1,
c053ca8c33e4ffb9654ecb55253d23a4f9e8ca6c,e699a4ed89ecd7fa8d645764d738dd3678b2bcb2,2026-06-15,social_interest,Social Interest,78,10,10,weight_pct,pct,fresh,2026-06-15T16:18:58.736Z,,v1.1,
c053ca8c33e4ffb9654ecb55253d23a4f9e8ca6c,e699a4ed89ecd7fa8d645764d738dd3678b2bcb2,2026-06-15,stablecoins,Stablecoins,80,18,18,weight_pct,pct,fresh,2026-06-15T16:20:13.836Z,,v1.1,
c053ca8c33e4ffb9654ecb55253d23a4f9e8ca6c,e699a4ed89ecd7fa8d645764d738dd3678b2bcb2,2026-06-15,term_leverage,Term Structure & Leverage,57,20,20,weight_pct,pct,fresh,2026-06-15T16:19:00.118Z,,v1.1,
c053ca8c33e4ffb9654ecb55253d23a4f9e8ca6c,e699a4ed89ecd7fa8d645764d738dd3678b2bcb2,2026-06-15,trend_valuation,Trend & Valuation,48,30,30,weight_pct,pct,fresh,2026-06-15T16:18:58.724Z,,v1.1,
aed85f8eeb1316d5642ec06bee5aca6be6a2fa84,e10d7083a7efa6befec202680fb736f30c02327a,2026-06-16,etf_flows,ETF Flows,47,7.7,7.7,weight_pct,pct,fresh,2026-06-16T16:00:00.000Z,,v1.1,
aed85f8eeb1316d5642ec06bee5aca6be6a2fa84,e10d7083a7efa6befec202680fb736f30c02327a,2026-06-16,macro_overlay,Macro Overlay,36,10,10,weight_pct,pct,fresh,2026-06-16T16:00:21.611Z,,v1.1,
aed85f8eeb1316d5642ec06bee5aca6be6a2fa84,e10d7083a7efa6befec202680fb736f30c02327a,2026-06-16,net_liquidity,Net Liquidity (FRED),59,4.3,4.3,weight_pct,pct,fresh,2026-06-10T00:00:00.000Z,,v1.1,
aed85f8eeb1316d5642ec06bee5aca6be6a2fa84,e10d7083a7efa6befec202680fb736f30c02327a,2026-06-16,social_interest,Social Interest,78,10,10,weight_pct,pct,fresh,2026-06-16T16:00:10.246Z,,v1.1,
aed85f8eeb1316d5642ec06bee5aca6be6a2fa84,e10d7083a7efa6befec202680fb736f30c02327a,2026-06-16,stablecoins,Stablecoins,80,18,18,weight_pct,pct,fresh,2026-06-16T16:01:23.502Z,,v1.1,
aed85f8eeb1316d5642ec06bee5aca6be6a2fa84,e10d7083a7efa6befec202680fb736f30c02327a,2026-06-16,term_leverage,Term Structure & Leverage,53,20,20,weight_pct,pct,fresh,2026-06-16T16:00:11.899Z,,v1.1,
aed85f8eeb1316d5642ec06bee5aca6be6a2fa84,e10d7083a7efa6befec202680fb736f30c02327a,2026-06-16,trend_valuation,Trend & Valuation,47,30,30,weight_pct,pct,fresh,2026-06-16T16:00:10.234Z,,v1.1,
a1b5d8023ab9c38c5f9ef5cca6be8dc89858eda1,113e97ec7d417a00a4c2631a9f7486a96b832a47,2026-06-17,etf_flows,ETF Flows,45,7.7,7.7,weight_pct,pct,fresh,2026-06-17T16:00:00.000Z,,v1.1,
a1b5d8023ab9c38c5f9ef5cca6be8dc89858eda1,113e97ec7d417a00a4c2631a9f7486a96b832a47,2026-06-17,macro_overlay,Macro Overlay,36,10,10,weight_pct,pct,fresh,2026-06-16T16:00:21.611Z,,v1.1,
a1b5d8023ab9c38c5f9ef5cca6be8dc89858eda1,113e97ec7d417a00a4c2631a9f7486a96b832a47,2026-06-17,net_liquidity,Net Liquidity (FRED),59,4.3,4.3,weight_pct,pct,fresh,2026-06-10T00:00:00.000Z,,v1.1,
a1b5d8023ab9c38c5f9ef5cca6be8dc89858eda1,113e97ec7d417a00a4c2631a9f7486a96b832a47,2026-06-17,social_interest,Social Interest,78,10,10,weight_pct,pct,fresh,2026-06-17T14:27:02.925Z,,v1.1,
a1b5d8023ab9c38c5f9ef5cca6be8dc89858eda1,113e97ec7d417a00a4c2631a9f7486a96b832a47,2026-06-17,stablecoins,Stablecoins,68,18,18,weight_pct,pct,fresh,2026-06-17T14:28:13.072Z,,v1.1,
a1b5d8023ab9c38c5f9ef5cca6be8dc89858eda1,113e97ec7d417a00a4c2631a9f7486a96b832a47,2026-06-17,term_leverage,Term Structure & Leverage,59,20,20,weight_pct,pct,fresh,2026-06-17T14:27:05.126Z,,v1.1,
a1b5d8023ab9c38c5f9ef5cca6be8dc89858eda1,113e97ec7d417a00a4c2631a9f7486a96b832a47,2026-06-17,trend_valuation,Trend & Valuation,46,30,30,weight_pct,pct,fresh,2026-06-17T14:27:02.912Z,,v1.1,
3f64c8a4f5bfbf55113e04a6f762384ad2393aae,8078c9af7079e2d12418cef83528df9e2f06d160,2026-06-18,etf_flows,ETF Flows,40,7.7,7.7,weight_pct,pct,fresh,2026-06-18T16:00:00.000Z,,v1.1,
3f64c8a4f5bfbf55113e04a6f762384ad2393aae,8078c9af7079e2d12418cef83528df9e2f06d160,2026-06-18,macro_overlay,Macro Overlay,40,10,10,weight_pct,pct,fresh,2026-06-18T14:13:36.120Z,,v1.1,
3f64c8a4f5bfbf55113e04a6f762384ad2393aae,8078c9af7079e2d12418cef83528df9e2f06d160,2026-06-18,net_liquidity,Net Liquidity (FRED),59,4.3,4.3,weight_pct,pct,fresh,2026-06-10T00:00:00.000Z,,v1.1,
3f64c8a4f5bfbf55113e04a6f762384ad2393aae,8078c9af7079e2d12418cef83528df9e2f06d160,2026-06-18,social_interest,Social Interest,78,10,10,weight_pct,pct,fresh,2026-06-18T14:13:35.488Z,,v1.1,
3f64c8a4f5bfbf55113e04a6f762384ad2393aae,8078c9af7079e2d12418cef83528df9e2f06d160,2026-06-18,stablecoins,Stablecoins,67,18,18,weight_pct,pct,fresh,2026-06-18T14:14:48.670Z,,v1.1,
3f64c8a4f5bfbf55113e04a6f762384ad2393aae,8078c9af7079e2d12418cef83528df9e2f06d160,2026-06-18,term_leverage,Term Structure & Leverage,59,20,20,weight_pct,pct,fresh,2026-06-18T14:13:36.937Z,,v1.1,
3f64c8a4f5bfbf55113e04a6f762384ad2393aae,8078c9af7079e2d12418cef83528df9e2f06d160,2026-06-18,trend_valuation,Trend & Valuation,46,30,30,weight_pct,pct,fresh,2026-06-18T14:13:35.475Z,,v1.1,
661d551b0722e08aab71cd216487a20f8d6f9fc1,2ec5b24cb09f1a168a1ab87e127d716af612e314,2026-06-19,etf_flows,ETF Flows,68,7.7,7.7,weight_pct,pct,fresh,2026-06-18T16:00:00.000Z,,v1.1,
661d551b0722e08aab71cd216487a20f8d6f9fc1,2ec5b24cb09f1a168a1ab87e127d716af612e314,2026-06-19,macro_overlay,Macro Overlay,55,10,10,weight_pct,pct,fresh,2026-06-19T14:14:01.876Z,,v1.1,
661d551b0722e08aab71cd216487a20f8d6f9fc1,2ec5b24cb09f1a168a1ab87e127d716af612e314,2026-06-19,net_liquidity,Net Liquidity (FRED),31,4.3,4.3,weight_pct,pct,fresh,2026-06-17T00:00:00.000Z,,v1.1,
661d551b0722e08aab71cd216487a20f8d6f9fc1,2ec5b24cb09f1a168a1ab87e127d716af612e314,2026-06-19,social_interest,Social Interest,78,10,10,weight_pct,pct,fresh,2026-06-19T14:14:00.783Z,,v1.1,
661d551b0722e08aab71cd216487a20f8d6f9fc1,2ec5b24cb09f1a168a1ab87e127d716af612e314,2026-06-19,stablecoins,Stablecoins,67,18,18,weight_pct,pct,fresh,2026-06-19T14:15:14.270Z,,v1.1,
661d551b0722e08aab71cd216487a20f8d6f9fc1,2ec5b24cb09f1a168a1ab87e127d716af612e314,2026-06-19,term_leverage,Term Structure & Leverage,50,20,20,weight_pct,pct,fresh,2026-06-19T14:14:02.488Z,,v1.1,
661d551b0722e08aab71cd216487a20f8d6f9fc1,2ec5b24cb09f1a168a1ab87e127d716af612e314,2026-06-19,trend_valuation,Trend & Valuation,46,30,30,weight_pct,pct,fresh,2026-06-19T14:14:00.773Z,,v1.1,
ab0dd0798b6739d880d16c96e68e0733275e0697,9a0bb189ec6d1a8f88afec38f346b4fb0ec87c9e,2026-06-21,etf_flows,ETF Flows,68,7.7,7.7,weight_pct,pct,fresh,2026-06-18T16:00:00.000Z,,v1.1,
ab0dd0798b6739d880d16c96e68e0733275e0697,9a0bb189ec6d1a8f88afec38f346b4fb0ec87c9e,2026-06-21,macro_overlay,Macro Overlay,59,10,10,weight_pct,pct,fresh,2026-06-21T14:54:15.711Z,,v1.1,
ab0dd0798b6739d880d16c96e68e0733275e0697,9a0bb189ec6d1a8f88afec38f346b4fb0ec87c9e,2026-06-21,net_liquidity,Net Liquidity (FRED),31,4.3,4.3,weight_pct,pct,fresh,2026-06-17T00:00:00.000Z,,v1.1,
ab0dd0798b6739d880d16c96e68e0733275e0697,9a0bb189ec6d1a8f88afec38f346b4fb0ec87c9e,2026-06-21,social_interest,Social Interest,78,10,10,weight_pct,pct,fresh,2026-06-21T14:54:14.702Z,,v1.1,
ab0dd0798b6739d880d16c96e68e0733275e0697,9a0bb189ec6d1a8f88afec38f346b4fb0ec87c9e,2026-06-21,stablecoins,Stablecoins,78,18,18,weight_pct,pct,fresh,2026-06-21T14:55:24.847Z,,v1.1,
ab0dd0798b6739d880d16c96e68e0733275e0697,9a0bb189ec6d1a8f88afec38f346b4fb0ec87c9e,2026-06-21,term_leverage,Term Structure & Leverage,51,20,20,weight_pct,pct,fresh,2026-06-21T14:54:16.074Z,,v1.1,
ab0dd0798b6739d880d16c96e68e0733275e0697,9a0bb189ec6d1a8f88afec38f346b4fb0ec87c9e,2026-06-21,trend_valuation,Trend & Valuation,46,30,30,weight_pct,pct,fresh,2026-06-21T14:54:14.699Z,,v1.1,
b5eda7f17ba2eb4c153163dfd874287933098561,d76f8a6b1c82eea4475aea2ff595c708589ecffa,2026-06-22,etf_flows,ETF Flows,68,7.7,7.7,weight_pct,pct,fresh,2026-06-22T16:00:00.000Z,,v1.1,
b5eda7f17ba2eb4c153163dfd874287933098561,d76f8a6b1c82eea4475aea2ff595c708589ecffa,2026-06-22,macro_overlay,Macro Overlay,51,10,10,weight_pct,pct,fresh,2026-06-22T15:56:52.538Z,,v1.1,
b5eda7f17ba2eb4c153163dfd874287933098561,d76f8a6b1c82eea4475aea2ff595c708589ecffa,2026-06-22,net_liquidity,Net Liquidity (FRED),31,4.3,4.3,weight_pct,pct,fresh,2026-06-17T00:00:00.000Z,,v1.1,
b5eda7f17ba2eb4c153163dfd874287933098561,d76f8a6b1c82eea4475aea2ff595c708589ecffa,2026-06-22,social_interest,Social Interest,78,10,10,weight_pct,pct,fresh,2026-06-22T15:56:52.035Z,,v1.1,
b5eda7f17ba2eb4c153163dfd874287933098561,d76f8a6b1c82eea4475aea2ff595c708589ecffa,2026-06-22,stablecoins,Stablecoins,77,18,18,weight_pct,pct,fresh,2026-06-22T15:58:04.183Z,,v1.1,
b5eda7f17ba2eb4c153163dfd874287933098561,d76f8a6b1c82eea4475aea2ff595c708589ecffa,2026-06-22,term_leverage,Term Structure & Leverage,51,20,20,weight_pct,pct,fresh,2026-06-22T15:56:54.006Z,,v1.1,
b5eda7f17ba2eb4c153163dfd874287933098561,d76f8a6b1c82eea4475aea2ff595c708589ecffa,2026-06-22,trend_valuation,Trend & Valuation,47,30,30,weight_pct,pct,fresh,2026-06-22T15:56:52.021Z,,v1.1,
2b144e089d1f245ace7f161c1b8bfaad4833dac3,d733a4f7fb7955d1f858d800a2be9e5941076603,2026-06-23,etf_flows,ETF Flows,45,7.7,7.7,weight_pct,pct,fresh,2026-06-23T16:00:00.000Z,,v1.1,
2b144e089d1f245ace7f161c1b8bfaad4833dac3,d733a4f7fb7955d1f858d800a2be9e5941076603,2026-06-23,macro_overlay,Macro Overlay,49,10,10,weight_pct,pct,fresh,2026-06-23T13:43:47.522Z,,v1.1,
2b144e089d1f245ace7f161c1b8bfaad4833dac3,d733a4f7fb7955d1f858d800a2be9e5941076603,2026-06-23,net_liquidity,Net Liquidity (FRED),31,4.3,4.3,weight_pct,pct,fresh,2026-06-17T00:00:00.000Z,,v1.1,
2b144e089d1f245ace7f161c1b8bfaad4833dac3,d733a4f7fb7955d1f858d800a2be9e5941076603,2026-06-23,social_interest,Social Interest,78,10,10,weight_pct,pct,fresh,2026-06-23T13:43:46.838Z,,v1.1,
2b144e089d1f245ace7f161c1b8bfaad4833dac3,d733a4f7fb7955d1f858d800a2be9e5941076603,2026-06-23,stablecoins,Stablecoins,78,18,18,weight_pct,pct,fresh,2026-06-23T13:44:57.009Z,,v1.1,
2b144e089d1f245ace7f161c1b8bfaad4833dac3,d733a4f7fb7955d1f858d800a2be9e5941076603,2026-06-23,term_leverage,Term Structure & Leverage,55,20,20,weight_pct,pct,fresh,2026-06-23T13:43:48.656Z,,v1.1,
2b144e089d1f245ace7f161c1b8bfaad4833dac3,d733a4f7fb7955d1f858d800a2be9e5941076603,2026-06-23,trend_valuation,Trend & Valuation,46,30,30,weight_pct,pct,fresh,2026-06-23T13:43:46.827Z,,v1.1,
d1f3ac1b35ba82f1ac5d195b4cd9d3010bb9047a,1a10f316b607d2e0cdf09110cf6c70c157a54145,2026-06-24,etf_flows,ETF Flows,62,7.7,7.7,weight_pct,pct,fresh,2026-06-24T16:00:00.000Z,,v1.1,
d1f3ac1b35ba82f1ac5d195b4cd9d3010bb9047a,1a10f316b607d2e0cdf09110cf6c70c157a54145,2026-06-24,macro_overlay,Macro Overlay,49,10,10,weight_pct,pct,fresh,2026-06-23T13:43:47.522Z,,v1.1,
d1f3ac1b35ba82f1ac5d195b4cd9d3010bb9047a,1a10f316b607d2e0cdf09110cf6c70c157a54145,2026-06-24,net_liquidity,Net Liquidity (FRED),31,4.3,4.3,weight_pct,pct,fresh,2026-06-17T00:00:00.000Z,,v1.1,
d1f3ac1b35ba82f1ac5d195b4cd9d3010bb9047a,1a10f316b607d2e0cdf09110cf6c70c157a54145,2026-06-24,social_interest,Social Interest,78,10,10,weight_pct,pct,fresh,2026-06-24T13:25:05.432Z,,v1.1,
d1f3ac1b35ba82f1ac5d195b4cd9d3010bb9047a,1a10f316b607d2e0cdf09110cf6c70c157a54145,2026-06-24,stablecoins,Stablecoins,78,18,18,weight_pct,pct,fresh,2026-06-24T13:26:19.032Z,,v1.1,
d1f3ac1b35ba82f1ac5d195b4cd9d3010bb9047a,1a10f316b607d2e0cdf09110cf6c70c157a54145,2026-06-24,term_leverage,Term Structure & Leverage,54,20,20,weight_pct,pct,fresh,2026-06-24T13:25:06.840Z,,v1.1,
d1f3ac1b35ba82f1ac5d195b4cd9d3010bb9047a,1a10f316b607d2e0cdf09110cf6c70c157a54145,2026-06-24,trend_valuation,Trend & Valuation,46,30,30,weight_pct,pct,fresh,2026-06-24T13:25:05.419Z,,v1.1,
881126947e4aa207342e7ade47c6cc6512a4a662,211195448b2187ffdccbd2c94c65801376777465,2026-06-25,etf_flows,ETF Flows,55,7.7,7.7,weight_pct,pct,fresh,2026-06-25T16:00:00.000Z,,v1.1,
881126947e4aa207342e7ade47c6cc6512a4a662,211195448b2187ffdccbd2c94c65801376777465,2026-06-25,macro_overlay,Macro Overlay,69,10,10,weight_pct,pct,fresh,2026-06-25T13:22:11.598Z,,v1.1,
881126947e4aa207342e7ade47c6cc6512a4a662,211195448b2187ffdccbd2c94c65801376777465,2026-06-25,net_liquidity,Net Liquidity (FRED),31,4.3,4.3,weight_pct,pct,fresh,2026-06-17T00:00:00.000Z,,v1.1,
881126947e4aa207342e7ade47c6cc6512a4a662,211195448b2187ffdccbd2c94c65801376777465,2026-06-25,social_interest,Social Interest,78,10,10,weight_pct,pct,fresh,2026-06-25T13:22:11.183Z,,v1.1,
881126947e4aa207342e7ade47c6cc6512a4a662,211195448b2187ffdccbd2c94c65801376777465,2026-06-25,stablecoins,Stablecoins,77,18,18,weight_pct,pct,fresh,2026-06-25T13:23:24.621Z,,v1.1,
881126947e4aa207342e7ade47c6cc6512a4a662,211195448b2187ffdccbd2c94c65801376777465,2026-06-25,term_leverage,Term Structure & Leverage,50,20,20,weight_pct,pct,fresh,2026-06-25T13:22:16.987Z,,v1.1,
881126947e4aa207342e7ade47c6cc6512a4a662,211195448b2187ffdccbd2c94c65801376777465,2026-06-25,trend_valuation,Trend & Valuation,46,30,30,weight_pct,pct,fresh,2026-06-25T13:22:11.171Z,,v1.1,
76f6fd5b0d94d757a1c24f2765d47389eabd4568,fd8a21350374dfdab2a4be01ceacdd8cb110ecad,2026-06-26,etf_flows,ETF Flows,64,7.7,7.7,weight_pct,pct,fresh,2026-06-26T16:00:00.000Z,,v1.1,
76f6fd5b0d94d757a1c24f2765d47389eabd4568,fd8a21350374dfdab2a4be01ceacdd8cb110ecad,2026-06-26,macro_overlay,Macro Overlay,69,10,10,weight_pct,pct,fresh,2026-06-25T13:22:11.598Z,,v1.1,
76f6fd5b0d94d757a1c24f2765d47389eabd4568,fd8a21350374dfdab2a4be01ceacdd8cb110ecad,2026-06-26,net_liquidity,Net Liquidity (FRED),28,4.3,4.3,weight_pct,pct,fresh,2026-06-24T00:00:00.000Z,,v1.1,
76f6fd5b0d94d757a1c24f2765d47389eabd4568,fd8a21350374dfdab2a4be01ceacdd8cb110ecad,2026-06-26,social_interest,Social Interest,78,10,10,weight_pct,pct,fresh,2026-06-26T13:14:24.693Z,,v1.1,
76f6fd5b0d94d757a1c24f2765d47389eabd4568,fd8a21350374dfdab2a4be01ceacdd8cb110ecad,2026-06-26,stablecoins,Stablecoins,77,18,18,weight_pct,pct,fresh,2026-06-26T13:15:38.432Z,,v1.1,
76f6fd5b0d94d757a1c24f2765d47389eabd4568,fd8a21350374dfdab2a4be01ceacdd8cb110ecad,2026-06-26,term_leverage,Term Structure & Leverage,45,20,20,weight_pct,pct,fresh,2026-06-26T13:14:26.382Z,,v1.1,
76f6fd5b0d94d757a1c24f2765d47389eabd4568,fd8a21350374dfdab2a4be01ceacdd8cb110ecad,2026-06-26,trend_valuation,Trend & Valuation,44,30,30,weight_pct,pct,fresh,2026-06-26T13:14:24.681Z,,v1.1,
447c555211f6008387ed7c170a64965c57559d5a,7d3eb669195c4515ab74d99a9ac568c8e79446f5,2026-06-27,etf_flows,ETF Flows,95,7.7,7.7,weight_pct,pct,fresh,2026-06-26T16:00:00.000Z,,v1.1,
447c555211f6008387ed7c170a64965c57559d5a,7d3eb669195c4515ab74d99a9ac568c8e79446f5,2026-06-27,macro_overlay,Macro Overlay,61,10,10,weight_pct,pct,fresh,2026-06-27T12:10:46.766Z,,v1.1,
447c555211f6008387ed7c170a64965c57559d5a,7d3eb669195c4515ab74d99a9ac568c8e79446f5,2026-06-27,net_liquidity,Net Liquidity (FRED),28,4.3,4.3,weight_pct,pct,fresh,2026-06-24T00:00:00.000Z,,v1.1,
447c555211f6008387ed7c170a64965c57559d5a,7d3eb669195c4515ab74d99a9ac568c8e79446f5,2026-06-27,social_interest,Social Interest,78,10,10,weight_pct,pct,fresh,2026-06-27T12:10:46.050Z,,v1.1,
447c555211f6008387ed7c170a64965c57559d5a,7d3eb669195c4515ab74d99a9ac568c8e79446f5,2026-06-27,stablecoins,Stablecoins,77,18,18,weight_pct,pct,fresh,2026-06-27T12:11:59.649Z,,v1.1,
447c555211f6008387ed7c170a64965c57559d5a,7d3eb669195c4515ab74d99a9ac568c8e79446f5,2026-06-27,term_leverage,Term Structure & Leverage,45,20,20,weight_pct,pct,fresh,2026-06-27T12:10:47.845Z,,v1.1,
447c555211f6008387ed7c170a64965c57559d5a,7d3eb669195c4515ab74d99a9ac568c8e79446f5,2026-06-27,trend_valuation,Trend & Valuation,45,30,30,weight_pct,pct,fresh,2026-06-27T12:10:46.037Z,,v1.1,
7a6c43ee02f8a56298e1b6e021f2f306d036a87f,4729fa5fb6f4607ee953daac956fb6331fae966b,2026-06-28,etf_flows,ETF Flows,95,7.7,7.7,weight_pct,pct,fresh,2026-06-26T16:00:00.000Z,,v1.1,
7a6c43ee02f8a56298e1b6e021f2f306d036a87f,4729fa5fb6f4607ee953daac956fb6331fae966b,2026-06-28,macro_overlay,Macro Overlay,62,10,10,weight_pct,pct,fresh,2026-06-28T12:18:07.815Z,,v1.1,
7a6c43ee02f8a56298e1b6e021f2f306d036a87f,4729fa5fb6f4607ee953daac956fb6331fae966b,2026-06-28,net_liquidity,Net Liquidity (FRED),28,4.3,4.3,weight_pct,pct,fresh,2026-06-24T00:00:00.000Z,,v1.1,
7a6c43ee02f8a56298e1b6e021f2f306d036a87f,4729fa5fb6f4607ee953daac956fb6331fae966b,2026-06-28,social_interest,Social Interest,78,10,10,weight_pct,pct,fresh,2026-06-28T12:18:07.018Z,,v1.1,
7a6c43ee02f8a56298e1b6e021f2f306d036a87f,4729fa5fb6f4607ee953daac956fb6331fae966b,2026-06-28,stablecoins,Stablecoins,73,18,18,weight_pct,pct,fresh,2026-06-28T12:19:20.137Z,,v1.1,
7a6c43ee02f8a56298e1b6e021f2f306d036a87f,4729fa5fb6f4607ee953daac956fb6331fae966b,2026-06-28,term_leverage,Term Structure & Leverage,59,20,20,weight_pct,pct,fresh,2026-06-28T12:18:08.574Z,,v1.1,
7a6c43ee02f8a56298e1b6e021f2f306d036a87f,4729fa5fb6f4607ee953daac956fb6331fae966b,2026-06-28,trend_valuation,Trend & Valuation,45,30,30,weight_pct,pct,fresh,2026-06-28T12:18:07.006Z,,v1.1,
8343718d1b89b3284ec4f7d9bd6c46d0315787cb,7bb844553077614bfd85e16bd344abd61fcd0587,2026-06-29,etf_flows,ETF Flows,95,7.7,7.7,weight_pct,pct,fresh,2026-06-29T16:00:00.000Z,,v1.1,
8343718d1b89b3284ec4f7d9bd6c46d0315787cb,7bb844553077614bfd85e16bd344abd61fcd0587,2026-06-29,macro_overlay,Macro Overlay,59,10,10,weight_pct,pct,fresh,2026-06-29T14:49:12.193Z,,v1.1,
8343718d1b89b3284ec4f7d9bd6c46d0315787cb,7bb844553077614bfd85e16bd344abd61fcd0587,2026-06-29,net_liquidity,Net Liquidity (FRED),28,4.3,4.3,weight_pct,pct,fresh,2026-06-24T00:00:00.000Z,,v1.1,
8343718d1b89b3284ec4f7d9bd6c46d0315787cb,7bb844553077614bfd85e16bd344abd61fcd0587,2026-06-29,social_interest,Social Interest,78,10,10,weight_pct,pct,fresh,2026-06-29T14:49:11.583Z,,v1.1,
8343718d1b89b3284ec4f7d9bd6c46d0315787cb,7bb844553077614bfd85e16bd344abd61fcd0587,2026-06-29,stablecoins,Stablecoins,74,18,18,weight_pct,pct,fresh,2026-06-29T14:50:24.832Z,,v1.1,
8343718d1b89b3284ec4f7d9bd6c46d0315787cb,7bb844553077614bfd85e16bd344abd61fcd0587,2026-06-29,term_leverage,Term Structure & Leverage,61,20,20,weight_pct,pct,fresh,2026-06-29T14:49:13.756Z,,v1.1,
8343718d1b89b3284ec4f7d9bd6c46d0315787cb,7bb844553077614bfd85e16bd344abd61fcd0587,2026-06-29,trend_valuation,Trend & Valuation,45,30,30,weight_pct,pct,fresh,2026-06-29T14:49:11.570Z,,v1.1,
90f6fd012ae33450cef2b931aee524fb23055299,62759c967cfae90992a6064ffab42cd7762a4f0d,2026-06-30,etf_flows,ETF Flows,79,7.7,7.7,weight_pct,pct,fresh,2026-06-30T16:00:00.000Z,,v1.1,
90f6fd012ae33450cef2b931aee524fb23055299,62759c967cfae90992a6064ffab42cd7762a4f0d,2026-06-30,macro_overlay,Macro Overlay,60,10,10,weight_pct,pct,fresh,2026-06-30T13:10:05.803Z,,v1.1,
90f6fd012ae33450cef2b931aee524fb23055299,62759c967cfae90992a6064ffab42cd7762a4f0d,2026-06-30,net_liquidity,Net Liquidity (FRED),28,4.3,4.3,weight_pct,pct,fresh,2026-06-24T00:00:00.000Z,,v1.1,
90f6fd012ae33450cef2b931aee524fb23055299,62759c967cfae90992a6064ffab42cd7762a4f0d,2026-06-30,social_interest,Social Interest,78,10,10,weight_pct,pct,fresh,2026-06-30T13:10:04.868Z,,v1.1,
90f6fd012ae33450cef2b931aee524fb23055299,62759c967cfae90992a6064ffab42cd7762a4f0d,2026-06-30,stablecoins,Stablecoins,77,18,18,weight_pct,pct,fresh,2026-06-30T13:11:15.077Z,,v1.1,
90f6fd012ae33450cef2b931aee524fb23055299,62759c967cfae90992a6064ffab42cd7762a4f0d,2026-06-30,term_leverage,Term Structure & Leverage,55,20,20,weight_pct,pct,fresh,2026-06-30T13:10:06.054Z,,v1.1,
90f6fd012ae33450cef2b931aee524fb23055299,62759c967cfae90992a6064ffab42cd7762a4f0d,2026-06-30,trend_valuation,Trend & Valuation,44,30,30,weight_pct,pct,fresh,2026-06-30T13:10:04.859Z,,v1.1,
3a5d806bba33adc9f08fef76fc782fc9a67db214,ab88441c175765e019807a5fbce9c640b7b45dc8,2026-07-01,etf_flows,ETF Flows,89,7.7,7.7,weight_pct,pct,fresh,2026-07-01T16:00:00.000Z,,v1.1,
3a5d806bba33adc9f08fef76fc782fc9a67db214,ab88441c175765e019807a5fbce9c640b7b45dc8,2026-07-01,macro_overlay,Macro Overlay,51,10,10,weight_pct,pct,fresh,2026-07-01T13:34:54.597Z,,v1.1,
3a5d806bba33adc9f08fef76fc782fc9a67db214,ab88441c175765e019807a5fbce9c640b7b45dc8,2026-07-01,net_liquidity,Net Liquidity (FRED),28,4.3,4.3,weight_pct,pct,fresh,2026-06-24T00:00:00.000Z,,v1.1,
3a5d806bba33adc9f08fef76fc782fc9a67db214,ab88441c175765e019807a5fbce9c640b7b45dc8,2026-07-01,social_interest,Social Interest,78,10,10,weight_pct,pct,fresh,2026-07-01T13:34:54.018Z,,v1.1,
3a5d806bba33adc9f08fef76fc782fc9a67db214,ab88441c175765e019807a5fbce9c640b7b45dc8,2026-07-01,stablecoins,Stablecoins,78,18,18,weight_pct,pct,fresh,2026-07-01T13:36:06.151Z,,v1.1,
3a5d806bba33adc9f08fef76fc782fc9a67db214,ab88441c175765e019807a5fbce9c640b7b45dc8,2026-07-01,term_leverage,Term Structure & Leverage,51,20,20,weight_pct,pct,fresh,2026-07-01T13:34:56.061Z,,v1.1,
3a5d806bba33adc9f08fef76fc782fc9a67db214,ab88441c175765e019807a5fbce9c640b7b45dc8,2026-07-01,trend_valuation,Trend & Valuation,44,30,30,weight_pct,pct,fresh,2026-07-01T13:34:54.006Z,,v1.1,
f48b7580875027275a040c232764e24f8bb77a39,77bde051b80fa0ef18eb47c1905494b2a016150f,2026-07-02,etf_flows,ETF Flows,68,7.7,7.7,weight_pct,pct,fresh,2026-07-02T16:00:00.000Z,,v1.1,
f48b7580875027275a040c232764e24f8bb77a39,77bde051b80fa0ef18eb47c1905494b2a016150f,2026-07-02,macro_overlay,Macro Overlay,51,10,10,weight_pct,pct,fresh,2026-07-01T13:34:54.597Z,,v1.1,
f48b7580875027275a040c232764e24f8bb77a39,77bde051b80fa0ef18eb47c1905494b2a016150f,2026-07-02,net_liquidity,Net Liquidity (FRED),28,4.3,4.3,weight_pct,pct,fresh,2026-06-24T00:00:00.000Z,,v1.1,
f48b7580875027275a040c232764e24f8bb77a39,77bde051b80fa0ef18eb47c1905494b2a016150f,2026-07-02,social_interest,Social Interest,78,10,10,weight_pct,pct,fresh,2026-07-02T13:00:22.740Z,,v1.1,
f48b7580875027275a040c232764e24f8bb77a39,77bde051b80fa0ef18eb47c1905494b2a016150f,2026-07-02,stablecoins,Stablecoins,78,18,18,weight_pct,pct,fresh,2026-07-02T13:01:32.818Z,,v1.1,
f48b7580875027275a040c232764e24f8bb77a39,77bde051b80fa0ef18eb47c1905494b2a016150f,2026-07-02,term_leverage,Term Structure & Leverage,45,20,20,weight_pct,pct,fresh,2026-07-02T13:00:24.668Z,,v1.1,
f48b7580875027275a040c232764e24f8bb77a39,77bde051b80fa0ef18eb47c1905494b2a016150f,2026-07-02,trend_valuation,Trend & Valuation,45,30,30,weight_pct,pct,fresh,2026-07-02T13:00:22.730Z,,v1.1,
408609b5cb0f72fc7d9f70c0fc29df583bde7df1,439843d25e5aa746cb48040b960643d9f153223c,2026-07-03,etf_flows,ETF Flows,67,7.7,7.7,weight_pct,pct,fresh,2026-07-02T16:00:00.000Z,,v1.1,
408609b5cb0f72fc7d9f70c0fc29df583bde7df1,439843d25e5aa746cb48040b960643d9f153223c,2026-07-03,macro_overlay,Macro Overlay,52,10,10,weight_pct,pct,fresh,2026-07-03T12:59:45.347Z,,v1.1,
408609b5cb0f72fc7d9f70c0fc29df583bde7df1,439843d25e5aa746cb48040b960643d9f153223c,2026-07-03,net_liquidity,Net Liquidity (FRED),24,4.3,4.3,weight_pct,pct,fresh,2026-07-01T00:00:00.000Z,,v1.1,
408609b5cb0f72fc7d9f70c0fc29df583bde7df1,439843d25e5aa746cb48040b960643d9f153223c,2026-07-03,social_interest,Social Interest,78,10,10,weight_pct,pct,fresh,2026-07-03T12:59:44.643Z,,v1.1,
408609b5cb0f72fc7d9f70c0fc29df583bde7df1,439843d25e5aa746cb48040b960643d9f153223c,2026-07-03,stablecoins,Stablecoins,76,18,18,weight_pct,pct,fresh,2026-07-03T13:00:58.140Z,,v1.1,
408609b5cb0f72fc7d9f70c0fc29df583bde7df1,439843d25e5aa746cb48040b960643d9f153223c,2026-07-03,term_leverage,Term Structure & Leverage,49,20,20,weight_pct,pct,fresh,2026-07-03T12:59:46.717Z,,v1.1,
408609b5cb0f72fc7d9f70c0fc29df583bde7df1,439843d25e5aa746cb48040b960643d9f153223c,2026-07-03,trend_valuation,Trend & Valuation,46,30,30,weight_pct,pct,fresh,2026-07-03T12:59:44.629Z,,v1.1,
059c3b1220fc618435215e2c305901f484769dad,ff4f34c294f4b6e0d8a2be67542b186bfcf93e8e,2026-07-04,etf_flows,ETF Flows,67,7.7,7.7,weight_pct,pct,fresh,2026-07-02T16:00:00.000Z,,v1.1,
059c3b1220fc618435215e2c305901f484769dad,ff4f34c294f4b6e0d8a2be67542b186bfcf93e8e,2026-07-04,macro_overlay,Macro Overlay,52,10,10,weight_pct,pct,fresh,2026-07-03T12:59:45.347Z,,v1.1,
059c3b1220fc618435215e2c305901f484769dad,ff4f34c294f4b6e0d8a2be67542b186bfcf93e8e,2026-07-04,net_liquidity,Net Liquidity (FRED),24,4.3,4.3,weight_pct,pct,fresh,2026-07-01T00:00:00.000Z,,v1.1,
059c3b1220fc618435215e2c305901f484769dad,ff4f34c294f4b6e0d8a2be67542b186bfcf93e8e,2026-07-04,social_interest,Social Interest,78,10,10,weight_pct,pct,fresh,2026-07-04T12:09:15.423Z,,v1.1,
059c3b1220fc618435215e2c305901f484769dad,ff4f34c294f4b6e0d8a2be67542b186bfcf93e8e,2026-07-04,stablecoins,Stablecoins,77,18,18,weight_pct,pct,fresh,2026-07-04T12:10:29.212Z,,v1.1,
059c3b1220fc618435215e2c305901f484769dad,ff4f34c294f4b6e0d8a2be67542b186bfcf93e8e,2026-07-04,term_leverage,Term Structure & Leverage,57,20,20,weight_pct,pct,fresh,2026-07-04T12:09:17.493Z,,v1.1,
059c3b1220fc618435215e2c305901f484769dad,ff4f34c294f4b6e0d8a2be67542b186bfcf93e8e,2026-07-04,trend_valuation,Trend & Valuation,46,30,30,weight_pct,pct,fresh,2026-07-04T12:09:15.408Z,,v1.1,
10ce71a393973ce9ac021c48ba73352f0c7cfab9,37221b653533789493e8eedfad291fb741aa5c81,2026-07-05,etf_flows,ETF Flows,67,7.7,7.7,weight_pct,pct,fresh,2026-07-02T16:00:00.000Z,,v1.1,
10ce71a393973ce9ac021c48ba73352f0c7cfab9,37221b653533789493e8eedfad291fb741aa5c81,2026-07-05,macro_overlay,Macro Overlay,53,10,10,weight_pct,pct,fresh,2026-07-05T12:20:15.776Z,,v1.1,
10ce71a393973ce9ac021c48ba73352f0c7cfab9,37221b653533789493e8eedfad291fb741aa5c81,2026-07-05,net_liquidity,Net Liquidity (FRED),24,4.3,4.3,weight_pct,pct,fresh,2026-07-01T00:00:00.000Z,,v1.1,
10ce71a393973ce9ac021c48ba73352f0c7cfab9,37221b653533789493e8eedfad291fb741aa5c81,2026-07-05,social_interest,Social Interest,78,10,10,weight_pct,pct,fresh,2026-07-05T12:20:15.306Z,,v1.1,
10ce71a393973ce9ac021c48ba73352f0c7cfab9,37221b653533789493e8eedfad291fb741aa5c81,2026-07-05,stablecoins,Stablecoins,76,18,18,weight_pct,pct,fresh,2026-07-05T12:21:29.368Z,,v1.1,
10ce71a393973ce9ac021c48ba73352f0c7cfab9,37221b653533789493e8eedfad291fb741aa5c81,2026-07-05,term_leverage,Term Structure & Leverage,53,20,20,weight_pct,pct,fresh,2026-07-05T12:20:17.319Z,,v1.1,
10ce71a393973ce9ac021c48ba73352f0c7cfab9,37221b653533789493e8eedfad291fb741aa5c81,2026-07-05,trend_valuation,Trend & Valuation,46,30,30,weight_pct,pct,fresh,2026-07-05T12:20:15.293Z,,v1.1,
f090ab4d0c8079f774033758819f6f0b9e88dd42,3e87d3bc9a9e2890d5925438bde00a20ced21d4a,2026-07-06,etf_flows,ETF Flows,63,7.7,7.7,weight_pct,pct,fresh,2026-07-06T16:00:00.000Z,,v1.1,
f090ab4d0c8079f774033758819f6f0b9e88dd42,3e87d3bc9a9e2890d5925438bde00a20ced21d4a,2026-07-06,macro_overlay,Macro Overlay,52,10,10,weight_pct,pct,fresh,2026-07-06T14:30:18.352Z,,v1.1,
f090ab4d0c8079f774033758819f6f0b9e88dd42,3e87d3bc9a9e2890d5925438bde00a20ced21d4a,2026-07-06,net_liquidity,Net Liquidity (FRED),24,4.3,4.3,weight_pct,pct,fresh,2026-07-01T00:00:00.000Z,,v1.1,
f090ab4d0c8079f774033758819f6f0b9e88dd42,3e87d3bc9a9e2890d5925438bde00a20ced21d4a,2026-07-06,social_interest,Social Interest,78,10,10,weight_pct,pct,fresh,2026-07-06T14:30:11.960Z,,v1.1,
f090ab4d0c8079f774033758819f6f0b9e88dd42,3e87d3bc9a9e2890d5925438bde00a20ced21d4a,2026-07-06,stablecoins,Stablecoins,76,18,18,weight_pct,pct,fresh,2026-07-06T14:31:22.076Z,,v1.1,
f090ab4d0c8079f774033758819f6f0b9e88dd42,3e87d3bc9a9e2890d5925438bde00a20ced21d4a,2026-07-06,term_leverage,Term Structure & Leverage,55,20,20,weight_pct,pct,fresh,2026-07-06T14:30:13.701Z,,v1.1,
f090ab4d0c8079f774033758819f6f0b9e88dd42,3e87d3bc9a9e2890d5925438bde00a20ced21d4a,2026-07-06,trend_valuation,Trend & Valuation,46,30,30,weight_pct,pct,fresh,2026-07-06T14:30:11.950Z,,v1.1,
2bfe4fd2db2367a3267bd79e657b8c78c0ce1925,6b90c64eeef4e48341ab40e33e71d4305f4b7f04,2026-07-07,etf_flows,ETF Flows,55,7.7,7.7,weight_pct,pct,fresh,2026-07-07T16:00:00.000Z,,v1.1,
2bfe4fd2db2367a3267bd79e657b8c78c0ce1925,6b90c64eeef4e48341ab40e33e71d4305f4b7f04,2026-07-07,macro_overlay,Macro Overlay,51,10,10,weight_pct,pct,fresh,2026-07-07T13:22:42.443Z,,v1.1,
2bfe4fd2db2367a3267bd79e657b8c78c0ce1925,6b90c64eeef4e48341ab40e33e71d4305f4b7f04,2026-07-07,net_liquidity,Net Liquidity (FRED),24,4.3,4.3,weight_pct,pct,fresh,2026-07-01T00:00:00.000Z,,v1.1,
2bfe4fd2db2367a3267bd79e657b8c78c0ce1925,6b90c64eeef4e48341ab40e33e71d4305f4b7f04,2026-07-07,social_interest,Social Interest,78,10,10,weight_pct,pct,fresh,2026-07-07T13:22:41.687Z,,v1.1,
2bfe4fd2db2367a3267bd79e657b8c78c0ce1925,6b90c64eeef4e48341ab40e33e71d4305f4b7f04,2026-07-07,stablecoins,Stablecoins,76,18,18,weight_pct,pct,fresh,2026-07-07T13:23:55.403Z,,v1.1,
2bfe4fd2db2367a3267bd79e657b8c78c0ce1925,6b90c64eeef4e48341ab40e33e71d4305f4b7f04,2026-07-07,term_leverage,Term Structure & Leverage,53,20,20,weight_pct,pct,fresh,2026-07-07T13:22:43.393Z,,v1.1,
2bfe4fd2db2367a3267bd79e657b8c78c0ce1925,6b90c64eeef4e48341ab40e33e71d4305f4b7f04,2026-07-07,trend_valuation,Trend & Valuation,47,30,30,weight_pct,pct,fresh,2026-07-07T13:22:41.677Z,,v1.1,
c3e04b0d302e437d58f828539e522ceffa81ba34,b157ca7ef6f3d7ea5fcf507ec9cfcacff245c3d1,2026-07-08,etf_flows,ETF Flows,45,7.7,7.7,weight_pct,pct,fresh,2026-07-08T16:00:00.000Z,,v1.1,
c3e04b0d302e437d58f828539e522ceffa81ba34,b157ca7ef6f3d7ea5fcf507ec9cfcacff245c3d1,2026-07-08,macro_overlay,Macro Overlay,51,10,10,weight_pct,pct,fresh,2026-07-07T13:22:42.443Z,,v1.1,
c3e04b0d302e437d58f828539e522ceffa81ba34,b157ca7ef6f3d7ea5fcf507ec9cfcacff245c3d1,2026-07-08,net_liquidity,Net Liquidity (FRED),24,4.3,4.3,weight_pct,pct,fresh,2026-07-01T00:00:00.000Z,,v1.1,
c3e04b0d302e437d58f828539e522ceffa81ba34,b157ca7ef6f3d7ea5fcf507ec9cfcacff245c3d1,2026-07-08,social_interest,Social Interest,78,10,10,weight_pct,pct,fresh,2026-07-08T12:24:01.306Z,,v1.1,
c3e04b0d302e437d58f828539e522ceffa81ba34,b157ca7ef6f3d7ea5fcf507ec9cfcacff245c3d1,2026-07-08,stablecoins,Stablecoins,71,18,18,weight_pct,pct,fresh,2026-07-08T12:25:14.308Z,,v1.1,
c3e04b0d302e437d58f828539e522ceffa81ba34,b157ca7ef6f3d7ea5fcf507ec9cfcacff245c3d1,2026-07-08,term_leverage,Term Structure & Leverage,55,20,20,weight_pct,pct,fresh,2026-07-08T12:24:02.690Z,,v1.1,
c3e04b0d302e437d58f828539e522ceffa81ba34,b157ca7ef6f3d7ea5fcf507ec9cfcacff245c3d1,2026-07-08,trend_valuation,Trend & Valuation,46,30,30,weight_pct,pct,fresh,2026-07-08T12:24:01.294Z,,v1.1,
39509981994ef8d012148818a13fe88530a8a3c4,3c5aaf7b3df4497ee005501a81773feb4b841bd9,2026-07-09,etf_flows,ETF Flows,45,7.7,7.7,weight_pct,pct,fresh,2026-07-09T16:00:00.000Z,,v1.1,
39509981994ef8d012148818a13fe88530a8a3c4,3c5aaf7b3df4497ee005501a81773feb4b841bd9,2026-07-09,macro_overlay,Macro Overlay,49,10,10,weight_pct,pct,fresh,2026-07-09T13:51:07.215Z,,v1.1,
39509981994ef8d012148818a13fe88530a8a3c4,3c5aaf7b3df4497ee005501a81773feb4b841bd9,2026-07-09,net_liquidity,Net Liquidity (FRED),24,4.3,4.3,weight_pct,pct,fresh,2026-07-01T00:00:00.000Z,,v1.1,
39509981994ef8d012148818a13fe88530a8a3c4,3c5aaf7b3df4497ee005501a81773feb4b841bd9,2026-07-09,social_interest,Social Interest,78,10,10,weight_pct,pct,fresh,2026-07-09T13:51:06.467Z,,v1.1,
39509981994ef8d012148818a13fe88530a8a3c4,3c5aaf7b3df4497ee005501a81773feb4b841bd9,2026-07-09,stablecoins,Stablecoins,70,18,18,weight_pct,pct,fresh,2026-07-09T13:52:19.794Z,,v1.1,
39509981994ef8d012148818a13fe88530a8a3c4,3c5aaf7b3df4497ee005501a81773feb4b841bd9,2026-07-09,term_leverage,Term Structure & Leverage,57,20,20,weight_pct,pct,fresh,2026-07-09T13:51:08.430Z,,v1.1,
39509981994ef8d012148818a13fe88530a8a3c4,3c5aaf7b3df4497ee005501a81773feb4b841bd9,2026-07-09,trend_valuation,Trend & Valuation,46,30,30,weight_pct,pct,fresh,2026-07-09T13:51:06.455Z,,v1.1,
85c3530dfd4b07c98876c507ede059dc9135e312,d061cf748b0caf1a1b1b2aaeb9ce213841985305,2026-07-10,etf_flows,ETF Flows,44,7.7,7.7,weight_pct,pct,fresh,2026-07-10T16:00:00.000Z,,v1.1,
85c3530dfd4b07c98876c507ede059dc9135e312,d061cf748b0caf1a1b1b2aaeb9ce213841985305,2026-07-10,macro_overlay,Macro Overlay,49,10,10,weight_pct,pct,fresh,2026-07-09T13:51:07.215Z,,v1.1,
85c3530dfd4b07c98876c507ede059dc9135e312,d061cf748b0caf1a1b1b2aaeb9ce213841985305,2026-07-10,net_liquidity,Net Liquidity (FRED),17,4.3,4.3,weight_pct,pct,fresh,2026-07-08T00:00:00.000Z,,v1.1,
85c3530dfd4b07c98876c507ede059dc9135e312,d061cf748b0caf1a1b1b2aaeb9ce213841985305,2026-07-10,social_interest,Social Interest,78,10,10,weight_pct,pct,fresh,2026-07-10T13:15:02.729Z,,v1.1,
85c3530dfd4b07c98876c507ede059dc9135e312,d061cf748b0caf1a1b1b2aaeb9ce213841985305,2026-07-10,stablecoins,Stablecoins,32,18,18,weight_pct,pct,fresh,2026-07-10T13:16:16.704Z,,v1.1,
85c3530dfd4b07c98876c507ede059dc9135e312,d061cf748b0caf1a1b1b2aaeb9ce213841985305,2026-07-10,term_leverage,Term Structure & Leverage,57,20,20,weight_pct,pct,fresh,2026-07-10T13:15:04.812Z,,v1.1,
85c3530dfd4b07c98876c507ede059dc9135e312,d061cf748b0caf1a1b1b2aaeb9ce213841985305,2026-07-10,trend_valuation,Trend & Valuation,47,30,30,weight_pct,pct,fresh,2026-07-10T13:15:02.716Z,,v1.1,
6c39b632dc5c26495c0c4e65ae1592688235ffeb,9b795a67ddec05290d0deb12e41e4823d90f2b5c,2026-07-11,etf_flows,ETF Flows,68,7.7,7.7,weight_pct,pct,fresh,2026-07-10T16:00:00.000Z,,v1.1,
6c39b632dc5c26495c0c4e65ae1592688235ffeb,9b795a67ddec05290d0deb12e41e4823d90f2b5c,2026-07-11,macro_overlay,Macro Overlay,45,10,10,weight_pct,pct,fresh,2026-07-11T11:55:43.287Z,,v1.1,
6c39b632dc5c26495c0c4e65ae1592688235ffeb,9b795a67ddec05290d0deb12e41e4823d90f2b5c,2026-07-11,net_liquidity,Net Liquidity (FRED),17,4.3,4.3,weight_pct,pct,fresh,2026-07-08T00:00:00.000Z,,v1.1,
6c39b632dc5c26495c0c4e65ae1592688235ffeb,9b795a67ddec05290d0deb12e41e4823d90f2b5c,2026-07-11,social_interest,Social Interest,78,10,10,weight_pct,pct,fresh,2026-07-11T11:55:42.933Z,,v1.1,
6c39b632dc5c26495c0c4e65ae1592688235ffeb,9b795a67ddec05290d0deb12e41e4823d90f2b5c,2026-07-11,stablecoins,Stablecoins,32,18,18,weight_pct,pct,fresh,2026-07-11T11:56:53.070Z,,v1.1,
6c39b632dc5c26495c0c4e65ae1592688235ffeb,9b795a67ddec05290d0deb12e41e4823d90f2b5c,2026-07-11,term_leverage,Term Structure & Leverage,57,20,20,weight_pct,pct,fresh,2026-07-11T11:55:44.835Z,,v1.1,
6c39b632dc5c26495c0c4e65ae1592688235ffeb,9b795a67ddec05290d0deb12e41e4823d90f2b5c,2026-07-11,trend_valuation,Trend & Valuation,46,30,30,weight_pct,pct,fresh,2026-07-11T11:55:42.909Z,,v1.1,
73b71bbed38e0efa75fd3792c3d55ec0c952b79f,72fdd054e6653eca806eaf83d31510f6999ccb81,2026-07-12,etf_flows,ETF Flows,68,7.7,7.7,weight_pct,pct,fresh,2026-07-10T16:00:00.000Z,,v1.1,
73b71bbed38e0efa75fd3792c3d55ec0c952b79f,72fdd054e6653eca806eaf83d31510f6999ccb81,2026-07-12,macro_overlay,Macro Overlay,46,10,10,weight_pct,pct,fresh,2026-07-12T12:02:51.949Z,,v1.1,
73b71bbed38e0efa75fd3792c3d55ec0c952b79f,72fdd054e6653eca806eaf83d31510f6999ccb81,2026-07-12,net_liquidity,Net Liquidity (FRED),17,4.3,4.3,weight_pct,pct,fresh,2026-07-08T00:00:00.000Z,,v1.1,
73b71bbed38e0efa75fd3792c3d55ec0c952b79f,72fdd054e6653eca806eaf83d31510f6999ccb81,2026-07-12,social_interest,Social Interest,78,10,10,weight_pct,pct,fresh,2026-07-12T12:02:51.353Z,,v1.1,
73b71bbed38e0efa75fd3792c3d55ec0c952b79f,72fdd054e6653eca806eaf83d31510f6999ccb81,2026-07-12,stablecoins,Stablecoins,32,18,18,weight_pct,pct,fresh,2026-07-12T12:04:03.512Z,,v1.1,
73b71bbed38e0efa75fd3792c3d55ec0c952b79f,72fdd054e6653eca806eaf83d31510f6999ccb81,2026-07-12,term_leverage,Term Structure & Leverage,57,20,20,weight_pct,pct,fresh,2026-07-12T12:02:52.979Z,,v1.1,
73b71bbed38e0efa75fd3792c3d55ec0c952b79f,72fdd054e6653eca806eaf83d31510f6999ccb81,2026-07-12,trend_valuation,Trend & Valuation,46,30,30,weight_pct,pct,fresh,2026-07-12T12:02:51.341Z,,v1.1,
bc40ee68e10976e2b0b68437a11681af27ab8054,b5e3274e24f59011dce2d41df7b017e9852abf3a,2026-07-13,etf_flows,ETF Flows,67,7.7,7.7,weight_pct,pct,fresh,2026-07-13T16:00:00.000Z,,v1.1,
bc40ee68e10976e2b0b68437a11681af27ab8054,b5e3274e24f59011dce2d41df7b017e9852abf3a,2026-07-13,macro_overlay,Macro Overlay,46,10,10,weight_pct,pct,fresh,2026-07-13T13:27:07.876Z,,v1.1,
bc40ee68e10976e2b0b68437a11681af27ab8054,b5e3274e24f59011dce2d41df7b017e9852abf3a,2026-07-13,net_liquidity,Net Liquidity (FRED),17,4.3,4.3,weight_pct,pct,fresh,2026-07-08T00:00:00.000Z,,v1.1,
bc40ee68e10976e2b0b68437a11681af27ab8054,b5e3274e24f59011dce2d41df7b017e9852abf3a,2026-07-13,social_interest,Social Interest,78,10,10,weight_pct,pct,fresh,2026-07-13T13:27:06.792Z,,v1.1,
bc40ee68e10976e2b0b68437a11681af27ab8054,b5e3274e24f59011dce2d41df7b017e9852abf3a,2026-07-13,stablecoins,Stablecoins,32,18,18,weight_pct,pct,fresh,2026-07-13T13:28:20.564Z,,v1.1,
bc40ee68e10976e2b0b68437a11681af27ab8054,b5e3274e24f59011dce2d41df7b017e9852abf3a,2026-07-13,term_leverage,Term Structure & Leverage,59,20,20,weight_pct,pct,fresh,2026-07-13T13:27:08.241Z,,v1.1,
bc40ee68e10976e2b0b68437a11681af27ab8054,b5e3274e24f59011dce2d41df7b017e9852abf3a,2026-07-13,trend_valuation,Trend & Valuation,46,30,30,weight_pct,pct,fresh,2026-07-13T13:27:06.781Z,,v1.1,
3e08d375545483361132c278e971d8075b956601,2d15e76100e36a793db47b46c83c0524c22454b6,2026-07-14,etf_flows,ETF Flows,43,7.7,7.7,weight_pct,pct,fresh,2026-07-14T16:00:00.000Z,,v1.1,
3e08d375545483361132c278e971d8075b956601,2d15e76100e36a793db47b46c83c0524c22454b6,2026-07-14,macro_overlay,Macro Overlay,52,10,10,weight_pct,pct,fresh,2026-07-14T12:18:02.122Z,,v1.1,
3e08d375545483361132c278e971d8075b956601,2d15e76100e36a793db47b46c83c0524c22454b6,2026-07-14,net_liquidity,Net Liquidity (FRED),17,4.3,4.3,weight_pct,pct,fresh,2026-07-08T00:00:00.000Z,,v1.1,
3e08d375545483361132c278e971d8075b956601,2d15e76100e36a793db47b46c83c0524c22454b6,2026-07-14,social_interest,Social Interest,78,10,10,weight_pct,pct,fresh,2026-07-14T12:18:01.677Z,,v1.1,
3e08d375545483361132c278e971d8075b956601,2d15e76100e36a793db47b46c83c0524c22454b6,2026-07-14,stablecoins,Stablecoins,71,18,18,weight_pct,pct,fresh,2026-07-14T12:19:14.944Z,,v1.1,
3e08d375545483361132c278e971d8075b956601,2d15e76100e36a793db47b46c83c0524c22454b6,2026-07-14,term_leverage,Term Structure & Leverage,63,20,20,weight_pct,pct,fresh,2026-07-14T12:18:03.706Z,,v1.1,
3e08d375545483361132c278e971d8075b956601,2d15e76100e36a793db47b46c83c0524c22454b6,2026-07-14,trend_valuation,Trend & Valuation,46,30,30,weight_pct,pct,fresh,2026-07-14T12:18:01.664Z,,v1.1,
fd8fd9e4a37f2bd1e1843d580c10b8a37aa04ec6,29ce3800d215e741238abdc486e8bf0b0d662013,2026-07-15,etf_flows,ETF Flows,56,7.7,7.7,weight_pct,pct,fresh,2026-07-15T16:00:00.000Z,,v1.1,
fd8fd9e4a37f2bd1e1843d580c10b8a37aa04ec6,29ce3800d215e741238abdc486e8bf0b0d662013,2026-07-15,macro_overlay,Macro Overlay,57,10,10,weight_pct,pct,fresh,2026-07-15T12:19:13.773Z,,v1.1,
fd8fd9e4a37f2bd1e1843d580c10b8a37aa04ec6,29ce3800d215e741238abdc486e8bf0b0d662013,2026-07-15,net_liquidity,Net Liquidity (FRED),17,4.3,4.3,weight_pct,pct,fresh,2026-07-08T00:00:00.000Z,,v1.1,
fd8fd9e4a37f2bd1e1843d580c10b8a37aa04ec6,29ce3800d215e741238abdc486e8bf0b0d662013,2026-07-15,social_interest,Social Interest,78,10,10,weight_pct,pct,fresh,2026-07-15T12:19:12.753Z,,v1.1,
fd8fd9e4a37f2bd1e1843d580c10b8a37aa04ec6,29ce3800d215e741238abdc486e8bf0b0d662013,2026-07-15,stablecoins,Stablecoins,69,18,18,weight_pct,pct,fresh,2026-07-15T12:20:26.866Z,,v1.1,
fd8fd9e4a37f2bd1e1843d580c10b8a37aa04ec6,29ce3800d215e741238abdc486e8bf0b0d662013,2026-07-15,term_leverage,Term Structure & Leverage,63,20,20,weight_pct,pct,fresh,2026-07-15T12:19:14.030Z,,v1.1,
fd8fd9e4a37f2bd1e1843d580c10b8a37aa04ec6,29ce3800d215e741238abdc486e8bf0b0d662013,2026-07-15,trend_valuation,Trend & Valuation,47,30,30,weight_pct,pct,fresh,2026-07-15T12:19:12.742Z,,v1.1,
a816a3e0f705737637ed2fb69a873f5b63cb6dd9,0d670d3d14dd441554cebad637568a366d39b13a,2026-07-16,etf_flows,ETF Flows,61,7.7,7.7,weight_pct,pct,fresh,2026-07-16T16:00:00.000Z,,v1.1,
a816a3e0f705737637ed2fb69a873f5b63cb6dd9,0d670d3d14dd441554cebad637568a366d39b13a,2026-07-16,macro_overlay,Macro Overlay,46,10,10,weight_pct,pct,fresh,2026-07-16T12:23:16.304Z,,v1.1,
a816a3e0f705737637ed2fb69a873f5b63cb6dd9,0d670d3d14dd441554cebad637568a366d39b13a,2026-07-16,net_liquidity,Net Liquidity (FRED),17,4.3,4.3,weight_pct,pct,fresh,2026-07-08T00:00:00.000Z,,v1.1,
a816a3e0f705737637ed2fb69a873f5b63cb6dd9,0d670d3d14dd441554cebad637568a366d39b13a,2026-07-16,social_interest,Social Interest,78,10,10,weight_pct,pct,fresh,2026-07-16T12:23:15.515Z,,v1.1,
a816a3e0f705737637ed2fb69a873f5b63cb6dd9,0d670d3d14dd441554cebad637568a366d39b13a,2026-07-16,stablecoins,Stablecoins,68,18,18,weight_pct,pct,fresh,2026-07-16T12:24:28.577Z,,v1.1,
a816a3e0f705737637ed2fb69a873f5b63cb6dd9,0d670d3d14dd441554cebad637568a366d39b13a,2026-07-16,term_leverage,Term Structure & Leverage,57,20,20,weight_pct,pct,fresh,2026-07-16T12:23:17.799Z,,v1.1,
a816a3e0f705737637ed2fb69a873f5b63cb6dd9,0d670d3d14dd441554cebad637568a366d39b13a,2026-07-16,trend_valuation,Trend & Valuation,47,30,30,weight_pct,pct,fresh,2026-07-16T12:23:15.493Z,,v1.1,
e32e271953d1237217e6905b1f5efb67200d6d22,3a8bbc141d9b477e6d40ad0ed9a83615bda9f09a,2026-07-17,etf_flows,ETF Flows,52,7.7,7.7,weight_pct,pct,fresh,2026-07-17T16:00:00.000Z,,v1.1,
e32e271953d1237217e6905b1f5efb67200d6d22,3a8bbc141d9b477e6d40ad0ed9a83615bda9f09a,2026-07-17,macro_overlay,Macro Overlay,46,10,10,weight_pct,pct,fresh,2026-07-16T12:23:16.304Z,,v1.1,
e32e271953d1237217e6905b1f5efb67200d6d22,3a8bbc141d9b477e6d40ad0ed9a83615bda9f09a,2026-07-17,net_liquidity,Net Liquidity (FRED),45,4.3,4.3,weight_pct,pct,fresh,2026-07-15T00:00:00.000Z,,v1.1,
e32e271953d1237217e6905b1f5efb67200d6d22,3a8bbc141d9b477e6d40ad0ed9a83615bda9f09a,2026-07-17,social_interest,Social Interest,78,10,10,weight_pct,pct,fresh,2026-07-17T12:13:36.481Z,,v1.1,
e32e271953d1237217e6905b1f5efb67200d6d22,3a8bbc141d9b477e6d40ad0ed9a83615bda9f09a,2026-07-17,stablecoins,Stablecoins,67,18,18,weight_pct,pct,fresh,2026-07-17T12:14:46.633Z,,v1.1,
e32e271953d1237217e6905b1f5efb67200d6d22,3a8bbc141d9b477e6d40ad0ed9a83615bda9f09a,2026-07-17,term_leverage,Term Structure & Leverage,61,20,20,weight_pct,pct,fresh,2026-07-17T12:13:38.585Z,,v1.1,
e32e271953d1237217e6905b1f5efb67200d6d22,3a8bbc141d9b477e6d40ad0ed9a83615bda9f09a,2026-07-17,trend_valuation,Trend & Valuation,46,30,30,weight_pct,pct,fresh,2026-07-17T12:13:36.472Z,,v1.1,
fb327b4079664c5f7a9768bd4b9e7546a163e251,8a76c0331fe563fc075ce9dc847511f7d1e2d0de,2026-07-18,etf_flows,ETF Flows,76,7.7,7.7,weight_pct,pct,fresh,2026-07-17T16:00:00.000Z,,v1.1,
fb327b4079664c5f7a9768bd4b9e7546a163e251,8a76c0331fe563fc075ce9dc847511f7d1e2d0de,2026-07-18,macro_overlay,Macro Overlay,35,10,10,weight_pct,pct,fresh,2026-07-18T11:56:18.855Z,,v1.1,
fb327b4079664c5f7a9768bd4b9e7546a163e251,8a76c0331fe563fc075ce9dc847511f7d1e2d0de,2026-07-18,net_liquidity,Net Liquidity (FRED),45,4.3,4.3,weight_pct,pct,fresh,2026-07-15T00:00:00.000Z,,v1.1,
fb327b4079664c5f7a9768bd4b9e7546a163e251,8a76c0331fe563fc075ce9dc847511f7d1e2d0de,2026-07-18,social_interest,Social Interest,78,10,10,weight_pct,pct,fresh,2026-07-18T11:56:18.231Z,,v1.1,
fb327b4079664c5f7a9768bd4b9e7546a163e251,8a76c0331fe563fc075ce9dc847511f7d1e2d0de,2026-07-18,stablecoins,Stablecoins,67,18,18,weight_pct,pct,fresh,2026-07-18T11:57:31.350Z,,v1.1,
fb327b4079664c5f7a9768bd4b9e7546a163e251,8a76c0331fe563fc075ce9dc847511f7d1e2d0de,2026-07-18,term_leverage,Term Structure & Leverage,61,20,20,weight_pct,pct,fresh,2026-07-18T11:56:19.505Z,,v1.1,
fb327b4079664c5f7a9768bd4b9e7546a163e251,8a76c0331fe563fc075ce9dc847511f7d1e2d0de,2026-07-18,trend_valuation,Trend & Valuation,47,30,30,weight_pct,pct,fresh,2026-07-18T11:56:18.219Z,,v1.1,
f184aad9ecf7d2d1507ba513eadf26611c8abdf4,75afbe138d47af4c5ebda4c2df11301db4486c79,2026-07-19,etf_flows,ETF Flows,76,7.7,7.7,weight_pct,pct,fresh,2026-07-17T16:00:00.000Z,,v1.1,
f184aad9ecf7d2d1507ba513eadf26611c8abdf4,75afbe138d47af4c5ebda4c2df11301db4486c79,2026-07-19,macro_overlay,Macro Overlay,35,10,10,weight_pct,pct,fresh,2026-07-19T12:01:45.085Z,,v1.1,
f184aad9ecf7d2d1507ba513eadf26611c8abdf4,75afbe138d47af4c5ebda4c2df11301db4486c79,2026-07-19,net_liquidity,Net Liquidity (FRED),45,4.3,4.3,weight_pct,pct,fresh,2026-07-15T00:00:00.000Z,,v1.1,
f184aad9ecf7d2d1507ba513eadf26611c8abdf4,75afbe138d47af4c5ebda4c2df11301db4486c79,2026-07-19,social_interest,Social Interest,78,10,10,weight_pct,pct,fresh,2026-07-19T12:01:43.666Z,,v1.1,
f184aad9ecf7d2d1507ba513eadf26611c8abdf4,75afbe138d47af4c5ebda4c2df11301db4486c79,2026-07-19,stablecoins,Stablecoins,69,18,18,weight_pct,pct,fresh,2026-07-19T12:02:57.558Z,,v1.1,
f184aad9ecf7d2d1507ba513eadf26611c8abdf4,75afbe138d47af4c5ebda4c2df11301db4486c79,2026-07-19,term_leverage,Term Structure & Leverage,63,20,20,weight_pct,pct,fresh,2026-07-19T12:01:45.783Z,,v1.1,
f184aad9ecf7d2d1507ba513eadf26611c8abdf4,75afbe138d47af4c5ebda4c2df11301db4486c79,2026-07-19,trend_valuation,Trend & Valuation,47,30,30,weight_pct,pct,fresh,2026-07-19T12:01:43.653Z,,v1.1,
645ce2af0e82c790f37baa973914dd5faa747bb3,0979f592ba185574bd8d9e519acc7ce55c47d79b,2026-07-20,etf_flows,ETF Flows,76,7.7,7.7,weight_pct,pct,fresh,2026-07-20T16:00:00.000Z,,v1.1,
645ce2af0e82c790f37baa973914dd5faa747bb3,0979f592ba185574bd8d9e519acc7ce55c47d79b,2026-07-20,macro_overlay,Macro Overlay,35,10,10,weight_pct,pct,fresh,2026-07-20T13:10:31.503Z,,v1.1,
645ce2af0e82c790f37baa973914dd5faa747bb3,0979f592ba185574bd8d9e519acc7ce55c47d79b,2026-07-20,net_liquidity,Net Liquidity (FRED),45,4.3,4.3,weight_pct,pct,fresh,2026-07-15T00:00:00.000Z,,v1.1,
645ce2af0e82c790f37baa973914dd5faa747bb3,0979f592ba185574bd8d9e519acc7ce55c47d79b,2026-07-20,social_interest,Social Interest,78,10,10,weight_pct,pct,fresh,2026-07-20T13:10:31.085Z,,v1.1,
645ce2af0e82c790f37baa973914dd5faa747bb3,0979f592ba185574bd8d9e519acc7ce55c47d79b,2026-07-20,stablecoins,Stablecoins,71,18,18,weight_pct,pct,fresh,2026-07-20T13:11:48.675Z,,v1.1,
645ce2af0e82c790f37baa973914dd5faa747bb3,0979f592ba185574bd8d9e519acc7ce55c47d79b,2026-07-20,term_leverage,Term Structure & Leverage,59,20,20,weight_pct,pct,fresh,2026-07-20T13:10:33.056Z,,v1.1,
645ce2af0e82c790f37baa973914dd5faa747bb3,0979f592ba185574bd8d9e519acc7ce55c47d79b,2026-07-20,trend_valuation,Trend & Valuation,47,30,30,weight_pct,pct,fresh,2026-07-20T13:10:31.072Z,,v1.1,
5fc6761fe6d3c19389730ac9312823d7c35f86e0,7f47e31a37da864f6afac717aa380d31b118250e,2026-07-21,etf_flows,ETF Flows,53,7.7,7.7,weight_pct,pct,fresh,2026-07-21T16:00:00.000Z,,v1.1,
5fc6761fe6d3c19389730ac9312823d7c35f86e0,7f47e31a37da864f6afac717aa380d31b118250e,2026-07-21,macro_overlay,Macro Overlay,42,10,10,weight_pct,pct,fresh,2026-07-21T12:25:06.539Z,,v1.1,
5fc6761fe6d3c19389730ac9312823d7c35f86e0,7f47e31a37da864f6afac717aa380d31b118250e,2026-07-21,net_liquidity,Net Liquidity (FRED),45,4.3,4.3,weight_pct,pct,fresh,2026-07-15T00:00:00.000Z,,v1.1,
5fc6761fe6d3c19389730ac9312823d7c35f86e0,7f47e31a37da864f6afac717aa380d31b118250e,2026-07-21,social_interest,Social Interest,78,10,10,weight_pct,pct,fresh,2026-07-21T12:25:05.795Z,,v1.1,
5fc6761fe6d3c19389730ac9312823d7c35f86e0,7f47e31a37da864f6afac717aa380d31b118250e,2026-07-21,stablecoins,Stablecoins,74,18,18,weight_pct,pct,fresh,2026-07-21T12:26:19.271Z,,v1.1,
5fc6761fe6d3c19389730ac9312823d7c35f86e0,7f47e31a37da864f6afac717aa380d31b118250e,2026-07-21,term_leverage,Term Structure & Leverage,59,20,20,weight_pct,pct,fresh,2026-07-21T12:25:07.803Z,,v1.1,
5fc6761fe6d3c19389730ac9312823d7c35f86e0,7f47e31a37da864f6afac717aa380d31b118250e,2026-07-21,trend_valuation,Trend & Valuation,48,30,30,weight_pct,pct,fresh,2026-07-21T12:25:05.783Z,,v1.1,
bd25affbb8acc5fa118b0d32a7567fa2cf9da817,4f9a9fce296bb742985af389fe9a72bdca6f467e,2026-07-22,etf_flows,ETF Flows,58,7.7,7.7,weight_pct,pct,fresh,2026-07-22T16:00:00.000Z,,v1.1,
bd25affbb8acc5fa118b0d32a7567fa2cf9da817,4f9a9fce296bb742985af389fe9a72bdca6f467e,2026-07-22,macro_overlay,Macro Overlay,39,10,10,weight_pct,pct,fresh,2026-07-22T12:42:31.517Z,,v1.1,
bd25affbb8acc5fa118b0d32a7567fa2cf9da817,4f9a9fce296bb742985af389fe9a72bdca6f467e,2026-07-22,net_liquidity,Net Liquidity (FRED),45,4.3,4.3,weight_pct,pct,fresh,2026-07-15T00:00:00.000Z,,v1.1,
bd25affbb8acc5fa118b0d32a7567fa2cf9da817,4f9a9fce296bb742985af389fe9a72bdca6f467e,2026-07-22,social_interest,Social Interest,78,10,10,weight_pct,pct,fresh,2026-07-22T12:42:30.687Z,,v1.1,
bd25affbb8acc5fa118b0d32a7567fa2cf9da817,4f9a9fce296bb742985af389fe9a72bdca6f467e,2026-07-22,stablecoins,Stablecoins,72,18,18,weight_pct,pct,fresh,2026-07-22T12:43:44.014Z,,v1.1,
bd25affbb8acc5fa118b0d32a7567fa2cf9da817,4f9a9fce296bb742985af389fe9a72bdca6f467e,2026-07-22,term_leverage,Term Structure & Leverage,57,20,20,weight_pct,pct,fresh,2026-07-22T12:42:32.868Z,,v1.1,
bd25affbb8acc5fa118b0d32a7567fa2cf9da817,4f9a9fce296bb742985af389fe9a72bdca6f467e,2026-07-22,trend_valuation,Trend & Valuation,48,30,30,weight_pct,pct,fresh,2026-07-22T12:42:30.675Z,,v1.1,
d4d01923b0881ccd709240ec68dc2e90f4e2c296,b094190e2fa16bb374b46fcc211bb5e4d50e7850,2026-07-23,etf_flows,ETF Flows,45,7.7,7.7,weight_pct,pct,fresh,2026-07-23T16:00:00.000Z,,v1.1,
d4d01923b0881ccd709240ec68dc2e90f4e2c296,b094190e2fa16bb374b46fcc211bb5e4d50e7850,2026-07-23,macro_overlay,Macro Overlay,39,10,10,weight_pct,pct,fresh,2026-07-22T12:42:31.517Z,,v1.1,
d4d01923b0881ccd709240ec68dc2e90f4e2c296,b094190e2fa16bb374b46fcc211bb5e4d50e7850,2026-07-23,net_liquidity,Net Liquidity (FRED),45,4.3,4.3,weight_pct,pct,fresh,2026-07-15T00:00:00.000Z,,v1.1,
d4d01923b0881ccd709240ec68dc2e90f4e2c296,b094190e2fa16bb374b46fcc211bb5e4d50e7850,2026-07-23,social_interest,Social Interest,78,10,10,weight_pct,pct,fresh,2026-07-23T12:26:01.103Z,,v1.1,
d4d01923b0881ccd709240ec68dc2e90f4e2c296,b094190e2fa16bb374b46fcc211bb5e4d50e7850,2026-07-23,stablecoins,Stablecoins,71,18,18,weight_pct,pct,fresh,2026-07-23T12:27:14.572Z,,v1.1,
d4d01923b0881ccd709240ec68dc2e90f4e2c296,b094190e2fa16bb374b46fcc211bb5e4d50e7850,2026-07-23,term_leverage,Term Structure & Leverage,53,20,20,weight_pct,pct,fresh,2026-07-23T12:26:02.656Z,,v1.1,
d4d01923b0881ccd709240ec68dc2e90f4e2c296,b094190e2fa16bb374b46fcc211bb5e4d50e7850,2026-07-23,trend_valuation,Trend & Valuation,48,30,30,weight_pct,pct,fresh,2026-07-23T12:26:01.088Z,,v1.1,
09d150b9f531d42e38be611f2191758109070fc8,eb7d2aa3952c6d55d52e935ca1b7823f1a88f2bc,2026-07-24,etf_flows,ETF Flows,67,7.7,7.7,weight_pct,pct,fresh,2026-07-24T16:00:00.000Z,,v1.1,
09d150b9f531d42e38be611f2191758109070fc8,eb7d2aa3952c6d55d52e935ca1b7823f1a88f2bc,2026-07-24,macro_overlay,Macro Overlay,48,10,10,weight_pct,pct,fresh,2026-07-24T12:22:36.289Z,,v1.1,
09d150b9f531d42e38be611f2191758109070fc8,eb7d2aa3952c6d55d52e935ca1b7823f1a88f2bc,2026-07-24,net_liquidity,Net Liquidity (FRED),45,4.3,4.3,weight_pct,pct,fresh,2026-07-22T00:00:00.000Z,,v1.1,
09d150b9f531d42e38be611f2191758109070fc8,eb7d2aa3952c6d55d52e935ca1b7823f1a88f2bc,2026-07-24,social_interest,Social Interest,78,10,10,weight_pct,pct,fresh,2026-07-24T12:22:35.440Z,,v1.1,
09d150b9f531d42e38be611f2191758109070fc8,eb7d2aa3952c6d55d52e935ca1b7823f1a88f2bc,2026-07-24,stablecoins,Stablecoins,71,18,18,weight_pct,pct,fresh,2026-07-24T12:23:48.686Z,,v1.1,
09d150b9f531d42e38be611f2191758109070fc8,eb7d2aa3952c6d55d52e935ca1b7823f1a88f2bc,2026-07-24,term_leverage,Term Structure & Leverage,55,20,20,weight_pct,pct,fresh,2026-07-24T12:22:37.294Z,,v1.1,
09d150b9f531d42e38be611f2191758109070fc8,eb7d2aa3952c6d55d52e935ca1b7823f1a88f2bc,2026-07-24,trend_valuation,Trend & Valuation,48,30,30,weight_pct,pct,fresh,2026-07-24T12:22:35.428Z,,v1.1,
24d068783f9ecba9c31351b13c0035fee7765dad,f0bafe1fd0b028797925f85dc8614179534ae66d,2026-07-25,etf_flows,ETF Flows,66,7.7,7.7,weight_pct,pct,fresh,2026-07-24T16:00:00.000Z,,v1.1,
24d068783f9ecba9c31351b13c0035fee7765dad,f0bafe1fd0b028797925f85dc8614179534ae66d,2026-07-25,macro_overlay,Macro Overlay,48,10,10,weight_pct,pct,fresh,2026-07-24T12:22:36.289Z,,v1.1,
24d068783f9ecba9c31351b13c0035fee7765dad,f0bafe1fd0b028797925f85dc8614179534ae66d,2026-07-25,net_liquidity,Net Liquidity (FRED),45,4.3,4.3,weight_pct,pct,fresh,2026-07-22T00:00:00.000Z,,v1.1,
24d068783f9ecba9c31351b13c0035fee7765dad,f0bafe1fd0b028797925f85dc8614179534ae66d,2026-07-25,social_interest,Social Interest,78,10,10,weight_pct,pct,fresh,2026-07-25T12:04:45.531Z,,v1.1,
24d068783f9ecba9c31351b13c0035fee7765dad,f0bafe1fd0b028797925f85dc8614179534ae66d,2026-07-25,stablecoins,Stablecoins,73,18,18,weight_pct,pct,fresh,2026-07-25T12:05:58.822Z,,v1.1,
24d068783f9ecba9c31351b13c0035fee7765dad,f0bafe1fd0b028797925f85dc8614179534ae66d,2026-07-25,term_leverage,Term Structure & Leverage,55,20,20,weight_pct,pct,fresh,2026-07-25T12:04:47.447Z,,v1.1,
24d068783f9ecba9c31351b13c0035fee7765dad,f0bafe1fd0b028797925f85dc8614179534ae66d,2026-07-25,trend_valuation,Trend & Valuation,47,30,30,weight_pct,pct,fresh,2026-07-25T12:04:45.524Z,,v1.1,
0db153fd2f5d88523c97b417a0db050659e050d8,1990046dfb78cf68407ffbb1eeb15e0c24391e19,2026-07-26,etf_flows,ETF Flows,66,7.7,7.7,weight_pct,pct,fresh,2026-07-24T16:00:00.000Z,,v1.1,
0db153fd2f5d88523c97b417a0db050659e050d8,1990046dfb78cf68407ffbb1eeb15e0c24391e19,2026-07-26,macro_overlay,Macro Overlay,66,10,10,weight_pct,pct,fresh,2026-07-26T12:07:57.597Z,,v1.1,
0db153fd2f5d88523c97b417a0db050659e050d8,1990046dfb78cf68407ffbb1eeb15e0c24391e19,2026-07-26,net_liquidity,Net Liquidity (FRED),45,4.3,4.3,weight_pct,pct,fresh,2026-07-22T00:00:00.000Z,,v1.1,
0db153fd2f5d88523c97b417a0db050659e050d8,1990046dfb78cf68407ffbb1eeb15e0c24391e19,2026-07-26,social_interest,Social Interest,78,10,10,weight_pct,pct,fresh,2026-07-26T12:07:57.312Z,,v1.1,
0db153fd2f5d88523c97b417a0db050659e050d8,1990046dfb78cf68407ffbb1eeb15e0c24391e19,2026-07-26,stablecoins,Stablecoins,74,18,18,weight_pct,pct,fresh,2026-07-26T12:09:12.279Z,,v1.1,
0db153fd2f5d88523c97b417a0db050659e050d8,1990046dfb78cf68407ffbb1eeb15e0c24391e19,2026-07-26,term_leverage,Term Structure & Leverage,53,20,20,weight_pct,pct,fresh,2026-07-26T12:07:59.000Z,,v1.1,
0db153fd2f5d88523c97b417a0db050659e050d8,1990046dfb78cf68407ffbb1eeb15e0c24391e19,2026-07-26,trend_valuation,Trend & Valuation,47,30,30,weight_pct,pct,fresh,2026-07-26T12:07:57.299Z,,v1.1,
3a9588fdc6601431ef2dffd1f0e10a7b9c2fe03c,740e87ecef7021afd7a431784901374cb0c905d3,2026-07-27,etf_flows,ETF Flows,67,7.7,7.7,weight_pct,pct,fresh,2026-07-27T16:00:00.000Z,,v1.1,
3a9588fdc6601431ef2dffd1f0e10a7b9c2fe03c,740e87ecef7021afd7a431784901374cb0c905d3,2026-07-27,macro_overlay,Macro Overlay,65,10,10,weight_pct,pct,fresh,2026-07-27T13:41:06.747Z,,v1.1,
3a9588fdc6601431ef2dffd1f0e10a7b9c2fe03c,740e87ecef7021afd7a431784901374cb0c905d3,2026-07-27,net_liquidity,Net Liquidity (FRED),45,4.3,4.3,weight_pct,pct,fresh,2026-07-22T00:00:00.000Z,,v1.1,
3a9588fdc6601431ef2dffd1f0e10a7b9c2fe03c,740e87ecef7021afd7a431784901374cb0c905d3,2026-07-27,social_interest,Social Interest,78,10,10,weight_pct,pct,fresh,2026-07-27T13:41:06.443Z,,v1.1,
3a9588fdc6601431ef2dffd1f0e10a7b9c2fe03c,740e87ecef7021afd7a431784901374cb0c905d3,2026-07-27,stablecoins,Stablecoins,73,18,18,weight_pct,pct,fresh,2026-07-27T13:42:19.794Z,,v1.1,
3a9588fdc6601431ef2dffd1f0e10a7b9c2fe03c,740e87ecef7021afd7a431784901374cb0c905d3,2026-07-27,term_leverage,Term Structure & Leverage,53,20,20,weight_pct,pct,fresh,2026-07-27T13:41:08.204Z,,v1.1,
3a9588fdc6601431ef2dffd1f0e10a7b9c2fe03c,740e87ecef7021afd7a431784901374cb0c905d3,2026-07-27,trend_valuation,Trend & Valuation,48,30,30,weight_pct,pct,fresh,2026-07-27T13:41:06.431Z,,v1.1,
3daa33b541db06256d31bfb911eb6affa197f79d,4743ac76861ff94abf4754c1848553b89cad4918,2026-07-28,etf_flows,ETF Flows,63,7.7,7.7,weight_pct,pct,fresh,2026-07-28T16:00:00.000Z,,v1.1,
3daa33b541db06256d31bfb911eb6affa197f79d,4743ac76861ff94abf4754c1848553b89cad4918,2026-07-28,macro_overlay,Macro Overlay,57,10,10,weight_pct,pct,fresh,2026-07-28T12:57:05.064Z,,v1.1,
3daa33b541db06256d31bfb911eb6affa197f79d,4743ac76861ff94abf4754c1848553b89cad4918,2026-07-28,net_liquidity,Net Liquidity (FRED),45,4.3,4.3,weight_pct,pct,fresh,2026-07-22T00:00:00.000Z,,v1.1,
3daa33b541db06256d31bfb911eb6affa197f79d,4743ac76861ff94abf4754c1848553b89cad4918,2026-07-28,social_interest,Social Interest,78,10,10,weight_pct,pct,fresh,2026-07-28T12:57:04.463Z,,v1.1,
3daa33b541db06256d31bfb911eb6affa197f79d,4743ac76861ff94abf4754c1848553b89cad4918,2026-07-28,stablecoins,Stablecoins,71,18,18,weight_pct,pct,fresh,2026-07-28T12:58:14.674Z,,v1.1,
3daa33b541db06256d31bfb911eb6affa197f79d,4743ac76861ff94abf4754c1848553b89cad4918,2026-07-28,term_leverage,Term Structure & Leverage,55,20,20,weight_pct,pct,fresh,2026-07-28T12:57:06.414Z,,v1.1,
3daa33b541db06256d31bfb911eb6affa197f79d,4743ac76861ff94abf4754c1848553b89cad4918,2026-07-28,trend_valuation,Trend & Valuation,47,30,30,weight_pct,pct,fresh,2026-07-28T12:57:04.451Z,,v1.1,
203f868413b5dec4bc2c166f979304f3695a6778,d16ab59d08dd39cf3ae08a31b43cc061c98148a1,2026-07-29,etf_flows,ETF Flows,91,7.7,7.7,weight_pct,pct,fresh,2026-07-29T16:00:00.000Z,,v1.1,
203f868413b5dec4bc2c166f979304f3695a6778,d16ab59d08dd39cf3ae08a31b43cc061c98148a1,2026-07-29,macro_overlay,Macro Overlay,54,10,10,weight_pct,pct,fresh,2026-07-29T13:03:53.357Z,,v1.1,
203f868413b5dec4bc2c166f979304f3695a6778,d16ab59d08dd39cf3ae08a31b43cc061c98148a1,2026-07-29,net_liquidity,Net Liquidity (FRED),45,4.3,4.3,weight_pct,pct,fresh,2026-07-22T00:00:00.000Z,,v1.1,
203f868413b5dec4bc2c166f979304f3695a6778,d16ab59d08dd39cf3ae08a31b43cc061c98148a1,2026-07-29,social_interest,Social Interest,78,10,10,weight_pct,pct,fresh,2026-07-29T13:03:45.534Z,,v1.1,
203f868413b5dec4bc2c166f979304f3695a6778,d16ab59d08dd39cf3ae08a31b43cc061c98148a1,2026-07-29,stablecoins,Stablecoins,72,18,18,weight_pct,pct,fresh,2026-07-29T13:04:58.972Z,,v1.1,
203f868413b5dec4bc2c166f979304f3695a6778,d16ab59d08dd39cf3ae08a31b43cc061c98148a1,2026-07-29,term_leverage,Term Structure & Leverage,51,20,20,weight_pct,pct,fresh,2026-07-29T13:03:47.428Z,,v1.1,
203f868413b5dec4bc2c166f979304f3695a6778,d16ab59d08dd39cf3ae08a31b43cc061c98148a1,2026-07-29,trend_valuation,Trend & Valuation,47,30,30,weight_pct,pct,fresh,2026-07-29T13:03:45.524Z,,v1.1,
4e4ffb26a8f50dbad90e87baacbd0f76a352c363,ff7ee5cb637e6c78732448d5e3bf6491dbe40d75,2026-07-30,etf_flows,ETF Flows,66,7.7,7.7,weight_pct,pct,fresh,2026-07-30T16:00:00.000Z,,v1.1,
4e4ffb26a8f50dbad90e87baacbd0f76a352c363,ff7ee5cb637e6c78732448d5e3bf6491dbe40d75,2026-07-30,macro_overlay,Macro Overlay,54,10,10,weight_pct,pct,fresh,2026-07-29T13:03:53.357Z,,v1.1,
4e4ffb26a8f50dbad90e87baacbd0f76a352c363,ff7ee5cb637e6c78732448d5e3bf6491dbe40d75,2026-07-30,net_liquidity,Net Liquidity (FRED),45,4.3,4.3,weight_pct,pct,fresh,2026-07-22T00:00:00.000Z,,v1.1,
4e4ffb26a8f50dbad90e87baacbd0f76a352c363,ff7ee5cb637e6c78732448d5e3bf6491dbe40d75,2026-07-30,social_interest,Social Interest,78,10,10,weight_pct,pct,fresh,2026-07-30T12:48:11.132Z,,v1.1,
4e4ffb26a8f50dbad90e87baacbd0f76a352c363,ff7ee5cb637e6c78732448d5e3bf6491dbe40d75,2026-07-30,stablecoins,Stablecoins,70,18,18,weight_pct,pct,fresh,2026-07-30T12:49:24.712Z,,v1.1,
4e4ffb26a8f50dbad90e87baacbd0f76a352c363,ff7ee5cb637e6c78732448d5e3bf6491dbe40d75,2026-07-30,term_leverage,Term Structure & Leverage,49,20,20,weight_pct,pct,fresh,2026-07-30T12:48:12.987Z,,v1.1,
4e4ffb26a8f50dbad90e87baacbd0f76a352c363,ff7ee5cb637e6c78732448d5e3bf6491dbe40d75,2026-07-30,trend_valuation,Trend & Valuation,47,30,30,weight_pct,pct,fresh,2026-07-30T12:48:11.120Z,,v1.1,
46d9f15fd80ffbad3a926bd5a9e754293d950867,466c53cb343bdc80e452ad036b1e88a9f29b68af,2026-07-31,etf_flows,ETF Flows,79,7.7,7.7,weight_pct,pct,fresh,2026-07-31T16:00:00.000Z,,v1.1,
46d9f15fd80ffbad3a926bd5a9e754293d950867,466c53cb343bdc80e452ad036b1e88a9f29b68af,2026-07-31,macro_overlay,Macro Overlay,32,10,10,weight_pct,pct,fresh,2026-07-31T12:59:34.586Z,,v1.1,
46d9f15fd80ffbad3a926bd5a9e754293d950867,466c53cb343bdc80e452ad036b1e88a9f29b68af,2026-07-31,net_liquidity,Net Liquidity (FRED),57,4.3,4.3,weight_pct,pct,fresh,2026-07-29T00:00:00.000Z,,v1.1,
46d9f15fd80ffbad3a926bd5a9e754293d950867,466c53cb343bdc80e452ad036b1e88a9f29b68af,2026-07-31,social_interest,Social Interest,78,10,10,weight_pct,pct,fresh,2026-07-31T12:59:33.955Z,,v1.1,
46d9f15fd80ffbad3a926bd5a9e754293d950867,466c53cb343bdc80e452ad036b1e88a9f29b68af,2026-07-31,stablecoins,Stablecoins,71,18,18,weight_pct,pct,fresh,2026-07-31T13:00:44.190Z,,v1.1,
46d9f15fd80ffbad3a926bd5a9e754293d950867,466c53cb343bdc80e452ad036b1e88a9f29b68af,2026-07-31,term_leverage,Term Structure & Leverage,49,20,20,weight_pct,pct,fresh,2026-07-31T12:59:35.475Z,,v1.1,
46d9f15fd80ffbad3a926bd5a9e754293d950867,466c53cb343bdc80e452ad036b1e88a9f29b68af,2026-07-31,trend_valuation,Trend & Valuation,47,30,30,weight_pct,pct,fresh,2026-07-31T12:59:33.943Z,,v1.1,
91fb03f190c3286f5d25c23b92ec54b80f7c5147,4d76f9c2ed00827cf9f9c8c48dff513a0138b043,2026-08-01,etf_flows,ETF Flows,64,7.7,7.7,weight_pct,pct,fresh,2026-07-31T16:00:00.000Z,,v1.1,
91fb03f190c3286f5d25c23b92ec54b80f7c5147,4d76f9c2ed00827cf9f9c8c48dff513a0138b043,2026-08-01,macro_overlay,Macro Overlay,32,10,10,weight_pct,pct,fresh,2026-07-31T12:59:34.586Z,,v1.1,
91fb03f190c3286f5d25c23b92ec54b80f7c5147,4d76f9c2ed00827cf9f9c8c48dff513a0138b043,2026-08-01,net_liquidity,Net Liquidity (FRED),57,4.3,4.3,weight_pct,pct,fresh,2026-07-29T00:00:00.000Z,,v1.1,
91fb03f190c3286f5d25c23b92ec54b80f7c5147,4d76f9c2ed00827cf9f9c8c48dff513a0138b043,2026-08-01,social_interest,Social Interest,78,10,10,weight_pct,pct,fresh,2026-08-01T12:04:27.054Z,,v1.1,
91fb03f190c3286f5d25c23b92ec54b80f7c5147,4d76f9c2ed00827cf9f9c8c48dff513a0138b043,2026-08-01,stablecoins,Stablecoins,73,18,18,weight_pct,pct,fresh,2026-08-01T12:05:37.274Z,,v1.1,
91fb03f190c3286f5d25c23b92ec54b80f7c5147,4d76f9c2ed00827cf9f9c8c48dff513a0138b043,2026-08-01,term_leverage,Term Structure & Leverage,53,20,20,weight_pct,pct,fresh,2026-08-01T12:04:28.293Z,,v1.1,
91fb03f190c3286f5d25c23b92ec54b80f7c5147,4d76f9c2ed00827cf9f9c8c48dff513a0138b043,2026-08-01,trend_valuation,Trend & Valuation,46,30,30,weight_pct,pct,fresh,2026-08-01T12:04:27.041Z,,v1.1,
1dbf77f8b2200bc43679764b04a5f2a6bbc2bce7,2d9dc161d187647a1bd9d47221195c80d77ebe1b,2026-08-02,etf_flows,ETF Flows,64,7.7,7.7,weight_pct,pct,fresh,2026-07-31T16:00:00.000Z,,v1.1,
1dbf77f8b2200bc43679764b04a5f2a6bbc2bce7,2d9dc161d187647a1bd9d47221195c80d77ebe1b,2026-08-02,macro_overlay,Macro Overlay,18,10,10,weight_pct,pct,fresh,2026-08-02T12:06:33.422Z,,v1.1,
1dbf77f8b2200bc43679764b04a5f2a6bbc2bce7,2d9dc161d187647a1bd9d47221195c80d77ebe1b,2026-08-02,net_liquidity,Net Liquidity (FRED),57,4.3,4.3,weight_pct,pct,fresh,2026-07-29T00:00:00.000Z,,v1.1,
1dbf77f8b2200bc43679764b04a5f2a6bbc2bce7,2d9dc161d187647a1bd9d47221195c80d77ebe1b,2026-08-02,social_interest,Social Interest,78,10,10,weight_pct,pct,fresh,2026-08-02T12:06:32.950Z,,v1.1,
1dbf77f8b2200bc43679764b04a5f2a6bbc2bce7,2d9dc161d187647a1bd9d47221195c80d77ebe1b,2026-08-02,stablecoins,Stablecoins,72,18,18,weight_pct,pct,fresh,2026-08-02T12:07:46.593Z,,v1.1,
1dbf77f8b2200bc43679764b04a5f2a6bbc2bce7,2d9dc161d187647a1bd9d47221195c80d77ebe1b,2026-08-02,term_leverage,Term Structure & Leverage,47,20,20,weight_pct,pct,fresh,2026-08-02T12:06:34.949Z,,v1.1,
1dbf77f8b2200bc43679764b04a5f2a6bbc2bce7,2d9dc161d187647a1bd9d47221195c80d77ebe1b,2026-08-02,trend_valuation,Trend & Valuation,46,30,30,weight_pct,pct,fresh,2026-08-02T12:06:32.937Z,,v1.1,
188ed2c0759c4fa417ed0306dfb73bd8f496be71,eb8bd2b5458dbf7ef35faed5a20d9ddc9c8861fb,2026-08-03,etf_flows,ETF Flows,62,7.7,7.7,weight_pct,pct,fresh,2026-08-03T16:00:00.000Z,,v1.1,
188ed2c0759c4fa417ed0306dfb73bd8f496be71,eb8bd2b5458dbf7ef35faed5a20d9ddc9c8861fb,2026-08-03,macro_overlay,Macro Overlay,12,10,10,weight_pct,pct,fresh,2026-08-03T13:43:39.500Z,,v1.1,
188ed2c0759c4fa417ed0306dfb73bd8f496be71,eb8bd2b5458dbf7ef35faed5a20d9ddc9c8861fb,2026-08-03,net_liquidity,Net Liquidity (FRED),57,4.3,4.3,weight_pct,pct,fresh,2026-07-29T00:00:00.000Z,,v1.1,
188ed2c0759c4fa417ed0306dfb73bd8f496be71,eb8bd2b5458dbf7ef35faed5a20d9ddc9c8861fb,2026-08-03,social_interest,Social Interest,78,10,10,weight_pct,pct,fresh,2026-08-03T13:43:38.888Z,,v1.1,
188ed2c0759c4fa417ed0306dfb73bd8f496be71,eb8bd2b5458dbf7ef35faed5a20d9ddc9c8861fb,2026-08-03,stablecoins,Stablecoins,71,18,18,weight_pct,pct,fresh,2026-08-03T13:44:52.823Z,,v1.1,
188ed2c0759c4fa417ed0306dfb73bd8f496be71,eb8bd2b5458dbf7ef35faed5a20d9ddc9c8861fb,2026-08-03,term_leverage,Term Structure & Leverage,47,20,20,weight_pct,pct,fresh,2026-08-03T13:43:40.240Z,,v1.1,
188ed2c0759c4fa417ed0306dfb73bd8f496be71,eb8bd2b5458dbf7ef35faed5a20d9ddc9c8861fb,2026-08-03,trend_valuation,Trend & Valuation,47,30,30,weight_pct,pct,fresh,2026-08-03T13:43:38.880Z,,v1.1,
1805e8f95cc0c0186b147c63c9dea7c0ce16d95a,271429374844d8a6aef744907fb625ea63919796,2026-08-04,etf_flows,ETF Flows,60,7.7,7.7,weight_pct,pct,fresh,2026-08-04T16:00:00.000Z,,v1.1,
1805e8f95cc0c0186b147c63c9dea7c0ce16d95a,271429374844d8a6aef744907fb625ea63919796,2026-08-04,macro_overlay,Macro Overlay,22,10,10,weight_pct,pct,fresh,2026-08-04T13:05:02.322Z,,v1.1,
1805e8f95cc0c0186b147c63c9dea7c0ce16d95a,271429374844d8a6aef744907fb625ea63919796,2026-08-04,net_liquidity,Net Liquidity (FRED),57,4.3,4.3,weight_pct,pct,fresh,2026-07-29T00:00:00.000Z,,v1.1,
1805e8f95cc0c0186b147c63c9dea7c0ce16d95a,271429374844d8a6aef744907fb625ea63919796,2026-08-04,social_interest,Social Interest,78,10,10,weight_pct,pct,fresh,2026-08-04T13:05:00.167Z,,v1.1,
1805e8f95cc0c0186b147c63c9dea7c0ce16d95a,271429374844d8a6aef744907fb625ea63919796,2026-08-04,stablecoins,Stablecoins,75,18,18,weight_pct,pct,fresh,2026-08-04T13:06:10.363Z,,v1.1,
1805e8f95cc0c0186b147c63c9dea7c0ce16d95a,271429374844d8a6aef744907fb625ea63919796,2026-08-04,term_leverage,Term Structure & Leverage,49,20,20,weight_pct,pct,fresh,2026-08-04T13:05:01.858Z,,v1.1,
1805e8f95cc0c0186b147c63c9dea7c0ce16d95a,271429374844d8a6aef744907fb625ea63919796,2026-08-04,trend_valuation,Trend & Valuation,47,30,30,weight_pct,pct,fresh,2026-08-04T13:05:00.153Z,,v1.1,
7c006cb769a5491f37c2afdab71a418d557ef2e5,96849281f9a2fddba318394d5b23725e02b3560d,2026-08-05,etf_flows,ETF Flows,66,7.7,7.7,weight_pct,pct,fresh,2026-08-05T16:00:00.000Z,,v1.1,
7c006cb769a5491f37c2afdab71a418d557ef2e5,96849281f9a2fddba318394d5b23725e02b3560d,2026-08-05,macro_overlay,Macro Overlay,22,10,10,weight_pct,pct,fresh,2026-08-04T13:05:02.322Z,,v1.1,
7c006cb769a5491f37c2afdab71a418d557ef2e5,96849281f9a2fddba318394d5b23725e02b3560d,2026-08-05,net_liquidity,Net Liquidity (FRED),57,4.3,4.3,weight_pct,pct,fresh,2026-07-29T00:00:00.000Z,,v1.1,
7c006cb769a5491f37c2afdab71a418d557ef2e5,96849281f9a2fddba318394d5b23725e02b3560d,2026-08-05,social_interest,Social Interest,78,10,10,weight_pct,pct,fresh,2026-08-05T12:57:48.504Z,,v1.1,
7c006cb769a5491f37c2afdab71a418d557ef2e5,96849281f9a2fddba318394d5b23725e02b3560d,2026-08-05,stablecoins,Stablecoins,72,18,18,weight_pct,pct,fresh,2026-08-05T12:59:02.160Z,,v1.1,
7c006cb769a5491f37c2afdab71a418d557ef2e5,96849281f9a2fddba318394d5b23725e02b3560d,2026-08-05,term_leverage,Term Structure & Leverage,49,20,20,weight_pct,pct,fresh,2026-08-05T12:57:49.727Z,,v1.1,
7c006cb769a5491f37c2afdab71a418d557ef2e5,96849281f9a2fddba318394d5b23725e02b3560d,2026-08-05,trend_valuation,Trend & Valuation,47,30,30,weight_pct,pct,fresh,2026-08-05T12:57:48.495Z,,v1.1,
092d094b828e3f62e46409337a88e8c37018c7ab,647bfd16fff03734e15ddf28bf5adab90a52164e,2026-08-06,etf_flows,ETF Flows,58,7.7,7.7,weight_pct,pct,fresh,2026-08-06T16:00:00.000Z,,v1.1,
092d094b828e3f62e46409337a88e8c37018c7ab,647bfd16fff03734e15ddf28bf5adab90a52164e,2026-08-06,macro_overlay,Macro Overlay,9,10,10,weight_pct,pct,fresh,2026-08-06T12:59:04.600Z,,v1.1,
092d094b828e3f62e46409337a88e8c37018c7ab,647bfd16fff03734e15ddf28bf5adab90a52164e,2026-08-06,net_liquidity,Net Liquidity (FRED),57,4.3,4.3,weight_pct,pct,fresh,2026-07-29T00:00:00.000Z,,v1.1,
092d094b828e3f62e46409337a88e8c37018c7ab,647bfd16fff03734e15ddf28bf5adab90a52164e,2026-08-06,social_interest,Social Interest,78,10,10,weight_pct,pct,fresh,2026-08-06T12:59:03.393Z,,v1.1,
092d094b828e3f62e46409337a88e8c37018c7ab,647bfd16fff03734e15ddf28bf5adab90a52164e,2026-08-06,stablecoins,Stablecoins,71,18,18,weight_pct,pct,fresh,2026-08-06T13:00:17.313Z,,v1.1,
092d094b828e3f62e46409337a88e8c37018c7ab,647bfd16fff03734e15ddf28bf5adab90a52164e,2026-08-06,term_leverage,Term Structure & Leverage,42,20,20,weight_pct,pct,fresh,2026-08-06T12:59:04.622Z,,v1.1,
092d094b828e3f62e46409337a88e8c37018c7ab,647bfd16fff03734e15ddf28bf5adab90a52164e,2026-08-06,trend_valuation,Trend & Valuation,47,30,30,weight_pct,pct,fresh,2026-08-06T12:59:03.381Z,,v1.1,
522b305ee16516a337a70ae88687b6dabeee384e,2a6805f39b35cad3b78365329301d3b7e054715c,2026-08-07,etf_flows,ETF Flows,55,7.7,7.7,weight_pct,pct,fresh,2026-08-06T16:00:00.000Z,,v1.1,
522b305ee16516a337a70ae88687b6dabeee384e,2a6805f39b35cad3b78365329301d3b7e054715c,2026-08-07,macro_overlay,Macro Overlay,9,10,10,weight_pct,pct,fresh,2026-08-06T12:59:04.600Z,,v1.1,
522b305ee16516a337a70ae88687b6dabeee384e,2a6805f39b35cad3b78365329301d3b7e054715c,2026-08-07,net_liquidity,Net Liquidity (FRED),71,4.3,4.3,weight_pct,pct,fresh,2026-08-05T00:00:00.000Z,,v1.1,
522b305ee16516a337a70ae88687b6dabeee384e,2a6805f39b35cad3b78365329301d3b7e054715c,2026-08-07,social_interest,Social Interest,78,10,10,weight_pct,pct,fresh,2026-08-07T11:49:21.891Z,,v1.1,
522b305ee16516a337a70ae88687b6dabeee384e,2a6805f39b35cad3b78365329301d3b7e054715c,2026-08-07,stablecoins,Stablecoins,72,18,18,weight_pct,pct,fresh,2026-08-07T11:50:34.817Z,,v1.1,
522b305ee16516a337a70ae88687b6dabeee384e,2a6805f39b35cad3b78365329301d3b7e054715c,2026-08-07,term_leverage,Term Structure & Leverage,42,20,20,weight_pct,pct,fresh,2026-08-07T11:49:23.461Z,,v1.1,
522b305ee16516a337a70ae88687b6dabeee384e,2a6805f39b35cad3b78365329301d3b7e054715c,2026-08-07,trend_valuation,Trend & Valuation,47,30,30,weight_pct,pct,fresh,2026-08-07T11:49:21.878Z,,v1.1,
af4146a98403e4fc6e0df2f288b5ab09c086e2ce,c6acf252fbd1649f1e950802ae78ae1405cd1bf7,2026-08-08,etf_flows,ETF Flows,45,7.7,7.7,weight_pct,pct,fresh,2026-08-07T16:00:00.000Z,,v1.1,
af4146a98403e4fc6e0df2f288b5ab09c086e2ce,c6acf252fbd1649f1e950802ae78ae1405cd1bf7,2026-08-08,macro_overlay,Macro Overlay,6,10,10,weight_pct,pct,fresh,2026-08-08T11:33:25.541Z,,v1.1,
af4146a98403e4fc6e0df2f288b5ab09c086e2ce,c6acf252fbd1649f1e950802ae78ae1405cd1bf7,2026-08-08,net_liquidity,Net Liquidity (FRED),71,4.3,4.3,weight_pct,pct,fresh,2026-08-05T00:00:00.000Z,,v1.1,
af4146a98403e4fc6e0df2f288b5ab09c086e2ce,c6acf252fbd1649f1e950802ae78ae1405cd1bf7,2026-08-08,social_interest,Social Interest,78,10,10,weight_pct,pct,fresh,2026-08-08T11:33:25.060Z,,v1.1,
af4146a98403e4fc6e0df2f288b5ab09c086e2ce,c6acf252fbd1649f1e950802ae78ae1405cd1bf7,2026-08-08,stablecoins,Stablecoins,75,18,18,weight_pct,pct,fresh,2026-08-08T11:34:38.761Z,,v1.1,
af4146a98403e4fc6e0df2f288b5ab09c086e2ce,c6acf252fbd1649f1e950802ae78ae1405cd1bf7,2026-08-08,term_leverage,Term Structure & Leverage,44,20,20,weight_pct,pct,fresh,2026-08-08T11:33:26.379Z,,v1.1,
af4146a98403e4fc6e0df2f288b5ab09c086e2ce,c6acf252fbd1649f1e950802ae78ae1405cd1bf7,2026-08-08,trend_valuation,Trend & Valuation,47,30,30,weight_pct,pct,fresh,2026-08-08T11:33:25.047Z,,v1.1,
2331b89e73df632a67b848defa1fb4be4e3fa648,6a716e14b6b5b8c4b815e95f5988f2f05f46a4e8,2026-08-09,etf_flows,ETF Flows,45,7.7,7.7,weight_pct,pct,fresh,2026-08-07T16:00:00.000Z,,v1.1,
2331b89e73df632a67b848defa1fb4be4e3fa648,6a716e14b6b5b8c4b815e95f5988f2f05f46a4e8,2026-08-09,macro_overlay,Macro Overlay,6,10,10,weight_pct,pct,fresh,2026-08-09T11:34:27.532Z,,v1.1,
2331b89e73df632a67b848defa1fb4be4e3fa648,6a716e14b6b5b8c4b815e95f5988f2f05f46a4e8,2026-08-09,net_liquidity,Net Liquidity (FRED),71,4.3,4.3,weight_pct,pct,fresh,2026-08-05T00:00:00.000Z,,v1.1,
2331b89e73df632a67b848defa1fb4be4e3fa648,6a716e14b6b5b8c4b815e95f5988f2f05f46a4e8,2026-08-09,social_interest,Social Interest,78,10,10,weight_pct,pct,fresh,2026-08-09T11:34:27.007Z,,v1.1,
2331b89e73df632a67b848defa1fb4be4e3fa648,6a716e14b6b5b8c4b815e95f5988f2f05f46a4e8,2026-08-09,stablecoins,Stablecoins,75,18,18,weight_pct,pct,fresh,2026-08-09T11:35:37.267Z,,v1.1,
2331b89e73df632a67b848defa1fb4be4e3fa648,6a716e14b6b5b8c4b815e95f5988f2f05f46a4e8,2026-08-09,term_leverage,Term Structure & Leverage,51,20,20,weight_pct,pct,fresh,2026-08-09T11:34:29.076Z,,v1.1,
2331b89e73df632a67b848defa1fb4be4e3fa648,6a716e14b6b5b8c4b815e95f5988f2f05f46a4e8,2026-08-09,trend_valuation,Trend & Valuation,47,30,30,weight_pct,pct,fresh,2026-08-09T11:34:26.995Z,,v1.1,
d6223ff888dd83604947e2cacb2835197b3adf0a,5f4bec7af4814e72d16ce267d5401e8212a25beb,2026-08-10,etf_flows,ETF Flows,45,7.7,7.7,weight_pct,pct,fresh,2026-08-07T16:00:00.000Z,,v1.1,
d6223ff888dd83604947e2cacb2835197b3adf0a,5f4bec7af4814e72d16ce267d5401e8212a25beb,2026-08-10,macro_overlay,Macro Overlay,6,10,10,weight_pct,pct,fresh,2026-08-10T11:51:38.206Z,,v1.1,
d6223ff888dd83604947e2cacb2835197b3adf0a,5f4bec7af4814e72d16ce267d5401e8212a25beb,2026-08-10,net_liquidity,Net Liquidity (FRED),71,4.3,4.3,weight_pct,pct,fresh,2026-08-05T00:00:00.000Z,,v1.1,
d6223ff888dd83604947e2cacb2835197b3adf0a,5f4bec7af4814e72d16ce267d5401e8212a25beb,2026-08-10,social_interest,Social Interest,78,10,10,weight_pct,pct,fresh,2026-08-10T11:51:37.566Z,,v1.1,
d6223ff888dd83604947e2cacb2835197b3adf0a,5f4bec7af4814e72d16ce267d5401e8212a25beb,2026-08-10,stablecoins,Stablecoins,75,18,18,weight_pct,pct,fresh,2026-08-10T11:52:50.543Z,,v1.1,
d6223ff888dd83604947e2cacb2835197b3adf0a,5f4bec7af4814e72d16ce267d5401e8212a25beb,2026-08-10,term_leverage,Term Structure & Leverage,48,20,20,weight_pct,pct,fresh,2026-08-10T11:51:38.895Z,,v1.1,
d6223ff888dd83604947e2cacb2835197b3adf0a,5f4bec7af4814e72d16ce267d5401e8212a25beb,2026-08-10,trend_valuation,Trend & Valuation,47,30,30,weight_pct,pct,fresh,2026-08-10T11:51:37.553Z,,v1.1,
f5f3f9f302bf118c92507244a1c210a652aed36b,e25a506e35fa6fcad2418c72426a28c0588990b5,2026-08-11,etf_flows,ETF Flows,45,7.7,7.7,weight_pct,pct,fresh,2026-08-10T16:00:00.000Z,,v1.1,
f5f3f9f302bf118c92507244a1c210a652aed36b,e25a506e35fa6fcad2418c72426a28c0588990b5,2026-08-11,macro_overlay,Macro Overlay,5,10,10,weight_pct,pct,fresh,2026-08-11T11:48:26.140Z,,v1.1,
f5f3f9f302bf118c92507244a1c210a652aed36b,e25a506e35fa6fcad2418c72426a28c0588990b5,2026-08-11,net_liquidity,Net Liquidity (FRED),71,4.3,4.3,weight_pct,pct,fresh,2026-08-05T00:00:00.000Z,,v1.1,
f5f3f9f302bf118c92507244a1c210a652aed36b,e25a506e35fa6fcad2418c72426a28c0588990b5,2026-08-11,social_interest,Social Interest,78,10,10,weight_pct,pct,fresh,2026-08-11T11:48:25.766Z,,v1.1,
f5f3f9f302bf118c92507244a1c210a652aed36b,e25a506e35fa6fcad2418c72426a28c0588990b5,2026-08-11,stablecoins,Stablecoins,70,18,18,weight_pct,pct,fresh,2026-08-11T11:49:39.490Z,,v1.1,
f5f3f9f302bf118c92507244a1c210a652aed36b,e25a506e35fa6fcad2418c72426a28c0588990b5,2026-08-11,term_leverage,Term Structure & Leverage,38,20,20,weight_pct,pct,fresh,2026-08-11T11:48:27.231Z,,v1.1,
f5f3f9f302bf118c92507244a1c210a652aed36b,e25a506e35fa6fcad2418c72426a28c0588990b5,2026-08-11,trend_valuation,Trend & Valuation,47,30,30,weight_pct,pct,fresh,2026-08-11T11:48:25.749Z,,v1.1,
dcf54e866f1976ead019b5a626f1b3b4cc9fbbaa,e2c83f2e839d834e49f949b555b68420258daf3f,2026-08-12,etf_flows,ETF Flows,46,7.7,7.7,weight_pct,pct,fresh,2026-08-11T16:00:00.000Z,,v1.1,
dcf54e866f1976ead019b5a626f1b3b4cc9fbbaa,e2c83f2e839d834e49f949b555b68420258daf3f,2026-08-12,macro_overlay,Macro Overlay,8,10,10,weight_pct,pct,fresh,2026-08-12T11:51:31.697Z,,v1.1,
dcf54e866f1976ead019b5a626f1b3b4cc9fbbaa,e2c83f2e839d834e49f949b555b68420258daf3f,2026-08-12,net_liquidity,Net Liquidity (FRED),71,4.3,4.3,weight_pct,pct,fresh,2026-08-05T00:00:00.000Z,,v1.1,
dcf54e866f1976ead019b5a626f1b3b4cc9fbbaa,e2c83f2e839d834e49f949b555b68420258daf3f,2026-08-12,social_interest,Social Interest,78,10,10,weight_pct,pct,fresh,2026-08-12T11:51:30.963Z,,v1.1,
dcf54e866f1976ead019b5a626f1b3b4cc9fbbaa,e2c83f2e839d834e49f949b555b68420258daf3f,2026-08-12,stablecoins,Stablecoins,75,18,18,weight_pct,pct,fresh,2026-08-12T11:52:41.205Z,,v1.1,
dcf54e866f1976ead019b5a626f1b3b4cc9fbbaa,e2c83f2e839d834e49f949b555b68420258daf3f,2026-08-12,term_leverage,Term Structure & Leverage,49,20,20,weight_pct,pct,fresh,2026-08-12T11:51:32.753Z,,v1.1,
dcf54e866f1976ead019b5a626f1b3b4cc9fbbaa,e2c83f2e839d834e49f949b555b68420258daf3f,2026-08-12,trend_valuation,Trend & Valuation,47,30,30,weight_pct,pct,fresh,2026-08-12T11:51:30.951Z,,v1.1,
9ce337924110c40acb05e39e7dd36e6e2d8fdcdf,f2ff4615da2b7fccf49fa512c0bbf17e335715b1,2026-08-13,etf_flows,ETF Flows,53,7.7,7.7,weight_pct,pct,fresh,2026-08-12T16:00:00.000Z,,v1.1,
9ce337924110c40acb05e39e7dd36e6e2d8fdcdf,f2ff4615da2b7fccf49fa512c0bbf17e335715b1,2026-08-13,macro_overlay,Macro Overlay,12,10,10,weight_pct,pct,fresh,2026-08-13T11:51:54.303Z,,v1.1,
9ce337924110c40acb05e39e7dd36e6e2d8fdcdf,f2ff4615da2b7fccf49fa512c0bbf17e335715b1,2026-08-13,net_liquidity,Net Liquidity (FRED),71,4.3,4.3,weight_pct,pct,fresh,2026-08-05T00:00:00.000Z,,v1.1,
9ce337924110c40acb05e39e7dd36e6e2d8fdcdf,f2ff4615da2b7fccf49fa512c0bbf17e335715b1,2026-08-13,social_interest,Social Interest,78,10,10,weight_pct,pct,fresh,2026-08-13T11:51:53.548Z,,v1.1,
9ce337924110c40acb05e39e7dd36e6e2d8fdcdf,f2ff4615da2b7fccf49fa512c0bbf17e335715b1,2026-08-13,stablecoins,Stablecoins,75,18,18,weight_pct,pct,fresh,2026-08-13T11:53:05.702Z,,v1.1,
9ce337924110c40acb05e39e7dd36e6e2d8fdcdf,f2ff4615da2b7fccf49fa512c0bbf17e335715b1,2026-08-13,term_leverage,Term Structure & Leverage,59,20,20,weight_pct,pct,fresh,2026-08-13T11:51:54.840Z,,v1.1,
9ce337924110c40acb05e39e7dd36e6e2d8fdcdf,f2ff4615da2b7fccf49fa512c0bbf17e335715b1,2026-08-13,trend_valuation,Trend & Valuation,46,30,30,weight_pct,pct,fresh,2026-08-13T11:51:53.540Z,,v1.1,
ff8722e0261b4a207c01b0cbbf8bb3fd71c93ffe,56ec0993797f35768f6faac8a66031ab16308e94,2026-08-14,etf_flows,ETF Flows,55,7.7,7.7,weight_pct,pct,fresh,2026-08-13T16:00:00.000Z,,v1.1,
ff8722e0261b4a207c01b0cbbf8bb3fd71c93ffe,56ec0993797f35768f6faac8a66031ab16308e94,2026-08-14,macro_overlay,Macro Overlay,12,10,10,weight_pct,pct,fresh,2026-08-13T11:51:54.303Z,,v1.1,
ff8722e0261b4a207c01b0cbbf8bb3fd71c93ffe,56ec0993797f35768f6faac8a66031ab16308e94,2026-08-14,net_liquidity,Net Liquidity (FRED),70,4.3,4.3,weight_pct,pct,fresh,2026-08-12T00:00:00.000Z,,v1.1,
ff8722e0261b4a207c01b0cbbf8bb3fd71c93ffe,56ec0993797f35768f6faac8a66031ab16308e94,2026-08-14,social_interest,Social Interest,78,10,10,weight_pct,pct,fresh,2026-08-14T11:48:40.884Z,,v1.1,
ff8722e0261b4a207c01b0cbbf8bb3fd71c93ffe,56ec0993797f35768f6faac8a66031ab16308e94,2026-08-14,stablecoins,Stablecoins,75,18,18,weight_pct,pct,fresh,2026-08-14T11:49:54.338Z,,v1.1,
ff8722e0261b4a207c01b0cbbf8bb3fd71c93ffe,56ec0993797f35768f6faac8a66031ab16308e94,2026-08-14,term_leverage,Term Structure & Leverage,57,20,20,weight_pct,pct,fresh,2026-08-14T11:48:42.840Z,,v1.1,
ff8722e0261b4a207c01b0cbbf8bb3fd71c93ffe,56ec0993797f35768f6faac8a66031ab16308e94,2026-08-14,trend_valuation,Trend & Valuation,46,30,30,weight_pct,pct,fresh,2026-08-14T11:48:40.875Z,,v1.1,
5c972fa7571360dcae530cd79dea5772ca3c36a9,723eaac39923baabc35e4ad5e934f2efdd14945b,2026-08-15,etf_flows,ETF Flows,75,7.7,7.7,weight_pct,pct,fresh,2026-08-14T16:00:00.000Z,,v1.1,
5c972fa7571360dcae530cd79dea5772ca3c36a9,723eaac39923baabc35e4ad5e934f2efdd14945b,2026-08-15,macro_overlay,Macro Overlay,5,10,10,weight_pct,pct,fresh,2026-08-15T11:24:25.700Z,,v1.1,
5c972fa7571360dcae530cd79dea5772ca3c36a9,723eaac39923baabc35e4ad5e934f2efdd14945b,2026-08-15,net_liquidity,Net Liquidity (FRED),70,4.3,4.3,weight_pct,pct,fresh,2026-08-12T00:00:00.000Z,,v1.1,
5c972fa7571360dcae530cd79dea5772ca3c36a9,723eaac39923baabc35e4ad5e934f2efdd14945b,2026-08-15,social_interest,Social Interest,78,10,10,weight_pct,pct,fresh,2026-08-15T11:24:24.664Z,,v1.1,
5c972fa7571360dcae530cd79dea5772ca3c36a9,723eaac39923baabc35e4ad5e934f2efdd14945b,2026-08-15,stablecoins,Stablecoins,72,18,18,weight_pct,pct,fresh,2026-08-15T11:25:37.933Z,,v1.1,
5c972fa7571360dcae530cd79dea5772ca3c36a9,723eaac39923baabc35e4ad5e934f2efdd14945b,2026-08-15,term_leverage,Term Structure & Leverage,53,20,20,weight_pct,pct,fresh,2026-08-15T11:24:26.800Z,,v1.1,
5c972fa7571360dcae530cd79dea5772ca3c36a9,723eaac39923baabc35e4ad5e934f2efdd14945b,2026-08-15,trend_valuation,Trend & Valuation,46,30,30,weight_pct,pct,fresh,2026-08-15T11:24:24.651Z,,v1.1,
462a96322e28e6f7c61fe0555cbfc7b0019ba8d8,0032a72942f70cf26a5dc7ca66a8161bfc0db909,2026-08-16,etf_flows,ETF Flows,75,7.7,7.7,weight_pct,pct,fresh,2026-08-14T16:00:00.000Z,,v1.1,
462a96322e28e6f7c61fe0555cbfc7b0019ba8d8,0032a72942f70cf26a5dc7ca66a8161bfc0db909,2026-08-16,macro_overlay,Macro Overlay,5,10,10,weight_pct,pct,fresh,2026-08-16T11:24:43.225Z,,v1.1,
462a96322e28e6f7c61fe0555cbfc7b0019ba8d8,0032a72942f70cf26a5dc7ca66a8161bfc0db909,2026-08-16,net_liquidity,Net Liquidity (FRED),70,4.3,4.3,weight_pct,pct,fresh,2026-08-12T00:00:00.000Z,,v1.1,
462a96322e28e6f7c61fe0555cbfc7b0019ba8d8,0032a72942f70cf26a5dc7ca66a8161bfc0db909,2026-08-16,social_interest,Social Interest,78,10,10,weight_pct,pct,fresh,2026-08-16T11:24:42.771Z,,v1.1,
462a96322e28e6f7c61fe0555cbfc7b0019ba8d8,0032a72942f70cf26a5dc7ca66a8161bfc0db909,2026-08-16,stablecoins,Stablecoins,73,18,18,weight_pct,pct,fresh,2026-08-16T11:25:56.067Z,,v1.1,
462a96322e28e6f7c61fe0555cbfc7b0019ba8d8,0032a72942f70cf26a5dc7ca66a8161bfc0db909,2026-08-16,term_leverage,Term Structure & Leverage,51,20,20,weight_pct,pct,fresh,2026-08-16T11:24:43.926Z,,v1.1,
462a96322e28e6f7c61fe0555cbfc7b0019ba8d8,0032a72942f70cf26a5dc7ca66a8161bfc0db909,2026-08-16,trend_valuation,Trend & Valuation,46,30,30,weight_pct,pct,fresh,2026-08-16T11:24:42.758Z,,v1.1,
82db3c2c0525aaa6dc1aa16932eabe143d7dff45,db789cd9c59b474044d428bfdccbe07312798236,2026-08-17,etf_flows,ETF Flows,74,7.7,7.7,weight_pct,pct,fresh,2026-08-14T16:00:00.000Z,,v1.1.1,integrity-2026-08
82db3c2c0525aaa6dc1aa16932eabe143d7dff45,db789cd9c59b474044d428bfdccbe07312798236,2026-08-17,macro_overlay,Macro Overlay,4,10,10,weight_pct,pct,fresh,2026-08-07T00:00:00.000Z,,v1.1.1,integrity-2026-08
82db3c2c0525aaa6dc1aa16932eabe143d7dff45,db789cd9c59b474044d428bfdccbe07312798236,2026-08-17,net_liquidity,Net Liquidity (FRED),70,4.3,4.3,weight_pct,pct,fresh,2026-08-12T00:00:00.000Z,,v1.1.1,integrity-2026-08
82db3c2c0525aaa6dc1aa16932eabe143d7dff45,db789cd9c59b474044d428bfdccbe07312798236,2026-08-17,social_interest,Social Interest,42,10,10,weight_pct,pct,fresh,2026-08-17T15:41:00.000Z,,v1.1.1,integrity-2026-08
82db3c2c0525aaa6dc1aa16932eabe143d7dff45,db789cd9c59b474044d428bfdccbe07312798236,2026-08-17,stablecoins,Stablecoins,76,18,18,weight_pct,pct,fresh,2026-08-17T15:44:18.299Z,,v1.1.1,integrity-2026-08
82db3c2c0525aaa6dc1aa16932eabe143d7dff45,db789cd9c59b474044d428bfdccbe07312798236,2026-08-17,term_leverage,Term Structure & Leverage,32,20,20,weight_pct,pct,fresh,2026-08-17T12:00:00.000Z,,v1.1.1,integrity-2026-08
82db3c2c0525aaa6dc1aa16932eabe143d7dff45,db789cd9c59b474044d428bfdccbe07312798236,2026-08-17,trend_valuation,Trend & Valuation,46,30,30,weight_pct,pct,fresh,2026-08-17T15:43:12.052Z,,v1.1.1,integrity-2026-08
d16a1a140930888a590eaa5f0a56a1c9830971b7,3e0c07ff08a236e59ad60e12373ff02eb138c7fb,2026-08-18,etf_flows,ETF Flows,71,7.7,7.7,weight_pct,pct,fresh,2026-08-17T16:00:00.000Z,,v1.1.1,integrity-2026-08
d16a1a140930888a590eaa5f0a56a1c9830971b7,3e0c07ff08a236e59ad60e12373ff02eb138c7fb,2026-08-18,macro_overlay,Macro Overlay,4,10,10,weight_pct,pct,fresh,2026-08-14T00:00:00.000Z,,v1.1.1,integrity-2026-08
d16a1a140930888a590eaa5f0a56a1c9830971b7,3e0c07ff08a236e59ad60e12373ff02eb138c7fb,2026-08-18,net_liquidity,Net Liquidity (FRED),70,4.3,4.3,weight_pct,pct,fresh,2026-08-12T00:00:00.000Z,,v1.1.1,integrity-2026-08
d16a1a140930888a590eaa5f0a56a1c9830971b7,3e0c07ff08a236e59ad60e12373ff02eb138c7fb,2026-08-18,social_interest,Social Interest,44,10,10,weight_pct,pct,fresh,2026-08-18T11:27:40.000Z,,v1.1.1,integrity-2026-08
d16a1a140930888a590eaa5f0a56a1c9830971b7,3e0c07ff08a236e59ad60e12373ff02eb138c7fb,2026-08-18,stablecoins,Stablecoins,72,18,18,weight_pct,pct,fresh,2026-08-18T11:30:34.084Z,,v1.1.1,integrity-2026-08
d16a1a140930888a590eaa5f0a56a1c9830971b7,3e0c07ff08a236e59ad60e12373ff02eb138c7fb,2026-08-18,term_leverage,Term Structure & Leverage,37,20,20,weight_pct,pct,fresh,2026-08-18T04:00:00.000Z,,v1.1.1,integrity-2026-08
d16a1a140930888a590eaa5f0a56a1c9830971b7,3e0c07ff08a236e59ad60e12373ff02eb138c7fb,2026-08-18,trend_valuation,Trend & Valuation,46,30,30,weight_pct,pct,fresh,2026-08-18T11:29:25.354Z,,v1.1.1,integrity-2026-08
