observation_date,primary_artifact_id,primary_artifact_commit_sha,observation_as_of_utc,g_score,native_band,numeric_band_crosswalk,model_version,implementation_revision,operational_role,evidence_grade,start_price_usd,start_price_source,horizon_days,target_date,end_close_usd,end_price_source,forward_return_decimal,forward_return_pct,analysis_source_sha,protocol_version
2025-09-19,0c9b77116a7ea2eeda573c573caf56394e2dd4b2,9d2c33a81e690ac718796c7bf96f6c9907908915,2025-09-19T11:19:27.292Z,47,Hold/Neutral,Moderate Buying,v3.1.0,,scheduled_etl,B,116478.28,artifact_spot_price_usd,30,2025-10-19,108676.78,btc_price_history.close_usd,-0.06697815249332317,-6.697815249332317,2d09d2d77fbe6b7f6c5765b48188ed1d2a88db2b,h4-forward-return-v1
2025-09-19,0c9b77116a7ea2eeda573c573caf56394e2dd4b2,9d2c33a81e690ac718796c7bf96f6c9907908915,2025-09-19T11:19:27.292Z,47,Hold/Neutral,Moderate Buying,v3.1.0,,scheduled_etl,B,116478.28,artifact_spot_price_usd,90,2025-12-18,85460.02,btc_price_history.close_usd,-0.26630080732648176,-26.630080732648175,2d09d2d77fbe6b7f6c5765b48188ed1d2a88db2b,h4-forward-return-v1
2025-09-19,0c9b77116a7ea2eeda573c573caf56394e2dd4b2,9d2c33a81e690ac718796c7bf96f6c9907908915,2025-09-19T11:19:27.292Z,47,Hold/Neutral,Moderate Buying,v3.1.0,,scheduled_etl,B,116478.28,artifact_spot_price_usd,180,2026-03-18,71245.02,btc_price_history.close_usd,-0.3883407275588203,-38.83407275588203,2d09d2d77fbe6b7f6c5765b48188ed1d2a88db2b,h4-forward-return-v1
2025-09-20,c5d0c80e8d170ca45b2271e16a137324a0321903,c897c44c76bbc8d4ef9984a781a7116147aac2f1,2025-09-20T11:17:39.091Z,49,Hold/Neutral,Moderate Buying,v3.1.0,,scheduled_etl,B,115903.33,artifact_spot_price_usd,30,2025-10-20,110568.06,btc_price_history.close_usd,-0.046032068276209204,-4.60320682762092,2d09d2d77fbe6b7f6c5765b48188ed1d2a88db2b,h4-forward-return-v1
2025-09-20,c5d0c80e8d170ca45b2271e16a137324a0321903,c897c44c76bbc8d4ef9984a781a7116147aac2f1,2025-09-20T11:17:39.091Z,49,Hold/Neutral,Moderate Buying,v3.1.0,,scheduled_etl,B,115903.33,artifact_spot_price_usd,90,2025-12-19,88092.65,btc_price_history.close_usd,-0.23994720427790994,-23.994720427790995,2d09d2d77fbe6b7f6c5765b48188ed1d2a88db2b,h4-forward-return-v1
2025-09-20,c5d0c80e8d170ca45b2271e16a137324a0321903,c897c44c76bbc8d4ef9984a781a7116147aac2f1,2025-09-20T11:17:39.091Z,49,Hold/Neutral,Moderate Buying,v3.1.0,,scheduled_etl,B,115903.33,artifact_spot_price_usd,180,2026-03-19,69918.3,btc_price_history.close_usd,-0.39675331157439564,-39.675331157439565,2d09d2d77fbe6b7f6c5765b48188ed1d2a88db2b,h4-forward-return-v1
2025-09-21,74c57db8cc60701569bd27060f33c19d7bd383b3,c23e1050c570e214717229dada5f087680180529,2025-09-21T02:36:08.017Z,46,Hold/Neutral,Moderate Buying,v3.1.0,,scheduled_etl,B,115673.46,artifact_spot_price_usd,30,2025-10-21,108362.27,btc_price_history.close_usd,-0.06320542326649525,-6.320542326649525,2d09d2d77fbe6b7f6c5765b48188ed1d2a88db2b,h4-forward-return-v1
2025-09-21,74c57db8cc60701569bd27060f33c19d7bd383b3,c23e1050c570e214717229dada5f087680180529,2025-09-21T02:36:08.017Z,46,Hold/Neutral,Moderate Buying,v3.1.0,,scheduled_etl,B,115673.46,artifact_spot_price_usd,90,2025-12-20,88324,btc_price_history.close_usd,-0.2364367764221802,-23.64367764221802,2d09d2d77fbe6b7f6c5765b48188ed1d2a88db2b,h4-forward-return-v1
2025-09-21,74c57db8cc60701569bd27060f33c19d7bd383b3,c23e1050c570e214717229dada5f087680180529,2025-09-21T02:36:08.017Z,46,Hold/Neutral,Moderate Buying,v3.1.0,,scheduled_etl,B,115673.46,artifact_spot_price_usd,180,2026-03-20,70497.01,btc_price_history.close_usd,-0.3905515578076424,-39.05515578076424,2d09d2d77fbe6b7f6c5765b48188ed1d2a88db2b,h4-forward-return-v1
2025-09-22,b44ac7c6b99d894716e7fe1630e7f5afe5893a50,b9d4fe602e67a4199c1eb139847d0bef3f8abb2a,2025-09-22T11:20:01.318Z,47,Hold/Neutral,Moderate Buying,v3.1.0,,scheduled_etl,B,112905.38,artifact_spot_price_usd,30,2025-10-22,107585.98,btc_price_history.close_usd,-0.04711378678323397,-4.711378678323397,2d09d2d77fbe6b7f6c5765b48188ed1d2a88db2b,h4-forward-return-v1
2025-09-22,b44ac7c6b99d894716e7fe1630e7f5afe5893a50,b9d4fe602e67a4199c1eb139847d0bef3f8abb2a,2025-09-22T11:20:01.318Z,47,Hold/Neutral,Moderate Buying,v3.1.0,,scheduled_etl,B,112905.38,artifact_spot_price_usd,90,2025-12-21,88639.95,btc_price_history.close_usd,-0.2149182793592299,-21.49182793592299,2d09d2d77fbe6b7f6c5765b48188ed1d2a88db2b,h4-forward-return-v1
2025-09-22,b44ac7c6b99d894716e7fe1630e7f5afe5893a50,b9d4fe602e67a4199c1eb139847d0bef3f8abb2a,2025-09-22T11:20:01.318Z,47,Hold/Neutral,Moderate Buying,v3.1.0,,scheduled_etl,B,112905.38,artifact_spot_price_usd,180,2026-03-21,68912.02,btc_price_history.close_usd,-0.38964803980111484,-38.96480398011148,2d09d2d77fbe6b7f6c5765b48188ed1d2a88db2b,h4-forward-return-v1
2025-09-23,7566e02eb3bffe5e44abf73fa2002a66a0aba709,171c9dfb4ce126f3f03d3cc9ee445019aa77da2d,2025-09-23T11:18:55.077Z,40,Hold/Neutral,Moderate Buying,v3.1.0,,scheduled_etl,B,112807.46,artifact_spot_price_usd,30,2025-10-23,110116.03,btc_price_history.close_usd,-0.023858617151738093,-2.3858617151738093,2d09d2d77fbe6b7f6c5765b48188ed1d2a88db2b,h4-forward-return-v1
2025-09-23,7566e02eb3bffe5e44abf73fa2002a66a0aba709,171c9dfb4ce126f3f03d3cc9ee445019aa77da2d,2025-09-23T11:18:55.077Z,40,Hold/Neutral,Moderate Buying,v3.1.0,,scheduled_etl,B,112807.46,artifact_spot_price_usd,90,2025-12-22,88556.77,btc_price_history.close_usd,-0.21497416926150092,-21.49741692615009,2d09d2d77fbe6b7f6c5765b48188ed1d2a88db2b,h4-forward-return-v1
2025-09-23,7566e02eb3bffe5e44abf73fa2002a66a0aba709,171c9dfb4ce126f3f03d3cc9ee445019aa77da2d,2025-09-23T11:18:55.077Z,40,Hold/Neutral,Moderate Buying,v3.1.0,,scheduled_etl,B,112807.46,artifact_spot_price_usd,180,2026-03-22,67844.94,btc_price_history.close_usd,-0.3985775408824913,-39.85775408824913,2d09d2d77fbe6b7f6c5765b48188ed1d2a88db2b,h4-forward-return-v1
2025-09-24,c35032de9677f684c962b6e755b6fa1c0d3abe2c,a0e05a6152eb182fcaaa9a2248368ea0077fc7ad,2025-09-24T11:18:45.296Z,50,Hold/Neutral,Hold & Wait,v3.1.0,,scheduled_etl,B,113116.01,artifact_spot_price_usd,30,2025-10-24,111042.13,btc_price_history.close_usd,-0.018334097887646394,-1.8334097887646394,2d09d2d77fbe6b7f6c5765b48188ed1d2a88db2b,h4-forward-return-v1
2025-09-24,c35032de9677f684c962b6e755b6fa1c0d3abe2c,a0e05a6152eb182fcaaa9a2248368ea0077fc7ad,2025-09-24T11:18:45.296Z,50,Hold/Neutral,Hold & Wait,v3.1.0,,scheduled_etl,B,113116.01,artifact_spot_price_usd,90,2025-12-23,87429.32,btc_price_history.close_usd,-0.22708270915850015,-22.708270915850015,2d09d2d77fbe6b7f6c5765b48188ed1d2a88db2b,h4-forward-return-v1
2025-09-24,c35032de9677f684c962b6e755b6fa1c0d3abe2c,a0e05a6152eb182fcaaa9a2248368ea0077fc7ad,2025-09-24T11:18:45.296Z,50,Hold/Neutral,Hold & Wait,v3.1.0,,scheduled_etl,B,113116.01,artifact_spot_price_usd,180,2026-03-23,70874.23,btc_price_history.close_usd,-0.37343767694776364,-37.34376769477636,2d09d2d77fbe6b7f6c5765b48188ed1d2a88db2b,h4-forward-return-v1
2025-09-25,e9f3b5b5f51002d5f0f12039ebfbf27726460ea6,361bd801a56a1ca56524f03894645142fc784d78,2025-09-25T00:45:00.436Z,45,Hold/Neutral,Moderate Buying,v3.1.0,,scheduled_etl,B,113236.2,artifact_spot_price_usd,30,2025-10-25,111666.21,btc_price_history.close_usd,-0.013864735835359965,-1.3864735835359965,2d09d2d77fbe6b7f6c5765b48188ed1d2a88db2b,h4-forward-return-v1
2025-09-25,e9f3b5b5f51002d5f0f12039ebfbf27726460ea6,361bd801a56a1ca56524f03894645142fc784d78,2025-09-25T00:45:00.436Z,45,Hold/Neutral,Moderate Buying,v3.1.0,,scheduled_etl,B,113236.2,artifact_spot_price_usd,90,2025-12-24,87609.03,btc_price_history.close_usd,-0.22631605440662972,-22.631605440662973,2d09d2d77fbe6b7f6c5765b48188ed1d2a88db2b,h4-forward-return-v1
2025-09-25,e9f3b5b5f51002d5f0f12039ebfbf27726460ea6,361bd801a56a1ca56524f03894645142fc784d78,2025-09-25T00:45:00.436Z,45,Hold/Neutral,Moderate Buying,v3.1.0,,scheduled_etl,B,113236.2,artifact_spot_price_usd,180,2026-03-24,70533.49,btc_price_history.close_usd,-0.3771118246638442,-37.71118246638442,2d09d2d77fbe6b7f6c5765b48188ed1d2a88db2b,h4-forward-return-v1
2025-09-26,f77f7e0dcd5aa1beaeab22c4e3403b0eca2e5652,e9083962fcac56e305dff66810b9c5a7fceed394,2025-09-26T11:19:04.150Z,47,Hold/Neutral,Moderate Buying,v3.1.0,,scheduled_etl,B,108739.09,artifact_spot_price_usd,30,2025-10-26,114548.09,btc_price_history.close_usd,0.053421451292263056,5.342145129226306,2d09d2d77fbe6b7f6c5765b48188ed1d2a88db2b,h4-forward-return-v1
2025-09-26,f77f7e0dcd5aa1beaeab22c4e3403b0eca2e5652,e9083962fcac56e305dff66810b9c5a7fceed394,2025-09-26T11:19:04.150Z,47,Hold/Neutral,Moderate Buying,v3.1.0,,scheduled_etl,B,108739.09,artifact_spot_price_usd,90,2025-12-25,87171.68,btc_price_history.close_usd,-0.1983409094190507,-19.834090941905067,2d09d2d77fbe6b7f6c5765b48188ed1d2a88db2b,h4-forward-return-v1
2025-09-26,f77f7e0dcd5aa1beaeab22c4e3403b0eca2e5652,e9083962fcac56e305dff66810b9c5a7fceed394,2025-09-26T11:19:04.150Z,47,Hold/Neutral,Moderate Buying,v3.1.0,,scheduled_etl,B,108739.09,artifact_spot_price_usd,180,2026-03-25,71301.53,btc_price_history.close_usd,-0.34428796488916724,-34.428796488916724,2d09d2d77fbe6b7f6c5765b48188ed1d2a88db2b,h4-forward-return-v1
2025-09-27,02cbfd8c5afd21690fc61b60fdb357acfee09dd6,068b5987179e9dfca767152d1dfe43f01211ea7e,2025-09-27T11:16:58.198Z,75,Increase Selling,Reduce Risk,v3.1.0,,scheduled_etl,B,109366.69,artifact_spot_price_usd,30,2025-10-27,114087.06,btc_price_history.close_usd,0.04316094781692659,4.316094781692659,2d09d2d77fbe6b7f6c5765b48188ed1d2a88db2b,h4-forward-return-v1
2025-09-27,02cbfd8c5afd21690fc61b60fdb357acfee09dd6,068b5987179e9dfca767152d1dfe43f01211ea7e,2025-09-27T11:16:58.198Z,75,Increase Selling,Reduce Risk,v3.1.0,,scheduled_etl,B,109366.69,artifact_spot_price_usd,90,2025-12-26,87296.01,btc_price_history.close_usd,-0.20180440680795964,-20.180440680795964,2d09d2d77fbe6b7f6c5765b48188ed1d2a88db2b,h4-forward-return-v1
2025-09-27,02cbfd8c5afd21690fc61b60fdb357acfee09dd6,068b5987179e9dfca767152d1dfe43f01211ea7e,2025-09-27T11:16:58.198Z,75,Increase Selling,Reduce Risk,v3.1.0,,scheduled_etl,B,109366.69,artifact_spot_price_usd,180,2026-03-26,68769.02,btc_price_history.close_usd,-0.371206900382557,-37.1206900382557,2d09d2d77fbe6b7f6c5765b48188ed1d2a88db2b,h4-forward-return-v1
2025-09-28,75cdcbc728b2fb3923cc3971167fadf89ee1488d,dcdfe312aa046600de988c1c1ecf298d9dfb5278,2025-09-28T11:17:11.929Z,77,Increase Selling,Reduce Risk,v3.1.0,,scheduled_etl,B,109371.61,artifact_spot_price_usd,30,2025-10-28,112906.75,btc_price_history.close_usd,0.032322281806037134,3.2322281806037134,2d09d2d77fbe6b7f6c5765b48188ed1d2a88db2b,h4-forward-return-v1
2025-09-28,75cdcbc728b2fb3923cc3971167fadf89ee1488d,dcdfe312aa046600de988c1c1ecf298d9dfb5278,2025-09-28T11:17:11.929Z,77,Increase Selling,Reduce Risk,v3.1.0,,scheduled_etl,B,109371.61,artifact_spot_price_usd,90,2025-12-27,87808,btc_price_history.close_usd,-0.1971591165202743,-19.71591165202743,2d09d2d77fbe6b7f6c5765b48188ed1d2a88db2b,h4-forward-return-v1
2025-09-28,75cdcbc728b2fb3923cc3971167fadf89ee1488d,dcdfe312aa046600de988c1c1ecf298d9dfb5278,2025-09-28T11:17:11.929Z,77,Increase Selling,Reduce Risk,v3.1.0,,scheduled_etl,B,109371.61,artifact_spot_price_usd,180,2026-03-27,66353.34,btc_price_history.close_usd,-0.39332208788002665,-39.33220878800267,2d09d2d77fbe6b7f6c5765b48188ed1d2a88db2b,h4-forward-return-v1
2025-09-29,1f52bd67154353cd5dfb1528a2844cd41b6e4774,5d6a3abab7bc0a3a2336cc1df95d364f4b9d61a9,2025-09-29T11:19:35.080Z,56,Begin Scaling Out,Hold & Wait,v3.1.0,,scheduled_etl,B,112062.6,artifact_spot_price_usd,30,2025-10-29,110032.13,btc_price_history.close_usd,-0.018119069163128443,-1.8119069163128443,2d09d2d77fbe6b7f6c5765b48188ed1d2a88db2b,h4-forward-return-v1
2025-09-29,1f52bd67154353cd5dfb1528a2844cd41b6e4774,5d6a3abab7bc0a3a2336cc1df95d364f4b9d61a9,2025-09-29T11:19:35.080Z,56,Begin Scaling Out,Hold & Wait,v3.1.0,,scheduled_etl,B,112062.6,artifact_spot_price_usd,90,2025-12-28,87877.29,btc_price_history.close_usd,-0.215819640094019,-21.5819640094019,2d09d2d77fbe6b7f6c5765b48188ed1d2a88db2b,h4-forward-return-v1
2025-09-29,1f52bd67154353cd5dfb1528a2844cd41b6e4774,5d6a3abab7bc0a3a2336cc1df95d364f4b9d61a9,2025-09-29T11:19:35.080Z,56,Begin Scaling Out,Hold & Wait,v3.1.0,,scheduled_etl,B,112062.6,artifact_spot_price_usd,180,2026-03-28,66320.15,btc_price_history.close_usd,-0.40818658499802796,-40.818658499802794,2d09d2d77fbe6b7f6c5765b48188ed1d2a88db2b,h4-forward-return-v1
2025-09-30,92f552582dba59377cd455935c9d275f931fbbe6,89272d7ab16e0c529fa78a97f4547956a629631f,2025-09-30T00:54:46.043Z,56,Hold & Wait,Hold & Wait,v3.1.0,,scheduled_etl,B,114596.23,artifact_spot_price_usd,30,2025-10-30,108308.18,btc_price_history.close_usd,-0.054871351352483444,-5.487135135248344,2d09d2d77fbe6b7f6c5765b48188ed1d2a88db2b,h4-forward-return-v1
2025-09-30,92f552582dba59377cd455935c9d275f931fbbe6,89272d7ab16e0c529fa78a97f4547956a629631f,2025-09-30T00:54:46.043Z,56,Hold & Wait,Hold & Wait,v3.1.0,,scheduled_etl,B,114596.23,artifact_spot_price_usd,90,2025-12-29,87110.78,btc_price_history.close_usd,-0.23984602285781997,-23.984602285781996,2d09d2d77fbe6b7f6c5765b48188ed1d2a88db2b,h4-forward-return-v1
2025-09-30,92f552582dba59377cd455935c9d275f931fbbe6,89272d7ab16e0c529fa78a97f4547956a629631f,2025-09-30T00:54:46.043Z,56,Hold & Wait,Hold & Wait,v3.1.0,,scheduled_etl,B,114596.23,artifact_spot_price_usd,180,2026-03-29,65956.94,btc_price_history.close_usd,-0.42444057714638606,-42.4440577146386,2d09d2d77fbe6b7f6c5765b48188ed1d2a88db2b,h4-forward-return-v1
2025-10-01,76b2a7ea76755f7ddee3529b3b84e82ef97cb99e,25a6a52c80dffac8f08de0d267660d2e093cd287,2025-10-01T11:19:59.429Z,57,Hold & Wait,Hold & Wait,v3.1.0,,scheduled_etl,B,116457.11,artifact_spot_price_usd,30,2025-10-31,109555.27,btc_price_history.close_usd,-0.05926508050903889,-5.926508050903889,2d09d2d77fbe6b7f6c5765b48188ed1d2a88db2b,h4-forward-return-v1
2025-10-01,76b2a7ea76755f7ddee3529b3b84e82ef97cb99e,25a6a52c80dffac8f08de0d267660d2e093cd287,2025-10-01T11:19:59.429Z,57,Hold & Wait,Hold & Wait,v3.1.0,,scheduled_etl,B,116457.11,artifact_spot_price_usd,90,2025-12-30,88397.5,btc_price_history.close_usd,-0.24094372597774405,-24.094372597774406,2d09d2d77fbe6b7f6c5765b48188ed1d2a88db2b,h4-forward-return-v1
2025-10-01,76b2a7ea76755f7ddee3529b3b84e82ef97cb99e,25a6a52c80dffac8f08de0d267660d2e093cd287,2025-10-01T11:19:59.429Z,57,Hold & Wait,Hold & Wait,v3.1.0,,scheduled_etl,B,116457.11,artifact_spot_price_usd,180,2026-03-30,66737.18,btc_price_history.close_usd,-0.4269376940574947,-42.69376940574947,2d09d2d77fbe6b7f6c5765b48188ed1d2a88db2b,h4-forward-return-v1
2025-10-02,f974aec38e9fa365bfc7d6c04d0d761e52ea1753,06ec9b65a64968e9f66040f48b3e290182f6eb9c,2025-10-02T00:21:41.758Z,55,Hold & Wait,Hold & Wait,v3.1.0,,scheduled_etl,B,118991.46,artifact_spot_price_usd,30,2025-11-01,110052.25,btc_price_history.close_usd,-0.07512480307410296,-7.512480307410296,2d09d2d77fbe6b7f6c5765b48188ed1d2a88db2b,h4-forward-return-v1
2025-10-02,f974aec38e9fa365bfc7d6c04d0d761e52ea1753,06ec9b65a64968e9f66040f48b3e290182f6eb9c,2025-10-02T00:21:41.758Z,55,Hold & Wait,Hold & Wait,v3.1.0,,scheduled_etl,B,118991.46,artifact_spot_price_usd,90,2025-12-31,87497.94,btc_price_history.close_usd,-0.2646704225664598,-26.46704225664598,2d09d2d77fbe6b7f6c5765b48188ed1d2a88db2b,h4-forward-return-v1
2025-10-02,f974aec38e9fa365bfc7d6c04d0d761e52ea1753,06ec9b65a64968e9f66040f48b3e290182f6eb9c,2025-10-02T00:21:41.758Z,55,Hold & Wait,Hold & Wait,v3.1.0,,scheduled_etl,B,118991.46,artifact_spot_price_usd,180,2026-03-31,68221.85,btc_price_history.close_usd,-0.42666599771109626,-42.666599771109624,2d09d2d77fbe6b7f6c5765b48188ed1d2a88db2b,h4-forward-return-v1
2025-10-03,011f86904acf456086f28989184c6395fad8626c,3741fd1efa7bb354600f0ccb92437e3dca6476de,2025-10-03T11:18:54.176Z,54,Hold & Wait,Hold & Wait,v3.1.0,,scheduled_etl,B,120269.42,artifact_spot_price_usd,30,2025-11-02,110536.01,btc_price_history.close_usd,-0.08093004855265784,-8.093004855265784,2d09d2d77fbe6b7f6c5765b48188ed1d2a88db2b,h4-forward-return-v1
2025-10-03,011f86904acf456086f28989184c6395fad8626c,3741fd1efa7bb354600f0ccb92437e3dca6476de,2025-10-03T11:18:54.176Z,54,Hold & Wait,Hold & Wait,v3.1.0,,scheduled_etl,B,120269.42,artifact_spot_price_usd,90,2026-01-01,88738.34,btc_price_history.close_usd,-0.26217038379332,-26.217038379332003,2d09d2d77fbe6b7f6c5765b48188ed1d2a88db2b,h4-forward-return-v1
2025-10-03,011f86904acf456086f28989184c6395fad8626c,3741fd1efa7bb354600f0ccb92437e3dca6476de,2025-10-03T11:18:54.176Z,54,Hold & Wait,Hold & Wait,v3.1.0,,scheduled_etl,B,120269.42,artifact_spot_price_usd,180,2026-04-01,68112.35,btc_price_history.close_usd,-0.43366859173345973,-43.36685917334597,2d09d2d77fbe6b7f6c5765b48188ed1d2a88db2b,h4-forward-return-v1
2025-10-04,e3de669ee6802ffc72c6c138a4f58aa397cd5833,e500c5fc9d84aa071c29d6cd76fca5197e860ca1,2025-10-04T01:55:36.267Z,53,Hold & Wait,Hold & Wait,v3.1.0,,scheduled_etl,B,121783.88,artifact_spot_price_usd,30,2025-11-03,106557.98,btc_price_history.close_usd,-0.12502393584438276,-12.502393584438277,2d09d2d77fbe6b7f6c5765b48188ed1d2a88db2b,h4-forward-return-v1
2025-10-04,e3de669ee6802ffc72c6c138a4f58aa397cd5833,e500c5fc9d84aa071c29d6cd76fca5197e860ca1,2025-10-04T01:55:36.267Z,53,Hold & Wait,Hold & Wait,v3.1.0,,scheduled_etl,B,121783.88,artifact_spot_price_usd,90,2026-01-02,89957.99,btc_price_history.close_usd,-0.26133089206880256,-26.133089206880257,2d09d2d77fbe6b7f6c5765b48188ed1d2a88db2b,h4-forward-return-v1
2025-10-04,e3de669ee6802ffc72c6c138a4f58aa397cd5833,e500c5fc9d84aa071c29d6cd76fca5197e860ca1,2025-10-04T01:55:36.267Z,53,Hold & Wait,Hold & Wait,v3.1.0,,scheduled_etl,B,121783.88,artifact_spot_price_usd,180,2026-04-02,66894.48,btc_price_history.close_usd,-0.4507115391626544,-45.07115391626544,2d09d2d77fbe6b7f6c5765b48188ed1d2a88db2b,h4-forward-return-v1
2025-10-05,302a2e05b1994cf4a40ae8fe913fbab0ca23e1cf,b3a4924bd593bb9f2564725eb2a773d3950328b7,2025-10-05T00:05:40.195Z,65,Reduce Risk,Reduce Risk,v3.1.0,,scheduled_etl,B,122360.57,artifact_spot_price_usd,30,2025-11-04,101468.15,btc_price_history.close_usd,-0.17074470967240518,-17.07447096724052,2d09d2d77fbe6b7f6c5765b48188ed1d2a88db2b,h4-forward-return-v1
2025-10-05,302a2e05b1994cf4a40ae8fe913fbab0ca23e1cf,b3a4924bd593bb9f2564725eb2a773d3950328b7,2025-10-05T00:05:40.195Z,65,Reduce Risk,Reduce Risk,v3.1.0,,scheduled_etl,B,122360.57,artifact_spot_price_usd,90,2026-01-03,90598.02,btc_price_history.close_usd,-0.2595815792620123,-25.95815792620123,2d09d2d77fbe6b7f6c5765b48188ed1d2a88db2b,h4-forward-return-v1
2025-10-05,302a2e05b1994cf4a40ae8fe913fbab0ca23e1cf,b3a4924bd593bb9f2564725eb2a773d3950328b7,2025-10-05T00:05:40.195Z,65,Reduce Risk,Reduce Risk,v3.1.0,,scheduled_etl,B,122360.57,artifact_spot_price_usd,180,2026-04-03,66959.99,btc_price_history.close_usd,-0.4527649715917472,-45.276497159174724,2d09d2d77fbe6b7f6c5765b48188ed1d2a88db2b,h4-forward-return-v1
2025-10-06,fd2a4878bffd054a496b7fe75f4a29716bc903d2,3113e198040cd5d6a49b8067469907d9c3907d7e,2025-10-06T11:19:14.041Z,61,Hold & Wait,Hold & Wait,v3.1.0,,scheduled_etl,B,123944.69,artifact_spot_price_usd,30,2025-11-05,103869,btc_price_history.close_usd,-0.1619729735900748,-16.19729735900748,2d09d2d77fbe6b7f6c5765b48188ed1d2a88db2b,h4-forward-return-v1
2025-10-06,fd2a4878bffd054a496b7fe75f4a29716bc903d2,3113e198040cd5d6a49b8067469907d9c3907d7e,2025-10-06T11:19:14.041Z,61,Hold & Wait,Hold & Wait,v3.1.0,,scheduled_etl,B,123944.69,artifact_spot_price_usd,90,2026-01-04,91494,btc_price_history.close_usd,-0.2618158954611125,-26.18158954611125,2d09d2d77fbe6b7f6c5765b48188ed1d2a88db2b,h4-forward-return-v1
2025-10-06,fd2a4878bffd054a496b7fe75f4a29716bc903d2,3113e198040cd5d6a49b8067469907d9c3907d7e,2025-10-06T11:19:14.041Z,61,Hold & Wait,Hold & Wait,v3.1.0,,scheduled_etl,B,123944.69,artifact_spot_price_usd,180,2026-04-04,67291.73,btc_price_history.close_usd,-0.45708259062973977,-45.70825906297398,2d09d2d77fbe6b7f6c5765b48188ed1d2a88db2b,h4-forward-return-v1
2025-10-07,0c62bb045008420503a0ccfdbc7c7c446d0fd471,dc935557988969689b229345b1c14765067074cc,2025-10-07T11:19:28.705Z,54,Hold & Wait,Hold & Wait,v3.1.0,,scheduled_etl,B,124377.49,artifact_spot_price_usd,30,2025-11-06,101290.5,btc_price_history.close_usd,-0.18562032406346196,-18.562032406346198,2d09d2d77fbe6b7f6c5765b48188ed1d2a88db2b,h4-forward-return-v1
2025-10-07,0c62bb045008420503a0ccfdbc7c7c446d0fd471,dc935557988969689b229345b1c14765067074cc,2025-10-07T11:19:28.705Z,54,Hold & Wait,Hold & Wait,v3.1.0,,scheduled_etl,B,124377.49,artifact_spot_price_usd,90,2026-01-05,93870.06,btc_price_history.close_usd,-0.24528095879728729,-24.528095879728728,2d09d2d77fbe6b7f6c5765b48188ed1d2a88db2b,h4-forward-return-v1
2025-10-07,0c62bb045008420503a0ccfdbc7c7c446d0fd471,dc935557988969689b229345b1c14765067074cc,2025-10-07T11:19:28.705Z,54,Hold & Wait,Hold & Wait,v3.1.0,,scheduled_etl,B,124377.49,artifact_spot_price_usd,180,2026-04-05,69005,btc_price_history.close_usd,-0.44519703685932244,-44.51970368593224,2d09d2d77fbe6b7f6c5765b48188ed1d2a88db2b,h4-forward-return-v1
2025-10-08,fdc852982e918c0ad805cfbc751a503d3fdf8754,644ac9f3b00ab4e326bfa8bdedde0e241cb1fdc8,2025-10-08T11:19:36.365Z,59,Hold & Wait,Hold & Wait,v3.1.0,,scheduled_etl,B,123019.99,artifact_spot_price_usd,30,2025-11-07,103284.27,btc_price_history.close_usd,-0.16042693549235376,-16.042693549235377,2d09d2d77fbe6b7f6c5765b48188ed1d2a88db2b,h4-forward-return-v1
2025-10-08,fdc852982e918c0ad805cfbc751a503d3fdf8754,644ac9f3b00ab4e326bfa8bdedde0e241cb1fdc8,2025-10-08T11:19:36.365Z,59,Hold & Wait,Hold & Wait,v3.1.0,,scheduled_etl,B,123019.99,artifact_spot_price_usd,90,2026-01-06,93722.01,btc_price_history.close_usd,-0.23815625411772512,-23.815625411772512,2d09d2d77fbe6b7f6c5765b48188ed1d2a88db2b,h4-forward-return-v1
2025-10-08,fdc852982e918c0ad805cfbc751a503d3fdf8754,644ac9f3b00ab4e326bfa8bdedde0e241cb1fdc8,2025-10-08T11:19:36.365Z,59,Hold & Wait,Hold & Wait,v3.1.0,,scheduled_etl,B,123019.99,artifact_spot_price_usd,180,2026-04-06,68853.61,btc_price_history.close_usd,-0.4403055145753142,-44.030551457531416,2d09d2d77fbe6b7f6c5765b48188ed1d2a88db2b,h4-forward-return-v1
2025-10-09,d747f76aaadad65ae41dcbd22308ded112d5967c,26d731f909a23ed258f863e659bf14e8827c26c3,2025-10-09T11:20:01.988Z,59,Hold & Wait,Hold & Wait,v3.1.0,,scheduled_etl,B,122434,artifact_spot_price_usd,30,2025-11-08,102285.57,btc_price_history.close_usd,-0.16456564353039183,-16.456564353039184,2d09d2d77fbe6b7f6c5765b48188ed1d2a88db2b,h4-forward-return-v1
2025-10-09,d747f76aaadad65ae41dcbd22308ded112d5967c,26d731f909a23ed258f863e659bf14e8827c26c3,2025-10-09T11:20:01.988Z,59,Hold & Wait,Hold & Wait,v3.1.0,,scheduled_etl,B,122434,artifact_spot_price_usd,90,2026-01-07,91279.73,btc_price_history.close_usd,-0.25445766698792827,-25.445766698792827,2d09d2d77fbe6b7f6c5765b48188ed1d2a88db2b,h4-forward-return-v1
2025-10-09,d747f76aaadad65ae41dcbd22308ded112d5967c,26d731f909a23ed258f863e659bf14e8827c26c3,2025-10-09T11:20:01.988Z,59,Hold & Wait,Hold & Wait,v3.1.0,,scheduled_etl,B,122434,artifact_spot_price_usd,180,2026-04-07,71910.2,btc_price_history.close_usd,-0.4126615155920741,-41.26615155920741,2d09d2d77fbe6b7f6c5765b48188ed1d2a88db2b,h4-forward-return-v1
2025-10-10,005a33084b7854ac0db1c7a264e96dfb581815ee,a6a2e7854978759ca011bd78f18c9b87b65864ca,2025-10-10T11:20:13.758Z,58,Hold & Wait,Hold & Wait,v3.1.0,,scheduled_etl,B,121612.71,artifact_spot_price_usd,30,2025-11-09,104694.95,btc_price_history.close_usd,-0.13911177540571218,-13.911177540571218,2d09d2d77fbe6b7f6c5765b48188ed1d2a88db2b,h4-forward-return-v1
2025-10-10,005a33084b7854ac0db1c7a264e96dfb581815ee,a6a2e7854978759ca011bd78f18c9b87b65864ca,2025-10-10T11:20:13.758Z,58,Hold & Wait,Hold & Wait,v3.1.0,,scheduled_etl,B,121612.71,artifact_spot_price_usd,90,2026-01-08,91026,btc_price_history.close_usd,-0.25150915558085996,-25.150915558085995,2d09d2d77fbe6b7f6c5765b48188ed1d2a88db2b,h4-forward-return-v1
2025-10-10,005a33084b7854ac0db1c7a264e96dfb581815ee,a6a2e7854978759ca011bd78f18c9b87b65864ca,2025-10-10T11:20:13.758Z,58,Hold & Wait,Hold & Wait,v3.1.0,,scheduled_etl,B,121612.71,artifact_spot_price_usd,180,2026-04-08,71085.99,btc_price_history.close_usd,-0.41547236304494817,-41.54723630449482,2d09d2d77fbe6b7f6c5765b48188ed1d2a88db2b,h4-forward-return-v1
2025-10-11,68ca25b86705d0e0884ff896336818e0aa86b356,6825e3cdf7938393de5112dc3080d1e64d2ffcb2,2025-10-11T11:17:48.227Z,56,Hold & Wait,Hold & Wait,v3.1.0,,scheduled_etl,B,111864.05,artifact_spot_price_usd,30,2025-11-10,105979.38,btc_price_history.close_usd,-0.05260555111315923,-5.260555111315924,2d09d2d77fbe6b7f6c5765b48188ed1d2a88db2b,h4-forward-return-v1
2025-10-11,68ca25b86705d0e0884ff896336818e0aa86b356,6825e3cdf7938393de5112dc3080d1e64d2ffcb2,2025-10-11T11:17:48.227Z,56,Hold & Wait,Hold & Wait,v3.1.0,,scheduled_etl,B,111864.05,artifact_spot_price_usd,90,2026-01-09,90515.45,btc_price_history.close_usd,-0.19084415413173406,-19.084415413173407,2d09d2d77fbe6b7f6c5765b48188ed1d2a88db2b,h4-forward-return-v1
2025-10-11,68ca25b86705d0e0884ff896336818e0aa86b356,6825e3cdf7938393de5112dc3080d1e64d2ffcb2,2025-10-11T11:17:48.227Z,56,Hold & Wait,Hold & Wait,v3.1.0,,scheduled_etl,B,111864.05,artifact_spot_price_usd,180,2026-04-09,71798.01,btc_price_history.close_usd,-0.3581672574879955,-35.81672574879955,2d09d2d77fbe6b7f6c5765b48188ed1d2a88db2b,h4-forward-return-v1
2025-10-12,d40784592fecc6a543c339880e2230f161bb0636,f6b1848919137b5ca76fcb0e0bb80ee43cecfa21,2025-10-12T11:17:44.155Z,57,Hold & Wait,Hold & Wait,v3.1.0,,scheduled_etl,B,111758.02,artifact_spot_price_usd,30,2025-11-11,103009.35,btc_price_history.close_usd,-0.07828225661120336,-7.828225661120336,2d09d2d77fbe6b7f6c5765b48188ed1d2a88db2b,h4-forward-return-v1
2025-10-12,d40784592fecc6a543c339880e2230f161bb0636,f6b1848919137b5ca76fcb0e0bb80ee43cecfa21,2025-10-12T11:17:44.155Z,57,Hold & Wait,Hold & Wait,v3.1.0,,scheduled_etl,B,111758.02,artifact_spot_price_usd,90,2026-01-10,90385.54,btc_price_history.close_usd,-0.19123889274344708,-19.12388927434471,2d09d2d77fbe6b7f6c5765b48188ed1d2a88db2b,h4-forward-return-v1
2025-10-12,d40784592fecc6a543c339880e2230f161bb0636,f6b1848919137b5ca76fcb0e0bb80ee43cecfa21,2025-10-12T11:17:44.155Z,57,Hold & Wait,Hold & Wait,v3.1.0,,scheduled_etl,B,111758.02,artifact_spot_price_usd,180,2026-04-10,72997.88,btc_price_history.close_usd,-0.3468219998886881,-34.68219998886881,2d09d2d77fbe6b7f6c5765b48188ed1d2a88db2b,h4-forward-return-v1
2025-10-13,d2a26b8f2e8e86f8b55cda89e9d9ff7434eb68d8,e51a518d032d97742e3786aa076af48cd74229ef,2025-10-13T11:21:37.524Z,60,Hold & Wait,Hold & Wait,v3.1.0,,scheduled_etl,B,114511.98,artifact_spot_price_usd,30,2025-11-12,101639.01,btc_price_history.close_usd,-0.11241592364397157,-11.241592364397157,2d09d2d77fbe6b7f6c5765b48188ed1d2a88db2b,h4-forward-return-v1
2025-10-13,d2a26b8f2e8e86f8b55cda89e9d9ff7434eb68d8,e51a518d032d97742e3786aa076af48cd74229ef,2025-10-13T11:21:37.524Z,60,Hold & Wait,Hold & Wait,v3.1.0,,scheduled_etl,B,114511.98,artifact_spot_price_usd,90,2026-01-11,90872.01,btc_price_history.close_usd,-0.20644102040677315,-20.644102040677314,2d09d2d77fbe6b7f6c5765b48188ed1d2a88db2b,h4-forward-return-v1
2025-10-13,d2a26b8f2e8e86f8b55cda89e9d9ff7434eb68d8,e51a518d032d97742e3786aa076af48cd74229ef,2025-10-13T11:21:37.524Z,60,Hold & Wait,Hold & Wait,v3.1.0,,scheduled_etl,B,114511.98,artifact_spot_price_usd,180,2026-04-11,73086,btc_price_history.close_usd,-0.3617611013275641,-36.17611013275641,2d09d2d77fbe6b7f6c5765b48188ed1d2a88db2b,h4-forward-return-v1
2025-10-14,f8de7d2d1822f92a3d25637c8dc94ee7403f50c6,67049177b4dbf76022ce6b47cbae729bc55ba430,2025-10-14T11:19:33.324Z,58,Hold & Wait,Hold & Wait,v3.1.0,,scheduled_etl,B,111372.71,artifact_spot_price_usd,30,2025-11-13,99614.54,btc_price_history.close_usd,-0.10557496535731248,-10.557496535731248,2d09d2d77fbe6b7f6c5765b48188ed1d2a88db2b,h4-forward-return-v1
2025-10-14,f8de7d2d1822f92a3d25637c8dc94ee7403f50c6,67049177b4dbf76022ce6b47cbae729bc55ba430,2025-10-14T11:19:33.324Z,58,Hold & Wait,Hold & Wait,v3.1.0,,scheduled_etl,B,111372.71,artifact_spot_price_usd,90,2026-01-12,91188.09,btc_price_history.close_usd,-0.18123488240521402,-18.1234882405214,2d09d2d77fbe6b7f6c5765b48188ed1d2a88db2b,h4-forward-return-v1
2025-10-14,f8de7d2d1822f92a3d25637c8dc94ee7403f50c6,67049177b4dbf76022ce6b47cbae729bc55ba430,2025-10-14T11:19:33.324Z,58,Hold & Wait,Hold & Wait,v3.1.0,,scheduled_etl,B,111372.71,artifact_spot_price_usd,180,2026-04-12,70755.35,btc_price_history.close_usd,-0.3646975996184343,-36.46975996184343,2d09d2d77fbe6b7f6c5765b48188ed1d2a88db2b,h4-forward-return-v1
2025-10-15,a8c84486a83ec200ec59f2b3607ef2c310b6e633,7458993c6a77aec8504cd65e273f95f7b4485485,2025-10-15T11:20:16.862Z,61,Hold & Wait,Hold & Wait,v3.1.0,,scheduled_etl,B,111971.21,artifact_spot_price_usd,30,2025-11-14,94503.96,btc_price_history.close_usd,-0.15599768904881883,-15.599768904881884,2d09d2d77fbe6b7f6c5765b48188ed1d2a88db2b,h4-forward-return-v1
2025-10-15,a8c84486a83ec200ec59f2b3607ef2c310b6e633,7458993c6a77aec8504cd65e273f95f7b4485485,2025-10-15T11:20:16.862Z,61,Hold & Wait,Hold & Wait,v3.1.0,,scheduled_etl,B,111971.21,artifact_spot_price_usd,90,2026-01-13,95384.23,btc_price_history.close_usd,-0.14813611463160936,-14.813611463160935,2d09d2d77fbe6b7f6c5765b48188ed1d2a88db2b,h4-forward-return-v1
2025-10-15,a8c84486a83ec200ec59f2b3607ef2c310b6e633,7458993c6a77aec8504cd65e273f95f7b4485485,2025-10-15T11:20:16.862Z,61,Hold & Wait,Hold & Wait,v3.1.0,,scheduled_etl,B,111971.21,artifact_spot_price_usd,180,2026-04-13,74446,btc_price_history.close_usd,-0.33513266490555926,-33.51326649055593,2d09d2d77fbe6b7f6c5765b48188ed1d2a88db2b,h4-forward-return-v1
2025-10-16,8ed903048fe2b6603969fe0c7f2528c523f1da77,778cbd1213cf8cfb0ccfce436bfd2cfaa51c35f7,2025-10-16T11:20:38.708Z,63,Hold & Wait,Hold & Wait,v3.1.0,,scheduled_etl,B,111350.01,artifact_spot_price_usd,30,2025-11-15,95544.94,btc_price_history.close_usd,-0.14194044526803362,-14.194044526803362,2d09d2d77fbe6b7f6c5765b48188ed1d2a88db2b,h4-forward-return-v1
2025-10-16,8ed903048fe2b6603969fe0c7f2528c523f1da77,778cbd1213cf8cfb0ccfce436bfd2cfaa51c35f7,2025-10-16T11:20:38.708Z,63,Hold & Wait,Hold & Wait,v3.1.0,,scheduled_etl,B,111350.01,artifact_spot_price_usd,90,2026-01-14,96955.16,btc_price_history.close_usd,-0.12927569561960517,-12.927569561960517,2d09d2d77fbe6b7f6c5765b48188ed1d2a88db2b,h4-forward-return-v1
2025-10-16,8ed903048fe2b6603969fe0c7f2528c523f1da77,778cbd1213cf8cfb0ccfce436bfd2cfaa51c35f7,2025-10-16T11:20:38.708Z,63,Hold & Wait,Hold & Wait,v3.1.0,,scheduled_etl,B,111350.01,artifact_spot_price_usd,180,2026-04-14,74179.04,btc_price_history.close_usd,-0.33382098483870815,-33.38209848387081,2d09d2d77fbe6b7f6c5765b48188ed1d2a88db2b,h4-forward-return-v1
2025-10-17,884526a24c868466a541a2c055705fe9ee16c92b,33668089c2791fa58cc18f62fee4056f9c4ab35d,2025-10-17T11:19:36.339Z,59,Hold & Wait,Hold & Wait,v3.1.0,,scheduled_etl,B,105986.05,artifact_spot_price_usd,30,2025-11-16,94183.97,btc_price_history.close_usd,-0.11135503210092268,-11.135503210092267,2d09d2d77fbe6b7f6c5765b48188ed1d2a88db2b,h4-forward-return-v1
2025-10-17,884526a24c868466a541a2c055705fe9ee16c92b,33668089c2791fa58cc18f62fee4056f9c4ab35d,2025-10-17T11:19:36.339Z,59,Hold & Wait,Hold & Wait,v3.1.0,,scheduled_etl,B,105986.05,artifact_spot_price_usd,90,2026-01-15,95587.65,btc_price_history.close_usd,-0.09811102498866608,-9.811102498866608,2d09d2d77fbe6b7f6c5765b48188ed1d2a88db2b,h4-forward-return-v1
2025-10-17,884526a24c868466a541a2c055705fe9ee16c92b,33668089c2791fa58cc18f62fee4056f9c4ab35d,2025-10-17T11:19:36.339Z,59,Hold & Wait,Hold & Wait,v3.1.0,,scheduled_etl,B,105986.05,artifact_spot_price_usd,180,2026-04-15,74836.31,btc_price_history.close_usd,-0.2939041505934036,-29.39041505934036,2d09d2d77fbe6b7f6c5765b48188ed1d2a88db2b,h4-forward-return-v1
2025-10-18,708899c787d0bef583a2d8386a0f0b991a73361b,7d7d814142b84e917fe8ac43813c717ce8eb3793,2025-10-18T11:17:53.550Z,59,Hold & Wait,Hold & Wait,v3.1.0,,scheduled_etl,B,106964.02,artifact_spot_price_usd,30,2025-11-17,92100.6,btc_price_history.close_usd,-0.13895719326928813,-13.895719326928813,2d09d2d77fbe6b7f6c5765b48188ed1d2a88db2b,h4-forward-return-v1
2025-10-18,708899c787d0bef583a2d8386a0f0b991a73361b,7d7d814142b84e917fe8ac43813c717ce8eb3793,2025-10-18T11:17:53.550Z,59,Hold & Wait,Hold & Wait,v3.1.0,,scheduled_etl,B,106964.02,artifact_spot_price_usd,90,2026-01-16,95504,btc_price_history.close_usd,-0.10713901740043053,-10.713901740043053,2d09d2d77fbe6b7f6c5765b48188ed1d2a88db2b,h4-forward-return-v1
2025-10-18,708899c787d0bef583a2d8386a0f0b991a73361b,7d7d814142b84e917fe8ac43813c717ce8eb3793,2025-10-18T11:17:53.550Z,59,Hold & Wait,Hold & Wait,v3.1.0,,scheduled_etl,B,106964.02,artifact_spot_price_usd,180,2026-04-16,75163.09,btc_price_history.close_usd,-0.2973049255254244,-29.730492552542444,2d09d2d77fbe6b7f6c5765b48188ed1d2a88db2b,h4-forward-return-v1
2025-10-19,3bd71c61e3c5bb85e48fa4b25a80dd67e7054a97,21e77f36918fda97088f268861dcd14e3d2adea1,2025-10-19T11:17:39.905Z,60,Hold & Wait,Hold & Wait,v3.1.0,,scheduled_etl,B,108139.85,artifact_spot_price_usd,30,2025-11-18,92914.46,btc_price_history.close_usd,-0.1407935187629722,-14.079351876297219,2d09d2d77fbe6b7f6c5765b48188ed1d2a88db2b,h4-forward-return-v1
2025-10-19,3bd71c61e3c5bb85e48fa4b25a80dd67e7054a97,21e77f36918fda97088f268861dcd14e3d2adea1,2025-10-19T11:17:39.905Z,60,Hold & Wait,Hold & Wait,v3.1.0,,scheduled_etl,B,108139.85,artifact_spot_price_usd,90,2026-01-17,95109.99,btc_price_history.close_usd,-0.12049082738694383,-12.049082738694384,2d09d2d77fbe6b7f6c5765b48188ed1d2a88db2b,h4-forward-return-v1
2025-10-19,3bd71c61e3c5bb85e48fa4b25a80dd67e7054a97,21e77f36918fda97088f268861dcd14e3d2adea1,2025-10-19T11:17:39.905Z,60,Hold & Wait,Hold & Wait,v3.1.0,,scheduled_etl,B,108139.85,artifact_spot_price_usd,180,2026-04-17,77098.01,btc_price_history.close_usd,-0.28705273772804396,-28.705273772804397,2d09d2d77fbe6b7f6c5765b48188ed1d2a88db2b,h4-forward-return-v1
2025-10-20,6746b1e1b892f7a7f5ad0541aaa77d3ac4531565,02796b835e96f627466b81ddf415529a2f8af01f,2025-10-20T11:21:02.429Z,61,Hold & Wait,Hold & Wait,v3.1.0,,scheduled_etl,B,110795.56,artifact_spot_price_usd,30,2025-11-19,91461.6,btc_price_history.close_usd,-0.17450121647473948,-17.45012164747395,2d09d2d77fbe6b7f6c5765b48188ed1d2a88db2b,h4-forward-return-v1
2025-10-20,6746b1e1b892f7a7f5ad0541aaa77d3ac4531565,02796b835e96f627466b81ddf415529a2f8af01f,2025-10-20T11:21:02.429Z,61,Hold & Wait,Hold & Wait,v3.1.0,,scheduled_etl,B,110795.56,artifact_spot_price_usd,90,2026-01-18,93633.53,btc_price_history.close_usd,-0.15489817461999378,-15.489817461999378,2d09d2d77fbe6b7f6c5765b48188ed1d2a88db2b,h4-forward-return-v1
2025-10-20,6746b1e1b892f7a7f5ad0541aaa77d3ac4531565,02796b835e96f627466b81ddf415529a2f8af01f,2025-10-20T11:21:02.429Z,61,Hold & Wait,Hold & Wait,v3.1.0,,scheduled_etl,B,110795.56,artifact_spot_price_usd,180,2026-04-18,75736.82,btc_price_history.close_usd,-0.3164273008773997,-31.642730087739967,2d09d2d77fbe6b7f6c5765b48188ed1d2a88db2b,h4-forward-return-v1
2025-10-21,dbbd9be825593982d875d41bb30d5d267edd543f,3fa06ba467926974fbea96a1ec327c0afe74d686,2025-10-21T11:20:13.778Z,62,Hold & Wait,Hold & Wait,v3.1.0,,scheduled_etl,B,108513.92,artifact_spot_price_usd,30,2025-11-20,86536.88,btc_price_history.close_usd,-0.20252738081897692,-20.252738081897693,2d09d2d77fbe6b7f6c5765b48188ed1d2a88db2b,h4-forward-return-v1
2025-10-21,dbbd9be825593982d875d41bb30d5d267edd543f,3fa06ba467926974fbea96a1ec327c0afe74d686,2025-10-21T11:20:13.778Z,62,Hold & Wait,Hold & Wait,v3.1.0,,scheduled_etl,B,108513.92,artifact_spot_price_usd,90,2026-01-19,92559.66,btc_price_history.close_usd,-0.14702500840445165,-14.702500840445165,2d09d2d77fbe6b7f6c5765b48188ed1d2a88db2b,h4-forward-return-v1
2025-10-21,dbbd9be825593982d875d41bb30d5d267edd543f,3fa06ba467926974fbea96a1ec327c0afe74d686,2025-10-21T11:20:13.778Z,62,Hold & Wait,Hold & Wait,v3.1.0,,scheduled_etl,B,108513.92,artifact_spot_price_usd,180,2026-04-19,73823.14,btc_price_history.close_usd,-0.3196896766792684,-31.96896766792684,2d09d2d77fbe6b7f6c5765b48188ed1d2a88db2b,h4-forward-return-v1
2025-10-22,169fbd4799d5b51f11625cfba6082c95e2da20b8,6464ee833dfc58305f6694b6864d3d2b47a92860,2025-10-22T11:21:23.725Z,61,Hold & Wait,Hold & Wait,v3.1.0,,scheduled_etl,B,108209.74,artifact_spot_price_usd,30,2025-11-21,85068.88,btc_price_history.close_usd,-0.21385191388501623,-21.385191388501624,2d09d2d77fbe6b7f6c5765b48188ed1d2a88db2b,h4-forward-return-v1
2025-10-22,169fbd4799d5b51f11625cfba6082c95e2da20b8,6464ee833dfc58305f6694b6864d3d2b47a92860,2025-10-22T11:21:23.725Z,61,Hold & Wait,Hold & Wait,v3.1.0,,scheduled_etl,B,108209.74,artifact_spot_price_usd,90,2026-01-20,88310.6,btc_price_history.close_usd,-0.18389416701306183,-18.389416701306182,2d09d2d77fbe6b7f6c5765b48188ed1d2a88db2b,h4-forward-return-v1
2025-10-22,169fbd4799d5b51f11625cfba6082c95e2da20b8,6464ee833dfc58305f6694b6864d3d2b47a92860,2025-10-22T11:21:23.725Z,61,Hold & Wait,Hold & Wait,v3.1.0,,scheduled_etl,B,108209.74,artifact_spot_price_usd,180,2026-04-20,75864.86,btc_price_history.close_usd,-0.298909137014838,-29.8909137014838,2d09d2d77fbe6b7f6c5765b48188ed1d2a88db2b,h4-forward-return-v1
2025-10-23,1210ee292ecc6824dd646230fae1d8a41796b0be,699695ec28e9a98ec1f8b8b9287478a3d54eb73b,2025-10-23T11:21:00.895Z,61,Hold & Wait,Hold & Wait,v3.1.0,,scheduled_etl,B,109460.15,artifact_spot_price_usd,30,2025-11-22,84684,btc_price_history.close_usd,-0.22634858439349836,-22.634858439349838,2d09d2d77fbe6b7f6c5765b48188ed1d2a88db2b,h4-forward-return-v1
2025-10-23,1210ee292ecc6824dd646230fae1d8a41796b0be,699695ec28e9a98ec1f8b8b9287478a3d54eb73b,2025-10-23T11:21:00.895Z,61,Hold & Wait,Hold & Wait,v3.1.0,,scheduled_etl,B,109460.15,artifact_spot_price_usd,90,2026-01-21,89363.71,btc_price_history.close_usd,-0.18359594793173584,-18.359594793173585,2d09d2d77fbe6b7f6c5765b48188ed1d2a88db2b,h4-forward-return-v1
2025-10-23,1210ee292ecc6824dd646230fae1d8a41796b0be,699695ec28e9a98ec1f8b8b9287478a3d54eb73b,2025-10-23T11:21:00.895Z,61,Hold & Wait,Hold & Wait,v3.1.0,,scheduled_etl,B,109460.15,artifact_spot_price_usd,180,2026-04-21,76348.58,btc_price_history.close_usd,-0.30249885460599124,-30.249885460599124,2d09d2d77fbe6b7f6c5765b48188ed1d2a88db2b,h4-forward-return-v1
2025-10-24,35287bd3b274fb53bc505ec75f358436d908b394,42772751a5136b4d4263f5b11f050cd844a33533,2025-10-24T11:21:27.050Z,60,Hold & Wait,Hold & Wait,v3.1.0,,scheduled_etl,B,111174,artifact_spot_price_usd,30,2025-11-23,86808.28,btc_price_history.close_usd,-0.21916743123392157,-21.91674312339216,2d09d2d77fbe6b7f6c5765b48188ed1d2a88db2b,h4-forward-return-v1
2025-10-24,35287bd3b274fb53bc505ec75f358436d908b394,42772751a5136b4d4263f5b11f050cd844a33533,2025-10-24T11:21:27.050Z,60,Hold & Wait,Hold & Wait,v3.1.0,,scheduled_etl,B,111174,artifact_spot_price_usd,90,2026-01-22,89463.5,btc_price_history.close_usd,-0.1952839692733913,-19.52839692733913,2d09d2d77fbe6b7f6c5765b48188ed1d2a88db2b,h4-forward-return-v1
2025-10-24,35287bd3b274fb53bc505ec75f358436d908b394,42772751a5136b4d4263f5b11f050cd844a33533,2025-10-24T11:21:27.050Z,60,Hold & Wait,Hold & Wait,v3.1.0,,scheduled_etl,B,111174,artifact_spot_price_usd,180,2026-04-22,78208.52,btc_price_history.close_usd,-0.296521488837318,-29.652148883731797,2d09d2d77fbe6b7f6c5765b48188ed1d2a88db2b,h4-forward-return-v1
2025-10-25,23451afee350087c86eb675fa3ff06495c5b17ca,43cb664bf03a6208949817f6f26fa544e3c1683d,2025-10-25T11:17:47.911Z,60,Hold & Wait,Hold & Wait,v3.1.0,,scheduled_etl,B,111583.3,artifact_spot_price_usd,30,2025-11-24,88266.2,btc_price_history.close_usd,-0.20896585779413235,-20.896585779413236,2d09d2d77fbe6b7f6c5765b48188ed1d2a88db2b,h4-forward-return-v1
2025-10-25,23451afee350087c86eb675fa3ff06495c5b17ca,43cb664bf03a6208949817f6f26fa544e3c1683d,2025-10-25T11:17:47.911Z,60,Hold & Wait,Hold & Wait,v3.1.0,,scheduled_etl,B,111583.3,artifact_spot_price_usd,90,2026-01-23,89474.93,btc_price_history.close_usd,-0.19813332281802032,-19.813332281802033,2d09d2d77fbe6b7f6c5765b48188ed1d2a88db2b,h4-forward-return-v1
2025-10-25,23451afee350087c86eb675fa3ff06495c5b17ca,43cb664bf03a6208949817f6f26fa544e3c1683d,2025-10-25T11:17:47.911Z,60,Hold & Wait,Hold & Wait,v3.1.0,,scheduled_etl,B,111583.3,artifact_spot_price_usd,180,2026-04-23,78281.32,btc_price_history.close_usd,-0.29844949916340524,-29.844949916340525,2d09d2d77fbe6b7f6c5765b48188ed1d2a88db2b,h4-forward-return-v1
2025-10-26,7ac9f190a6c0e745a706b5fb462a61c7e0474433,04a775aa97041a42681bdf3206458c190df7c83d,2025-10-26T11:18:06.632Z,60,Hold & Wait,Hold & Wait,v3.1.0,,scheduled_etl,B,112623.71,artifact_spot_price_usd,30,2025-11-25,87325.01,btc_price_history.close_usd,-0.22463031985005655,-22.463031985005657,2d09d2d77fbe6b7f6c5765b48188ed1d2a88db2b,h4-forward-return-v1
2025-10-26,7ac9f190a6c0e745a706b5fb462a61c7e0474433,04a775aa97041a42681bdf3206458c190df7c83d,2025-10-26T11:18:06.632Z,60,Hold & Wait,Hold & Wait,v3.1.0,,scheduled_etl,B,112623.71,artifact_spot_price_usd,90,2026-01-24,89082.17,btc_price_history.close_usd,-0.2090282765502931,-20.90282765502931,2d09d2d77fbe6b7f6c5765b48188ed1d2a88db2b,h4-forward-return-v1
2025-10-26,7ac9f190a6c0e745a706b5fb462a61c7e0474433,04a775aa97041a42681bdf3206458c190df7c83d,2025-10-26T11:18:06.632Z,60,Hold & Wait,Hold & Wait,v3.1.0,,scheduled_etl,B,112623.71,artifact_spot_price_usd,180,2026-04-24,77461.8,btc_price_history.close_usd,-0.3122069944241759,-31.220699442417587,2d09d2d77fbe6b7f6c5765b48188ed1d2a88db2b,h4-forward-return-v1
2025-10-27,5fa982f81cbd342b11bedec49d5f7e38036b0b77,271aaa5266a7604cd90a8752d5cce049d60700a2,2025-10-27T11:21:30.968Z,60,Hold & Wait,Hold & Wait,v3.1.0,,scheduled_etl,B,115167.99,artifact_spot_price_usd,30,2025-11-26,90468.84,btc_price_history.close_usd,-0.21446193512624478,-21.44619351262448,2d09d2d77fbe6b7f6c5765b48188ed1d2a88db2b,h4-forward-return-v1
2025-10-27,5fa982f81cbd342b11bedec49d5f7e38036b0b77,271aaa5266a7604cd90a8752d5cce049d60700a2,2025-10-27T11:21:30.968Z,60,Hold & Wait,Hold & Wait,v3.1.0,,scheduled_etl,B,115167.99,artifact_spot_price_usd,90,2026-01-25,86561.94,btc_price_history.close_usd,-0.2483854237622798,-24.838542376227977,2d09d2d77fbe6b7f6c5765b48188ed1d2a88db2b,h4-forward-return-v1
2025-10-27,5fa982f81cbd342b11bedec49d5f7e38036b0b77,271aaa5266a7604cd90a8752d5cce049d60700a2,2025-10-27T11:21:30.968Z,60,Hold & Wait,Hold & Wait,v3.1.0,,scheduled_etl,B,115167.99,artifact_spot_price_usd,180,2026-04-25,77650.72,btc_price_history.close_usd,-0.32576126404567796,-32.576126404567795,2d09d2d77fbe6b7f6c5765b48188ed1d2a88db2b,h4-forward-return-v1
2025-10-28,2eb8215ddb08f943ddfe5d0a008c1397c0c05c99,01abb8c4e9b3c8701db482dec34049061c6f5a63,2025-10-28T11:20:06.335Z,58,Hold & Wait,Hold & Wait,v3.1.0,,scheduled_etl,B,114582,artifact_spot_price_usd,30,2025-11-27,91316.7,btc_price_history.close_usd,-0.20304498088705036,-20.304498088705035,2d09d2d77fbe6b7f6c5765b48188ed1d2a88db2b,h4-forward-return-v1
2025-10-28,2eb8215ddb08f943ddfe5d0a008c1397c0c05c99,01abb8c4e9b3c8701db482dec34049061c6f5a63,2025-10-28T11:20:06.335Z,58,Hold & Wait,Hold & Wait,v3.1.0,,scheduled_etl,B,114582,artifact_spot_price_usd,90,2026-01-26,88250.01,btc_price_history.close_usd,-0.22980913232444888,-22.980913232444887,2d09d2d77fbe6b7f6c5765b48188ed1d2a88db2b,h4-forward-return-v1
2025-10-28,2eb8215ddb08f943ddfe5d0a008c1397c0c05c99,01abb8c4e9b3c8701db482dec34049061c6f5a63,2025-10-28T11:20:06.335Z,58,Hold & Wait,Hold & Wait,v3.1.0,,scheduled_etl,B,114582,artifact_spot_price_usd,180,2026-04-26,78673.83,btc_price_history.close_usd,-0.3133840393779127,-31.33840393779127,2d09d2d77fbe6b7f6c5765b48188ed1d2a88db2b,h4-forward-return-v1
2025-10-29,301c6abe51a4fb896a1659aa6ceb00c842ce8300,5c4535b2a8cc43ca52c74e66bba630b899c8cb09,2025-10-29T11:21:36.749Z,55,Hold & Wait,Hold & Wait,v3.1.0,,scheduled_etl,B,113122.86,artifact_spot_price_usd,30,2025-11-28,90902.7,btc_price_history.close_usd,-0.19642501966446047,-19.642501966446048,2d09d2d77fbe6b7f6c5765b48188ed1d2a88db2b,h4-forward-return-v1
2025-10-29,301c6abe51a4fb896a1659aa6ceb00c842ce8300,5c4535b2a8cc43ca52c74e66bba630b899c8cb09,2025-10-29T11:21:36.749Z,55,Hold & Wait,Hold & Wait,v3.1.0,,scheduled_etl,B,113122.86,artifact_spot_price_usd,90,2026-01-27,89116.96,btc_price_history.close_usd,-0.2122108652486332,-21.22108652486332,2d09d2d77fbe6b7f6c5765b48188ed1d2a88db2b,h4-forward-return-v1
2025-10-29,301c6abe51a4fb896a1659aa6ceb00c842ce8300,5c4535b2a8cc43ca52c74e66bba630b899c8cb09,2025-10-29T11:21:36.749Z,55,Hold & Wait,Hold & Wait,v3.1.0,,scheduled_etl,B,113122.86,artifact_spot_price_usd,180,2026-04-27,77364.42,btc_price_history.close_usd,-0.31610268693701704,-31.610268693701705,2d09d2d77fbe6b7f6c5765b48188ed1d2a88db2b,h4-forward-return-v1
2025-10-30,3e2c090977ac781e1d04e53fe2a81b6681a5b68c,8324833c96638abd460fd7c8cbfd146b8787d2d7,2025-10-30T11:20:37.122Z,55,Hold & Wait,Hold & Wait,v3.1.0,,scheduled_etl,B,109967.66,artifact_spot_price_usd,30,2025-11-29,90828.06,btc_price_history.close_usd,-0.17404753361124536,-17.404753361124538,2d09d2d77fbe6b7f6c5765b48188ed1d2a88db2b,h4-forward-return-v1
2025-10-30,3e2c090977ac781e1d04e53fe2a81b6681a5b68c,8324833c96638abd460fd7c8cbfd146b8787d2d7,2025-10-30T11:20:37.122Z,55,Hold & Wait,Hold & Wait,v3.1.0,,scheduled_etl,B,109967.66,artifact_spot_price_usd,90,2026-01-28,89162.4,btc_price_history.close_usd,-0.18919435041174837,-18.919435041174836,2d09d2d77fbe6b7f6c5765b48188ed1d2a88db2b,h4-forward-return-v1
2025-10-30,3e2c090977ac781e1d04e53fe2a81b6681a5b68c,8324833c96638abd460fd7c8cbfd146b8787d2d7,2025-10-30T11:20:37.122Z,55,Hold & Wait,Hold & Wait,v3.1.0,,scheduled_etl,B,109967.66,artifact_spot_price_usd,180,2026-04-28,76317.99,btc_price_history.close_usd,-0.30599605374889305,-30.599605374889304,2d09d2d77fbe6b7f6c5765b48188ed1d2a88db2b,h4-forward-return-v1
2025-10-31,91b7aa644b5d9e7557b6b33c197c2c1df5cf8418,3345c26f51ffcfc64021fde450d8f5d3324108d0,2025-10-31T11:20:02.237Z,56,Hold & Wait,Hold & Wait,v3.1.0,,scheduled_etl,B,109618.2,artifact_spot_price_usd,30,2025-11-30,90369.51,btc_price_history.close_usd,-0.17559757412546462,-17.55975741254646,2d09d2d77fbe6b7f6c5765b48188ed1d2a88db2b,h4-forward-return-v1
2025-10-31,91b7aa644b5d9e7557b6b33c197c2c1df5cf8418,3345c26f51ffcfc64021fde450d8f5d3324108d0,2025-10-31T11:20:02.237Z,56,Hold & Wait,Hold & Wait,v3.1.0,,scheduled_etl,B,109618.2,artifact_spot_price_usd,90,2026-01-29,84513.2,btc_price_history.close_usd,-0.22902218792134887,-22.90221879213489,2d09d2d77fbe6b7f6c5765b48188ed1d2a88db2b,h4-forward-return-v1
2025-10-31,91b7aa644b5d9e7557b6b33c197c2c1df5cf8418,3345c26f51ffcfc64021fde450d8f5d3324108d0,2025-10-31T11:20:02.237Z,56,Hold & Wait,Hold & Wait,v3.1.0,,scheduled_etl,B,109618.2,artifact_spot_price_usd,180,2026-04-29,75752.88,btc_price_history.close_usd,-0.30893884409705685,-30.893884409705684,2d09d2d77fbe6b7f6c5765b48188ed1d2a88db2b,h4-forward-return-v1
2025-11-01,16aa91c6b8b83cf3266efd431b9fc86e6afab7c9,3780db7a62fc96d2e4b044c502f72851887d1ac9,2025-11-01T11:18:20.013Z,58,Hold & Wait,Hold & Wait,v3.1.0,,scheduled_etl,B,110119.99,artifact_spot_price_usd,30,2025-12-01,86282.36,btc_price_history.close_usd,-0.21646959829909174,-21.646959829909175,2d09d2d77fbe6b7f6c5765b48188ed1d2a88db2b,h4-forward-return-v1
2025-11-01,16aa91c6b8b83cf3266efd431b9fc86e6afab7c9,3780db7a62fc96d2e4b044c502f72851887d1ac9,2025-11-01T11:18:20.013Z,58,Hold & Wait,Hold & Wait,v3.1.0,,scheduled_etl,B,110119.99,artifact_spot_price_usd,90,2026-01-30,84110.99,btc_price_history.close_usd,-0.23618781658080423,-23.618781658080422,2d09d2d77fbe6b7f6c5765b48188ed1d2a88db2b,h4-forward-return-v1
2025-11-01,16aa91c6b8b83cf3266efd431b9fc86e6afab7c9,3780db7a62fc96d2e4b044c502f72851887d1ac9,2025-11-01T11:18:20.013Z,58,Hold & Wait,Hold & Wait,v3.1.0,,scheduled_etl,B,110119.99,artifact_spot_price_usd,180,2026-04-30,76305.78,btc_price_history.close_usd,-0.30706695487349756,-30.706695487349755,2d09d2d77fbe6b7f6c5765b48188ed1d2a88db2b,h4-forward-return-v1
2025-11-02,2323b3fd8fbaf9d9dccdad0abcf5b3c9d2346e3d,56a3f38b9a09086304696e007eca2dd2b87d7519,2025-11-02T11:17:43.209Z,58,Hold & Wait,Hold & Wait,v3.1.0,,scheduled_etl,B,110705.99,artifact_spot_price_usd,30,2025-12-02,91308.05,btc_price_history.close_usd,-0.17522032908969065,-17.522032908969067,2d09d2d77fbe6b7f6c5765b48188ed1d2a88db2b,h4-forward-return-v1
2025-11-02,2323b3fd8fbaf9d9dccdad0abcf5b3c9d2346e3d,56a3f38b9a09086304696e007eca2dd2b87d7519,2025-11-02T11:17:43.209Z,58,Hold & Wait,Hold & Wait,v3.1.0,,scheduled_etl,B,110705.99,artifact_spot_price_usd,90,2026-01-31,78648,btc_price_history.close_usd,-0.2895777364892361,-28.957773648923613,2d09d2d77fbe6b7f6c5765b48188ed1d2a88db2b,h4-forward-return-v1
2025-11-02,2323b3fd8fbaf9d9dccdad0abcf5b3c9d2346e3d,56a3f38b9a09086304696e007eca2dd2b87d7519,2025-11-02T11:17:43.209Z,58,Hold & Wait,Hold & Wait,v3.1.0,,scheduled_etl,B,110705.99,artifact_spot_price_usd,180,2026-05-01,78234.05,btc_price_history.close_usd,-0.293316919888436,-29.331691988843602,2d09d2d77fbe6b7f6c5765b48188ed1d2a88db2b,h4-forward-return-v1
2025-11-03,f4ec215a663ca4c28ad7223924ad55da4453b6af,bfd413c5f17c0bf238cd7380d26f30ceed80d090,2025-11-03T11:21:06.725Z,58,Hold & Wait,Hold & Wait,v3.1.0,,scheduled_etl,B,107675.72,artifact_spot_price_usd,30,2025-12-03,93453.84,btc_price_history.close_usd,-0.13208065848085349,-13.208065848085349,2d09d2d77fbe6b7f6c5765b48188ed1d2a88db2b,h4-forward-return-v1
2025-11-03,f4ec215a663ca4c28ad7223924ad55da4453b6af,bfd413c5f17c0bf238cd7380d26f30ceed80d090,2025-11-03T11:21:06.725Z,58,Hold & Wait,Hold & Wait,v3.1.0,,scheduled_etl,B,107675.72,artifact_spot_price_usd,90,2026-02-01,76895.53,btc_price_history.close_usd,-0.28586008061984636,-28.586008061984636,2d09d2d77fbe6b7f6c5765b48188ed1d2a88db2b,h4-forward-return-v1
2025-11-03,f4ec215a663ca4c28ad7223924ad55da4453b6af,bfd413c5f17c0bf238cd7380d26f30ceed80d090,2025-11-03T11:21:06.725Z,58,Hold & Wait,Hold & Wait,v3.1.0,,scheduled_etl,B,107675.72,artifact_spot_price_usd,180,2026-05-02,78682.31,btc_price_history.close_usd,-0.2692659960852828,-26.926599608528278,2d09d2d77fbe6b7f6c5765b48188ed1d2a88db2b,h4-forward-return-v1
2025-11-04,7be7a7d02c3792b8106373c7355705c2d77b3120,ecbae65daf2ed679bb6b0fb8f76628eed27b96ae,2025-11-04T11:22:52.134Z,57,Hold & Wait,Hold & Wait,v3.1.0,,scheduled_etl,B,104337.43,artifact_spot_price_usd,30,2025-12-04,92093.54,btc_price_history.close_usd,-0.11734897054681148,-11.734897054681149,2d09d2d77fbe6b7f6c5765b48188ed1d2a88db2b,h4-forward-return-v1
2025-11-04,7be7a7d02c3792b8106373c7355705c2d77b3120,ecbae65daf2ed679bb6b0fb8f76628eed27b96ae,2025-11-04T11:22:52.134Z,57,Hold & Wait,Hold & Wait,v3.1.0,,scheduled_etl,B,104337.43,artifact_spot_price_usd,90,2026-02-02,78666.85,btc_price_history.close_usd,-0.24603423718602224,-24.603423718602222,2d09d2d77fbe6b7f6c5765b48188ed1d2a88db2b,h4-forward-return-v1
2025-11-04,7be7a7d02c3792b8106373c7355705c2d77b3120,ecbae65daf2ed679bb6b0fb8f76628eed27b96ae,2025-11-04T11:22:52.134Z,57,Hold & Wait,Hold & Wait,v3.1.0,,scheduled_etl,B,104337.43,artifact_spot_price_usd,180,2026-05-03,78558.89,btc_price_history.close_usd,-0.24706895694095588,-24.706895694095586,2d09d2d77fbe6b7f6c5765b48188ed1d2a88db2b,h4-forward-return-v1
2025-11-05,1ea1425d4702c3af15dbfceb3b3385cd950e4b6d,bdbfcb23fc8af1cfb1023520ccd8a62c26355c57,2025-11-05T11:22:24.360Z,55,Hold & Wait,Hold & Wait,v3.1.0,,scheduled_etl,B,101543.83,artifact_spot_price_usd,30,2025-12-05,89345.29,btc_price_history.close_usd,-0.12013078490342555,-12.013078490342554,2d09d2d77fbe6b7f6c5765b48188ed1d2a88db2b,h4-forward-return-v1
2025-11-05,1ea1425d4702c3af15dbfceb3b3385cd950e4b6d,bdbfcb23fc8af1cfb1023520ccd8a62c26355c57,2025-11-05T11:22:24.360Z,55,Hold & Wait,Hold & Wait,v3.1.0,,scheduled_etl,B,101543.83,artifact_spot_price_usd,90,2026-02-03,75661.49,btc_price_history.close_usd,-0.254888357076939,-25.4888357076939,2d09d2d77fbe6b7f6c5765b48188ed1d2a88db2b,h4-forward-return-v1
2025-11-05,1ea1425d4702c3af15dbfceb3b3385cd950e4b6d,bdbfcb23fc8af1cfb1023520ccd8a62c26355c57,2025-11-05T11:22:24.360Z,55,Hold & Wait,Hold & Wait,v3.1.0,,scheduled_etl,B,101543.83,artifact_spot_price_usd,180,2026-05-04,79852.37,btc_price_history.close_usd,-0.21361672097654782,-21.361672097654782,2d09d2d77fbe6b7f6c5765b48188ed1d2a88db2b,h4-forward-return-v1
2025-11-06,50cd77d5e75a9fd074874b77ab8837c97ce6ebba,65562b230f19720d20ebd255843a88a11f266b3a,2025-11-06T11:22:09.102Z,56,Hold & Wait,Hold & Wait,v3.1.0,,scheduled_etl,B,103147.77,artifact_spot_price_usd,30,2025-12-06,89267.97,btc_price_history.close_usd,-0.13456228864666686,-13.456228864666686,2d09d2d77fbe6b7f6c5765b48188ed1d2a88db2b,h4-forward-return-v1
2025-11-06,50cd77d5e75a9fd074874b77ab8837c97ce6ebba,65562b230f19720d20ebd255843a88a11f266b3a,2025-11-06T11:22:09.102Z,56,Hold & Wait,Hold & Wait,v3.1.0,,scheduled_etl,B,103147.77,artifact_spot_price_usd,90,2026-02-04,72998,btc_price_history.close_usd,-0.2922968669123919,-29.229686691239188,2d09d2d77fbe6b7f6c5765b48188ed1d2a88db2b,h4-forward-return-v1
2025-11-06,50cd77d5e75a9fd074874b77ab8837c97ce6ebba,65562b230f19720d20ebd255843a88a11f266b3a,2025-11-06T11:22:09.102Z,56,Hold & Wait,Hold & Wait,v3.1.0,,scheduled_etl,B,103147.77,artifact_spot_price_usd,180,2026-05-05,80907.72,btc_price_history.close_usd,-0.21561348345194475,-21.561348345194475,2d09d2d77fbe6b7f6c5765b48188ed1d2a88db2b,h4-forward-return-v1
2025-11-07,bcb883b0fe7713e0320e13f47c659f13fde92b1d,6b7a32f4ff599938ba137b541b8df8dab0400e3e,2025-11-07T11:20:25.879Z,59,Hold & Wait,Hold & Wait,v3.1.0,,scheduled_etl,B,99992.96,artifact_spot_price_usd,30,2025-12-07,90402.29,btc_price_history.close_usd,-0.09591345230704251,-9.59134523070425,2d09d2d77fbe6b7f6c5765b48188ed1d2a88db2b,h4-forward-return-v1
2025-11-07,bcb883b0fe7713e0320e13f47c659f13fde92b1d,6b7a32f4ff599938ba137b541b8df8dab0400e3e,2025-11-07T11:20:25.879Z,59,Hold & Wait,Hold & Wait,v3.1.0,,scheduled_etl,B,99992.96,artifact_spot_price_usd,90,2026-02-05,62791,btc_price_history.close_usd,-0.37204579202375854,-37.204579202375854,2d09d2d77fbe6b7f6c5765b48188ed1d2a88db2b,h4-forward-return-v1
2025-11-07,bcb883b0fe7713e0320e13f47c659f13fde92b1d,6b7a32f4ff599938ba137b541b8df8dab0400e3e,2025-11-07T11:20:25.879Z,59,Hold & Wait,Hold & Wait,v3.1.0,,scheduled_etl,B,99992.96,artifact_spot_price_usd,180,2026-05-06,81438.1,btc_price_history.close_usd,-0.18556166354111325,-18.556166354111326,2d09d2d77fbe6b7f6c5765b48188ed1d2a88db2b,h4-forward-return-v1
2025-11-08,bf248bb3a563b2a1dca9837c9b0ae18de1c088b7,7ef96abdf52cd33c24de2a5f62be46379932bef5,2025-11-08T11:18:19.465Z,58,Hold & Wait,Hold & Wait,v3.1.0,,scheduled_etl,B,102540.42,artifact_spot_price_usd,30,2025-12-08,90653.86,btc_price_history.close_usd,-0.115920726675393,-11.592072667539298,2d09d2d77fbe6b7f6c5765b48188ed1d2a88db2b,h4-forward-return-v1
2025-11-08,bf248bb3a563b2a1dca9837c9b0ae18de1c088b7,7ef96abdf52cd33c24de2a5f62be46379932bef5,2025-11-08T11:18:19.465Z,58,Hold & Wait,Hold & Wait,v3.1.0,,scheduled_etl,B,102540.42,artifact_spot_price_usd,90,2026-02-06,70527.7,btc_price_history.close_usd,-0.31219610764223515,-31.219610764223514,2d09d2d77fbe6b7f6c5765b48188ed1d2a88db2b,h4-forward-return-v1
2025-11-08,bf248bb3a563b2a1dca9837c9b0ae18de1c088b7,7ef96abdf52cd33c24de2a5f62be46379932bef5,2025-11-08T11:18:19.465Z,58,Hold & Wait,Hold & Wait,v3.1.0,,scheduled_etl,B,102540.42,artifact_spot_price_usd,180,2026-05-07,80005.38,btc_price_history.close_usd,-0.21976738538812302,-21.976738538812302,2d09d2d77fbe6b7f6c5765b48188ed1d2a88db2b,h4-forward-return-v1
2025-11-09,09996e5616a6d95ae5837a925bdb850a531392af,78292aa17faef521754aebe76eac5216e728d4e4,2025-11-09T11:18:20.529Z,60,Hold & Wait,Hold & Wait,v3.1.0,,scheduled_etl,B,102150.31,artifact_spot_price_usd,30,2025-12-09,92690,btc_price_history.close_usd,-0.09261166216725136,-9.261166216725137,2d09d2d77fbe6b7f6c5765b48188ed1d2a88db2b,h4-forward-return-v1
2025-11-09,09996e5616a6d95ae5837a925bdb850a531392af,78292aa17faef521754aebe76eac5216e728d4e4,2025-11-09T11:18:20.529Z,60,Hold & Wait,Hold & Wait,v3.1.0,,scheduled_etl,B,102150.31,artifact_spot_price_usd,90,2026-02-07,69244.74,btc_price_history.close_usd,-0.32212892941783533,-32.21289294178354,2d09d2d77fbe6b7f6c5765b48188ed1d2a88db2b,h4-forward-return-v1
2025-11-09,09996e5616a6d95ae5837a925bdb850a531392af,78292aa17faef521754aebe76eac5216e728d4e4,2025-11-09T11:18:20.529Z,60,Hold & Wait,Hold & Wait,v3.1.0,,scheduled_etl,B,102150.31,artifact_spot_price_usd,180,2026-05-08,80188.82,btc_price_history.close_usd,-0.21499190751354536,-21.499190751354536,2d09d2d77fbe6b7f6c5765b48188ed1d2a88db2b,h4-forward-return-v1
2025-11-10,c6ef0c2c5039e7f3b8f16933304c47571b9c0a88,25c86965a194d007451dea58230d3cf2fad8e70e,2025-11-10T11:21:45.002Z,58,Hold & Wait,Hold & Wait,v3.1.0,,scheduled_etl,B,106020.78,artifact_spot_price_usd,30,2025-12-10,92035.99,btc_price_history.close_usd,-0.1319061225544652,-13.19061225544652,2d09d2d77fbe6b7f6c5765b48188ed1d2a88db2b,h4-forward-return-v1
2025-11-10,c6ef0c2c5039e7f3b8f16933304c47571b9c0a88,25c86965a194d007451dea58230d3cf2fad8e70e,2025-11-10T11:21:45.002Z,58,Hold & Wait,Hold & Wait,v3.1.0,,scheduled_etl,B,106020.78,artifact_spot_price_usd,90,2026-02-08,70279.33,btc_price_history.close_usd,-0.33711740283367087,-33.711740283367085,2d09d2d77fbe6b7f6c5765b48188ed1d2a88db2b,h4-forward-return-v1
2025-11-10,c6ef0c2c5039e7f3b8f16933304c47571b9c0a88,25c86965a194d007451dea58230d3cf2fad8e70e,2025-11-10T11:21:45.002Z,58,Hold & Wait,Hold & Wait,v3.1.0,,scheduled_etl,B,106020.78,artifact_spot_price_usd,180,2026-05-09,80655.96,btc_price_history.close_usd,-0.23924385389354796,-23.924385389354796,2d09d2d77fbe6b7f6c5765b48188ed1d2a88db2b,h4-forward-return-v1
2025-11-11,7a54de05a68dae9fa8bacc3e01781e244765feef,9cd640c50daf45460d328203fd92f97fa1ac4d28,2025-11-11T11:22:05.864Z,62,Hold & Wait,Hold & Wait,v3.1.0,,scheduled_etl,B,105307.19,artifact_spot_price_usd,30,2025-12-11,92542,btc_price_history.close_usd,-0.12121859865409002,-12.121859865409002,2d09d2d77fbe6b7f6c5765b48188ed1d2a88db2b,h4-forward-return-v1
2025-11-11,7a54de05a68dae9fa8bacc3e01781e244765feef,9cd640c50daf45460d328203fd92f97fa1ac4d28,2025-11-11T11:22:05.864Z,62,Hold & Wait,Hold & Wait,v3.1.0,,scheduled_etl,B,105307.19,artifact_spot_price_usd,90,2026-02-09,70101.99,btc_price_history.close_usd,-0.33430955664090933,-33.43095566409093,2d09d2d77fbe6b7f6c5765b48188ed1d2a88db2b,h4-forward-return-v1
2025-11-11,7a54de05a68dae9fa8bacc3e01781e244765feef,9cd640c50daf45460d328203fd92f97fa1ac4d28,2025-11-11T11:22:05.864Z,62,Hold & Wait,Hold & Wait,v3.1.0,,scheduled_etl,B,105307.19,artifact_spot_price_usd,180,2026-05-10,82199.99,btc_price_history.close_usd,-0.21942661275075326,-21.942661275075327,2d09d2d77fbe6b7f6c5765b48188ed1d2a88db2b,h4-forward-return-v1
2025-11-12,4f5ef1f5f381611c775b93998ca5c581dd141848,fe28d5c09ad51798b652d4d3e3c4dd91355c2a53,2025-11-12T11:22:10.971Z,58,Hold & Wait,Hold & Wait,v3.1.0,,scheduled_etl,B,105081.47,artifact_spot_price_usd,30,2025-12-12,90278,btc_price_history.close_usd,-0.14087612211743894,-14.087612211743894,2d09d2d77fbe6b7f6c5765b48188ed1d2a88db2b,h4-forward-return-v1
2025-11-12,4f5ef1f5f381611c775b93998ca5c581dd141848,fe28d5c09ad51798b652d4d3e3c4dd91355c2a53,2025-11-12T11:22:10.971Z,58,Hold & Wait,Hold & Wait,v3.1.0,,scheduled_etl,B,105081.47,artifact_spot_price_usd,90,2026-02-10,68803.65,btc_price_history.close_usd,-0.3452351780004601,-34.52351780004601,2d09d2d77fbe6b7f6c5765b48188ed1d2a88db2b,h4-forward-return-v1
2025-11-12,4f5ef1f5f381611c775b93998ca5c581dd141848,fe28d5c09ad51798b652d4d3e3c4dd91355c2a53,2025-11-12T11:22:10.971Z,58,Hold & Wait,Hold & Wait,v3.1.0,,scheduled_etl,B,105081.47,artifact_spot_price_usd,180,2026-05-11,81727.06,btc_price_history.close_usd,-0.22225050715411576,-22.225050715411577,2d09d2d77fbe6b7f6c5765b48188ed1d2a88db2b,h4-forward-return-v1
2025-11-13,be7cf391dbac451c96467cbcbae5a900e6cc76d6,38c8f20bd5af4d5068821693411d452e8f9e0422,2025-11-13T11:22:41.762Z,56,Hold & Wait,Hold & Wait,v3.1.0,,scheduled_etl,B,102889.95,artifact_spot_price_usd,30,2025-12-13,90255.32,btc_price_history.close_usd,-0.1227975132653869,-12.27975132653869,2d09d2d77fbe6b7f6c5765b48188ed1d2a88db2b,h4-forward-return-v1
2025-11-13,be7cf391dbac451c96467cbcbae5a900e6cc76d6,38c8f20bd5af4d5068821693411d452e8f9e0422,2025-11-13T11:22:41.762Z,56,Hold & Wait,Hold & Wait,v3.1.0,,scheduled_etl,B,102889.95,artifact_spot_price_usd,90,2026-02-11,67024.93,btc_price_history.close_usd,-0.3485765130607995,-34.85765130607995,2d09d2d77fbe6b7f6c5765b48188ed1d2a88db2b,h4-forward-return-v1
2025-11-13,be7cf391dbac451c96467cbcbae5a900e6cc76d6,38c8f20bd5af4d5068821693411d452e8f9e0422,2025-11-13T11:22:41.762Z,56,Hold & Wait,Hold & Wait,v3.1.0,,scheduled_etl,B,102889.95,artifact_spot_price_usd,180,2026-05-12,80484.72,btc_price_history.close_usd,-0.21775916889842006,-21.775916889842005,2d09d2d77fbe6b7f6c5765b48188ed1d2a88db2b,h4-forward-return-v1
2025-11-14,e98a9c66dabeb3b09c02d663802425669fa30227,30fd33250cd27eda8ee3e298b50504aaf396b399,2025-11-14T11:21:35.648Z,56,Hold & Wait,Hold & Wait,v3.1.0,,scheduled_etl,B,96365.84,artifact_spot_price_usd,30,2025-12-14,88171.61,btc_price_history.close_usd,-0.08503251774695264,-8.503251774695265,2d09d2d77fbe6b7f6c5765b48188ed1d2a88db2b,h4-forward-return-v1
2025-11-14,e98a9c66dabeb3b09c02d663802425669fa30227,30fd33250cd27eda8ee3e298b50504aaf396b399,2025-11-14T11:21:35.648Z,56,Hold & Wait,Hold & Wait,v3.1.0,,scheduled_etl,B,96365.84,artifact_spot_price_usd,90,2026-02-12,66208,btc_price_history.close_usd,-0.31295156042846717,-31.295156042846717,2d09d2d77fbe6b7f6c5765b48188ed1d2a88db2b,h4-forward-return-v1
2025-11-14,e98a9c66dabeb3b09c02d663802425669fa30227,30fd33250cd27eda8ee3e298b50504aaf396b399,2025-11-14T11:21:35.648Z,56,Hold & Wait,Hold & Wait,v3.1.0,,scheduled_etl,B,96365.84,artifact_spot_price_usd,180,2026-05-13,79288.26,btc_price_history.close_usd,-0.17721611724652642,-17.721611724652643,2d09d2d77fbe6b7f6c5765b48188ed1d2a88db2b,h4-forward-return-v1
2025-11-15,1ba270f7ad7f1c6f6e4176027aa74486a9d28a6b,f24bbd4056163dad6493ceb011c1af81cfd7b9b7,2025-11-15T11:18:35.920Z,57,Hold & Wait,Hold & Wait,v3.1.0,,scheduled_etl,B,95665.21,artifact_spot_price_usd,30,2025-12-15,86417.5,btc_price_history.close_usd,-0.09666743009292522,-9.666743009292523,2d09d2d77fbe6b7f6c5765b48188ed1d2a88db2b,h4-forward-return-v1
2025-11-15,1ba270f7ad7f1c6f6e4176027aa74486a9d28a6b,f24bbd4056163dad6493ceb011c1af81cfd7b9b7,2025-11-15T11:18:35.920Z,57,Hold & Wait,Hold & Wait,v3.1.0,,scheduled_etl,B,95665.21,artifact_spot_price_usd,90,2026-02-13,68812,btc_price_history.close_usd,-0.2806998489837633,-28.069984898376333,2d09d2d77fbe6b7f6c5765b48188ed1d2a88db2b,h4-forward-return-v1
2025-11-15,1ba270f7ad7f1c6f6e4176027aa74486a9d28a6b,f24bbd4056163dad6493ceb011c1af81cfd7b9b7,2025-11-15T11:18:35.920Z,57,Hold & Wait,Hold & Wait,v3.1.0,,scheduled_etl,B,95665.21,artifact_spot_price_usd,180,2026-05-14,81079.39,btc_price_history.close_usd,-0.15246733896261777,-15.246733896261777,2d09d2d77fbe6b7f6c5765b48188ed1d2a88db2b,h4-forward-return-v1
2025-11-16,894d298c75b4b32b3a3242cfe016d78611149f27,0f23d5a084e934f115f55e77c4650af4fc374716,2025-11-16T11:18:57.072Z,59,Hold & Wait,Hold & Wait,v3.1.0,,scheduled_etl,B,95900,artifact_spot_price_usd,30,2025-12-16,87854.01,btc_price_history.close_usd,-0.0838997914494265,-8.38997914494265,2d09d2d77fbe6b7f6c5765b48188ed1d2a88db2b,h4-forward-return-v1
2025-11-16,894d298c75b4b32b3a3242cfe016d78611149f27,0f23d5a084e934f115f55e77c4650af4fc374716,2025-11-16T11:18:57.072Z,59,Hold & Wait,Hold & Wait,v3.1.0,,scheduled_etl,B,95900,artifact_spot_price_usd,90,2026-02-14,69786.96,btc_price_history.close_usd,-0.27229447340980184,-27.229447340980183,2d09d2d77fbe6b7f6c5765b48188ed1d2a88db2b,h4-forward-return-v1
2025-11-16,894d298c75b4b32b3a3242cfe016d78611149f27,0f23d5a084e934f115f55e77c4650af4fc374716,2025-11-16T11:18:57.072Z,59,Hold & Wait,Hold & Wait,v3.1.0,,scheduled_etl,B,95900,artifact_spot_price_usd,180,2026-05-15,79058.51,btc_price_history.close_usd,-0.17561511991657985,-17.561511991657987,2d09d2d77fbe6b7f6c5765b48188ed1d2a88db2b,h4-forward-return-v1
2025-11-17,176a97dba7cf55834ad3afb03d59d8d9eb268ab6,c0212b33910a26f9d2aa54cb0cd95cf982889941,2025-11-17T11:22:01.391Z,56,Hold & Wait,Hold & Wait,v3.1.0,,scheduled_etl,B,95628.76,artifact_spot_price_usd,30,2025-12-17,86209.77,btc_price_history.close_usd,-0.09849536896640709,-9.849536896640709,2d09d2d77fbe6b7f6c5765b48188ed1d2a88db2b,h4-forward-return-v1
2025-11-17,176a97dba7cf55834ad3afb03d59d8d9eb268ab6,c0212b33910a26f9d2aa54cb0cd95cf982889941,2025-11-17T11:22:01.391Z,56,Hold & Wait,Hold & Wait,v3.1.0,,scheduled_etl,B,95628.76,artifact_spot_price_usd,90,2026-02-15,68792,btc_price_history.close_usd,-0.2806348215745974,-28.06348215745974,2d09d2d77fbe6b7f6c5765b48188ed1d2a88db2b,h4-forward-return-v1
2025-11-17,176a97dba7cf55834ad3afb03d59d8d9eb268ab6,c0212b33910a26f9d2aa54cb0cd95cf982889941,2025-11-17T11:22:01.391Z,56,Hold & Wait,Hold & Wait,v3.1.0,,scheduled_etl,B,95628.76,artifact_spot_price_usd,180,2026-05-16,78105.45,btc_price_history.close_usd,-0.18324309548717355,-18.324309548717356,2d09d2d77fbe6b7f6c5765b48188ed1d2a88db2b,h4-forward-return-v1
2025-11-18,90fc7989e553fdf4934c2be395be851ad44cce22,f26cd377cc923fdb936655300c6af2ec6be05fec,2025-11-18T11:23:28.285Z,55,Hold & Wait,Hold & Wait,v3.1.0,,scheduled_etl,B,91378.37,artifact_spot_price_usd,30,2025-12-18,85460.02,btc_price_history.close_usd,-0.06476751555099958,-6.476751555099957,2d09d2d77fbe6b7f6c5765b48188ed1d2a88db2b,h4-forward-return-v1
2025-11-18,90fc7989e553fdf4934c2be395be851ad44cce22,f26cd377cc923fdb936655300c6af2ec6be05fec,2025-11-18T11:23:28.285Z,55,Hold & Wait,Hold & Wait,v3.1.0,,scheduled_etl,B,91378.37,artifact_spot_price_usd,90,2026-02-16,68858.13,btc_price_history.close_usd,-0.24645044554854711,-24.64504455485471,2d09d2d77fbe6b7f6c5765b48188ed1d2a88db2b,h4-forward-return-v1
2025-11-18,90fc7989e553fdf4934c2be395be851ad44cce22,f26cd377cc923fdb936655300c6af2ec6be05fec,2025-11-18T11:23:28.285Z,55,Hold & Wait,Hold & Wait,v3.1.0,,scheduled_etl,B,91378.37,artifact_spot_price_usd,180,2026-05-17,77407.59,btc_price_history.close_usd,-0.1528893544500739,-15.28893544500739,2d09d2d77fbe6b7f6c5765b48188ed1d2a88db2b,h4-forward-return-v1
2025-11-19,ae855b0ae9f85198cc2c50cc8d223905da623f46,28cb76736ab7e0c3a4636db9d154e7a196a31447,2025-11-19T11:22:00.610Z,56,Hold & Wait,Hold & Wait,v3.1.0,,scheduled_etl,B,91654.31,artifact_spot_price_usd,30,2025-12-19,88092.65,btc_price_history.close_usd,-0.0388597110163178,-3.88597110163178,2d09d2d77fbe6b7f6c5765b48188ed1d2a88db2b,h4-forward-return-v1
2025-11-19,ae855b0ae9f85198cc2c50cc8d223905da623f46,28cb76736ab7e0c3a4636db9d154e7a196a31447,2025-11-19T11:22:00.610Z,56,Hold & Wait,Hold & Wait,v3.1.0,,scheduled_etl,B,91654.31,artifact_spot_price_usd,90,2026-02-17,67466.7,btc_price_history.close_usd,-0.26390041013892307,-26.390041013892308,2d09d2d77fbe6b7f6c5765b48188ed1d2a88db2b,h4-forward-return-v1
2025-11-19,ae855b0ae9f85198cc2c50cc8d223905da623f46,28cb76736ab7e0c3a4636db9d154e7a196a31447,2025-11-19T11:22:00.610Z,56,Hold & Wait,Hold & Wait,v3.1.0,,scheduled_etl,B,91654.31,artifact_spot_price_usd,180,2026-05-18,76943.98,btc_price_history.close_usd,-0.16049796239805858,-16.049796239805858,2d09d2d77fbe6b7f6c5765b48188ed1d2a88db2b,h4-forward-return-v1
2025-11-20,2647b97a6ab765a5cb2e1100833851409ec70a84,26ff7f131362bc33b18f02cde3398457d6800ca7,2025-11-20T11:21:59.912Z,55,Hold & Wait,Hold & Wait,v3.1.0,,scheduled_etl,B,91687.13,artifact_spot_price_usd,30,2025-12-20,88324,btc_price_history.close_usd,-0.03668050248709942,-3.668050248709942,2d09d2d77fbe6b7f6c5765b48188ed1d2a88db2b,h4-forward-return-v1
2025-11-20,2647b97a6ab765a5cb2e1100833851409ec70a84,26ff7f131362bc33b18f02cde3398457d6800ca7,2025-11-20T11:21:59.912Z,55,Hold & Wait,Hold & Wait,v3.1.0,,scheduled_etl,B,91687.13,artifact_spot_price_usd,90,2026-02-18,66419.79,btc_price_history.close_usd,-0.275582189125126,-27.5582189125126,2d09d2d77fbe6b7f6c5765b48188ed1d2a88db2b,h4-forward-return-v1
2025-11-20,2647b97a6ab765a5cb2e1100833851409ec70a84,26ff7f131362bc33b18f02cde3398457d6800ca7,2025-11-20T11:21:59.912Z,55,Hold & Wait,Hold & Wait,v3.1.0,,scheduled_etl,B,91687.13,artifact_spot_price_usd,180,2026-05-19,76767.48,btc_price_history.close_usd,-0.16272349238110095,-16.272349238110095,2d09d2d77fbe6b7f6c5765b48188ed1d2a88db2b,h4-forward-return-v1
2025-11-21,8d93c9a386a171135252e99f13f6e23914ee5779,b10a24d6349ab5abdc78042e6ec3e3fb5095acea,2025-11-21T11:21:06.311Z,52,Hold & Wait,Hold & Wait,v3.1.0,,scheduled_etl,B,82931.8,artifact_spot_price_usd,30,2025-12-21,88639.95,btc_price_history.close_usd,0.06882944781133404,6.882944781133404,2d09d2d77fbe6b7f6c5765b48188ed1d2a88db2b,h4-forward-return-v1
2025-11-21,8d93c9a386a171135252e99f13f6e23914ee5779,b10a24d6349ab5abdc78042e6ec3e3fb5095acea,2025-11-21T11:21:06.311Z,52,Hold & Wait,Hold & Wait,v3.1.0,,scheduled_etl,B,82931.8,artifact_spot_price_usd,90,2026-02-19,66972.5,btc_price_history.close_usd,-0.19243884734203287,-19.243884734203288,2d09d2d77fbe6b7f6c5765b48188ed1d2a88db2b,h4-forward-return-v1
2025-11-21,8d93c9a386a171135252e99f13f6e23914ee5779,b10a24d6349ab5abdc78042e6ec3e3fb5095acea,2025-11-21T11:21:06.311Z,52,Hold & Wait,Hold & Wait,v3.1.0,,scheduled_etl,B,82931.8,artifact_spot_price_usd,180,2026-05-20,77475.99,btc_price_history.close_usd,-0.06578670666740616,-6.578670666740615,2d09d2d77fbe6b7f6c5765b48188ed1d2a88db2b,h4-forward-return-v1
2025-11-22,235f3b6a4fabc822c8d90103cfa53788a2cd767a,52e2ccb167c7fece33d4318ebe1d90d2c1ce4453,2025-11-22T11:18:17.940Z,53,Hold & Wait,Hold & Wait,v3.1.0,,scheduled_etl,B,83923.94,artifact_spot_price_usd,30,2025-12-22,88556.77,btc_price_history.close_usd,0.05520272284642491,5.520272284642491,2d09d2d77fbe6b7f6c5765b48188ed1d2a88db2b,h4-forward-return-v1
2025-11-22,235f3b6a4fabc822c8d90103cfa53788a2cd767a,52e2ccb167c7fece33d4318ebe1d90d2c1ce4453,2025-11-22T11:18:17.940Z,53,Hold & Wait,Hold & Wait,v3.1.0,,scheduled_etl,B,83923.94,artifact_spot_price_usd,90,2026-02-20,67984.42,btc_price_history.close_usd,-0.1899281659083213,-18.992816590832128,2d09d2d77fbe6b7f6c5765b48188ed1d2a88db2b,h4-forward-return-v1
2025-11-22,235f3b6a4fabc822c8d90103cfa53788a2cd767a,52e2ccb167c7fece33d4318ebe1d90d2c1ce4453,2025-11-22T11:18:17.940Z,53,Hold & Wait,Hold & Wait,v3.1.0,,scheduled_etl,B,83923.94,artifact_spot_price_usd,180,2026-05-21,77547.62,btc_price_history.close_usd,-0.07597736712551872,-7.597736712551873,2d09d2d77fbe6b7f6c5765b48188ed1d2a88db2b,h4-forward-return-v1
2025-11-23,2ac5f203ea49db41f3a17f848cb4028a170e051e,4a6e1296d709b5629d04d83d405573502da6a49e,2025-11-23T11:19:23.770Z,53,Hold & Wait,Hold & Wait,v3.1.0,,scheduled_etl,B,85930.3,artifact_spot_price_usd,30,2025-12-23,87429.32,btc_price_history.close_usd,0.01744460335876874,1.744460335876874,2d09d2d77fbe6b7f6c5765b48188ed1d2a88db2b,h4-forward-return-v1
2025-11-23,2ac5f203ea49db41f3a17f848cb4028a170e051e,4a6e1296d709b5629d04d83d405573502da6a49e,2025-11-23T11:19:23.770Z,53,Hold & Wait,Hold & Wait,v3.1.0,,scheduled_etl,B,85930.3,artifact_spot_price_usd,90,2026-02-21,67955.78,btc_price_history.close_usd,-0.20917557601916903,-20.917557601916904,2d09d2d77fbe6b7f6c5765b48188ed1d2a88db2b,h4-forward-return-v1
2025-11-23,2ac5f203ea49db41f3a17f848cb4028a170e051e,4a6e1296d709b5629d04d83d405573502da6a49e,2025-11-23T11:19:23.770Z,53,Hold & Wait,Hold & Wait,v3.1.0,,scheduled_etl,B,85930.3,artifact_spot_price_usd,180,2026-05-22,75443.91,btc_price_history.close_usd,-0.12203367147560285,-12.203367147560284,2d09d2d77fbe6b7f6c5765b48188ed1d2a88db2b,h4-forward-return-v1
2025-11-24,201f735dedfe596ccadd46b0e377d982871f5d7d,9217d1eea9d0269e49a68901bde02f5c68042436,2025-11-24T11:22:47.979Z,54,Hold & Wait,Hold & Wait,v3.1.0,,scheduled_etl,B,86042.17,artifact_spot_price_usd,30,2025-12-24,87609.03,btc_price_history.close_usd,0.0182103728904095,1.8210372890409499,2d09d2d77fbe6b7f6c5765b48188ed1d2a88db2b,h4-forward-return-v1
2025-11-24,201f735dedfe596ccadd46b0e377d982871f5d7d,9217d1eea9d0269e49a68901bde02f5c68042436,2025-11-24T11:22:47.979Z,54,Hold & Wait,Hold & Wait,v3.1.0,,scheduled_etl,B,86042.17,artifact_spot_price_usd,90,2026-02-22,67617.98,btc_price_history.close_usd,-0.21412976915854176,-21.412976915854177,2d09d2d77fbe6b7f6c5765b48188ed1d2a88db2b,h4-forward-return-v1
2025-11-24,201f735dedfe596ccadd46b0e377d982871f5d7d,9217d1eea9d0269e49a68901bde02f5c68042436,2025-11-24T11:22:47.979Z,54,Hold & Wait,Hold & Wait,v3.1.0,,scheduled_etl,B,86042.17,artifact_spot_price_usd,180,2026-05-23,76650,btc_price_history.close_usd,-0.10915775369217207,-10.915775369217206,2d09d2d77fbe6b7f6c5765b48188ed1d2a88db2b,h4-forward-return-v1
2025-11-25,1e49ad954b58f9c7dc85e323a1cfb009e90821e7,3897c1e0bdb52dc4593c143cc2d3b2e9c0b616b6,2025-11-25T11:23:15.715Z,55,Hold & Wait,Hold & Wait,v3.1.0,,scheduled_etl,B,87290,artifact_spot_price_usd,30,2025-12-25,87171.68,btc_price_history.close_usd,-0.0013554817275748254,-0.13554817275748254,2d09d2d77fbe6b7f6c5765b48188ed1d2a88db2b,h4-forward-return-v1
2025-11-25,1e49ad954b58f9c7dc85e323a1cfb009e90821e7,3897c1e0bdb52dc4593c143cc2d3b2e9c0b616b6,2025-11-25T11:23:15.715Z,55,Hold & Wait,Hold & Wait,v3.1.0,,scheduled_etl,B,87290,artifact_spot_price_usd,90,2026-02-23,64625.78,btc_price_history.close_usd,-0.25964279986252725,-25.964279986252727,2d09d2d77fbe6b7f6c5765b48188ed1d2a88db2b,h4-forward-return-v1
2025-11-25,1e49ad954b58f9c7dc85e323a1cfb009e90821e7,3897c1e0bdb52dc4593c143cc2d3b2e9c0b616b6,2025-11-25T11:23:15.715Z,55,Hold & Wait,Hold & Wait,v3.1.0,,scheduled_etl,B,87290,artifact_spot_price_usd,180,2026-05-24,76975.99,btc_price_history.close_usd,-0.11815797914995985,-11.815797914995985,2d09d2d77fbe6b7f6c5765b48188ed1d2a88db2b,h4-forward-return-v1
2025-11-26,c5ff91ae69237aab98d3b855dd28ec8b5da164f2,e8f6ddde2039e0767ca94a0bc75e81f141b8dae2,2025-11-26T11:22:48.979Z,53,Hold & Wait,Hold & Wait,v3.1.0,,scheduled_etl,B,86902.27,artifact_spot_price_usd,30,2025-12-26,87296.01,btc_price_history.close_usd,0.004530836766404311,0.45308367664043114,2d09d2d77fbe6b7f6c5765b48188ed1d2a88db2b,h4-forward-return-v1
2025-11-26,c5ff91ae69237aab98d3b855dd28ec8b5da164f2,e8f6ddde2039e0767ca94a0bc75e81f141b8dae2,2025-11-26T11:22:48.979Z,53,Hold & Wait,Hold & Wait,v3.1.0,,scheduled_etl,B,86902.27,artifact_spot_price_usd,90,2026-02-24,64068.33,btc_price_history.close_usd,-0.26275424105722445,-26.275424105722443,2d09d2d77fbe6b7f6c5765b48188ed1d2a88db2b,h4-forward-return-v1
2025-11-26,c5ff91ae69237aab98d3b855dd28ec8b5da164f2,e8f6ddde2039e0767ca94a0bc75e81f141b8dae2,2025-11-26T11:22:48.979Z,53,Hold & Wait,Hold & Wait,v3.1.0,,scheduled_etl,B,86902.27,artifact_spot_price_usd,180,2026-05-25,77249.07,btc_price_history.close_usd,-0.11108110294472162,-11.108110294472162,2d09d2d77fbe6b7f6c5765b48188ed1d2a88db2b,h4-forward-return-v1
2025-11-27,d34f7dc5c23cac03bb0d55cf1544a768dfe3be38,f2331c6513b3be6a89bafbf6c4a87bf2ed348fb5,2025-11-27T11:23:04.001Z,53,Hold & Wait,Hold & Wait,v3.1.0,,scheduled_etl,B,91405.86,artifact_spot_price_usd,30,2025-12-27,87808,btc_price_history.close_usd,-0.03936137136065454,-3.936137136065454,2d09d2d77fbe6b7f6c5765b48188ed1d2a88db2b,h4-forward-return-v1
2025-11-27,d34f7dc5c23cac03bb0d55cf1544a768dfe3be38,f2331c6513b3be6a89bafbf6c4a87bf2ed348fb5,2025-11-27T11:23:04.001Z,53,Hold & Wait,Hold & Wait,v3.1.0,,scheduled_etl,B,91405.86,artifact_spot_price_usd,90,2026-02-25,67992.68,btc_price_history.close_usd,-0.2561452843395381,-25.614528433953808,2d09d2d77fbe6b7f6c5765b48188ed1d2a88db2b,h4-forward-return-v1
2025-11-27,d34f7dc5c23cac03bb0d55cf1544a768dfe3be38,f2331c6513b3be6a89bafbf6c4a87bf2ed348fb5,2025-11-27T11:23:04.001Z,53,Hold & Wait,Hold & Wait,v3.1.0,,scheduled_etl,B,91405.86,artifact_spot_price_usd,180,2026-05-26,75826.1,btc_price_history.close_usd,-0.17044596484295416,-17.044596484295415,2d09d2d77fbe6b7f6c5765b48188ed1d2a88db2b,h4-forward-return-v1
2025-11-28,cb38884f439cfe0c5ed25fb81c0f977e11efc031,80c1c7839c14fc098aed7ca0f50e5fe26c0987f1,2025-11-28T11:22:32.159Z,57,Hold & Wait,Hold & Wait,v3.1.0,,scheduled_etl,B,91161.98,artifact_spot_price_usd,30,2025-12-28,87877.29,btc_price_history.close_usd,-0.03603135868703167,-3.6031358687031667,2d09d2d77fbe6b7f6c5765b48188ed1d2a88db2b,h4-forward-return-v1
2025-11-28,cb38884f439cfe0c5ed25fb81c0f977e11efc031,80c1c7839c14fc098aed7ca0f50e5fe26c0987f1,2025-11-28T11:22:32.159Z,57,Hold & Wait,Hold & Wait,v3.1.0,,scheduled_etl,B,91161.98,artifact_spot_price_usd,90,2026-02-26,67490.51,btc_price_history.close_usd,-0.25966384231672024,-25.966384231672023,2d09d2d77fbe6b7f6c5765b48188ed1d2a88db2b,h4-forward-return-v1
2025-11-28,cb38884f439cfe0c5ed25fb81c0f977e11efc031,80c1c7839c14fc098aed7ca0f50e5fe26c0987f1,2025-11-28T11:22:32.159Z,57,Hold & Wait,Hold & Wait,v3.1.0,,scheduled_etl,B,91161.98,artifact_spot_price_usd,180,2026-05-27,74315.98,btc_price_history.close_usd,-0.18479194945085664,-18.479194945085663,2d09d2d77fbe6b7f6c5765b48188ed1d2a88db2b,h4-forward-return-v1
2025-11-29,d10c0486da9ecc78bcd2cc35eb3751f006cf30f8,fde1777dc71c606eefc735911403f3a815e9a6e8,2025-11-29T11:19:29.448Z,53,Hold & Wait,Hold & Wait,v3.1.0,,scheduled_etl,B,90590.39,artifact_spot_price_usd,30,2025-12-29,87110.78,btc_price_history.close_usd,-0.038410365602797425,-3.8410365602797425,2d09d2d77fbe6b7f6c5765b48188ed1d2a88db2b,h4-forward-return-v1
2025-11-29,d10c0486da9ecc78bcd2cc35eb3751f006cf30f8,fde1777dc71c606eefc735911403f3a815e9a6e8,2025-11-29T11:19:29.448Z,53,Hold & Wait,Hold & Wait,v3.1.0,,scheduled_etl,B,90590.39,artifact_spot_price_usd,90,2026-02-27,65859.94,btc_price_history.close_usd,-0.2729919807167184,-27.29919807167184,2d09d2d77fbe6b7f6c5765b48188ed1d2a88db2b,h4-forward-return-v1
2025-11-29,d10c0486da9ecc78bcd2cc35eb3751f006cf30f8,fde1777dc71c606eefc735911403f3a815e9a6e8,2025-11-29T11:19:29.448Z,53,Hold & Wait,Hold & Wait,v3.1.0,,scheduled_etl,B,90590.39,artifact_spot_price_usd,180,2026-05-28,73512.56,btc_price_history.close_usd,-0.18851701598811976,-18.851701598811978,2d09d2d77fbe6b7f6c5765b48188ed1d2a88db2b,h4-forward-return-v1
2025-11-30,d5813a654294393bdee00974521a7e5b4fa2b802,63ff6cc462f1c17cdf0d7c914e7a26993469d4b9,2025-11-30T11:19:34.122Z,53,Hold & Wait,Hold & Wait,v3.1.0,,scheduled_etl,B,91280.29,artifact_spot_price_usd,30,2025-12-30,88397.5,btc_price_history.close_usd,-0.031581735772311825,-3.1581735772311825,2d09d2d77fbe6b7f6c5765b48188ed1d2a88db2b,h4-forward-return-v1
2025-11-30,d5813a654294393bdee00974521a7e5b4fa2b802,63ff6cc462f1c17cdf0d7c914e7a26993469d4b9,2025-11-30T11:19:34.122Z,53,Hold & Wait,Hold & Wait,v3.1.0,,scheduled_etl,B,91280.29,artifact_spot_price_usd,90,2026-02-28,66967.85,btc_price_history.close_usd,-0.26634928526191126,-26.634928526191125,2d09d2d77fbe6b7f6c5765b48188ed1d2a88db2b,h4-forward-return-v1
2025-11-30,d5813a654294393bdee00974521a7e5b4fa2b802,63ff6cc462f1c17cdf0d7c914e7a26993469d4b9,2025-11-30T11:19:34.122Z,53,Hold & Wait,Hold & Wait,v3.1.0,,scheduled_etl,B,91280.29,artifact_spot_price_usd,180,2026-05-29,73366.77,btc_price_history.close_usd,-0.19624740456017387,-19.624740456017385,2d09d2d77fbe6b7f6c5765b48188ed1d2a88db2b,h4-forward-return-v1
2025-12-01,826e5e43b7ba6cc746c22e0156d8e184a7db2091,bd9adb09acc29a8fea7e55e595e0b0ed180cc479,2025-12-01T11:23:26.180Z,52,Hold & Wait,Hold & Wait,v3.1.0,,scheduled_etl,B,86426.99,artifact_spot_price_usd,30,2025-12-31,87497.94,btc_price_history.close_usd,0.012391383756393592,1.2391383756393592,2d09d2d77fbe6b7f6c5765b48188ed1d2a88db2b,h4-forward-return-v1
2025-12-01,826e5e43b7ba6cc746c22e0156d8e184a7db2091,bd9adb09acc29a8fea7e55e595e0b0ed180cc479,2025-12-01T11:23:26.180Z,52,Hold & Wait,Hold & Wait,v3.1.0,,scheduled_etl,B,86426.99,artifact_spot_price_usd,90,2026-03-01,65769,btc_price_history.close_usd,-0.23902243963373015,-23.902243963373017,2d09d2d77fbe6b7f6c5765b48188ed1d2a88db2b,h4-forward-return-v1
2025-12-01,826e5e43b7ba6cc746c22e0156d8e184a7db2091,bd9adb09acc29a8fea7e55e595e0b0ed180cc479,2025-12-01T11:23:26.180Z,52,Hold & Wait,Hold & Wait,v3.1.0,,scheduled_etl,B,86426.99,artifact_spot_price_usd,180,2026-05-30,73770.69,btc_price_history.close_usd,-0.1464392084000612,-14.64392084000612,2d09d2d77fbe6b7f6c5765b48188ed1d2a88db2b,h4-forward-return-v1
2025-12-02,02085e574811618943ec37503a0cfc71ca029445,803d21a09c06837319377ab44d419a3299f45325,2025-12-02T11:24:49.076Z,49,High Risk,Moderate Buying,v3.1.0,,scheduled_etl,B,87173.34,artifact_spot_price_usd,30,2026-01-01,88738.34,btc_price_history.close_usd,0.017952736467364838,1.7952736467364838,2d09d2d77fbe6b7f6c5765b48188ed1d2a88db2b,h4-forward-return-v1
2025-12-02,02085e574811618943ec37503a0cfc71ca029445,803d21a09c06837319377ab44d419a3299f45325,2025-12-02T11:24:49.076Z,49,High Risk,Moderate Buying,v3.1.0,,scheduled_etl,B,87173.34,artifact_spot_price_usd,90,2026-03-02,68832.01,btc_price_history.close_usd,-0.21040067984087796,-21.040067984087795,2d09d2d77fbe6b7f6c5765b48188ed1d2a88db2b,h4-forward-return-v1
2025-12-02,02085e574811618943ec37503a0cfc71ca029445,803d21a09c06837319377ab44d419a3299f45325,2025-12-02T11:24:49.076Z,49,High Risk,Moderate Buying,v3.1.0,,scheduled_etl,B,87173.34,artifact_spot_price_usd,180,2026-05-31,73575.17,btc_price_history.close_usd,-0.15599000795426676,-15.599000795426676,2d09d2d77fbe6b7f6c5765b48188ed1d2a88db2b,h4-forward-return-v1
2025-12-03,fa3ee75847b6912f47754b3ecc796e70d23fba38,25e249f55aeb0d8fe613b16565a18ec0fdc7171f,2025-12-03T11:24:12.999Z,55,Hold & Wait,Hold & Wait,v3.1.0,,scheduled_etl,B,92998.72,artifact_spot_price_usd,30,2026-01-02,89957.99,btc_price_history.close_usd,-0.032696471521328374,-3.2696471521328374,2d09d2d77fbe6b7f6c5765b48188ed1d2a88db2b,h4-forward-return-v1
2025-12-03,fa3ee75847b6912f47754b3ecc796e70d23fba38,25e249f55aeb0d8fe613b16565a18ec0fdc7171f,2025-12-03T11:24:12.999Z,55,Hold & Wait,Hold & Wait,v3.1.0,,scheduled_etl,B,92998.72,artifact_spot_price_usd,90,2026-03-03,68335.99,btc_price_history.close_usd,-0.265194295147288,-26.5194295147288,2d09d2d77fbe6b7f6c5765b48188ed1d2a88db2b,h4-forward-return-v1
2025-12-03,fa3ee75847b6912f47754b3ecc796e70d23fba38,25e249f55aeb0d8fe613b16565a18ec0fdc7171f,2025-12-03T11:24:12.999Z,55,Hold & Wait,Hold & Wait,v3.1.0,,scheduled_etl,B,92998.72,artifact_spot_price_usd,180,2026-06-01,71314.42,btc_price_history.close_usd,-0.23316772531923025,-23.316772531923025,2d09d2d77fbe6b7f6c5765b48188ed1d2a88db2b,h4-forward-return-v1
2025-12-04,42082549e9d7898f70cda8c80f448ffdd76554c6,df3264f386972fcb9dbad83710b411b682b62fd8,2025-12-04T11:24:45.772Z,52,Hold & Wait,Hold & Wait,v3.1.0,,scheduled_etl,B,93162.74,artifact_spot_price_usd,30,2026-01-03,90598.02,btc_price_history.close_usd,-0.027529460812337647,-2.7529460812337647,2d09d2d77fbe6b7f6c5765b48188ed1d2a88db2b,h4-forward-return-v1
2025-12-04,42082549e9d7898f70cda8c80f448ffdd76554c6,df3264f386972fcb9dbad83710b411b682b62fd8,2025-12-04T11:24:45.772Z,52,Hold & Wait,Hold & Wait,v3.1.0,,scheduled_etl,B,93162.74,artifact_spot_price_usd,90,2026-03-04,72683.26,btc_price_history.close_usd,-0.21982479261558874,-21.982479261558872,2d09d2d77fbe6b7f6c5765b48188ed1d2a88db2b,h4-forward-return-v1
2025-12-04,42082549e9d7898f70cda8c80f448ffdd76554c6,df3264f386972fcb9dbad83710b411b682b62fd8,2025-12-04T11:24:45.772Z,52,Hold & Wait,Hold & Wait,v3.1.0,,scheduled_etl,B,93162.74,artifact_spot_price_usd,180,2026-06-02,66658.35,btc_price_history.close_usd,-0.2844956041438884,-28.44956041438884,2d09d2d77fbe6b7f6c5765b48188ed1d2a88db2b,h4-forward-return-v1
2025-12-05,17adf7b2956cb11376d81b6ec986256dac0f18cd,6bf0e7d54c9172a07f078ee9469879d4247a165e,2025-12-05T11:23:47.298Z,49,High Risk,Moderate Buying,v3.1.0,,scheduled_etl,B,91465.21,artifact_spot_price_usd,30,2026-01-04,91494,btc_price_history.close_usd,0.0003147644880494571,0.03147644880494571,2d09d2d77fbe6b7f6c5765b48188ed1d2a88db2b,h4-forward-return-v1
2025-12-05,17adf7b2956cb11376d81b6ec986256dac0f18cd,6bf0e7d54c9172a07f078ee9469879d4247a165e,2025-12-05T11:23:47.298Z,49,High Risk,Moderate Buying,v3.1.0,,scheduled_etl,B,91465.21,artifact_spot_price_usd,90,2026-03-05,70887.6,btc_price_history.close_usd,-0.22497745317591245,-22.497745317591246,2d09d2d77fbe6b7f6c5765b48188ed1d2a88db2b,h4-forward-return-v1
2025-12-05,17adf7b2956cb11376d81b6ec986256dac0f18cd,6bf0e7d54c9172a07f078ee9469879d4247a165e,2025-12-05T11:23:47.298Z,49,High Risk,Moderate Buying,v3.1.0,,scheduled_etl,B,91465.21,artifact_spot_price_usd,180,2026-06-03,64040,btc_price_history.close_usd,-0.29984307694696166,-29.984307694696167,2d09d2d77fbe6b7f6c5765b48188ed1d2a88db2b,h4-forward-return-v1
2025-12-06,087b7ced88ed3a873a5c831ba54b54a460e4b21d,7e6227aec44dcec53db43ad0b632a19bea00a2f9,2025-12-06T11:19:44.317Z,53,Hold & Wait,Hold & Wait,v3.1.0,,scheduled_etl,B,89589.6,artifact_spot_price_usd,30,2026-01-05,93870.06,btc_price_history.close_usd,0.04777853679444921,4.777853679444921,2d09d2d77fbe6b7f6c5765b48188ed1d2a88db2b,h4-forward-return-v1
2025-12-06,087b7ced88ed3a873a5c831ba54b54a460e4b21d,7e6227aec44dcec53db43ad0b632a19bea00a2f9,2025-12-06T11:19:44.317Z,53,Hold & Wait,Hold & Wait,v3.1.0,,scheduled_etl,B,89589.6,artifact_spot_price_usd,90,2026-03-06,68108.24,btc_price_history.close_usd,-0.23977515247305492,-23.97751524730549,2d09d2d77fbe6b7f6c5765b48188ed1d2a88db2b,h4-forward-return-v1
2025-12-06,087b7ced88ed3a873a5c831ba54b54a460e4b21d,7e6227aec44dcec53db43ad0b632a19bea00a2f9,2025-12-06T11:19:44.317Z,53,Hold & Wait,Hold & Wait,v3.1.0,,scheduled_etl,B,89589.6,artifact_spot_price_usd,180,2026-06-04,63806.02,btc_price_history.close_usd,-0.28779657460240926,-28.779657460240927,2d09d2d77fbe6b7f6c5765b48188ed1d2a88db2b,h4-forward-return-v1
2025-12-07,67ebadf7c7f47fd0c45507f43fbc21f53e24df2a,602e416a9b2f3aac85ab5c779f1a2677ada08119,2025-12-07T11:19:43.702Z,53,Hold & Wait,Hold & Wait,v3.1.0,,scheduled_etl,B,89284.38,artifact_spot_price_usd,30,2026-01-06,93722.01,btc_price_history.close_usd,0.04970219874965798,4.970219874965798,2d09d2d77fbe6b7f6c5765b48188ed1d2a88db2b,h4-forward-return-v1
2025-12-07,67ebadf7c7f47fd0c45507f43fbc21f53e24df2a,602e416a9b2f3aac85ab5c779f1a2677ada08119,2025-12-07T11:19:43.702Z,53,Hold & Wait,Hold & Wait,v3.1.0,,scheduled_etl,B,89284.38,artifact_spot_price_usd,90,2026-03-07,67259.62,btc_price_history.close_usd,-0.24668099840084023,-24.668099840084025,2d09d2d77fbe6b7f6c5765b48188ed1d2a88db2b,h4-forward-return-v1
2025-12-07,67ebadf7c7f47fd0c45507f43fbc21f53e24df2a,602e416a9b2f3aac85ab5c779f1a2677ada08119,2025-12-07T11:19:43.702Z,53,Hold & Wait,Hold & Wait,v3.1.0,,scheduled_etl,B,89284.38,artifact_spot_price_usd,180,2026-06-05,61032,btc_price_history.close_usd,-0.3164313847506137,-31.64313847506137,2d09d2d77fbe6b7f6c5765b48188ed1d2a88db2b,h4-forward-return-v1
2025-12-08,cad6f6bfc7a481ab5381e8c683877edc507f0556,ae00f992df88ac62b32c530642848c2bed62b072,2025-12-08T11:24:13.335Z,53,Hold & Wait,Hold & Wait,v3.1.0,,scheduled_etl,B,92133.99,artifact_spot_price_usd,30,2026-01-07,91279.73,btc_price_history.close_usd,-0.009271931021331059,-0.9271931021331059,2d09d2d77fbe6b7f6c5765b48188ed1d2a88db2b,h4-forward-return-v1
2025-12-08,cad6f6bfc7a481ab5381e8c683877edc507f0556,ae00f992df88ac62b32c530642848c2bed62b072,2025-12-08T11:24:13.335Z,53,Hold & Wait,Hold & Wait,v3.1.0,,scheduled_etl,B,92133.99,artifact_spot_price_usd,90,2026-03-08,65970.56,btc_price_history.close_usd,-0.28397152885704835,-28.397152885704834,2d09d2d77fbe6b7f6c5765b48188ed1d2a88db2b,h4-forward-return-v1
2025-12-08,cad6f6bfc7a481ab5381e8c683877edc507f0556,ae00f992df88ac62b32c530642848c2bed62b072,2025-12-08T11:24:13.335Z,53,Hold & Wait,Hold & Wait,v3.1.0,,scheduled_etl,B,92133.99,artifact_spot_price_usd,180,2026-06-06,60850.48,btc_price_history.close_usd,-0.3395436363930402,-33.95436363930402,2d09d2d77fbe6b7f6c5765b48188ed1d2a88db2b,h4-forward-return-v1
2025-12-09,a4ad32368f1fd06957c824324b1903cc59fbaf74,55dca7aa546b2ea01105708e5c6a010262d50d14,2025-12-09T11:24:38.645Z,51,Hold & Wait,Hold & Wait,v3.1.0,,scheduled_etl,B,90224.66,artifact_spot_price_usd,30,2026-01-08,91026,btc_price_history.close_usd,0.008881607312235973,0.8881607312235973,2d09d2d77fbe6b7f6c5765b48188ed1d2a88db2b,h4-forward-return-v1
2025-12-09,a4ad32368f1fd06957c824324b1903cc59fbaf74,55dca7aa546b2ea01105708e5c6a010262d50d14,2025-12-09T11:24:38.645Z,51,Hold & Wait,Hold & Wait,v3.1.0,,scheduled_etl,B,90224.66,artifact_spot_price_usd,90,2026-03-09,68432.17,btc_price_history.close_usd,-0.24153585061999683,-24.15358506199968,2d09d2d77fbe6b7f6c5765b48188ed1d2a88db2b,h4-forward-return-v1
2025-12-09,a4ad32368f1fd06957c824324b1903cc59fbaf74,55dca7aa546b2ea01105708e5c6a010262d50d14,2025-12-09T11:24:38.645Z,51,Hold & Wait,Hold & Wait,v3.1.0,,scheduled_etl,B,90224.66,artifact_spot_price_usd,180,2026-06-07,63302.73,btc_price_history.close_usd,-0.2983877135142432,-29.83877135142432,2d09d2d77fbe6b7f6c5765b48188ed1d2a88db2b,h4-forward-return-v1
2025-12-10,bfe56d404b588f4b6c0a37a381b6f13a1be463eb,ec1b931b8dcc6612f59eb07b7423108732418061,2025-12-10T11:24:13.762Z,51,Hold & Wait,Hold & Wait,v3.1.0,,scheduled_etl,B,92296.32,artifact_spot_price_usd,30,2026-01-09,90515.45,btc_price_history.close_usd,-0.019295135494026283,-1.9295135494026283,2d09d2d77fbe6b7f6c5765b48188ed1d2a88db2b,h4-forward-return-v1
2025-12-10,bfe56d404b588f4b6c0a37a381b6f13a1be463eb,ec1b931b8dcc6612f59eb07b7423108732418061,2025-12-10T11:24:13.762Z,51,Hold & Wait,Hold & Wait,v3.1.0,,scheduled_etl,B,92296.32,artifact_spot_price_usd,90,2026-03-10,69960.83,btc_price_history.close_usd,-0.241997622440418,-24.1997622440418,2d09d2d77fbe6b7f6c5765b48188ed1d2a88db2b,h4-forward-return-v1
2025-12-10,bfe56d404b588f4b6c0a37a381b6f13a1be463eb,ec1b931b8dcc6612f59eb07b7423108732418061,2025-12-10T11:24:13.762Z,51,Hold & Wait,Hold & Wait,v3.1.0,,scheduled_etl,B,92296.32,artifact_spot_price_usd,180,2026-06-08,63062.98,btc_price_history.close_usd,-0.31673353823857764,-31.673353823857763,2d09d2d77fbe6b7f6c5765b48188ed1d2a88db2b,h4-forward-return-v1
2025-12-11,e23e6caf46dad69dd367fcecd3310acc539b0587,6082a0f7b5a684f58aef79b220d8339f41b632d3,2025-12-11T16:24:40.519Z,50,Hold & Wait,Hold & Wait,v1.1,,scheduled_etl,B,89661.92,artifact_spot_price_usd,30,2026-01-10,90385.54,btc_price_history.close_usd,0.008070538752683376,0.8070538752683376,2d09d2d77fbe6b7f6c5765b48188ed1d2a88db2b,h4-forward-return-v1
2025-12-11,e23e6caf46dad69dd367fcecd3310acc539b0587,6082a0f7b5a684f58aef79b220d8339f41b632d3,2025-12-11T16:24:40.519Z,50,Hold & Wait,Hold & Wait,v1.1,,scheduled_etl,B,89661.92,artifact_spot_price_usd,90,2026-03-11,70208,btc_price_history.close_usd,-0.2169697012957117,-21.69697012957117,2d09d2d77fbe6b7f6c5765b48188ed1d2a88db2b,h4-forward-return-v1
2025-12-11,e23e6caf46dad69dd367fcecd3310acc539b0587,6082a0f7b5a684f58aef79b220d8339f41b632d3,2025-12-11T16:24:40.519Z,50,Hold & Wait,Hold & Wait,v1.1,,scheduled_etl,B,89661.92,artifact_spot_price_usd,180,2026-06-09,61685.8,btc_price_history.close_usd,-0.31201785551770467,-31.201785551770467,2d09d2d77fbe6b7f6c5765b48188ed1d2a88db2b,h4-forward-return-v1
2025-12-12,66fd5cdaa2c0063e1e507fb32e71086bc704caf3,ebdd6a50e365f9a378f0c201c14c14110f555f21,2025-12-12T11:26:34.630Z,50,Hold & Wait,Hold & Wait,v1.1,,scheduled_etl,B,92347.52,artifact_spot_price_usd,30,2026-01-11,90872.01,btc_price_history.close_usd,-0.015977797779518133,-1.5977797779518133,2d09d2d77fbe6b7f6c5765b48188ed1d2a88db2b,h4-forward-return-v1
2025-12-12,66fd5cdaa2c0063e1e507fb32e71086bc704caf3,ebdd6a50e365f9a378f0c201c14c14110f555f21,2025-12-12T11:26:34.630Z,50,Hold & Wait,Hold & Wait,v1.1,,scheduled_etl,B,92347.52,artifact_spot_price_usd,90,2026-03-12,70531.56,btc_price_history.close_usd,-0.2362376380004575,-23.62376380004575,2d09d2d77fbe6b7f6c5765b48188ed1d2a88db2b,h4-forward-return-v1
2025-12-12,66fd5cdaa2c0063e1e507fb32e71086bc704caf3,ebdd6a50e365f9a378f0c201c14c14110f555f21,2025-12-12T11:26:34.630Z,50,Hold & Wait,Hold & Wait,v1.1,,scheduled_etl,B,92347.52,artifact_spot_price_usd,180,2026-06-10,61449.46,btc_price_history.close_usd,-0.33458462122209676,-33.458462122209674,2d09d2d77fbe6b7f6c5765b48188ed1d2a88db2b,h4-forward-return-v1
2025-12-13,41ce693adb5da39678424f5a1090d4aee3e7d454,a62231b65d7f5b969c99a4b1f0fcdc31f4309783,2025-12-13T11:21:21.776Z,49,High Risk,Moderate Buying,v1.1,,scheduled_etl,B,90515.63,artifact_spot_price_usd,30,2026-01-12,91188.09,btc_price_history.close_usd,0.007429214158924724,0.7429214158924724,2d09d2d77fbe6b7f6c5765b48188ed1d2a88db2b,h4-forward-return-v1
2025-12-13,41ce693adb5da39678424f5a1090d4aee3e7d454,a62231b65d7f5b969c99a4b1f0fcdc31f4309783,2025-12-13T11:21:21.776Z,49,High Risk,Moderate Buying,v1.1,,scheduled_etl,B,90515.63,artifact_spot_price_usd,90,2026-03-13,70944.33,btc_price_history.close_usd,-0.21622011579657574,-21.622011579657574,2d09d2d77fbe6b7f6c5765b48188ed1d2a88db2b,h4-forward-return-v1
2025-12-13,41ce693adb5da39678424f5a1090d4aee3e7d454,a62231b65d7f5b969c99a4b1f0fcdc31f4309783,2025-12-13T11:21:21.776Z,49,High Risk,Moderate Buying,v1.1,,scheduled_etl,B,90515.63,artifact_spot_price_usd,180,2026-06-11,63563.42,btc_price_history.close_usd,-0.2977630493208743,-29.776304932087427,2d09d2d77fbe6b7f6c5765b48188ed1d2a88db2b,h4-forward-return-v1
2025-12-14,81f4297e8dc44b7870c01b420abd3b564dd1ce33,7b927e3db9fe8af0e59cb34143867730938964d0,2025-12-14T11:22:01.783Z,49,High Risk,Moderate Buying,v1.1,,scheduled_etl,B,89691.33,artifact_spot_price_usd,30,2026-01-13,95384.23,btc_price_history.close_usd,0.0634721327022354,6.3472132702235395,2d09d2d77fbe6b7f6c5765b48188ed1d2a88db2b,h4-forward-return-v1
2025-12-14,81f4297e8dc44b7870c01b420abd3b564dd1ce33,7b927e3db9fe8af0e59cb34143867730938964d0,2025-12-14T11:22:01.783Z,49,High Risk,Moderate Buying,v1.1,,scheduled_etl,B,89691.33,artifact_spot_price_usd,90,2026-03-14,71232.02,btc_price_history.close_usd,-0.20580930174633372,-20.580930174633373,2d09d2d77fbe6b7f6c5765b48188ed1d2a88db2b,h4-forward-return-v1
2025-12-14,81f4297e8dc44b7870c01b420abd3b564dd1ce33,7b927e3db9fe8af0e59cb34143867730938964d0,2025-12-14T11:22:01.783Z,49,High Risk,Moderate Buying,v1.1,,scheduled_etl,B,89691.33,artifact_spot_price_usd,180,2026-06-12,63538.43,btc_price_history.close_usd,-0.291587826827855,-29.1587826827855,2d09d2d77fbe6b7f6c5765b48188ed1d2a88db2b,h4-forward-return-v1
2025-12-15,9668e81224e518866a44859c0c0b17908ab23d15,1ea7692daecd80608b8580ba492de5d23ed311c7,2025-12-15T03:38:53.726Z,49,Moderate Buying,Moderate Buying,v1.1,,scheduled_etl,B,89254.01,artifact_spot_price_usd,30,2026-01-14,96955.16,btc_price_history.close_usd,0.08628351824192548,8.62835182419255,2d09d2d77fbe6b7f6c5765b48188ed1d2a88db2b,h4-forward-return-v1
2025-12-15,9668e81224e518866a44859c0c0b17908ab23d15,1ea7692daecd80608b8580ba492de5d23ed311c7,2025-12-15T03:38:53.726Z,49,Moderate Buying,Moderate Buying,v1.1,,scheduled_etl,B,89254.01,artifact_spot_price_usd,90,2026-03-15,72830.01,btc_price_history.close_usd,-0.18401414121337523,-18.401414121337524,2d09d2d77fbe6b7f6c5765b48188ed1d2a88db2b,h4-forward-return-v1
2025-12-15,9668e81224e518866a44859c0c0b17908ab23d15,1ea7692daecd80608b8580ba492de5d23ed311c7,2025-12-15T03:38:53.726Z,49,Moderate Buying,Moderate Buying,v1.1,,scheduled_etl,B,89254.01,artifact_spot_price_usd,180,2026-06-13,64429.99,btc_price_history.close_usd,-0.27812778383850767,-27.812778383850766,2d09d2d77fbe6b7f6c5765b48188ed1d2a88db2b,h4-forward-return-v1
2025-12-16,e7571b3c24971496874b3d87e323f58e1d71718e,9a60cfc4ccdea8d94b78fc686d8ff52852f5f40a,2025-12-16T11:26:26.574Z,48,Moderate Buying,Moderate Buying,v1.1,,scheduled_etl,B,87060.43,artifact_spot_price_usd,30,2026-01-15,95587.65,btc_price_history.close_usd,0.09794598992906423,9.794598992906423,2d09d2d77fbe6b7f6c5765b48188ed1d2a88db2b,h4-forward-return-v1
2025-12-16,e7571b3c24971496874b3d87e323f58e1d71718e,9a60cfc4ccdea8d94b78fc686d8ff52852f5f40a,2025-12-16T11:26:26.574Z,48,Moderate Buying,Moderate Buying,v1.1,,scheduled_etl,B,87060.43,artifact_spot_price_usd,90,2026-03-16,74886.47,btc_price_history.close_usd,-0.1398334467220067,-13.983344672200671,2d09d2d77fbe6b7f6c5765b48188ed1d2a88db2b,h4-forward-return-v1
2025-12-16,e7571b3c24971496874b3d87e323f58e1d71718e,9a60cfc4ccdea8d94b78fc686d8ff52852f5f40a,2025-12-16T11:26:26.574Z,48,Moderate Buying,Moderate Buying,v1.1,,scheduled_etl,B,87060.43,artifact_spot_price_usd,180,2026-06-14,65706.62,btc_price_history.close_usd,-0.24527572399998487,-24.527572399998487,2d09d2d77fbe6b7f6c5765b48188ed1d2a88db2b,h4-forward-return-v1
2025-12-17,79e40355649208efda6616a267507fd99c3a0c54,e88d209a115b8ed38d9418b26ce780939578a990,2025-12-17T11:26:59.878Z,48,Moderate Buying,Moderate Buying,v1.1,,scheduled_etl,B,86771.03,artifact_spot_price_usd,30,2026-01-16,95504,btc_price_history.close_usd,0.10064384391887482,10.064384391887483,2d09d2d77fbe6b7f6c5765b48188ed1d2a88db2b,h4-forward-return-v1
2025-12-17,79e40355649208efda6616a267507fd99c3a0c54,e88d209a115b8ed38d9418b26ce780939578a990,2025-12-17T11:26:59.878Z,48,Moderate Buying,Moderate Buying,v1.1,,scheduled_etl,B,86771.03,artifact_spot_price_usd,90,2026-03-17,73934.11,btc_price_history.close_usd,-0.1479401592904913,-14.79401592904913,2d09d2d77fbe6b7f6c5765b48188ed1d2a88db2b,h4-forward-return-v1
2025-12-17,79e40355649208efda6616a267507fd99c3a0c54,e88d209a115b8ed38d9418b26ce780939578a990,2025-12-17T11:26:59.878Z,48,Moderate Buying,Moderate Buying,v1.1,,scheduled_etl,B,86771.03,artifact_spot_price_usd,180,2026-06-15,66276.8,btc_price_history.close_usd,-0.23618746948146163,-23.618746948146164,2d09d2d77fbe6b7f6c5765b48188ed1d2a88db2b,h4-forward-return-v1
2025-12-18,daba2f077f6c2807745c80de96319250e803e2cc,3618d104026fa3de08d5238911a83ee4e52b79c5,2025-12-18T11:25:08.164Z,46,Moderate Buying,Moderate Buying,v1.1,,scheduled_etl,B,87096.78,artifact_spot_price_usd,30,2026-01-17,95109.99,btc_price_history.close_usd,0.09200351608865454,9.200351608865454,2d09d2d77fbe6b7f6c5765b48188ed1d2a88db2b,h4-forward-return-v1
2025-12-18,daba2f077f6c2807745c80de96319250e803e2cc,3618d104026fa3de08d5238911a83ee4e52b79c5,2025-12-18T11:25:08.164Z,46,Moderate Buying,Moderate Buying,v1.1,,scheduled_etl,B,87096.78,artifact_spot_price_usd,90,2026-03-18,71245.02,btc_price_history.close_usd,-0.18200167675544376,-18.200167675544378,2d09d2d77fbe6b7f6c5765b48188ed1d2a88db2b,h4-forward-return-v1
2025-12-18,daba2f077f6c2807745c80de96319250e803e2cc,3618d104026fa3de08d5238911a83ee4e52b79c5,2025-12-18T11:25:08.164Z,46,Moderate Buying,Moderate Buying,v1.1,,scheduled_etl,B,87096.78,artifact_spot_price_usd,180,2026-06-16,65616.64,btc_price_history.close_usd,-0.24662381318804205,-24.662381318804204,2d09d2d77fbe6b7f6c5765b48188ed1d2a88db2b,h4-forward-return-v1
2025-12-19,cc532d0daf760a5cff724c0243cf3350ed3d1d7b,0610156e3bcdc2989c6621e4eae662091d175e5a,2025-12-19T11:24:37.793Z,43,Moderate Buying,Moderate Buying,v1.1,,scheduled_etl,B,88189.82,artifact_spot_price_usd,30,2026-01-18,93633.53,btc_price_history.close_usd,0.06172719254898107,6.172719254898107,2d09d2d77fbe6b7f6c5765b48188ed1d2a88db2b,h4-forward-return-v1
2025-12-19,cc532d0daf760a5cff724c0243cf3350ed3d1d7b,0610156e3bcdc2989c6621e4eae662091d175e5a,2025-12-19T11:24:37.793Z,43,Moderate Buying,Moderate Buying,v1.1,,scheduled_etl,B,88189.82,artifact_spot_price_usd,90,2026-03-19,69918.3,btc_price_history.close_usd,-0.20718400377730672,-20.718400377730674,2d09d2d77fbe6b7f6c5765b48188ed1d2a88db2b,h4-forward-return-v1
2025-12-19,cc532d0daf760a5cff724c0243cf3350ed3d1d7b,0610156e3bcdc2989c6621e4eae662091d175e5a,2025-12-19T11:24:37.793Z,43,Moderate Buying,Moderate Buying,v1.1,,scheduled_etl,B,88189.82,artifact_spot_price_usd,180,2026-06-17,64446.04,btc_price_history.close_usd,-0.26923492983657304,-26.923492983657304,2d09d2d77fbe6b7f6c5765b48188ed1d2a88db2b,h4-forward-return-v1
2025-12-20,3398047ed1f1fc8178b2b784c6468c92d0d38133,dba4c18a43bd55f6b1faebfb93f2c8a05fc3e538,2025-12-20T11:21:20.240Z,46,Moderate Buying,Moderate Buying,v1.1,,scheduled_etl,B,88110,artifact_spot_price_usd,30,2026-01-19,92559.66,btc_price_history.close_usd,0.05050119169220291,5.050119169220291,2d09d2d77fbe6b7f6c5765b48188ed1d2a88db2b,h4-forward-return-v1
2025-12-20,3398047ed1f1fc8178b2b784c6468c92d0d38133,dba4c18a43bd55f6b1faebfb93f2c8a05fc3e538,2025-12-20T11:21:20.240Z,46,Moderate Buying,Moderate Buying,v1.1,,scheduled_etl,B,88110,artifact_spot_price_usd,90,2026-03-20,70497.01,btc_price_history.close_usd,-0.1998977414595393,-19.98977414595393,2d09d2d77fbe6b7f6c5765b48188ed1d2a88db2b,h4-forward-return-v1
2025-12-20,3398047ed1f1fc8178b2b784c6468c92d0d38133,dba4c18a43bd55f6b1faebfb93f2c8a05fc3e538,2025-12-20T11:21:20.240Z,46,Moderate Buying,Moderate Buying,v1.1,,scheduled_etl,B,88110,artifact_spot_price_usd,180,2026-06-18,62879.01,btc_price_history.close_usd,-0.28635784814436493,-28.635784814436494,2d09d2d77fbe6b7f6c5765b48188ed1d2a88db2b,h4-forward-return-v1
2025-12-21,65e2f9fc25db0b5265973adc933ea375702a901c,ad5f14ce8b3628bab9ed89699ba1f6a02fbd16f0,2025-12-21T11:22:02.385Z,46,Moderate Buying,Moderate Buying,v1.1,,scheduled_etl,B,88608.85,artifact_spot_price_usd,30,2026-01-20,88310.6,btc_price_history.close_usd,-0.0033659166099097027,-0.33659166099097027,2d09d2d77fbe6b7f6c5765b48188ed1d2a88db2b,h4-forward-return-v1
2025-12-21,65e2f9fc25db0b5265973adc933ea375702a901c,ad5f14ce8b3628bab9ed89699ba1f6a02fbd16f0,2025-12-21T11:22:02.385Z,46,Moderate Buying,Moderate Buying,v1.1,,scheduled_etl,B,88608.85,artifact_spot_price_usd,90,2026-03-21,68912.02,btc_price_history.close_usd,-0.22228964714021227,-22.228964714021227,2d09d2d77fbe6b7f6c5765b48188ed1d2a88db2b,h4-forward-return-v1
2025-12-21,65e2f9fc25db0b5265973adc933ea375702a901c,ad5f14ce8b3628bab9ed89699ba1f6a02fbd16f0,2025-12-21T11:22:02.385Z,46,Moderate Buying,Moderate Buying,v1.1,,scheduled_etl,B,88608.85,artifact_spot_price_usd,180,2026-06-19,63475.2,btc_price_history.close_usd,-0.28364717519751137,-28.36471751975114,2d09d2d77fbe6b7f6c5765b48188ed1d2a88db2b,h4-forward-return-v1
2025-12-22,222b2f11c69802d177f2db96b8f1616f539176c0,d81dbe7a5185f9fe28981b24f2b609f8e15fcc55,2025-12-22T11:24:51.723Z,43,Moderate Buying,Moderate Buying,v1.1,,scheduled_etl,B,89690.01,artifact_spot_price_usd,30,2026-01-21,89363.71,btc_price_history.close_usd,-0.003638086337597546,-0.3638086337597546,2d09d2d77fbe6b7f6c5765b48188ed1d2a88db2b,h4-forward-return-v1
2025-12-22,222b2f11c69802d177f2db96b8f1616f539176c0,d81dbe7a5185f9fe28981b24f2b609f8e15fcc55,2025-12-22T11:24:51.723Z,43,Moderate Buying,Moderate Buying,v1.1,,scheduled_etl,B,89690.01,artifact_spot_price_usd,90,2026-03-22,67844.94,btc_price_history.close_usd,-0.24356190839983172,-24.35619083998317,2d09d2d77fbe6b7f6c5765b48188ed1d2a88db2b,h4-forward-return-v1
2025-12-22,222b2f11c69802d177f2db96b8f1616f539176c0,d81dbe7a5185f9fe28981b24f2b609f8e15fcc55,2025-12-22T11:24:51.723Z,43,Moderate Buying,Moderate Buying,v1.1,,scheduled_etl,B,89690.01,artifact_spot_price_usd,180,2026-06-20,64222.99,btc_price_history.close_usd,-0.28394488973744114,-28.394488973744114,2d09d2d77fbe6b7f6c5765b48188ed1d2a88db2b,h4-forward-return-v1
2025-12-23,02fedaa9659ab96b8bb0c0518f1077dff2163796,bfe6a2b2ec702e93fe776d4a30b9783d3ae87920,2025-12-23T11:25:40.822Z,44,Moderate Buying,Moderate Buying,v1.1,,scheduled_etl,B,87756.26,artifact_spot_price_usd,30,2026-01-22,89463.5,btc_price_history.close_usd,0.019454338642052482,1.9454338642052482,2d09d2d77fbe6b7f6c5765b48188ed1d2a88db2b,h4-forward-return-v1
2025-12-23,02fedaa9659ab96b8bb0c0518f1077dff2163796,bfe6a2b2ec702e93fe776d4a30b9783d3ae87920,2025-12-23T11:25:40.822Z,44,Moderate Buying,Moderate Buying,v1.1,,scheduled_etl,B,87756.26,artifact_spot_price_usd,90,2026-03-23,70874.23,btc_price_history.close_usd,-0.19237408248710686,-19.237408248710686,2d09d2d77fbe6b7f6c5765b48188ed1d2a88db2b,h4-forward-return-v1
2025-12-23,02fedaa9659ab96b8bb0c0518f1077dff2163796,bfe6a2b2ec702e93fe776d4a30b9783d3ae87920,2025-12-23T11:25:40.822Z,44,Moderate Buying,Moderate Buying,v1.1,,scheduled_etl,B,87756.26,artifact_spot_price_usd,180,2026-06-21,63235.63,btc_price_history.close_usd,-0.2794174455474743,-27.941744554747427,2d09d2d77fbe6b7f6c5765b48188ed1d2a88db2b,h4-forward-return-v1
2025-12-24,bc4b7fff1467eff00603c8d4f09f0642dee03f26,5378f2876dbc2dc48fa9d92511bd1ba2e0508ca5,2025-12-24T14:55:58.019Z,44,Moderate Buying,Moderate Buying,v1.1,,scheduled_etl,B,87019.73,artifact_spot_price_usd,30,2026-01-23,89474.93,btc_price_history.close_usd,0.028214291172817818,2.821429117281782,2d09d2d77fbe6b7f6c5765b48188ed1d2a88db2b,h4-forward-return-v1
2025-12-24,bc4b7fff1467eff00603c8d4f09f0642dee03f26,5378f2876dbc2dc48fa9d92511bd1ba2e0508ca5,2025-12-24T14:55:58.019Z,44,Moderate Buying,Moderate Buying,v1.1,,scheduled_etl,B,87019.73,artifact_spot_price_usd,90,2026-03-24,70533.49,btc_price_history.close_usd,-0.1894540468006507,-18.94540468006507,2d09d2d77fbe6b7f6c5765b48188ed1d2a88db2b,h4-forward-return-v1
2025-12-24,bc4b7fff1467eff00603c8d4f09f0642dee03f26,5378f2876dbc2dc48fa9d92511bd1ba2e0508ca5,2025-12-24T14:55:58.019Z,44,Moderate Buying,Moderate Buying,v1.1,,scheduled_etl,B,87019.73,artifact_spot_price_usd,180,2026-06-22,63950.61,btc_price_history.close_usd,-0.2651021785519214,-26.510217855192142,2d09d2d77fbe6b7f6c5765b48188ed1d2a88db2b,h4-forward-return-v1
2025-12-25,fbd05bd9c2c8b44f60eb05859d7fa13560fa31bd,7b2b08b00d45d6470c256e862a12adf56eb4b252,2025-12-25T11:23:43.940Z,43,Moderate Buying,Moderate Buying,v1.1,,scheduled_etl,B,87436.4,artifact_spot_price_usd,30,2026-01-24,89082.17,btc_price_history.close_usd,0.018822481254946455,1.8822481254946455,2d09d2d77fbe6b7f6c5765b48188ed1d2a88db2b,h4-forward-return-v1
2025-12-25,fbd05bd9c2c8b44f60eb05859d7fa13560fa31bd,7b2b08b00d45d6470c256e862a12adf56eb4b252,2025-12-25T11:23:43.940Z,43,Moderate Buying,Moderate Buying,v1.1,,scheduled_etl,B,87436.4,artifact_spot_price_usd,90,2026-03-25,71301.53,btc_price_history.close_usd,-0.18453264315548212,-18.45326431554821,2d09d2d77fbe6b7f6c5765b48188ed1d2a88db2b,h4-forward-return-v1
2025-12-25,fbd05bd9c2c8b44f60eb05859d7fa13560fa31bd,7b2b08b00d45d6470c256e862a12adf56eb4b252,2025-12-25T11:23:43.940Z,43,Moderate Buying,Moderate Buying,v1.1,,scheduled_etl,B,87436.4,artifact_spot_price_usd,180,2026-06-23,62644.86,btc_price_history.close_usd,-0.2835379773183708,-28.353797731837084,2d09d2d77fbe6b7f6c5765b48188ed1d2a88db2b,h4-forward-return-v1
2025-12-26,5f72fd2068b44548a1976a77eeaa4dd504693197,f819ab969f618f7c514f9b1d185b8a1be6b51e7c,2025-12-26T11:24:38.292Z,42,Moderate Buying,Moderate Buying,v1.1,,scheduled_etl,B,88555.84,artifact_spot_price_usd,30,2026-01-25,86561.94,btc_price_history.close_usd,-0.02251573696325382,-2.251573696325382,2d09d2d77fbe6b7f6c5765b48188ed1d2a88db2b,h4-forward-return-v1
2025-12-26,5f72fd2068b44548a1976a77eeaa4dd504693197,f819ab969f618f7c514f9b1d185b8a1be6b51e7c,2025-12-26T11:24:38.292Z,42,Moderate Buying,Moderate Buying,v1.1,,scheduled_etl,B,88555.84,artifact_spot_price_usd,90,2026-03-26,68769.02,btc_price_history.close_usd,-0.2234389058925983,-22.34389058925983,2d09d2d77fbe6b7f6c5765b48188ed1d2a88db2b,h4-forward-return-v1
2025-12-26,5f72fd2068b44548a1976a77eeaa4dd504693197,f819ab969f618f7c514f9b1d185b8a1be6b51e7c,2025-12-26T11:24:38.292Z,42,Moderate Buying,Moderate Buying,v1.1,,scheduled_etl,B,88555.84,artifact_spot_price_usd,180,2026-06-24,60983.13,btc_price_history.close_usd,-0.31135958961035204,-31.135958961035204,2d09d2d77fbe6b7f6c5765b48188ed1d2a88db2b,h4-forward-return-v1
2025-12-27,332b4ecdf3e0cf6df082aa79a9d2af93d0580e0d,46e2b22c95d3bc594f7f4acead93a6d1b1ccce43,2025-12-27T11:21:51.513Z,44,Moderate Buying,Moderate Buying,v1.1,,scheduled_etl,B,87488.01,artifact_spot_price_usd,30,2026-01-26,88250.01,btc_price_history.close_usd,0.008709764915215246,0.8709764915215246,2d09d2d77fbe6b7f6c5765b48188ed1d2a88db2b,h4-forward-return-v1
2025-12-27,332b4ecdf3e0cf6df082aa79a9d2af93d0580e0d,46e2b22c95d3bc594f7f4acead93a6d1b1ccce43,2025-12-27T11:21:51.513Z,44,Moderate Buying,Moderate Buying,v1.1,,scheduled_etl,B,87488.01,artifact_spot_price_usd,90,2026-03-27,66353.34,btc_price_history.close_usd,-0.24157218800610503,-24.1572188006105,2d09d2d77fbe6b7f6c5765b48188ed1d2a88db2b,h4-forward-return-v1
2025-12-27,332b4ecdf3e0cf6df082aa79a9d2af93d0580e0d,46e2b22c95d3bc594f7f4acead93a6d1b1ccce43,2025-12-27T11:21:51.513Z,44,Moderate Buying,Moderate Buying,v1.1,,scheduled_etl,B,87488.01,artifact_spot_price_usd,180,2026-06-25,59703.65,btc_price_history.close_usd,-0.31757906026208615,-31.757906026208616,2d09d2d77fbe6b7f6c5765b48188ed1d2a88db2b,h4-forward-return-v1
2025-12-28,5cebc59f189e55442c009c066846c7ff21b661e5,3a5fe74deb5e41722e83c88a3b1661aed7bc21ac,2025-12-28T11:22:44.210Z,44,Moderate Buying,Moderate Buying,v1.1,,scheduled_etl,B,87844.63,artifact_spot_price_usd,30,2026-01-27,89116.96,btc_price_history.close_usd,0.01448386771052479,1.448386771052479,2d09d2d77fbe6b7f6c5765b48188ed1d2a88db2b,h4-forward-return-v1
2025-12-28,5cebc59f189e55442c009c066846c7ff21b661e5,3a5fe74deb5e41722e83c88a3b1661aed7bc21ac,2025-12-28T11:22:44.210Z,44,Moderate Buying,Moderate Buying,v1.1,,scheduled_etl,B,87844.63,artifact_spot_price_usd,90,2026-03-28,66320.15,btc_price_history.close_usd,-0.24502897900531895,-24.502897900531895,2d09d2d77fbe6b7f6c5765b48188ed1d2a88db2b,h4-forward-return-v1
2025-12-28,5cebc59f189e55442c009c066846c7ff21b661e5,3a5fe74deb5e41722e83c88a3b1661aed7bc21ac,2025-12-28T11:22:44.210Z,44,Moderate Buying,Moderate Buying,v1.1,,scheduled_etl,B,87844.63,artifact_spot_price_usd,180,2026-06-26,60002.53,btc_price_history.close_usd,-0.3169470917004261,-31.69470917004261,2d09d2d77fbe6b7f6c5765b48188ed1d2a88db2b,h4-forward-return-v1
2025-12-29,ad76d0f49925150ff8c169c1f77678b8e2581ffd,701b29e5d5f201f27ca734e3678977197892b506,2025-12-29T11:26:04.045Z,44,Moderate Buying,Moderate Buying,v1.1,,scheduled_etl,B,87630.89,artifact_spot_price_usd,30,2026-01-28,89162.4,btc_price_history.close_usd,0.01747682809109885,1.747682809109885,2d09d2d77fbe6b7f6c5765b48188ed1d2a88db2b,h4-forward-return-v1
2025-12-29,ad76d0f49925150ff8c169c1f77678b8e2581ffd,701b29e5d5f201f27ca734e3678977197892b506,2025-12-29T11:26:04.045Z,44,Moderate Buying,Moderate Buying,v1.1,,scheduled_etl,B,87630.89,artifact_spot_price_usd,90,2026-03-29,65956.94,btc_price_history.close_usd,-0.24733230485277502,-24.733230485277502,2d09d2d77fbe6b7f6c5765b48188ed1d2a88db2b,h4-forward-return-v1
2025-12-29,ad76d0f49925150ff8c169c1f77678b8e2581ffd,701b29e5d5f201f27ca734e3678977197892b506,2025-12-29T11:26:04.045Z,44,Moderate Buying,Moderate Buying,v1.1,,scheduled_etl,B,87630.89,artifact_spot_price_usd,180,2026-06-27,59934.84,btc_price_history.close_usd,-0.31605350579002456,-31.605350579002454,2d09d2d77fbe6b7f6c5765b48188ed1d2a88db2b,h4-forward-return-v1
2025-12-30,bdafce6046f14868ce274b0272ae0d9d56bf208c,d15d79d8160a88d9f5b30e087082d9f877eac0ea,2025-12-30T11:26:01.189Z,42,Moderate Buying,Moderate Buying,v1.1,,scheduled_etl,B,87849.69,artifact_spot_price_usd,30,2026-01-29,84513.2,btc_price_history.close_usd,-0.037979530718890486,-3.7979530718890486,2d09d2d77fbe6b7f6c5765b48188ed1d2a88db2b,h4-forward-return-v1
2025-12-30,bdafce6046f14868ce274b0272ae0d9d56bf208c,d15d79d8160a88d9f5b30e087082d9f877eac0ea,2025-12-30T11:26:01.189Z,42,Moderate Buying,Moderate Buying,v1.1,,scheduled_etl,B,87849.69,artifact_spot_price_usd,90,2026-03-30,66737.18,btc_price_history.close_usd,-0.24032537849592872,-24.03253784959287,2d09d2d77fbe6b7f6c5765b48188ed1d2a88db2b,h4-forward-return-v1
2025-12-30,bdafce6046f14868ce274b0272ae0d9d56bf208c,d15d79d8160a88d9f5b30e087082d9f877eac0ea,2025-12-30T11:26:01.189Z,42,Moderate Buying,Moderate Buying,v1.1,,scheduled_etl,B,87849.69,artifact_spot_price_usd,180,2026-06-28,59474.01,btc_price_history.close_usd,-0.3230026195880714,-32.30026195880714,2d09d2d77fbe6b7f6c5765b48188ed1d2a88db2b,h4-forward-return-v1
2025-12-31,7506c2b1bf2ac96f7548bd342bf8e38f1f959fbf,42cf77e5b9c25ef0ecc5a913dffd8448d4eb8ae3,2025-12-31T11:25:06.456Z,41,Moderate Buying,Moderate Buying,v1.1,,scheduled_etl,B,88770.17,artifact_spot_price_usd,30,2026-01-30,84110.99,btc_price_history.close_usd,-0.05248587447787911,-5.248587447787911,2d09d2d77fbe6b7f6c5765b48188ed1d2a88db2b,h4-forward-return-v1
2025-12-31,7506c2b1bf2ac96f7548bd342bf8e38f1f959fbf,42cf77e5b9c25ef0ecc5a913dffd8448d4eb8ae3,2025-12-31T11:25:06.456Z,41,Moderate Buying,Moderate Buying,v1.1,,scheduled_etl,B,88770.17,artifact_spot_price_usd,90,2026-03-31,68221.85,btc_price_history.close_usd,-0.23147775880118282,-23.14777588011828,2d09d2d77fbe6b7f6c5765b48188ed1d2a88db2b,h4-forward-return-v1
2025-12-31,7506c2b1bf2ac96f7548bd342bf8e38f1f959fbf,42cf77e5b9c25ef0ecc5a913dffd8448d4eb8ae3,2025-12-31T11:25:06.456Z,41,Moderate Buying,Moderate Buying,v1.1,,scheduled_etl,B,88770.17,artifact_spot_price_usd,180,2026-06-29,60162.73,btc_price_history.close_usd,-0.3222641119195784,-32.22641119195784,2d09d2d77fbe6b7f6c5765b48188ed1d2a88db2b,h4-forward-return-v1
2026-01-01,4f98127b854175c5e5a161945dd9f17c6c98511c,692b31c764932018185d8fbf41f878ede5ed9a97,2026-01-01T11:24:36.877Z,43,Moderate Buying,Moderate Buying,v1.1,,scheduled_etl,B,87797.5,artifact_spot_price_usd,30,2026-01-31,78648,btc_price_history.close_usd,-0.10421139554087533,-10.421139554087533,2d09d2d77fbe6b7f6c5765b48188ed1d2a88db2b,h4-forward-return-v1
2026-01-01,4f98127b854175c5e5a161945dd9f17c6c98511c,692b31c764932018185d8fbf41f878ede5ed9a97,2026-01-01T11:24:36.877Z,43,Moderate Buying,Moderate Buying,v1.1,,scheduled_etl,B,87797.5,artifact_spot_price_usd,90,2026-04-01,68112.35,btc_price_history.close_usd,-0.22421082604857767,-22.421082604857766,2d09d2d77fbe6b7f6c5765b48188ed1d2a88db2b,h4-forward-return-v1
2026-01-01,4f98127b854175c5e5a161945dd9f17c6c98511c,692b31c764932018185d8fbf41f878ede5ed9a97,2026-01-01T11:24:36.877Z,43,Moderate Buying,Moderate Buying,v1.1,,scheduled_etl,B,87797.5,artifact_spot_price_usd,180,2026-06-30,58523.93,btc_price_history.close_usd,-0.33342145277485125,-33.34214527748512,2d09d2d77fbe6b7f6c5765b48188ed1d2a88db2b,h4-forward-return-v1
2026-01-02,0dd5e80db99e8a08d716b41a54974bbcaa01a3a1,e1d6edfcdeb45d48921c7aa8029a6385351c80e6,2026-01-02T11:24:34.050Z,43,Moderate Buying,Moderate Buying,v1.1,,scheduled_etl,B,89436.01,artifact_spot_price_usd,30,2026-02-01,76895.53,btc_price_history.close_usd,-0.1402173464580989,-14.021734645809891,2d09d2d77fbe6b7f6c5765b48188ed1d2a88db2b,h4-forward-return-v1
2026-01-02,0dd5e80db99e8a08d716b41a54974bbcaa01a3a1,e1d6edfcdeb45d48921c7aa8029a6385351c80e6,2026-01-02T11:24:34.050Z,43,Moderate Buying,Moderate Buying,v1.1,,scheduled_etl,B,89436.01,artifact_spot_price_usd,90,2026-04-02,66894.48,btc_price_history.close_usd,-0.25204087257470453,-25.204087257470455,2d09d2d77fbe6b7f6c5765b48188ed1d2a88db2b,h4-forward-return-v1
2026-01-02,0dd5e80db99e8a08d716b41a54974bbcaa01a3a1,e1d6edfcdeb45d48921c7aa8029a6385351c80e6,2026-01-02T11:24:34.050Z,43,Moderate Buying,Moderate Buying,v1.1,,scheduled_etl,B,89436.01,artifact_spot_price_usd,180,2026-07-01,59961.45,btc_price_history.close_usd,-0.32956031916003403,-32.956031916003404,2d09d2d77fbe6b7f6c5765b48188ed1d2a88db2b,h4-forward-return-v1
2026-01-03,4b1d255f2f8d1428b4c5de9dba0a579488e71206,6cf7cf1d898b8e64bd0cb5bbbd1ef07bdf534f05,2026-01-03T11:22:37.705Z,41,Moderate Buying,Moderate Buying,v1.1,,scheduled_etl,B,89700.45,artifact_spot_price_usd,30,2026-02-02,78666.85,btc_price_history.close_usd,-0.12300495705428449,-12.30049570542845,2d09d2d77fbe6b7f6c5765b48188ed1d2a88db2b,h4-forward-return-v1
2026-01-03,4b1d255f2f8d1428b4c5de9dba0a579488e71206,6cf7cf1d898b8e64bd0cb5bbbd1ef07bdf534f05,2026-01-03T11:22:37.705Z,41,Moderate Buying,Moderate Buying,v1.1,,scheduled_etl,B,89700.45,artifact_spot_price_usd,90,2026-04-03,66959.99,btc_price_history.close_usd,-0.25351556207354586,-25.351556207354587,2d09d2d77fbe6b7f6c5765b48188ed1d2a88db2b,h4-forward-return-v1
2026-01-03,4b1d255f2f8d1428b4c5de9dba0a579488e71206,6cf7cf1d898b8e64bd0cb5bbbd1ef07bdf534f05,2026-01-03T11:22:37.705Z,41,Moderate Buying,Moderate Buying,v1.1,,scheduled_etl,B,89700.45,artifact_spot_price_usd,180,2026-07-02,61484.02,btc_price_history.close_usd,-0.31456285893771996,-31.456285893771994,2d09d2d77fbe6b7f6c5765b48188ed1d2a88db2b,h4-forward-return-v1
2026-01-04,ae752e91a4cb744cd1b19c5e76269a4d687ca3fb,b2d7d609d43a2efe867e7514bb3280cfac3bd963,2026-01-04T11:22:20.198Z,41,Moderate Buying,Moderate Buying,v1.1,,scheduled_etl,B,91354.02,artifact_spot_price_usd,30,2026-02-03,75661.49,btc_price_history.close_usd,-0.1717771150081846,-17.17771150081846,2d09d2d77fbe6b7f6c5765b48188ed1d2a88db2b,h4-forward-return-v1
2026-01-04,ae752e91a4cb744cd1b19c5e76269a4d687ca3fb,b2d7d609d43a2efe867e7514bb3280cfac3bd963,2026-01-04T11:22:20.198Z,41,Moderate Buying,Moderate Buying,v1.1,,scheduled_etl,B,91354.02,artifact_spot_price_usd,90,2026-04-04,67291.73,btc_price_history.close_usd,-0.2633960716780718,-26.339607167807177,2d09d2d77fbe6b7f6c5765b48188ed1d2a88db2b,h4-forward-return-v1
2026-01-04,ae752e91a4cb744cd1b19c5e76269a4d687ca3fb,b2d7d609d43a2efe867e7514bb3280cfac3bd963,2026-01-04T11:22:20.198Z,41,Moderate Buying,Moderate Buying,v1.1,,scheduled_etl,B,91354.02,artifact_spot_price_usd,180,2026-07-03,62520.22,btc_price_history.close_usd,-0.31562705177068295,-31.562705177068295,2d09d2d77fbe6b7f6c5765b48188ed1d2a88db2b,h4-forward-return-v1
2026-01-05,f1b0c32bf51ccbe4da14fa2fe04f061b2a807140,751dda55b8339cf53fe83406d5dfcc2bdf9926f8,2026-01-05T11:26:34.426Z,43,Moderate Buying,Moderate Buying,v1.1,,scheduled_etl,B,93103.73,artifact_spot_price_usd,30,2026-02-04,72998,btc_price_history.close_usd,-0.21594977988529562,-21.594977988529564,2d09d2d77fbe6b7f6c5765b48188ed1d2a88db2b,h4-forward-return-v1
2026-01-05,f1b0c32bf51ccbe4da14fa2fe04f061b2a807140,751dda55b8339cf53fe83406d5dfcc2bdf9926f8,2026-01-05T11:26:34.426Z,43,Moderate Buying,Moderate Buying,v1.1,,scheduled_etl,B,93103.73,artifact_spot_price_usd,90,2026-04-05,69005,btc_price_history.close_usd,-0.2588374278882274,-25.88374278882274,2d09d2d77fbe6b7f6c5765b48188ed1d2a88db2b,h4-forward-return-v1
2026-01-05,f1b0c32bf51ccbe4da14fa2fe04f061b2a807140,751dda55b8339cf53fe83406d5dfcc2bdf9926f8,2026-01-05T11:26:34.426Z,43,Moderate Buying,Moderate Buying,v1.1,,scheduled_etl,B,93103.73,artifact_spot_price_usd,180,2026-07-04,63086.45,btc_price_history.close_usd,-0.32240684664298624,-32.24068466429863,2d09d2d77fbe6b7f6c5765b48188ed1d2a88db2b,h4-forward-return-v1
2026-01-06,e70040217b294eba893cca98f308f475ff890a6e,d86556fe6c70a34f0e92782a6628d06e645d6559,2026-01-06T11:26:00.150Z,43,Moderate Buying,Moderate Buying,v1.1,,scheduled_etl,B,93741.36,artifact_spot_price_usd,30,2026-02-05,62791,btc_price_history.close_usd,-0.3301676015794949,-33.016760157949484,2d09d2d77fbe6b7f6c5765b48188ed1d2a88db2b,h4-forward-return-v1
2026-01-06,e70040217b294eba893cca98f308f475ff890a6e,d86556fe6c70a34f0e92782a6628d06e645d6559,2026-01-06T11:26:00.150Z,43,Moderate Buying,Moderate Buying,v1.1,,scheduled_etl,B,93741.36,artifact_spot_price_usd,90,2026-04-06,68853.61,btc_price_history.close_usd,-0.2654938012420558,-26.54938012420558,2d09d2d77fbe6b7f6c5765b48188ed1d2a88db2b,h4-forward-return-v1
2026-01-06,e70040217b294eba893cca98f308f475ff890a6e,d86556fe6c70a34f0e92782a6628d06e645d6559,2026-01-06T11:26:00.150Z,43,Moderate Buying,Moderate Buying,v1.1,,scheduled_etl,B,93741.36,artifact_spot_price_usd,180,2026-07-05,63580.44,btc_price_history.close_usd,-0.32174613212353653,-32.174613212353655,2d09d2d77fbe6b7f6c5765b48188ed1d2a88db2b,h4-forward-return-v1
2026-01-07,8ed973b4e48f938de396494d737bfa8d09096650,0906494f3069465748eb067aaa6ef23f9ada62b8,2026-01-07T11:27:17.160Z,43,Moderate Buying,Moderate Buying,v1.1,,scheduled_etl,B,92111.66,artifact_spot_price_usd,30,2026-02-06,70527.7,btc_price_history.close_usd,-0.23432386301582242,-23.43238630158224,2d09d2d77fbe6b7f6c5765b48188ed1d2a88db2b,h4-forward-return-v1
2026-01-07,8ed973b4e48f938de396494d737bfa8d09096650,0906494f3069465748eb067aaa6ef23f9ada62b8,2026-01-07T11:27:17.160Z,43,Moderate Buying,Moderate Buying,v1.1,,scheduled_etl,B,92111.66,artifact_spot_price_usd,90,2026-04-07,71910.2,btc_price_history.close_usd,-0.2193149054093695,-21.93149054093695,2d09d2d77fbe6b7f6c5765b48188ed1d2a88db2b,h4-forward-return-v1
2026-01-07,8ed973b4e48f938de396494d737bfa8d09096650,0906494f3069465748eb067aaa6ef23f9ada62b8,2026-01-07T11:27:17.160Z,43,Moderate Buying,Moderate Buying,v1.1,,scheduled_etl,B,92111.66,artifact_spot_price_usd,180,2026-07-06,64001.84,btc_price_history.close_usd,-0.305171136857158,-30.517113685715803,2d09d2d77fbe6b7f6c5765b48188ed1d2a88db2b,h4-forward-return-v1
2026-01-08,802f29748aa2039c3919dd6c130fb2e22d8ff43d,f16a8554c9cd48bb4468ab34c580a8eb30102f41,2026-01-08T11:27:22.743Z,40,Moderate Buying,Moderate Buying,v1.1,,scheduled_etl,B,90036.1,artifact_spot_price_usd,30,2026-02-07,69244.74,btc_price_history.close_usd,-0.23092248553635708,-23.09224855363571,2d09d2d77fbe6b7f6c5765b48188ed1d2a88db2b,h4-forward-return-v1
2026-01-08,802f29748aa2039c3919dd6c130fb2e22d8ff43d,f16a8554c9cd48bb4468ab34c580a8eb30102f41,2026-01-08T11:27:22.743Z,40,Moderate Buying,Moderate Buying,v1.1,,scheduled_etl,B,90036.1,artifact_spot_price_usd,90,2026-04-08,71085.99,btc_price_history.close_usd,-0.21047235497761452,-21.047235497761452,2d09d2d77fbe6b7f6c5765b48188ed1d2a88db2b,h4-forward-return-v1
2026-01-08,802f29748aa2039c3919dd6c130fb2e22d8ff43d,f16a8554c9cd48bb4468ab34c580a8eb30102f41,2026-01-08T11:27:22.743Z,40,Moderate Buying,Moderate Buying,v1.1,,scheduled_etl,B,90036.1,artifact_spot_price_usd,180,2026-07-07,63323.27,btc_price_history.close_usd,-0.2966902164798343,-29.669021647983428,2d09d2d77fbe6b7f6c5765b48188ed1d2a88db2b,h4-forward-return-v1
2026-01-09,81f8b02df1f6a20ca74dac53d391eca5de5e3e9a,537238dd54cc9c2272843c881020a2b79a4edd82,2026-01-09T11:25:56.436Z,42,Moderate Buying,Moderate Buying,v1.1,,scheduled_etl,B,90437.17,artifact_spot_price_usd,30,2026-02-08,70279.33,btc_price_history.close_usd,-0.22289330813867791,-22.289330813867792,2d09d2d77fbe6b7f6c5765b48188ed1d2a88db2b,h4-forward-return-v1
2026-01-09,81f8b02df1f6a20ca74dac53d391eca5de5e3e9a,537238dd54cc9c2272843c881020a2b79a4edd82,2026-01-09T11:25:56.436Z,42,Moderate Buying,Moderate Buying,v1.1,,scheduled_etl,B,90437.17,artifact_spot_price_usd,90,2026-04-09,71798.01,btc_price_history.close_usd,-0.2061006552947201,-20.61006552947201,2d09d2d77fbe6b7f6c5765b48188ed1d2a88db2b,h4-forward-return-v1
2026-01-09,81f8b02df1f6a20ca74dac53d391eca5de5e3e9a,537238dd54cc9c2272843c881020a2b79a4edd82,2026-01-09T11:25:56.436Z,42,Moderate Buying,Moderate Buying,v1.1,,scheduled_etl,B,90437.17,artifact_spot_price_usd,180,2026-07-08,62237.7,btc_price_history.close_usd,-0.31181283094108325,-31.181283094108323,2d09d2d77fbe6b7f6c5765b48188ed1d2a88db2b,h4-forward-return-v1
2026-01-10,c162d99e2ab31943dc068745cf8e9259118b68ef,14a40597f571835a4769fa372bbd6554dfc50486,2026-01-10T11:23:08.421Z,45,Moderate Buying,Moderate Buying,v1.1,,scheduled_etl,B,90667.48,artifact_spot_price_usd,30,2026-02-09,70101.99,btc_price_history.close_usd,-0.22682322261520882,-22.68232226152088,2d09d2d77fbe6b7f6c5765b48188ed1d2a88db2b,h4-forward-return-v1
2026-01-10,c162d99e2ab31943dc068745cf8e9259118b68ef,14a40597f571835a4769fa372bbd6554dfc50486,2026-01-10T11:23:08.421Z,45,Moderate Buying,Moderate Buying,v1.1,,scheduled_etl,B,90667.48,artifact_spot_price_usd,90,2026-04-10,72997.88,btc_price_history.close_usd,-0.19488354589760293,-19.48835458976029,2d09d2d77fbe6b7f6c5765b48188ed1d2a88db2b,h4-forward-return-v1
2026-01-10,c162d99e2ab31943dc068745cf8e9259118b68ef,14a40597f571835a4769fa372bbd6554dfc50486,2026-01-10T11:23:08.421Z,45,Moderate Buying,Moderate Buying,v1.1,,scheduled_etl,B,90667.48,artifact_spot_price_usd,180,2026-07-09,63175.25,btc_price_history.close_usd,-0.3032204049346028,-30.32204049346028,2d09d2d77fbe6b7f6c5765b48188ed1d2a88db2b,h4-forward-return-v1
2026-01-11,49cc7908abf7eb8b1d987797b3657138d9f930fd,bc1ec0748677c567814e4e396002a20d7cf8555e,2026-01-11T11:23:15.171Z,44,Moderate Buying,Moderate Buying,v1.1,,scheduled_etl,B,90572.02,artifact_spot_price_usd,30,2026-02-10,68803.65,btc_price_history.close_usd,-0.24034320974623302,-24.034320974623302,2d09d2d77fbe6b7f6c5765b48188ed1d2a88db2b,h4-forward-return-v1
2026-01-11,49cc7908abf7eb8b1d987797b3657138d9f930fd,bc1ec0748677c567814e4e396002a20d7cf8555e,2026-01-11T11:23:15.171Z,44,Moderate Buying,Moderate Buying,v1.1,,scheduled_etl,B,90572.02,artifact_spot_price_usd,90,2026-04-11,73086,btc_price_history.close_usd,-0.19306205161373236,-19.306205161373235,2d09d2d77fbe6b7f6c5765b48188ed1d2a88db2b,h4-forward-return-v1
2026-01-11,49cc7908abf7eb8b1d987797b3657138d9f930fd,bc1ec0748677c567814e4e396002a20d7cf8555e,2026-01-11T11:23:15.171Z,44,Moderate Buying,Moderate Buying,v1.1,,scheduled_etl,B,90572.02,artifact_spot_price_usd,180,2026-07-10,64128.49,btc_price_history.close_usd,-0.29196135848576643,-29.196135848576642,2d09d2d77fbe6b7f6c5765b48188ed1d2a88db2b,h4-forward-return-v1
2026-01-12,34c7e4a58cbe061fe69e68bb8b43ac03baac9984,54e1e31e26f5f19e5b08e6c787761fc4970a92ac,2026-01-12T11:27:33.805Z,44,Moderate Buying,Moderate Buying,v1.1,,scheduled_etl,B,90655.5,artifact_spot_price_usd,30,2026-02-11,67024.93,btc_price_history.close_usd,-0.26066339052787757,-26.066339052787757,2d09d2d77fbe6b7f6c5765b48188ed1d2a88db2b,h4-forward-return-v1
2026-01-12,34c7e4a58cbe061fe69e68bb8b43ac03baac9984,54e1e31e26f5f19e5b08e6c787761fc4970a92ac,2026-01-12T11:27:33.805Z,44,Moderate Buying,Moderate Buying,v1.1,,scheduled_etl,B,90655.5,artifact_spot_price_usd,90,2026-04-12,70755.35,btc_price_history.close_usd,-0.21951398425909063,-21.951398425909062,2d09d2d77fbe6b7f6c5765b48188ed1d2a88db2b,h4-forward-return-v1
2026-01-12,34c7e4a58cbe061fe69e68bb8b43ac03baac9984,54e1e31e26f5f19e5b08e6c787761fc4970a92ac,2026-01-12T11:27:33.805Z,44,Moderate Buying,Moderate Buying,v1.1,,scheduled_etl,B,90655.5,artifact_spot_price_usd,180,2026-07-11,63773.04,btc_price_history.close_usd,-0.29653424226880887,-29.653424226880887,2d09d2d77fbe6b7f6c5765b48188ed1d2a88db2b,h4-forward-return-v1
2026-01-13,2293f37a175fb4e265097e9fbf30d251dba049a0,7715f6099edc4cd84f9622aa093f9529da0596cc,2026-01-13T11:27:48.903Z,43,Moderate Buying,Moderate Buying,v1.1,,scheduled_etl,B,92115.16,artifact_spot_price_usd,30,2026-02-12,66208,btc_price_history.close_usd,-0.28124751669540604,-28.124751669540604,2d09d2d77fbe6b7f6c5765b48188ed1d2a88db2b,h4-forward-return-v1
2026-01-13,2293f37a175fb4e265097e9fbf30d251dba049a0,7715f6099edc4cd84f9622aa093f9529da0596cc,2026-01-13T11:27:48.903Z,43,Moderate Buying,Moderate Buying,v1.1,,scheduled_etl,B,92115.16,artifact_spot_price_usd,90,2026-04-13,74446,btc_price_history.close_usd,-0.19181598338427686,-19.181598338427687,2d09d2d77fbe6b7f6c5765b48188ed1d2a88db2b,h4-forward-return-v1
2026-01-13,2293f37a175fb4e265097e9fbf30d251dba049a0,7715f6099edc4cd84f9622aa093f9529da0596cc,2026-01-13T11:27:48.903Z,43,Moderate Buying,Moderate Buying,v1.1,,scheduled_etl,B,92115.16,artifact_spot_price_usd,180,2026-07-12,63740.32,btc_price_history.close_usd,-0.3080365924566597,-30.80365924566597,2d09d2d77fbe6b7f6c5765b48188ed1d2a88db2b,h4-forward-return-v1
2026-01-15,0644a2fe545c8951a80940f7fa18214a7c18b511,011d3c990e9370bfde78ad1b5ad1de6b2207b58a,2026-01-15T11:27:16.633Z,44,Moderate Buying,Moderate Buying,v1.1,,scheduled_etl,B,96769.63,artifact_spot_price_usd,30,2026-02-14,69786.96,btc_price_history.close_usd,-0.27883407221873224,-27.883407221873224,2d09d2d77fbe6b7f6c5765b48188ed1d2a88db2b,h4-forward-return-v1
2026-01-15,0644a2fe545c8951a80940f7fa18214a7c18b511,011d3c990e9370bfde78ad1b5ad1de6b2207b58a,2026-01-15T11:27:16.633Z,44,Moderate Buying,Moderate Buying,v1.1,,scheduled_etl,B,96769.63,artifact_spot_price_usd,90,2026-04-15,74836.31,btc_price_history.close_usd,-0.2266549949607124,-22.66549949607124,2d09d2d77fbe6b7f6c5765b48188ed1d2a88db2b,h4-forward-return-v1
2026-01-15,0644a2fe545c8951a80940f7fa18214a7c18b511,011d3c990e9370bfde78ad1b5ad1de6b2207b58a,2026-01-15T11:27:16.633Z,44,Moderate Buying,Moderate Buying,v1.1,,scheduled_etl,B,96769.63,artifact_spot_price_usd,180,2026-07-14,64988.64,btc_price_history.close_usd,-0.32841905048102393,-32.84190504810239,2d09d2d77fbe6b7f6c5765b48188ed1d2a88db2b,h4-forward-return-v1
2026-01-16,f2521173ea9ac4bf284a53137149feabe1ded9e2,54ddb244c1498578e705992dbf7e917fbf6db603,2026-01-16T11:26:30.040Z,45,Moderate Buying,Moderate Buying,v1.1,,scheduled_etl,B,95295.64,artifact_spot_price_usd,30,2026-02-15,68792,btc_price_history.close_usd,-0.2781201742283278,-27.81201742283278,2d09d2d77fbe6b7f6c5765b48188ed1d2a88db2b,h4-forward-return-v1
2026-01-16,f2521173ea9ac4bf284a53137149feabe1ded9e2,54ddb244c1498578e705992dbf7e917fbf6db603,2026-01-16T11:26:30.040Z,45,Moderate Buying,Moderate Buying,v1.1,,scheduled_etl,B,95295.64,artifact_spot_price_usd,90,2026-04-16,75163.09,btc_price_history.close_usd,-0.21126412499039837,-21.126412499039837,2d09d2d77fbe6b7f6c5765b48188ed1d2a88db2b,h4-forward-return-v1
2026-01-16,f2521173ea9ac4bf284a53137149feabe1ded9e2,54ddb244c1498578e705992dbf7e917fbf6db603,2026-01-16T11:26:30.040Z,45,Moderate Buying,Moderate Buying,v1.1,,scheduled_etl,B,95295.64,artifact_spot_price_usd,180,2026-07-15,64716.63,btc_price_history.close_usd,-0.3208857194306056,-32.088571943060565,2d09d2d77fbe6b7f6c5765b48188ed1d2a88db2b,h4-forward-return-v1
2026-01-17,14dc0975d3cac4d82e24de79211827d527a18575,b2f7d9e54339f7f3c186ed446155ad40cc853aab,2026-01-17T11:22:47.578Z,47,Moderate Buying,Moderate Buying,v1.1,,scheduled_etl,B,95137.7,artifact_spot_price_usd,30,2026-02-16,68858.13,btc_price_history.close_usd,-0.2762266693434884,-27.62266693434884,2d09d2d77fbe6b7f6c5765b48188ed1d2a88db2b,h4-forward-return-v1
2026-01-17,14dc0975d3cac4d82e24de79211827d527a18575,b2f7d9e54339f7f3c186ed446155ad40cc853aab,2026-01-17T11:22:47.578Z,47,Moderate Buying,Moderate Buying,v1.1,,scheduled_etl,B,95137.7,artifact_spot_price_usd,90,2026-04-17,77098.01,btc_price_history.close_usd,-0.18961662936985024,-18.961662936985025,2d09d2d77fbe6b7f6c5765b48188ed1d2a88db2b,h4-forward-return-v1
2026-01-17,14dc0975d3cac4d82e24de79211827d527a18575,b2f7d9e54339f7f3c186ed446155ad40cc853aab,2026-01-17T11:22:47.578Z,47,Moderate Buying,Moderate Buying,v1.1,,scheduled_etl,B,95137.7,artifact_spot_price_usd,180,2026-07-16,63770.6,btc_price_history.close_usd,-0.329702105474486,-32.970210547448595,2d09d2d77fbe6b7f6c5765b48188ed1d2a88db2b,h4-forward-return-v1
2026-01-18,739b65126ac0a3138c80f207e4eab053af7900b1,84b0075c8431464d9ef644c01993c2fa80663c23,2026-01-18T11:22:12.844Z,48,Moderate Buying,Moderate Buying,v1.1,,scheduled_etl,B,95084.3,artifact_spot_price_usd,30,2026-02-17,67466.7,btc_price_history.close_usd,-0.2904538393825269,-29.04538393825269,2d09d2d77fbe6b7f6c5765b48188ed1d2a88db2b,h4-forward-return-v1
2026-01-18,739b65126ac0a3138c80f207e4eab053af7900b1,84b0075c8431464d9ef644c01993c2fa80663c23,2026-01-18T11:22:12.844Z,48,Moderate Buying,Moderate Buying,v1.1,,scheduled_etl,B,95084.3,artifact_spot_price_usd,90,2026-04-18,75736.82,btc_price_history.close_usd,-0.2034771250353633,-20.34771250353633,2d09d2d77fbe6b7f6c5765b48188ed1d2a88db2b,h4-forward-return-v1
2026-01-18,739b65126ac0a3138c80f207e4eab053af7900b1,84b0075c8431464d9ef644c01993c2fa80663c23,2026-01-18T11:22:12.844Z,48,Moderate Buying,Moderate Buying,v1.1,,scheduled_etl,B,95084.3,artifact_spot_price_usd,180,2026-07-17,63894,btc_price_history.close_usd,-0.3280278657990857,-32.80278657990857,2d09d2d77fbe6b7f6c5765b48188ed1d2a88db2b,h4-forward-return-v1
2026-01-19,25c7cf0b999c9df0ac12707608941dad2cbdf430,093636cff4dc4e418805499809f5279b4eb914be,2026-01-19T11:28:14.272Z,49,Moderate Buying,Moderate Buying,v1.1,,scheduled_etl,B,93064.04,artifact_spot_price_usd,30,2026-02-18,66419.79,btc_price_history.close_usd,-0.2863001649186947,-28.63001649186947,2d09d2d77fbe6b7f6c5765b48188ed1d2a88db2b,h4-forward-return-v1
2026-01-19,25c7cf0b999c9df0ac12707608941dad2cbdf430,093636cff4dc4e418805499809f5279b4eb914be,2026-01-19T11:28:14.272Z,49,Moderate Buying,Moderate Buying,v1.1,,scheduled_etl,B,93064.04,artifact_spot_price_usd,90,2026-04-19,73823.14,btc_price_history.close_usd,-0.20674903002276712,-20.67490300227671,2d09d2d77fbe6b7f6c5765b48188ed1d2a88db2b,h4-forward-return-v1
2026-01-19,25c7cf0b999c9df0ac12707608941dad2cbdf430,093636cff4dc4e418805499809f5279b4eb914be,2026-01-19T11:28:14.272Z,49,Moderate Buying,Moderate Buying,v1.1,,scheduled_etl,B,93064.04,artifact_spot_price_usd,180,2026-07-18,64796.36,btc_price_history.close_usd,-0.30374438934737835,-30.374438934737835,2d09d2d77fbe6b7f6c5765b48188ed1d2a88db2b,h4-forward-return-v1
2026-01-20,37e830a9d421f22bddb55f9df279b75f61b048c3,fdc22623bf743ae8f1283490fab87c1278796f39,2026-01-20T11:29:45.648Z,49,Moderate Buying,Moderate Buying,v1.1,,scheduled_etl,B,91336.69,artifact_spot_price_usd,30,2026-02-19,66972.5,btc_price_history.close_usd,-0.26675140077881077,-26.675140077881075,2d09d2d77fbe6b7f6c5765b48188ed1d2a88db2b,h4-forward-return-v1
2026-01-20,37e830a9d421f22bddb55f9df279b75f61b048c3,fdc22623bf743ae8f1283490fab87c1278796f39,2026-01-20T11:29:45.648Z,49,Moderate Buying,Moderate Buying,v1.1,,scheduled_etl,B,91336.69,artifact_spot_price_usd,90,2026-04-20,75864.86,btc_price_history.close_usd,-0.16939337302457536,-16.939337302457535,2d09d2d77fbe6b7f6c5765b48188ed1d2a88db2b,h4-forward-return-v1
2026-01-20,37e830a9d421f22bddb55f9df279b75f61b048c3,fdc22623bf743ae8f1283490fab87c1278796f39,2026-01-20T11:29:45.648Z,49,Moderate Buying,Moderate Buying,v1.1,,scheduled_etl,B,91336.69,artifact_spot_price_usd,180,2026-07-19,64681.78,btc_price_history.close_usd,-0.2918313549571372,-29.18313549571372,2d09d2d77fbe6b7f6c5765b48188ed1d2a88db2b,h4-forward-return-v1
2026-01-21,4f6871b3083320606fb985f5321590413f572159,b298d4e77648cfe4b2fda8f5c2dd34ea0691804e,2026-01-21T11:30:56.543Z,49,Moderate Buying,Moderate Buying,v1.1,,scheduled_etl,B,89217.7,artifact_spot_price_usd,30,2026-02-20,67984.42,btc_price_history.close_usd,-0.23799403033254607,-23.799403033254606,2d09d2d77fbe6b7f6c5765b48188ed1d2a88db2b,h4-forward-return-v1
2026-01-21,4f6871b3083320606fb985f5321590413f572159,b298d4e77648cfe4b2fda8f5c2dd34ea0691804e,2026-01-21T11:30:56.543Z,49,Moderate Buying,Moderate Buying,v1.1,,scheduled_etl,B,89217.7,artifact_spot_price_usd,90,2026-04-21,76348.58,btc_price_history.close_usd,-0.14424402332720965,-14.424402332720964,2d09d2d77fbe6b7f6c5765b48188ed1d2a88db2b,h4-forward-return-v1
2026-01-21,4f6871b3083320606fb985f5321590413f572159,b298d4e77648cfe4b2fda8f5c2dd34ea0691804e,2026-01-21T11:30:56.543Z,49,Moderate Buying,Moderate Buying,v1.1,,scheduled_etl,B,89217.7,artifact_spot_price_usd,180,2026-07-20,65213.05,btc_price_history.close_usd,-0.2690570368884201,-26.90570368884201,2d09d2d77fbe6b7f6c5765b48188ed1d2a88db2b,h4-forward-return-v1
2026-01-22,1db580e9a00eceb2ec1dbab64a91eeb4e7220023,717ac03cc62437c52a0e4cff309fccf23f3e4fb4,2026-01-22T11:29:28.784Z,51,Hold & Wait,Hold & Wait,v1.1,,scheduled_etl,B,89874.01,artifact_spot_price_usd,30,2026-02-21,67955.78,btc_price_history.close_usd,-0.24387728999740854,-24.387728999740855,2d09d2d77fbe6b7f6c5765b48188ed1d2a88db2b,h4-forward-return-v1
2026-01-22,1db580e9a00eceb2ec1dbab64a91eeb4e7220023,717ac03cc62437c52a0e4cff309fccf23f3e4fb4,2026-01-22T11:29:28.784Z,51,Hold & Wait,Hold & Wait,v1.1,,scheduled_etl,B,89874.01,artifact_spot_price_usd,90,2026-04-22,78208.52,btc_price_history.close_usd,-0.12979825869570072,-12.979825869570071,2d09d2d77fbe6b7f6c5765b48188ed1d2a88db2b,h4-forward-return-v1
2026-01-22,1db580e9a00eceb2ec1dbab64a91eeb4e7220023,717ac03cc62437c52a0e4cff309fccf23f3e4fb4,2026-01-22T11:29:28.784Z,51,Hold & Wait,Hold & Wait,v1.1,,scheduled_etl,B,89874.01,artifact_spot_price_usd,180,2026-07-21,66516.18,btc_price_history.close_usd,-0.2598952689437136,-25.989526894371362,2d09d2d77fbe6b7f6c5765b48188ed1d2a88db2b,h4-forward-return-v1
2026-01-23,e09f99e488133d254bf803b0732b271a10b2d77c,2d3cdc886f061bcfc4881f4f81a6a316e7a4f96a,2026-01-23T11:27:53.459Z,56,Hold & Wait,Hold & Wait,v1.1,,scheduled_etl,B,89155.46,artifact_spot_price_usd,30,2026-02-22,67617.98,btc_price_history.close_usd,-0.24157219311077538,-24.157219311077537,2d09d2d77fbe6b7f6c5765b48188ed1d2a88db2b,h4-forward-return-v1
2026-01-23,e09f99e488133d254bf803b0732b271a10b2d77c,2d3cdc886f061bcfc4881f4f81a6a316e7a4f96a,2026-01-23T11:27:53.459Z,56,Hold & Wait,Hold & Wait,v1.1,,scheduled_etl,B,89155.46,artifact_spot_price_usd,90,2026-04-23,78281.32,btc_price_history.close_usd,-0.12196830121228697,-12.196830121228697,2d09d2d77fbe6b7f6c5765b48188ed1d2a88db2b,h4-forward-return-v1
2026-01-23,e09f99e488133d254bf803b0732b271a10b2d77c,2d3cdc886f061bcfc4881f4f81a6a316e7a4f96a,2026-01-23T11:27:53.459Z,56,Hold & Wait,Hold & Wait,v1.1,,scheduled_etl,B,89155.46,artifact_spot_price_usd,180,2026-07-22,66086.61,btc_price_history.close_usd,-0.25874859487012913,-25.874859487012912,2d09d2d77fbe6b7f6c5765b48188ed1d2a88db2b,h4-forward-return-v1
2026-01-24,7d4625b0bafc741c624d1fea047ec34bd653132a,f0f06e6fc72e7c65588ee8772f67c159ab32a3e6,2026-01-24T11:23:55.332Z,54,Hold & Wait,Hold & Wait,v1.1,,scheduled_etl,B,89493.93,artifact_spot_price_usd,30,2026-02-23,64625.78,btc_price_history.close_usd,-0.27787527042336835,-27.787527042336833,2d09d2d77fbe6b7f6c5765b48188ed1d2a88db2b,h4-forward-return-v1
2026-01-24,7d4625b0bafc741c624d1fea047ec34bd653132a,f0f06e6fc72e7c65588ee8772f67c159ab32a3e6,2026-01-24T11:23:55.332Z,54,Hold & Wait,Hold & Wait,v1.1,,scheduled_etl,B,89493.93,artifact_spot_price_usd,90,2026-04-24,77461.8,btc_price_history.close_usd,-0.13444632501891463,-13.444632501891462,2d09d2d77fbe6b7f6c5765b48188ed1d2a88db2b,h4-forward-return-v1
2026-01-24,7d4625b0bafc741c624d1fea047ec34bd653132a,f0f06e6fc72e7c65588ee8772f67c159ab32a3e6,2026-01-24T11:23:55.332Z,54,Hold & Wait,Hold & Wait,v1.1,,scheduled_etl,B,89493.93,artifact_spot_price_usd,180,2026-07-23,65051.23,btc_price_history.close_usd,-0.27312131671946904,-27.312131671946904,2d09d2d77fbe6b7f6c5765b48188ed1d2a88db2b,h4-forward-return-v1
2026-01-25,7f6c6e42c827afb4fd0941e2499449f326a3b684,7770c655c6b3095710546b797d3af7b1beb7b69c,2026-01-25T11:24:01.489Z,54,Hold & Wait,Hold & Wait,v1.1,,scheduled_etl,B,88511.99,artifact_spot_price_usd,30,2026-02-24,64068.33,btc_price_history.close_usd,-0.2761621335143408,-27.616213351434084,2d09d2d77fbe6b7f6c5765b48188ed1d2a88db2b,h4-forward-return-v1
2026-01-25,7f6c6e42c827afb4fd0941e2499449f326a3b684,7770c655c6b3095710546b797d3af7b1beb7b69c,2026-01-25T11:24:01.489Z,54,Hold & Wait,Hold & Wait,v1.1,,scheduled_etl,B,88511.99,artifact_spot_price_usd,90,2026-04-25,77650.72,btc_price_history.close_usd,-0.122709589966286,-12.2709589966286,2d09d2d77fbe6b7f6c5765b48188ed1d2a88db2b,h4-forward-return-v1
2026-01-25,7f6c6e42c827afb4fd0941e2499449f326a3b684,7770c655c6b3095710546b797d3af7b1beb7b69c,2026-01-25T11:24:01.489Z,54,Hold & Wait,Hold & Wait,v1.1,,scheduled_etl,B,88511.99,artifact_spot_price_usd,180,2026-07-24,64083.32,btc_price_history.close_usd,-0.2759927779276006,-27.599277792760056,2d09d2d77fbe6b7f6c5765b48188ed1d2a88db2b,h4-forward-return-v1
2026-01-26,6651845ec2789e22a6731666c16537f0670faac1,83b1a2b5b2d2a99594353434d2d082ace7fba46d,2026-01-26T11:27:38.154Z,53,Hold & Wait,Hold & Wait,v1.1,,scheduled_etl,B,87786.09,artifact_spot_price_usd,30,2026-02-25,67992.68,btc_price_history.close_usd,-0.22547319284866207,-22.54731928486621,2d09d2d77fbe6b7f6c5765b48188ed1d2a88db2b,h4-forward-return-v1
2026-01-26,6651845ec2789e22a6731666c16537f0670faac1,83b1a2b5b2d2a99594353434d2d082ace7fba46d,2026-01-26T11:27:38.154Z,53,Hold & Wait,Hold & Wait,v1.1,,scheduled_etl,B,87786.09,artifact_spot_price_usd,90,2026-04-26,78673.83,btc_price_history.close_usd,-0.10380072742731783,-10.380072742731784,2d09d2d77fbe6b7f6c5765b48188ed1d2a88db2b,h4-forward-return-v1
2026-01-26,6651845ec2789e22a6731666c16537f0670faac1,83b1a2b5b2d2a99594353434d2d082ace7fba46d,2026-01-26T11:27:38.154Z,53,Hold & Wait,Hold & Wait,v1.1,,scheduled_etl,B,87786.09,artifact_spot_price_usd,180,2026-07-25,64295.61,btc_price_history.close_usd,-0.26758772374985595,-26.758772374985597,2d09d2d77fbe6b7f6c5765b48188ed1d2a88db2b,h4-forward-return-v1
2026-01-27,77e113401e0e5196eb948ebbe516381379200c1d,a675e8fe36a73f893bbd02d07abea367446e9747,2026-01-27T11:29:35.096Z,52,Hold & Wait,Hold & Wait,v1.1,,scheduled_etl,B,87737.46,artifact_spot_price_usd,30,2026-02-26,67490.51,btc_price_history.close_usd,-0.23076745098387863,-23.076745098387864,2d09d2d77fbe6b7f6c5765b48188ed1d2a88db2b,h4-forward-return-v1
2026-01-27,77e113401e0e5196eb948ebbe516381379200c1d,a675e8fe36a73f893bbd02d07abea367446e9747,2026-01-27T11:29:35.096Z,52,Hold & Wait,Hold & Wait,v1.1,,scheduled_etl,B,87737.46,artifact_spot_price_usd,90,2026-04-27,77364.42,btc_price_history.close_usd,-0.11822817756520432,-11.822817756520433,2d09d2d77fbe6b7f6c5765b48188ed1d2a88db2b,h4-forward-return-v1
2026-01-27,77e113401e0e5196eb948ebbe516381379200c1d,a675e8fe36a73f893bbd02d07abea367446e9747,2026-01-27T11:29:35.096Z,52,Hold & Wait,Hold & Wait,v1.1,,scheduled_etl,B,87737.46,artifact_spot_price_usd,180,2026-07-26,65341.07,btc_price_history.close_usd,-0.25526599470739186,-25.526599470739185,2d09d2d77fbe6b7f6c5765b48188ed1d2a88db2b,h4-forward-return-v1
2026-01-28,ebc1772c6f0dc7491d5c0d79bfee129c2e22c06c,a12f0b51c9369809c07e503a3e23d547cc7a462f,2026-01-28T11:29:35.860Z,51,Hold & Wait,Hold & Wait,v1.1,,scheduled_etl,B,89288.26,artifact_spot_price_usd,30,2026-02-27,65859.94,btc_price_history.close_usd,-0.26238970274479523,-26.238970274479524,2d09d2d77fbe6b7f6c5765b48188ed1d2a88db2b,h4-forward-return-v1
2026-01-28,ebc1772c6f0dc7491d5c0d79bfee129c2e22c06c,a12f0b51c9369809c07e503a3e23d547cc7a462f,2026-01-28T11:29:35.860Z,51,Hold & Wait,Hold & Wait,v1.1,,scheduled_etl,B,89288.26,artifact_spot_price_usd,90,2026-04-28,76317.99,btc_price_history.close_usd,-0.14526288226470074,-14.526288226470074,2d09d2d77fbe6b7f6c5765b48188ed1d2a88db2b,h4-forward-return-v1
2026-01-28,ebc1772c6f0dc7491d5c0d79bfee129c2e22c06c,a12f0b51c9369809c07e503a3e23d547cc7a462f,2026-01-28T11:29:35.860Z,51,Hold & Wait,Hold & Wait,v1.1,,scheduled_etl,B,89288.26,artifact_spot_price_usd,180,2026-07-27,63694.43,btc_price_history.close_usd,-0.2866427232426748,-28.664272324267483,2d09d2d77fbe6b7f6c5765b48188ed1d2a88db2b,h4-forward-return-v1
2026-01-29,d5335a95eb31ceae3eb87c113de684f5072a1418,6be09b5806bf162cdd7bc92300e4692c1f2b0de4,2026-01-29T11:37:07.842Z,53,Hold & Wait,Hold & Wait,v1.1,,scheduled_etl,B,87723.83,artifact_spot_price_usd,30,2026-02-28,66967.85,btc_price_history.close_usd,-0.23660594846349048,-23.66059484634905,2d09d2d77fbe6b7f6c5765b48188ed1d2a88db2b,h4-forward-return-v1
2026-01-29,d5335a95eb31ceae3eb87c113de684f5072a1418,6be09b5806bf162cdd7bc92300e4692c1f2b0de4,2026-01-29T11:37:07.842Z,53,Hold & Wait,Hold & Wait,v1.1,,scheduled_etl,B,87723.83,artifact_spot_price_usd,90,2026-04-29,75752.88,btc_price_history.close_usd,-0.13646178011151588,-13.646178011151589,2d09d2d77fbe6b7f6c5765b48188ed1d2a88db2b,h4-forward-return-v1
2026-01-29,d5335a95eb31ceae3eb87c113de684f5072a1418,6be09b5806bf162cdd7bc92300e4692c1f2b0de4,2026-01-29T11:37:07.842Z,53,Hold & Wait,Hold & Wait,v1.1,,scheduled_etl,B,87723.83,artifact_spot_price_usd,180,2026-07-28,63847.12,btc_price_history.close_usd,-0.2721804326144902,-27.218043261449022,2d09d2d77fbe6b7f6c5765b48188ed1d2a88db2b,h4-forward-return-v1
2026-01-30,a258fca7e6a8d6b6d6033d0800f02e891e446692,74c8623d313bf0c26074013fa3d4d2347ff60519,2026-01-30T11:35:17.007Z,52,Hold & Wait,Hold & Wait,v1.1,,scheduled_etl,B,82671.31,artifact_spot_price_usd,30,2026-03-01,65769,btc_price_history.close_usd,-0.2044519434855937,-20.44519434855937,2d09d2d77fbe6b7f6c5765b48188ed1d2a88db2b,h4-forward-return-v1
2026-01-30,a258fca7e6a8d6b6d6033d0800f02e891e446692,74c8623d313bf0c26074013fa3d4d2347ff60519,2026-01-30T11:35:17.007Z,52,Hold & Wait,Hold & Wait,v1.1,,scheduled_etl,B,82671.31,artifact_spot_price_usd,90,2026-04-30,76305.78,btc_price_history.close_usd,-0.07699805410123539,-7.699805410123539,2d09d2d77fbe6b7f6c5765b48188ed1d2a88db2b,h4-forward-return-v1
2026-01-30,a258fca7e6a8d6b6d6033d0800f02e891e446692,74c8623d313bf0c26074013fa3d4d2347ff60519,2026-01-30T11:35:17.007Z,52,Hold & Wait,Hold & Wait,v1.1,,scheduled_etl,B,82671.31,artifact_spot_price_usd,180,2026-07-29,63896.14,btc_price_history.close_usd,-0.22710623552475462,-22.71062355247546,2d09d2d77fbe6b7f6c5765b48188ed1d2a88db2b,h4-forward-return-v1
2026-01-31,170da21ea339a507c9600deabe1ad1de168ed974,607eb45145353af93318bfc5e5f865db093ac268,2026-01-31T11:27:08.557Z,55,Hold & Wait,Hold & Wait,v1.1,,scheduled_etl,B,82914.89,artifact_spot_price_usd,30,2026-03-02,68832.01,btc_price_history.close_usd,-0.16984741823814764,-16.984741823814765,2d09d2d77fbe6b7f6c5765b48188ed1d2a88db2b,h4-forward-return-v1
2026-01-31,170da21ea339a507c9600deabe1ad1de168ed974,607eb45145353af93318bfc5e5f865db093ac268,2026-01-31T11:27:08.557Z,55,Hold & Wait,Hold & Wait,v1.1,,scheduled_etl,B,82914.89,artifact_spot_price_usd,90,2026-05-01,78234.05,btc_price_history.close_usd,-0.05645355134644692,-5.645355134644692,2d09d2d77fbe6b7f6c5765b48188ed1d2a88db2b,h4-forward-return-v1
2026-01-31,170da21ea339a507c9600deabe1ad1de168ed974,607eb45145353af93318bfc5e5f865db093ac268,2026-01-31T11:27:08.557Z,55,Hold & Wait,Hold & Wait,v1.1,,scheduled_etl,B,82914.89,artifact_spot_price_usd,180,2026-07-30,64721.9,btc_price_history.close_usd,-0.2194176462152938,-21.94176462152938,2d09d2d77fbe6b7f6c5765b48188ed1d2a88db2b,h4-forward-return-v1
2026-02-01,5eae897413e361a533100adb46823dd9645518e6,75385da293ece79a812974ed56b16c137b3b61df,2026-02-01T11:28:15.191Z,55,Hold & Wait,Hold & Wait,v1.1,,scheduled_etl,B,78375.24,artifact_spot_price_usd,30,2026-03-03,68335.99,btc_price_history.close_usd,-0.1280921117434537,-12.80921117434537,2d09d2d77fbe6b7f6c5765b48188ed1d2a88db2b,h4-forward-return-v1
2026-02-01,5eae897413e361a533100adb46823dd9645518e6,75385da293ece79a812974ed56b16c137b3b61df,2026-02-01T11:28:15.191Z,55,Hold & Wait,Hold & Wait,v1.1,,scheduled_etl,B,78375.24,artifact_spot_price_usd,90,2026-05-02,78682.31,btc_price_history.close_usd,0.0039179465351557585,0.39179465351557585,2d09d2d77fbe6b7f6c5765b48188ed1d2a88db2b,h4-forward-return-v1
2026-02-01,5eae897413e361a533100adb46823dd9645518e6,75385da293ece79a812974ed56b16c137b3b61df,2026-02-01T11:28:15.191Z,55,Hold & Wait,Hold & Wait,v1.1,,scheduled_etl,B,78375.24,artifact_spot_price_usd,180,2026-07-31,62825.9,btc_price_history.close_usd,-0.19839607508697898,-19.8396075086979,2d09d2d77fbe6b7f6c5765b48188ed1d2a88db2b,h4-forward-return-v1
2026-02-02,a5870e30b11a0d153d9194016fd1dbf65d3ca524,c288e50df6742df4d718db61d2f9c363a29ad12e,2026-02-02T11:40:27.758Z,55,Hold & Wait,Hold & Wait,v1.1,,scheduled_etl,B,77818.86,artifact_spot_price_usd,30,2026-03-04,72683.26,btc_price_history.close_usd,-0.06599428467597712,-6.599428467597712,2d09d2d77fbe6b7f6c5765b48188ed1d2a88db2b,h4-forward-return-v1
2026-02-02,a5870e30b11a0d153d9194016fd1dbf65d3ca524,c288e50df6742df4d718db61d2f9c363a29ad12e,2026-02-02T11:40:27.758Z,55,Hold & Wait,Hold & Wait,v1.1,,scheduled_etl,B,77818.86,artifact_spot_price_usd,90,2026-05-03,78558.89,btc_price_history.close_usd,0.009509648432269424,0.9509648432269424,2d09d2d77fbe6b7f6c5765b48188ed1d2a88db2b,h4-forward-return-v1
2026-02-02,a5870e30b11a0d153d9194016fd1dbf65d3ca524,c288e50df6742df4d718db61d2f9c363a29ad12e,2026-02-02T11:40:27.758Z,55,Hold & Wait,Hold & Wait,v1.1,,scheduled_etl,B,77818.86,artifact_spot_price_usd,180,2026-08-01,62764.2,btc_price_history.close_usd,-0.19345772991277443,-19.345772991277443,2d09d2d77fbe6b7f6c5765b48188ed1d2a88db2b,h4-forward-return-v1
2026-02-03,5b0e93df7fd1f2f1635286a2b506e5d3e9c01dc6,4a93c795be27931f4cfccd8ce577d06cf407cdf9,2026-02-03T11:40:02.610Z,52,Hold & Wait,Hold & Wait,v1.1,,scheduled_etl,B,78163.39,artifact_spot_price_usd,30,2026-03-05,70887.6,btc_price_history.close_usd,-0.0930843710847239,-9.30843710847239,2d09d2d77fbe6b7f6c5765b48188ed1d2a88db2b,h4-forward-return-v1
2026-02-03,5b0e93df7fd1f2f1635286a2b506e5d3e9c01dc6,4a93c795be27931f4cfccd8ce577d06cf407cdf9,2026-02-03T11:40:02.610Z,52,Hold & Wait,Hold & Wait,v1.1,,scheduled_etl,B,78163.39,artifact_spot_price_usd,90,2026-05-04,79852.37,btc_price_history.close_usd,0.021608325841548037,2.1608325841548037,2d09d2d77fbe6b7f6c5765b48188ed1d2a88db2b,h4-forward-return-v1
2026-02-03,5b0e93df7fd1f2f1635286a2b506e5d3e9c01dc6,4a93c795be27931f4cfccd8ce577d06cf407cdf9,2026-02-03T11:40:02.610Z,52,Hold & Wait,Hold & Wait,v1.1,,scheduled_etl,B,78163.39,artifact_spot_price_usd,180,2026-08-02,63499.49,btc_price_history.close_usd,-0.18760573204411934,-18.760573204411934,2d09d2d77fbe6b7f6c5765b48188ed1d2a88db2b,h4-forward-return-v1
2026-02-04,de9c8f650116d43305d5dc279ed5e4e1d3d7bd9f,370084e7a66cecd7267402d3fd87a4aeff536b55,2026-02-04T11:39:12.823Z,52,Hold & Wait,Hold & Wait,v1.1,,scheduled_etl,B,75979.72,artifact_spot_price_usd,30,2026-03-06,68108.24,btc_price_history.close_usd,-0.10359975003856292,-10.359975003856292,2d09d2d77fbe6b7f6c5765b48188ed1d2a88db2b,h4-forward-return-v1
2026-02-04,de9c8f650116d43305d5dc279ed5e4e1d3d7bd9f,370084e7a66cecd7267402d3fd87a4aeff536b55,2026-02-04T11:39:12.823Z,52,Hold & Wait,Hold & Wait,v1.1,,scheduled_etl,B,75979.72,artifact_spot_price_usd,90,2026-05-05,80907.72,btc_price_history.close_usd,0.06485941248533167,6.485941248533167,2d09d2d77fbe6b7f6c5765b48188ed1d2a88db2b,h4-forward-return-v1
2026-02-04,de9c8f650116d43305d5dc279ed5e4e1d3d7bd9f,370084e7a66cecd7267402d3fd87a4aeff536b55,2026-02-04T11:39:12.823Z,52,Hold & Wait,Hold & Wait,v1.1,,scheduled_etl,B,75979.72,artifact_spot_price_usd,180,2026-08-03,63466.51,btc_price_history.close_usd,-0.16469144661233281,-16.46914466123328,2d09d2d77fbe6b7f6c5765b48188ed1d2a88db2b,h4-forward-return-v1
2026-02-05,a953a1c9708da879990caaf8bad283469ffb2025,9b2b0d7b5056b26bf4767b506c94232932f239d3,2026-02-05T11:40:35.054Z,51,Hold & Wait,Hold & Wait,v1.1,,scheduled_etl,B,70448.32,artifact_spot_price_usd,30,2026-03-07,67259.62,btc_price_history.close_usd,-0.04526296723612444,-4.526296723612444,2d09d2d77fbe6b7f6c5765b48188ed1d2a88db2b,h4-forward-return-v1
2026-02-05,a953a1c9708da879990caaf8bad283469ffb2025,9b2b0d7b5056b26bf4767b506c94232932f239d3,2026-02-05T11:40:35.054Z,51,Hold & Wait,Hold & Wait,v1.1,,scheduled_etl,B,70448.32,artifact_spot_price_usd,90,2026-05-06,81438.1,btc_price_history.close_usd,0.15599775835676422,15.599775835676422,2d09d2d77fbe6b7f6c5765b48188ed1d2a88db2b,h4-forward-return-v1
2026-02-05,a953a1c9708da879990caaf8bad283469ffb2025,9b2b0d7b5056b26bf4767b506c94232932f239d3,2026-02-05T11:40:35.054Z,51,Hold & Wait,Hold & Wait,v1.1,,scheduled_etl,B,70448.32,artifact_spot_price_usd,180,2026-08-04,64050.51,btc_price_history.close_usd,-0.09081565039450201,-9.0815650394502,2d09d2d77fbe6b7f6c5765b48188ed1d2a88db2b,h4-forward-return-v1
2026-02-06,b98698473dc800eafab66ad52d48bd5b91baa5ac,2dbbe9af968f83f0529762afea872bbaf8ac5a97,2026-02-06T11:39:38.725Z,54,Hold & Wait,Hold & Wait,v1.1,,scheduled_etl,B,66018.07,artifact_spot_price_usd,30,2026-03-08,65970.56,btc_price_history.close_usd,-0.000719651453003789,-0.0719651453003789,2d09d2d77fbe6b7f6c5765b48188ed1d2a88db2b,h4-forward-return-v1
2026-02-06,b98698473dc800eafab66ad52d48bd5b91baa5ac,2dbbe9af968f83f0529762afea872bbaf8ac5a97,2026-02-06T11:39:38.725Z,54,Hold & Wait,Hold & Wait,v1.1,,scheduled_etl,B,66018.07,artifact_spot_price_usd,90,2026-05-07,80005.38,btc_price_history.close_usd,0.21187093170097215,21.187093170097214,2d09d2d77fbe6b7f6c5765b48188ed1d2a88db2b,h4-forward-return-v1
2026-02-06,b98698473dc800eafab66ad52d48bd5b91baa5ac,2dbbe9af968f83f0529762afea872bbaf8ac5a97,2026-02-06T11:39:38.725Z,54,Hold & Wait,Hold & Wait,v1.1,,scheduled_etl,B,66018.07,artifact_spot_price_usd,180,2026-08-05,64603.03,btc_price_history.close_usd,-0.021434131594577188,-2.143413159457719,2d09d2d77fbe6b7f6c5765b48188ed1d2a88db2b,h4-forward-return-v1
2026-02-07,a3156df39af22b49ab63a27a1035ec4f0deb100b,3962d4981135e89f4b3f5cce04f3c4c46a0ecd4e,2026-02-07T11:28:49.378Z,58,Hold & Wait,Hold & Wait,v1.1,,scheduled_etl,B,67920,artifact_spot_price_usd,30,2026-03-09,68432.17,btc_price_history.close_usd,0.007540783274440521,0.7540783274440521,2d09d2d77fbe6b7f6c5765b48188ed1d2a88db2b,h4-forward-return-v1
2026-02-07,a3156df39af22b49ab63a27a1035ec4f0deb100b,3962d4981135e89f4b3f5cce04f3c4c46a0ecd4e,2026-02-07T11:28:49.378Z,58,Hold & Wait,Hold & Wait,v1.1,,scheduled_etl,B,67920,artifact_spot_price_usd,90,2026-05-08,80188.82,btc_price_history.close_usd,0.1806363368669024,18.06363368669024,2d09d2d77fbe6b7f6c5765b48188ed1d2a88db2b,h4-forward-return-v1
2026-02-07,a3156df39af22b49ab63a27a1035ec4f0deb100b,3962d4981135e89f4b3f5cce04f3c4c46a0ecd4e,2026-02-07T11:28:49.378Z,58,Hold & Wait,Hold & Wait,v1.1,,scheduled_etl,B,67920,artifact_spot_price_usd,180,2026-08-06,64267.3,btc_price_history.close_usd,-0.05377944640753829,-5.377944640753829,2d09d2d77fbe6b7f6c5765b48188ed1d2a88db2b,h4-forward-return-v1
2026-02-08,a6906c60a719ab257abb10c91d0e9be3d1b96651,686e1c07452726e29c3fafc7e8f6e01de576c781,2026-02-08T11:29:34.426Z,58,Hold & Wait,Hold & Wait,v1.1,,scheduled_etl,B,70680,artifact_spot_price_usd,30,2026-03-10,69960.83,btc_price_history.close_usd,-0.010175014148273931,-1.017501414827393,2d09d2d77fbe6b7f6c5765b48188ed1d2a88db2b,h4-forward-return-v1
2026-02-08,a6906c60a719ab257abb10c91d0e9be3d1b96651,686e1c07452726e29c3fafc7e8f6e01de576c781,2026-02-08T11:29:34.426Z,58,Hold & Wait,Hold & Wait,v1.1,,scheduled_etl,B,70680,artifact_spot_price_usd,90,2026-05-09,80655.96,btc_price_history.close_usd,0.14114261460101885,14.114261460101885,2d09d2d77fbe6b7f6c5765b48188ed1d2a88db2b,h4-forward-return-v1
2026-02-08,a6906c60a719ab257abb10c91d0e9be3d1b96651,686e1c07452726e29c3fafc7e8f6e01de576c781,2026-02-08T11:29:34.426Z,58,Hold & Wait,Hold & Wait,v1.1,,scheduled_etl,B,70680,artifact_spot_price_usd,180,2026-08-07,64891.61,btc_price_history.close_usd,-0.08189572722127902,-8.189572722127902,2d09d2d77fbe6b7f6c5765b48188ed1d2a88db2b,h4-forward-return-v1
2026-02-09,0dd9d6e651c2ff8784b0d6af2d85e00bb45c080c,65b19b5070c4d3087d679f8cde640b2f2d684404,2026-02-09T11:52:36.652Z,57,Hold & Wait,Hold & Wait,v1.1,,scheduled_etl,B,68784.97,artifact_spot_price_usd,30,2026-03-11,70208,btc_price_history.close_usd,0.020688095088214675,2.0688095088214675,2d09d2d77fbe6b7f6c5765b48188ed1d2a88db2b,h4-forward-return-v1
2026-02-09,0dd9d6e651c2ff8784b0d6af2d85e00bb45c080c,65b19b5070c4d3087d679f8cde640b2f2d684404,2026-02-09T11:52:36.652Z,57,Hold & Wait,Hold & Wait,v1.1,,scheduled_etl,B,68784.97,artifact_spot_price_usd,90,2026-05-10,82199.99,btc_price_history.close_usd,0.1950283615737567,19.50283615737567,2d09d2d77fbe6b7f6c5765b48188ed1d2a88db2b,h4-forward-return-v1
2026-02-09,0dd9d6e651c2ff8784b0d6af2d85e00bb45c080c,65b19b5070c4d3087d679f8cde640b2f2d684404,2026-02-09T11:52:36.652Z,57,Hold & Wait,Hold & Wait,v1.1,,scheduled_etl,B,68784.97,artifact_spot_price_usd,180,2026-08-08,64908.72,btc_price_history.close_usd,-0.056353153893939356,-5.635315389393936,2d09d2d77fbe6b7f6c5765b48188ed1d2a88db2b,h4-forward-return-v1
2026-02-10,0f81227a4cc8eb3f81a2992b2dad94950563bd85,72dc35ef302c6e2e3bc53d4d9931d6ba391a576d,2026-02-10T11:55:11.084Z,55,Hold & Wait,Hold & Wait,v1.1,,scheduled_etl,B,68493.77,artifact_spot_price_usd,30,2026-03-12,70531.56,btc_price_history.close_usd,0.02975146498725345,2.975146498725345,2d09d2d77fbe6b7f6c5765b48188ed1d2a88db2b,h4-forward-return-v1
2026-02-10,0f81227a4cc8eb3f81a2992b2dad94950563bd85,72dc35ef302c6e2e3bc53d4d9931d6ba391a576d,2026-02-10T11:55:11.084Z,55,Hold & Wait,Hold & Wait,v1.1,,scheduled_etl,B,68493.77,artifact_spot_price_usd,90,2026-05-11,81727.06,btc_price_history.close_usd,0.19320428704683645,19.320428704683646,2d09d2d77fbe6b7f6c5765b48188ed1d2a88db2b,h4-forward-return-v1
2026-02-10,0f81227a4cc8eb3f81a2992b2dad94950563bd85,72dc35ef302c6e2e3bc53d4d9931d6ba391a576d,2026-02-10T11:55:11.084Z,55,Hold & Wait,Hold & Wait,v1.1,,scheduled_etl,B,68493.77,artifact_spot_price_usd,180,2026-08-09,64848.69,btc_price_history.close_usd,-0.05321768680567596,-5.321768680567596,2d09d2d77fbe6b7f6c5765b48188ed1d2a88db2b,h4-forward-return-v1
2026-02-11,8e0d764f96a6a5b342997e6bc19f41d1140542ba,34d808b764de2f9be3421769ca106b756018070f,2026-02-11T11:50:37.986Z,55,Hold & Wait,Hold & Wait,v1.1,,scheduled_etl,B,66958.94,artifact_spot_price_usd,30,2026-03-13,70944.33,btc_price_history.close_usd,0.05951990876797031,5.951990876797031,2d09d2d77fbe6b7f6c5765b48188ed1d2a88db2b,h4-forward-return-v1
2026-02-11,8e0d764f96a6a5b342997e6bc19f41d1140542ba,34d808b764de2f9be3421769ca106b756018070f,2026-02-11T11:50:37.986Z,55,Hold & Wait,Hold & Wait,v1.1,,scheduled_etl,B,66958.94,artifact_spot_price_usd,90,2026-05-12,80484.72,btc_price_history.close_usd,0.20200110694703355,20.200110694703355,2d09d2d77fbe6b7f6c5765b48188ed1d2a88db2b,h4-forward-return-v1
2026-02-11,8e0d764f96a6a5b342997e6bc19f41d1140542ba,34d808b764de2f9be3421769ca106b756018070f,2026-02-11T11:50:37.986Z,55,Hold & Wait,Hold & Wait,v1.1,,scheduled_etl,B,66958.94,artifact_spot_price_usd,180,2026-08-10,63911.88,btc_price_history.close_usd,-0.045506395411874845,-4.5506395411874845,2d09d2d77fbe6b7f6c5765b48188ed1d2a88db2b,h4-forward-return-v1
2026-02-12,2c893920faf201a37d8bec438da07c7dc46160f1,4ed1350bd2ca8deb5703b7c3e3b3dfff5bc20276,2026-02-12T11:45:18.628Z,55,Hold & Wait,Hold & Wait,v1.1,,scheduled_etl,B,68048.44,artifact_spot_price_usd,30,2026-03-14,71232.02,btc_price_history.close_usd,0.04678402620251099,4.678402620251099,2d09d2d77fbe6b7f6c5765b48188ed1d2a88db2b,h4-forward-return-v1
2026-02-12,2c893920faf201a37d8bec438da07c7dc46160f1,4ed1350bd2ca8deb5703b7c3e3b3dfff5bc20276,2026-02-12T11:45:18.628Z,55,Hold & Wait,Hold & Wait,v1.1,,scheduled_etl,B,68048.44,artifact_spot_price_usd,90,2026-05-13,79288.26,btc_price_history.close_usd,0.16517380853991637,16.517380853991636,2d09d2d77fbe6b7f6c5765b48188ed1d2a88db2b,h4-forward-return-v1
2026-02-12,2c893920faf201a37d8bec438da07c7dc46160f1,4ed1350bd2ca8deb5703b7c3e3b3dfff5bc20276,2026-02-12T11:45:18.628Z,55,Hold & Wait,Hold & Wait,v1.1,,scheduled_etl,B,68048.44,artifact_spot_price_usd,180,2026-08-11,63531.75,btc_price_history.close_usd,-0.0663746296020894,-6.637462960208939,2d09d2d77fbe6b7f6c5765b48188ed1d2a88db2b,h4-forward-return-v1
2026-02-13,6d928f682ff0755e92b1cf0c200efcf937eb554c,d3d920775cc089973f379effc3be1fe1ff3e14df,2026-02-13T11:37:10.922Z,55,Hold & Wait,Hold & Wait,v1.1,,scheduled_etl,B,66802.01,artifact_spot_price_usd,30,2026-03-15,72830.01,btc_price_history.close_usd,0.09023680574880899,9.023680574880899,2d09d2d77fbe6b7f6c5765b48188ed1d2a88db2b,h4-forward-return-v1
2026-02-13,6d928f682ff0755e92b1cf0c200efcf937eb554c,d3d920775cc089973f379effc3be1fe1ff3e14df,2026-02-13T11:37:10.922Z,55,Hold & Wait,Hold & Wait,v1.1,,scheduled_etl,B,66802.01,artifact_spot_price_usd,90,2026-05-14,81079.39,btc_price_history.close_usd,0.21372680253184018,21.37268025318402,2d09d2d77fbe6b7f6c5765b48188ed1d2a88db2b,h4-forward-return-v1
2026-02-13,6d928f682ff0755e92b1cf0c200efcf937eb554c,d3d920775cc089973f379effc3be1fe1ff3e14df,2026-02-13T11:37:10.922Z,55,Hold & Wait,Hold & Wait,v1.1,,scheduled_etl,B,66802.01,artifact_spot_price_usd,180,2026-08-12,63411.72,btc_price_history.close_usd,-0.05075131721335924,-5.075131721335923,2d09d2d77fbe6b7f6c5765b48188ed1d2a88db2b,h4-forward-return-v1
2026-02-14,14c50e00dbb43a1466282ed835e7b08835b5d377,8a0472c60c3322cd4198cef0bb4bab27c8afdc1b,2026-02-14T11:29:00.705Z,52,Hold & Wait,Hold & Wait,v1.1,,scheduled_etl,B,70180.23,artifact_spot_price_usd,30,2026-03-16,74886.47,btc_price_history.close_usd,0.0670593413558207,6.70593413558207,2d09d2d77fbe6b7f6c5765b48188ed1d2a88db2b,h4-forward-return-v1
2026-02-14,14c50e00dbb43a1466282ed835e7b08835b5d377,8a0472c60c3322cd4198cef0bb4bab27c8afdc1b,2026-02-14T11:29:00.705Z,52,Hold & Wait,Hold & Wait,v1.1,,scheduled_etl,B,70180.23,artifact_spot_price_usd,90,2026-05-15,79058.51,btc_price_history.close_usd,0.12650685242838322,12.650685242838321,2d09d2d77fbe6b7f6c5765b48188ed1d2a88db2b,h4-forward-return-v1
2026-02-14,14c50e00dbb43a1466282ed835e7b08835b5d377,8a0472c60c3322cd4198cef0bb4bab27c8afdc1b,2026-02-14T11:29:00.705Z,52,Hold & Wait,Hold & Wait,v1.1,,scheduled_etl,B,70180.23,artifact_spot_price_usd,180,2026-08-13,63425.35,btc_price_history.close_usd,-0.09625046825865347,-9.625046825865347,2d09d2d77fbe6b7f6c5765b48188ed1d2a88db2b,h4-forward-return-v1
2026-02-15,7f8184c2cabc23f03a052952d0b844243822b720,a229052ac0d76d9fdd807b3415be7a0ca78e4650,2026-02-15T11:29:43.881Z,52,Hold & Wait,Hold & Wait,v1.1,,scheduled_etl,B,70338.6,artifact_spot_price_usd,30,2026-03-17,73934.11,btc_price_history.close_usd,0.05111716752963513,5.111716752963513,2d09d2d77fbe6b7f6c5765b48188ed1d2a88db2b,h4-forward-return-v1
2026-02-15,7f8184c2cabc23f03a052952d0b844243822b720,a229052ac0d76d9fdd807b3415be7a0ca78e4650,2026-02-15T11:29:43.881Z,52,Hold & Wait,Hold & Wait,v1.1,,scheduled_etl,B,70338.6,artifact_spot_price_usd,90,2026-05-16,78105.45,btc_price_history.close_usd,0.11042087843659076,11.042087843659075,2d09d2d77fbe6b7f6c5765b48188ed1d2a88db2b,h4-forward-return-v1
2026-02-15,7f8184c2cabc23f03a052952d0b844243822b720,a229052ac0d76d9fdd807b3415be7a0ca78e4650,2026-02-15T11:29:43.881Z,52,Hold & Wait,Hold & Wait,v1.1,,scheduled_etl,B,70338.6,artifact_spot_price_usd,180,2026-08-14,62975.19,btc_price_history.close_usd,-0.10468519418925037,-10.468519418925037,2d09d2d77fbe6b7f6c5765b48188ed1d2a88db2b,h4-forward-return-v1
2026-02-16,b87f360bb19ebc86b22210926e5c2b0633fbb405,56a50ab08717dfaf1061bf9602036cce8bfae35c,2026-02-16T11:44:23.197Z,51,Hold & Wait,Hold & Wait,v1.1,,scheduled_etl,B,68525.51,artifact_spot_price_usd,30,2026-03-18,71245.02,btc_price_history.close_usd,0.03968609646247079,3.968609646247079,2d09d2d77fbe6b7f6c5765b48188ed1d2a88db2b,h4-forward-return-v1
2026-02-16,b87f360bb19ebc86b22210926e5c2b0633fbb405,56a50ab08717dfaf1061bf9602036cce8bfae35c,2026-02-16T11:44:23.197Z,51,Hold & Wait,Hold & Wait,v1.1,,scheduled_etl,B,68525.51,artifact_spot_price_usd,90,2026-05-17,77407.59,btc_price_history.close_usd,0.1296171309049725,12.961713090497252,2d09d2d77fbe6b7f6c5765b48188ed1d2a88db2b,h4-forward-return-v1
2026-02-16,b87f360bb19ebc86b22210926e5c2b0633fbb405,56a50ab08717dfaf1061bf9602036cce8bfae35c,2026-02-16T11:44:23.197Z,51,Hold & Wait,Hold & Wait,v1.1,,scheduled_etl,B,68525.51,artifact_spot_price_usd,180,2026-08-15,63018.75,btc_price_history.close_usd,-0.08036072989460419,-8.036072989460418,2d09d2d77fbe6b7f6c5765b48188ed1d2a88db2b,h4-forward-return-v1
2026-02-17,a55faec1974e0e5730a69adabc49534bc4425a59,14ed61d02b9beca9a9a409ed095228634faea27d,2026-02-17T11:44:22.074Z,50,Hold & Wait,Hold & Wait,v1.1,,scheduled_etl,B,67757.14,artifact_spot_price_usd,30,2026-03-19,69918.3,btc_price_history.close_usd,0.031895679185987014,3.1895679185987014,2d09d2d77fbe6b7f6c5765b48188ed1d2a88db2b,h4-forward-return-v1
2026-02-17,a55faec1974e0e5730a69adabc49534bc4425a59,14ed61d02b9beca9a9a409ed095228634faea27d,2026-02-17T11:44:22.074Z,50,Hold & Wait,Hold & Wait,v1.1,,scheduled_etl,B,67757.14,artifact_spot_price_usd,90,2026-05-18,76943.98,btc_price_history.close_usd,0.13558482545160544,13.558482545160544,2d09d2d77fbe6b7f6c5765b48188ed1d2a88db2b,h4-forward-return-v1
2026-02-17,a55faec1974e0e5730a69adabc49534bc4425a59,14ed61d02b9beca9a9a409ed095228634faea27d,2026-02-17T11:44:22.074Z,50,Hold & Wait,Hold & Wait,v1.1,,scheduled_etl,B,67757.14,artifact_spot_price_usd,180,2026-08-16,62836.66,btc_price_history.close_usd,-0.07261935790087948,-7.261935790087948,2d09d2d77fbe6b7f6c5765b48188ed1d2a88db2b,h4-forward-return-v1
2026-02-18,eda30ce27687fd4916ed3af716aaeea4ec27cdb3,180e7ebbe2578402949b82bbfd5206232d88cf85,2026-02-18T11:43:45.338Z,49,Moderate Buying,Moderate Buying,v1.1,,scheduled_etl,B,67516.3,artifact_spot_price_usd,30,2026-03-20,70497.01,btc_price_history.close_usd,0.04414800574083588,4.414800574083588,2d09d2d77fbe6b7f6c5765b48188ed1d2a88db2b,h4-forward-return-v1
2026-02-18,eda30ce27687fd4916ed3af716aaeea4ec27cdb3,180e7ebbe2578402949b82bbfd5206232d88cf85,2026-02-18T11:43:45.338Z,49,Moderate Buying,Moderate Buying,v1.1,,scheduled_etl,B,67516.3,artifact_spot_price_usd,90,2026-05-19,76767.48,btc_price_history.close_usd,0.1370214303805155,13.70214303805155,2d09d2d77fbe6b7f6c5765b48188ed1d2a88db2b,h4-forward-return-v1
2026-02-18,eda30ce27687fd4916ed3af716aaeea4ec27cdb3,180e7ebbe2578402949b82bbfd5206232d88cf85,2026-02-18T11:43:45.338Z,49,Moderate Buying,Moderate Buying,v1.1,,scheduled_etl,B,67516.3,artifact_spot_price_usd,180,2026-08-17,64484.18,btc_price_history.close_usd,-0.0449094514954167,-4.49094514954167,2d09d2d77fbe6b7f6c5765b48188ed1d2a88db2b,h4-forward-return-v1
2026-02-19,b0b9c6ef3a5b071b3750c7bc432636ed04224d65,2555a478e9f86b9a4b4b7a36aeaf0e5622e25426,2026-02-19T11:43:16.203Z,51,Hold & Wait,Hold & Wait,v1.1,,scheduled_etl,B,66686.56,artifact_spot_price_usd,30,2026-03-21,68912.02,btc_price_history.close_usd,0.03337194181256331,3.337194181256331,2d09d2d77fbe6b7f6c5765b48188ed1d2a88db2b,h4-forward-return-v1
2026-02-19,b0b9c6ef3a5b071b3750c7bc432636ed04224d65,2555a478e9f86b9a4b4b7a36aeaf0e5622e25426,2026-02-19T11:43:16.203Z,51,Hold & Wait,Hold & Wait,v1.1,,scheduled_etl,B,66686.56,artifact_spot_price_usd,90,2026-05-20,77475.99,btc_price_history.close_usd,0.1617931709177982,16.179317091779822,2d09d2d77fbe6b7f6c5765b48188ed1d2a88db2b,h4-forward-return-v1
2026-02-20,c770b29f020925a54d54960796f9ee9a6fec7a91,4d5b1e018b0060a47a5b0fccde1f63e07eb36224,2026-02-20T11:38:27.983Z,48,Moderate Buying,Moderate Buying,v1.1,,scheduled_etl,B,67712.97,artifact_spot_price_usd,30,2026-03-22,67844.94,btc_price_history.close_usd,0.0019489619197030628,0.19489619197030628,2d09d2d77fbe6b7f6c5765b48188ed1d2a88db2b,h4-forward-return-v1
2026-02-20,c770b29f020925a54d54960796f9ee9a6fec7a91,4d5b1e018b0060a47a5b0fccde1f63e07eb36224,2026-02-20T11:38:27.983Z,48,Moderate Buying,Moderate Buying,v1.1,,scheduled_etl,B,67712.97,artifact_spot_price_usd,90,2026-05-21,77547.62,btc_price_history.close_usd,0.14524026933097156,14.524026933097156,2d09d2d77fbe6b7f6c5765b48188ed1d2a88db2b,h4-forward-return-v1
2026-02-21,ffd3cc8bdf90c35a5fb062147303a566c6e98c31,bdca20607609fe890b16f7472ed0448b03ec7138,2026-02-21T11:28:37.169Z,48,Moderate Buying,Moderate Buying,v1.1,,scheduled_etl,B,68161.11,artifact_spot_price_usd,30,2026-03-23,70874.23,btc_price_history.close_usd,0.039804516094294806,3.9804516094294806,2d09d2d77fbe6b7f6c5765b48188ed1d2a88db2b,h4-forward-return-v1
2026-02-21,ffd3cc8bdf90c35a5fb062147303a566c6e98c31,bdca20607609fe890b16f7472ed0448b03ec7138,2026-02-21T11:28:37.169Z,48,Moderate Buying,Moderate Buying,v1.1,,scheduled_etl,B,68161.11,artifact_spot_price_usd,90,2026-05-22,75443.91,btc_price_history.close_usd,0.10684685152574547,10.684685152574547,2d09d2d77fbe6b7f6c5765b48188ed1d2a88db2b,h4-forward-return-v1
2026-02-22,f5c491960c48ef14aa200a74b408cde7bd6bbdd8,38905ae9aefa42256740537f259d5408b0f66e74,2026-02-22T11:28:29.826Z,48,Moderate Buying,Moderate Buying,v1.1,,scheduled_etl,B,68205.12,artifact_spot_price_usd,30,2026-03-24,70533.49,btc_price_history.close_usd,0.03413775974589606,3.4137759745896057,2d09d2d77fbe6b7f6c5765b48188ed1d2a88db2b,h4-forward-return-v1
2026-02-22,f5c491960c48ef14aa200a74b408cde7bd6bbdd8,38905ae9aefa42256740537f259d5408b0f66e74,2026-02-22T11:28:29.826Z,48,Moderate Buying,Moderate Buying,v1.1,,scheduled_etl,B,68205.12,artifact_spot_price_usd,90,2026-05-23,76650,btc_price_history.close_usd,0.12381592466958491,12.381592466958491,2d09d2d77fbe6b7f6c5765b48188ed1d2a88db2b,h4-forward-return-v1
2026-02-23,be27e5adbf768dd2e2602fab67bece887ca7c689,d156d5ce6da98cc230d38bc6ce547efc952cc357,2026-02-23T11:43:50.609Z,50,Hold & Wait,Hold & Wait,v1.1,,scheduled_etl,B,66140.35,artifact_spot_price_usd,30,2026-03-25,71301.53,btc_price_history.close_usd,0.07803375700310022,7.803375700310022,2d09d2d77fbe6b7f6c5765b48188ed1d2a88db2b,h4-forward-return-v1
2026-02-23,be27e5adbf768dd2e2602fab67bece887ca7c689,d156d5ce6da98cc230d38bc6ce547efc952cc357,2026-02-23T11:43:50.609Z,50,Hold & Wait,Hold & Wait,v1.1,,scheduled_etl,B,66140.35,artifact_spot_price_usd,90,2026-05-24,76975.99,btc_price_history.close_usd,0.16382798095262574,16.382798095262572,2d09d2d77fbe6b7f6c5765b48188ed1d2a88db2b,h4-forward-return-v1
2026-02-24,dbce51fdc9ff9327abe631bb08fe90c25610ab96,afb5140d1f1e75ff4a159f17a7aa8cf464e3d86a,2026-02-24T11:44:54.951Z,51,Hold & Wait,Hold & Wait,v1.1,,scheduled_etl,B,63189.98,artifact_spot_price_usd,30,2026-03-26,68769.02,btc_price_history.close_usd,0.08828994723530537,8.828994723530537,2d09d2d77fbe6b7f6c5765b48188ed1d2a88db2b,h4-forward-return-v1
2026-02-24,dbce51fdc9ff9327abe631bb08fe90c25610ab96,afb5140d1f1e75ff4a159f17a7aa8cf464e3d86a,2026-02-24T11:44:54.951Z,51,Hold & Wait,Hold & Wait,v1.1,,scheduled_etl,B,63189.98,artifact_spot_price_usd,90,2026-05-25,77249.07,btc_price_history.close_usd,0.22248923009629062,22.248923009629063,2d09d2d77fbe6b7f6c5765b48188ed1d2a88db2b,h4-forward-return-v1
2026-02-25,cbfb2d124806baeea6c4d103d8b53f60f2c90d5c,9c4ba8d508a8e84af08b8e340a83657dfaf3ac0f,2026-02-25T11:44:14.494Z,49,Moderate Buying,Moderate Buying,v1.1,,scheduled_etl,B,65405.59,artifact_spot_price_usd,30,2026-03-27,66353.34,btc_price_history.close_usd,0.014490351665660484,1.4490351665660484,2d09d2d77fbe6b7f6c5765b48188ed1d2a88db2b,h4-forward-return-v1
2026-02-25,cbfb2d124806baeea6c4d103d8b53f60f2c90d5c,9c4ba8d508a8e84af08b8e340a83657dfaf3ac0f,2026-02-25T11:44:14.494Z,49,Moderate Buying,Moderate Buying,v1.1,,scheduled_etl,B,65405.59,artifact_spot_price_usd,90,2026-05-26,75826.1,btc_price_history.close_usd,0.1593213974524197,15.932139745241969,2d09d2d77fbe6b7f6c5765b48188ed1d2a88db2b,h4-forward-return-v1
2026-02-26,efd1a15e8f03549127bd4cd88e0cded93926f7c7,665acecb6195da03cb24b662f41c2c1292e0b130,2026-02-26T11:44:20.553Z,51,Hold & Wait,Hold & Wait,v1.1,,scheduled_etl,B,68118.43,artifact_spot_price_usd,30,2026-03-28,66320.15,btc_price_history.close_usd,-0.026399316601982692,-2.639931660198269,2d09d2d77fbe6b7f6c5765b48188ed1d2a88db2b,h4-forward-return-v1
2026-02-26,efd1a15e8f03549127bd4cd88e0cded93926f7c7,665acecb6195da03cb24b662f41c2c1292e0b130,2026-02-26T11:44:20.553Z,51,Hold & Wait,Hold & Wait,v1.1,,scheduled_etl,B,68118.43,artifact_spot_price_usd,90,2026-05-27,74315.98,btc_price_history.close_usd,0.09098198534522894,9.098198534522894,2d09d2d77fbe6b7f6c5765b48188ed1d2a88db2b,h4-forward-return-v1
2026-02-27,03b6c89e8c5dd6f417569ffc01e19c5ae215e3f7,4a865529bc22e65d99456d956e9d1636be08f5eb,2026-02-27T11:38:29.551Z,51,Hold & Wait,Hold & Wait,v1.1,,scheduled_etl,B,66253.38,artifact_spot_price_usd,30,2026-03-29,65956.94,btc_price_history.close_usd,-0.004474337762088498,-0.44743377620884983,2d09d2d77fbe6b7f6c5765b48188ed1d2a88db2b,h4-forward-return-v1
2026-02-27,03b6c89e8c5dd6f417569ffc01e19c5ae215e3f7,4a865529bc22e65d99456d956e9d1636be08f5eb,2026-02-27T11:38:29.551Z,51,Hold & Wait,Hold & Wait,v1.1,,scheduled_etl,B,66253.38,artifact_spot_price_usd,90,2026-05-28,73512.56,btc_price_history.close_usd,0.10956693832073161,10.95669383207316,2d09d2d77fbe6b7f6c5765b48188ed1d2a88db2b,h4-forward-return-v1
2026-02-28,7fdade36ddebed1e9a49c2186b5456d4b16001d9,b6a882fa96dfc2ea97eab1505846a7ad9cfb4209,2026-02-28T11:26:23.540Z,52,Hold & Wait,Hold & Wait,v1.1,,scheduled_etl,B,64121.52,artifact_spot_price_usd,30,2026-03-30,66737.18,btc_price_history.close_usd,0.040792233247122,4.0792233247122,2d09d2d77fbe6b7f6c5765b48188ed1d2a88db2b,h4-forward-return-v1
2026-02-28,7fdade36ddebed1e9a49c2186b5456d4b16001d9,b6a882fa96dfc2ea97eab1505846a7ad9cfb4209,2026-02-28T11:26:23.540Z,52,Hold & Wait,Hold & Wait,v1.1,,scheduled_etl,B,64121.52,artifact_spot_price_usd,90,2026-05-29,73366.77,btc_price_history.close_usd,0.14418326327884934,14.418326327884934,2d09d2d77fbe6b7f6c5765b48188ed1d2a88db2b,h4-forward-return-v1
2026-03-01,8ba60ce9a40fe4007f5e7d99ef0ab7b9ddc3cd88,73f38037872f41a8fd1c666718fda0d1f2bf110d,2026-03-01T11:27:26.028Z,54,Hold & Wait,Hold & Wait,v1.1,,scheduled_etl,B,66581.51,artifact_spot_price_usd,30,2026-03-31,68221.85,btc_price_history.close_usd,0.024636569522079155,2.4636569522079155,2d09d2d77fbe6b7f6c5765b48188ed1d2a88db2b,h4-forward-return-v1
2026-03-01,8ba60ce9a40fe4007f5e7d99ef0ab7b9ddc3cd88,73f38037872f41a8fd1c666718fda0d1f2bf110d,2026-03-01T11:27:26.028Z,54,Hold & Wait,Hold & Wait,v1.1,,scheduled_etl,B,66581.51,artifact_spot_price_usd,90,2026-05-30,73770.69,btc_price_history.close_usd,0.10797562266160687,10.797562266160687,2d09d2d77fbe6b7f6c5765b48188ed1d2a88db2b,h4-forward-return-v1
2026-03-02,cab65356a9d3af0ca915f300dfea968fa2e82f0d,92a8f45ca10aefc38169fa36f7cc048a897df92c,2026-03-02T11:35:58.421Z,55,Hold & Wait,Hold & Wait,v1.1,,scheduled_etl,B,66129.73,artifact_spot_price_usd,30,2026-04-01,68112.35,btc_price_history.close_usd,0.02998076659317994,2.998076659317994,2d09d2d77fbe6b7f6c5765b48188ed1d2a88db2b,h4-forward-return-v1
2026-03-02,cab65356a9d3af0ca915f300dfea968fa2e82f0d,92a8f45ca10aefc38169fa36f7cc048a897df92c,2026-03-02T11:35:58.421Z,55,Hold & Wait,Hold & Wait,v1.1,,scheduled_etl,B,66129.73,artifact_spot_price_usd,90,2026-05-31,73575.17,btc_price_history.close_usd,0.11258839254296071,11.25883925429607,2d09d2d77fbe6b7f6c5765b48188ed1d2a88db2b,h4-forward-return-v1
2026-03-03,95269f5446835339d855c9aadcd18d503afa1c79,5e2b20edcb82e4923ab9ebb5b874b4e73b9facfe,2026-03-03T11:39:18.059Z,56,Hold & Wait,Hold & Wait,v1.1,,scheduled_etl,B,67014,artifact_spot_price_usd,30,2026-04-02,66894.48,btc_price_history.close_usd,-0.0017835079237175089,-0.1783507923717509,2d09d2d77fbe6b7f6c5765b48188ed1d2a88db2b,h4-forward-return-v1
2026-03-03,95269f5446835339d855c9aadcd18d503afa1c79,5e2b20edcb82e4923ab9ebb5b874b4e73b9facfe,2026-03-03T11:39:18.059Z,56,Hold & Wait,Hold & Wait,v1.1,,scheduled_etl,B,67014,artifact_spot_price_usd,90,2026-06-01,71314.42,btc_price_history.close_usd,0.06417196406720982,6.417196406720982,2d09d2d77fbe6b7f6c5765b48188ed1d2a88db2b,h4-forward-return-v1
2026-03-04,9ef6e636d5e4c06b564c6e50da86a14ed1ee4991,b2d2c3e39bcb406f916cbe12e010438b0ab2f361,2026-03-04T11:37:17.361Z,56,Hold & Wait,Hold & Wait,v1.1,,scheduled_etl,B,71063,artifact_spot_price_usd,30,2026-04-03,66959.99,btc_price_history.close_usd,-0.0577376412479067,-5.77376412479067,2d09d2d77fbe6b7f6c5765b48188ed1d2a88db2b,h4-forward-return-v1
2026-03-04,9ef6e636d5e4c06b564c6e50da86a14ed1ee4991,b2d2c3e39bcb406f916cbe12e010438b0ab2f361,2026-03-04T11:37:17.361Z,56,Hold & Wait,Hold & Wait,v1.1,,scheduled_etl,B,71063,artifact_spot_price_usd,90,2026-06-02,66658.35,btc_price_history.close_usd,-0.06198232554212446,-6.198232554212446,2d09d2d77fbe6b7f6c5765b48188ed1d2a88db2b,h4-forward-return-v1
2026-03-05,f98eb6b1afc666fd406823f1fba0206b6d061c1d,4ee21e69bb7a0a1495f3121b1bbf8c988afca967,2026-03-05T11:39:48.566Z,59,Hold & Wait,Hold & Wait,v1.1,,scheduled_etl,B,72906.89,artifact_spot_price_usd,30,2026-04-04,67291.73,btc_price_history.close_usd,-0.07701823517640105,-7.701823517640105,2d09d2d77fbe6b7f6c5765b48188ed1d2a88db2b,h4-forward-return-v1
2026-03-05,f98eb6b1afc666fd406823f1fba0206b6d061c1d,4ee21e69bb7a0a1495f3121b1bbf8c988afca967,2026-03-05T11:39:48.566Z,59,Hold & Wait,Hold & Wait,v1.1,,scheduled_etl,B,72906.89,artifact_spot_price_usd,90,2026-06-03,64040,btc_price_history.close_usd,-0.12161936958221642,-12.161936958221641,2d09d2d77fbe6b7f6c5765b48188ed1d2a88db2b,h4-forward-return-v1
2026-03-07,ab870bafa8f1210d6952772eb9b6d196c094519d,27d42dab7fe1cd146fc43a23e6e01f07ded27ca7,2026-03-07T11:27:09.776Z,53,Hold & Wait,Hold & Wait,v1.1,,scheduled_etl,B,68150.18,artifact_spot_price_usd,30,2026-04-06,68853.61,btc_price_history.close_usd,0.010321762906569054,1.0321762906569054,2d09d2d77fbe6b7f6c5765b48188ed1d2a88db2b,h4-forward-return-v1
2026-03-07,ab870bafa8f1210d6952772eb9b6d196c094519d,27d42dab7fe1cd146fc43a23e6e01f07ded27ca7,2026-03-07T11:27:09.776Z,53,Hold & Wait,Hold & Wait,v1.1,,scheduled_etl,B,68150.18,artifact_spot_price_usd,90,2026-06-05,61032,btc_price_history.close_usd,-0.10444844019487542,-10.444844019487542,2d09d2d77fbe6b7f6c5765b48188ed1d2a88db2b,h4-forward-return-v1
2026-03-08,90f9243262468da0bd946e01590d47c0da0d0cc4,09ff567b16373ded95cd1742f559abe13b9988c3,2026-03-08T11:28:09.047Z,56,Hold & Wait,Hold & Wait,v1.1,,scheduled_etl,B,67678.06,artifact_spot_price_usd,30,2026-04-07,71910.2,btc_price_history.close_usd,0.06253341186198313,6.2533411861983135,2d09d2d77fbe6b7f6c5765b48188ed1d2a88db2b,h4-forward-return-v1
2026-03-08,90f9243262468da0bd946e01590d47c0da0d0cc4,09ff567b16373ded95cd1742f559abe13b9988c3,2026-03-08T11:28:09.047Z,56,Hold & Wait,Hold & Wait,v1.1,,scheduled_etl,B,67678.06,artifact_spot_price_usd,90,2026-06-06,60850.48,btc_price_history.close_usd,-0.10088321089582053,-10.088321089582053,2d09d2d77fbe6b7f6c5765b48188ed1d2a88db2b,h4-forward-return-v1
2026-03-09,56f8ee1f700f34eb101b307a66a0e2336386d7f6,1e3fcd6d1e51d4a8d7b2f0fd52d8e98f15b0143e,2026-03-09T11:38:53.644Z,57,Hold & Wait,Hold & Wait,v1.1,,scheduled_etl,B,67650,artifact_spot_price_usd,30,2026-04-08,71085.99,btc_price_history.close_usd,0.05079068736141923,5.079068736141923,2d09d2d77fbe6b7f6c5765b48188ed1d2a88db2b,h4-forward-return-v1
2026-03-09,56f8ee1f700f34eb101b307a66a0e2336386d7f6,1e3fcd6d1e51d4a8d7b2f0fd52d8e98f15b0143e,2026-03-09T11:38:53.644Z,57,Hold & Wait,Hold & Wait,v1.1,,scheduled_etl,B,67650,artifact_spot_price_usd,90,2026-06-07,63302.73,btc_price_history.close_usd,-0.06426119733924607,-6.426119733924606,2d09d2d77fbe6b7f6c5765b48188ed1d2a88db2b,h4-forward-return-v1
2026-03-10,f0cb61adb665ece11d2ed499e59a0b1dab69d52b,665eb1a5ce926e454675ee8aafcd873fe70e248a,2026-03-10T11:38:44.498Z,52,Hold & Wait,Hold & Wait,v1.1,,scheduled_etl,B,70620.48,artifact_spot_price_usd,30,2026-04-09,71798.01,btc_price_history.close_usd,0.01667405829017299,1.6674058290172988,2d09d2d77fbe6b7f6c5765b48188ed1d2a88db2b,h4-forward-return-v1
2026-03-10,f0cb61adb665ece11d2ed499e59a0b1dab69d52b,665eb1a5ce926e454675ee8aafcd873fe70e248a,2026-03-10T11:38:44.498Z,52,Hold & Wait,Hold & Wait,v1.1,,scheduled_etl,B,70620.48,artifact_spot_price_usd,90,2026-06-08,63062.98,btc_price_history.close_usd,-0.10701569856223003,-10.701569856223003,2d09d2d77fbe6b7f6c5765b48188ed1d2a88db2b,h4-forward-return-v1
2026-03-11,d0ca1f7a916e10881bca5d1242dc813ef9114ea1,db9e38b49fcf26ca1b9024dfe366627f2fc9d294,2026-03-11T11:39:16.966Z,57,Hold & Wait,Hold & Wait,v1.1,,scheduled_etl,B,69512,artifact_spot_price_usd,30,2026-04-10,72997.88,btc_price_history.close_usd,0.050147888134422836,5.0147888134422836,2d09d2d77fbe6b7f6c5765b48188ed1d2a88db2b,h4-forward-return-v1
2026-03-11,d0ca1f7a916e10881bca5d1242dc813ef9114ea1,db9e38b49fcf26ca1b9024dfe366627f2fc9d294,2026-03-11T11:39:16.966Z,57,Hold & Wait,Hold & Wait,v1.1,,scheduled_etl,B,69512,artifact_spot_price_usd,90,2026-06-09,61685.8,btc_price_history.close_usd,-0.11258775463229365,-11.258775463229364,2d09d2d77fbe6b7f6c5765b48188ed1d2a88db2b,h4-forward-return-v1
2026-03-12,48418b162babb097e24cd08af948ef973bf8b26c,8f93f0641d630dc680bb51743ba9a92442801fa3,2026-03-12T11:36:52.002Z,56,Hold & Wait,Hold & Wait,v1.1,,scheduled_etl,B,70555.99,artifact_spot_price_usd,30,2026-04-11,73086,btc_price_history.close_usd,0.03585818865272805,3.585818865272805,2d09d2d77fbe6b7f6c5765b48188ed1d2a88db2b,h4-forward-return-v1
2026-03-12,48418b162babb097e24cd08af948ef973bf8b26c,8f93f0641d630dc680bb51743ba9a92442801fa3,2026-03-12T11:36:52.002Z,56,Hold & Wait,Hold & Wait,v1.1,,scheduled_etl,B,70555.99,artifact_spot_price_usd,90,2026-06-10,61449.46,btc_price_history.close_usd,-0.1290681343993615,-12.90681343993615,2d09d2d77fbe6b7f6c5765b48188ed1d2a88db2b,h4-forward-return-v1
2026-03-13,0f28fa16f7479c51c4f82ff05e66396e851a6033,157360a40935a036bbf76590ba12a811f6004d82,2026-03-13T11:37:20.675Z,53,Hold & Wait,Hold & Wait,v1.1,,scheduled_etl,B,72347.78,artifact_spot_price_usd,30,2026-04-12,70755.35,btc_price_history.close_usd,-0.022010765223203665,-2.2010765223203665,2d09d2d77fbe6b7f6c5765b48188ed1d2a88db2b,h4-forward-return-v1
2026-03-13,0f28fa16f7479c51c4f82ff05e66396e851a6033,157360a40935a036bbf76590ba12a811f6004d82,2026-03-13T11:37:20.675Z,53,Hold & Wait,Hold & Wait,v1.1,,scheduled_etl,B,72347.78,artifact_spot_price_usd,90,2026-06-11,63563.42,btc_price_history.close_usd,-0.12141851484592892,-12.141851484592891,2d09d2d77fbe6b7f6c5765b48188ed1d2a88db2b,h4-forward-return-v1
2026-03-14,f4bf18c99c070d2c994110ddb1174de5a08def0f,54b042fa410d43eed02d6243c44ab0925e1b1073,2026-03-14T11:30:38.668Z,56,Hold & Wait,Hold & Wait,v1.1,,scheduled_etl,B,70719.48,artifact_spot_price_usd,30,2026-04-13,74446,btc_price_history.close_usd,0.052694391983651556,5.269439198365156,2d09d2d77fbe6b7f6c5765b48188ed1d2a88db2b,h4-forward-return-v1
2026-03-14,f4bf18c99c070d2c994110ddb1174de5a08def0f,54b042fa410d43eed02d6243c44ab0925e1b1073,2026-03-14T11:30:38.668Z,56,Hold & Wait,Hold & Wait,v1.1,,scheduled_etl,B,70719.48,artifact_spot_price_usd,90,2026-06-12,63538.43,btc_price_history.close_usd,-0.1015427432441528,-10.15427432441528,2d09d2d77fbe6b7f6c5765b48188ed1d2a88db2b,h4-forward-return-v1
2026-03-15,f58220352b2c618734df20c1a64a46f75b8d04b7,e7169b772bd5a514c1657bd881eeee2af9656b69,2026-03-15T11:33:17.598Z,58,Hold & Wait,Hold & Wait,v1.1,,scheduled_etl,B,71740.65,artifact_spot_price_usd,30,2026-04-14,74179.04,btc_price_history.close_usd,0.03398895883993247,3.398895883993247,2d09d2d77fbe6b7f6c5765b48188ed1d2a88db2b,h4-forward-return-v1
2026-03-15,f58220352b2c618734df20c1a64a46f75b8d04b7,e7169b772bd5a514c1657bd881eeee2af9656b69,2026-03-15T11:33:17.598Z,58,Hold & Wait,Hold & Wait,v1.1,,scheduled_etl,B,71740.65,artifact_spot_price_usd,90,2026-06-13,64429.99,btc_price_history.close_usd,-0.10190401118473269,-10.190401118473268,2d09d2d77fbe6b7f6c5765b48188ed1d2a88db2b,h4-forward-return-v1
2026-03-16,b8b3baea747c48e62de1f3ea928d629fbfaba0ee,9f51d8f4f6c8c6c887d672c98f3a050755449587,2026-03-16T11:52:46.189Z,58,Hold & Wait,Hold & Wait,v1.1,,scheduled_etl,B,73605.53,artifact_spot_price_usd,30,2026-04-15,74836.31,btc_price_history.close_usd,0.016721297978562255,1.6721297978562255,2d09d2d77fbe6b7f6c5765b48188ed1d2a88db2b,h4-forward-return-v1
2026-03-16,b8b3baea747c48e62de1f3ea928d629fbfaba0ee,9f51d8f4f6c8c6c887d672c98f3a050755449587,2026-03-16T11:52:46.189Z,58,Hold & Wait,Hold & Wait,v1.1,,scheduled_etl,B,73605.53,artifact_spot_price_usd,90,2026-06-14,65706.62,btc_price_history.close_usd,-0.10731408360214245,-10.731408360214246,2d09d2d77fbe6b7f6c5765b48188ed1d2a88db2b,h4-forward-return-v1
2026-03-17,0c04564813ef3b696863b1c616287347be902a1b,1145685a9a6ad535317f9187abcc418323c02144,2026-03-17T11:48:22.224Z,55,Hold & Wait,Hold & Wait,v1.1,,scheduled_etl,B,74114.13,artifact_spot_price_usd,30,2026-04-16,75163.09,btc_price_history.close_usd,0.014153306528728038,1.4153306528728038,2d09d2d77fbe6b7f6c5765b48188ed1d2a88db2b,h4-forward-return-v1
2026-03-17,0c04564813ef3b696863b1c616287347be902a1b,1145685a9a6ad535317f9187abcc418323c02144,2026-03-17T11:48:22.224Z,55,Hold & Wait,Hold & Wait,v1.1,,scheduled_etl,B,74114.13,artifact_spot_price_usd,90,2026-06-15,66276.8,btc_price_history.close_usd,-0.10574677190435888,-10.574677190435889,2d09d2d77fbe6b7f6c5765b48188ed1d2a88db2b,h4-forward-return-v1
2026-03-18,fef0f6d2588eb15e4c182aac99fdb2d029e4cdd1,fa732908d4f707097e3e952809375830d5a791b2,2026-03-18T11:51:31.358Z,51,Hold & Wait,Hold & Wait,v1.1,,scheduled_etl,B,73086.85,artifact_spot_price_usd,30,2026-04-17,77098.01,btc_price_history.close_usd,0.05488210259437909,5.488210259437909,2d09d2d77fbe6b7f6c5765b48188ed1d2a88db2b,h4-forward-return-v1
2026-03-18,fef0f6d2588eb15e4c182aac99fdb2d029e4cdd1,fa732908d4f707097e3e952809375830d5a791b2,2026-03-18T11:51:31.358Z,51,Hold & Wait,Hold & Wait,v1.1,,scheduled_etl,B,73086.85,artifact_spot_price_usd,90,2026-06-16,65616.64,btc_price_history.close_usd,-0.10221004188852034,-10.221004188852035,2d09d2d77fbe6b7f6c5765b48188ed1d2a88db2b,h4-forward-return-v1
2026-03-19,13eb76987ded7d54a0956a942cbdc1aabc11cd70,f171f9f541933389b28c2b12d1b68b67ff4000a0,2026-03-19T11:41:25.362Z,54,Hold & Wait,Hold & Wait,v1.1,,scheduled_etl,B,70048.24,artifact_spot_price_usd,30,2026-04-18,75736.82,btc_price_history.close_usd,0.08120946364962212,8.120946364962212,2d09d2d77fbe6b7f6c5765b48188ed1d2a88db2b,h4-forward-return-v1
2026-03-19,13eb76987ded7d54a0956a942cbdc1aabc11cd70,f171f9f541933389b28c2b12d1b68b67ff4000a0,2026-03-19T11:41:25.362Z,54,Hold & Wait,Hold & Wait,v1.1,,scheduled_etl,B,70048.24,artifact_spot_price_usd,90,2026-06-17,64446.04,btc_price_history.close_usd,-0.07997631346626277,-7.997631346626277,2d09d2d77fbe6b7f6c5765b48188ed1d2a88db2b,h4-forward-return-v1
2026-03-20,6afc2c728cc9c352be244011f3872b024bc8258d,3fc7926748d733039eecf765549e0db8b2dfcfa7,2026-03-20T11:37:34.712Z,50,Hold & Wait,Hold & Wait,v1.1,,scheduled_etl,B,70679.21,artifact_spot_price_usd,30,2026-04-19,73823.14,btc_price_history.close_usd,0.04448167997350261,4.448167997350261,2d09d2d77fbe6b7f6c5765b48188ed1d2a88db2b,h4-forward-return-v1
2026-03-20,6afc2c728cc9c352be244011f3872b024bc8258d,3fc7926748d733039eecf765549e0db8b2dfcfa7,2026-03-20T11:37:34.712Z,50,Hold & Wait,Hold & Wait,v1.1,,scheduled_etl,B,70679.21,artifact_spot_price_usd,90,2026-06-18,62879.01,btc_price_history.close_usd,-0.11036059967280343,-11.036059967280343,2d09d2d77fbe6b7f6c5765b48188ed1d2a88db2b,h4-forward-return-v1
2026-03-21,2bc7811899c22eb9a3d6ad793dc8ad3fc1a3a6ed,d733c0fb830ce07a7e906904b8a288b73dabc8fd,2026-03-21T11:29:50.532Z,50,Hold & Wait,Hold & Wait,v1.1,,scheduled_etl,B,70599.42,artifact_spot_price_usd,30,2026-04-20,75864.86,btc_price_history.close_usd,0.07458191582877038,7.458191582877038,2d09d2d77fbe6b7f6c5765b48188ed1d2a88db2b,h4-forward-return-v1
2026-03-21,2bc7811899c22eb9a3d6ad793dc8ad3fc1a3a6ed,d733c0fb830ce07a7e906904b8a288b73dabc8fd,2026-03-21T11:29:50.532Z,50,Hold & Wait,Hold & Wait,v1.1,,scheduled_etl,B,70599.42,artifact_spot_price_usd,90,2026-06-19,63475.2,btc_price_history.close_usd,-0.10091046073749621,-10.09104607374962,2d09d2d77fbe6b7f6c5765b48188ed1d2a88db2b,h4-forward-return-v1
2026-03-22,f2d9f8cfffb36cd8e6afda0317a3390bbaa9131d,b9605f343e2c4ebb0ef790c0f80fca0f105013f6,2026-03-22T11:30:25.379Z,50,Hold & Wait,Hold & Wait,v1.1,,scheduled_etl,B,68411.71,artifact_spot_price_usd,30,2026-04-21,76348.58,btc_price_history.close_usd,0.11601624926492837,11.601624926492837,2d09d2d77fbe6b7f6c5765b48188ed1d2a88db2b,h4-forward-return-v1
2026-03-22,f2d9f8cfffb36cd8e6afda0317a3390bbaa9131d,b9605f343e2c4ebb0ef790c0f80fca0f105013f6,2026-03-22T11:30:25.379Z,50,Hold & Wait,Hold & Wait,v1.1,,scheduled_etl,B,68411.71,artifact_spot_price_usd,90,2026-06-20,64222.99,btc_price_history.close_usd,-0.061228114309670234,-6.122811430967023,2d09d2d77fbe6b7f6c5765b48188ed1d2a88db2b,h4-forward-return-v1
2026-03-23,82aa6a90ae0f7d443c1803060ec053cc42f718ed,6ffce9f46e1f726dd9385d4c34779191ab3affcc,2026-03-23T11:49:52.823Z,50,Hold & Wait,Hold & Wait,v1.1,,scheduled_etl,B,70242.6,artifact_spot_price_usd,30,2026-04-22,78208.52,btc_price_history.close_usd,0.11340582495522655,11.340582495522655,2d09d2d77fbe6b7f6c5765b48188ed1d2a88db2b,h4-forward-return-v1
2026-03-23,82aa6a90ae0f7d443c1803060ec053cc42f718ed,6ffce9f46e1f726dd9385d4c34779191ab3affcc,2026-03-23T11:49:52.823Z,50,Hold & Wait,Hold & Wait,v1.1,,scheduled_etl,B,70242.6,artifact_spot_price_usd,90,2026-06-21,63235.63,btc_price_history.close_usd,-0.0997538530749148,-9.97538530749148,2d09d2d77fbe6b7f6c5765b48188ed1d2a88db2b,h4-forward-return-v1
2026-03-24,02fa4f8d6f92a4a8923ef9e0b258539faa8fd8aa,9884815c488d9af090a0004279342320f225c91e,2026-03-24T11:50:13.804Z,46,Moderate Buying,Moderate Buying,v1.1,,scheduled_etl,B,71297.6,artifact_spot_price_usd,30,2026-04-23,78281.32,btc_price_history.close_usd,0.09795168420816402,9.795168420816402,2d09d2d77fbe6b7f6c5765b48188ed1d2a88db2b,h4-forward-return-v1
2026-03-24,02fa4f8d6f92a4a8923ef9e0b258539faa8fd8aa,9884815c488d9af090a0004279342320f225c91e,2026-03-24T11:50:13.804Z,46,Moderate Buying,Moderate Buying,v1.1,,scheduled_etl,B,71297.6,artifact_spot_price_usd,90,2026-06-22,63950.61,btc_price_history.close_usd,-0.10304680662462695,-10.304680662462696,2d09d2d77fbe6b7f6c5765b48188ed1d2a88db2b,h4-forward-return-v1
2026-03-25,e729a533c5a9a76d2022bd4fa126466d73505824,2e480e6398c427c1fe9f32a017e21c89530d80bd,2026-03-25T11:47:55.469Z,50,Hold & Wait,Hold & Wait,v1.1,,scheduled_etl,B,71800.51,artifact_spot_price_usd,30,2026-04-24,77461.8,btc_price_history.close_usd,0.07884749008050229,7.884749008050229,2d09d2d77fbe6b7f6c5765b48188ed1d2a88db2b,h4-forward-return-v1
2026-03-25,e729a533c5a9a76d2022bd4fa126466d73505824,2e480e6398c427c1fe9f32a017e21c89530d80bd,2026-03-25T11:47:55.469Z,50,Hold & Wait,Hold & Wait,v1.1,,scheduled_etl,B,71800.51,artifact_spot_price_usd,90,2026-06-23,62644.86,btc_price_history.close_usd,-0.12751511096508916,-12.751511096508917,2d09d2d77fbe6b7f6c5765b48188ed1d2a88db2b,h4-forward-return-v1
2026-03-26,745c2223c5603e5981f2bfd78058cb43634db599,81035753b22df3f9c087bcc259e6be9b435b4866,2026-03-26T11:54:54.675Z,55,Hold & Wait,Hold & Wait,v1.1,,scheduled_etl,B,69321.14,artifact_spot_price_usd,30,2026-04-25,77650.72,btc_price_history.close_usd,0.12015930493930127,12.015930493930128,2d09d2d77fbe6b7f6c5765b48188ed1d2a88db2b,h4-forward-return-v1
2026-03-26,745c2223c5603e5981f2bfd78058cb43634db599,81035753b22df3f9c087bcc259e6be9b435b4866,2026-03-26T11:54:54.675Z,55,Hold & Wait,Hold & Wait,v1.1,,scheduled_etl,B,69321.14,artifact_spot_price_usd,90,2026-06-24,60983.13,btc_price_history.close_usd,-0.12028091286438747,-12.028091286438746,2d09d2d77fbe6b7f6c5765b48188ed1d2a88db2b,h4-forward-return-v1
2026-03-27,99d4199228cd8dc280d65e54e8b49b6d32af4ce5,2a7c695bf2438ed16423ee6ca778492ccef20669,2026-03-27T11:47:14.451Z,60,Hold & Wait,Hold & Wait,v1.1,,scheduled_etl,B,66692.69,artifact_spot_price_usd,30,2026-04-26,78673.83,btc_price_history.close_usd,0.17964697480338554,17.964697480338554,2d09d2d77fbe6b7f6c5765b48188ed1d2a88db2b,h4-forward-return-v1
2026-03-27,99d4199228cd8dc280d65e54e8b49b6d32af4ce5,2a7c695bf2438ed16423ee6ca778492ccef20669,2026-03-27T11:47:14.451Z,60,Hold & Wait,Hold & Wait,v1.1,,scheduled_etl,B,66692.69,artifact_spot_price_usd,90,2026-06-25,59703.65,btc_price_history.close_usd,-0.10479469339143466,-10.479469339143465,2d09d2d77fbe6b7f6c5765b48188ed1d2a88db2b,h4-forward-return-v1
2026-03-28,578519eb3b98bb9a30c2749387cfedb3e026737b,8f23ae8312b6085fc96df52818395d77e7952be8,2026-03-28T11:35:13.687Z,55,Hold & Wait,Hold & Wait,v1.1,,scheduled_etl,B,66272,artifact_spot_price_usd,30,2026-04-27,77364.42,btc_price_history.close_usd,0.16737717286335108,16.73771728633511,2d09d2d77fbe6b7f6c5765b48188ed1d2a88db2b,h4-forward-return-v1
2026-03-28,578519eb3b98bb9a30c2749387cfedb3e026737b,8f23ae8312b6085fc96df52818395d77e7952be8,2026-03-28T11:35:13.687Z,55,Hold & Wait,Hold & Wait,v1.1,,scheduled_etl,B,66272,artifact_spot_price_usd,90,2026-06-26,60002.53,btc_price_history.close_usd,-0.09460209439884115,-9.460209439884116,2d09d2d77fbe6b7f6c5765b48188ed1d2a88db2b,h4-forward-return-v1
2026-03-31,d6312269a38db11da92d5b125176b7e14cd10fd9,4fea4aec349e6313ac7dc8a0ef26bb2d5d3f1109,2026-03-31T11:54:39.642Z,56,Hold & Wait,Hold & Wait,v1.1,,scheduled_etl,B,66523.58,artifact_spot_price_usd,30,2026-04-30,76305.78,btc_price_history.close_usd,0.14704861043257145,14.704861043257145,2d09d2d77fbe6b7f6c5765b48188ed1d2a88db2b,h4-forward-return-v1
2026-03-31,d6312269a38db11da92d5b125176b7e14cd10fd9,4fea4aec349e6313ac7dc8a0ef26bb2d5d3f1109,2026-03-31T11:54:39.642Z,56,Hold & Wait,Hold & Wait,v1.1,,scheduled_etl,B,66523.58,artifact_spot_price_usd,90,2026-06-29,60162.73,btc_price_history.close_usd,-0.09561797485944079,-9.56179748594408,2d09d2d77fbe6b7f6c5765b48188ed1d2a88db2b,h4-forward-return-v1
2026-04-01,b732c5ff4b27d2c99206e6d86c404bc0bddd6aa6,ffe5945b8197ee49be9a9fded26680528b26571a,2026-04-01T11:56:36.701Z,61,Hold & Wait,Hold & Wait,v1.1,,scheduled_etl,B,68703.71,artifact_spot_price_usd,30,2026-05-01,78234.05,btc_price_history.close_usd,0.1387165263709922,13.871652637099219,2d09d2d77fbe6b7f6c5765b48188ed1d2a88db2b,h4-forward-return-v1
2026-04-01,b732c5ff4b27d2c99206e6d86c404bc0bddd6aa6,ffe5945b8197ee49be9a9fded26680528b26571a,2026-04-01T11:56:36.701Z,61,Hold & Wait,Hold & Wait,v1.1,,scheduled_etl,B,68703.71,artifact_spot_price_usd,90,2026-06-30,58523.93,btc_price_history.close_usd,-0.1481692910033534,-14.81692910033534,2d09d2d77fbe6b7f6c5765b48188ed1d2a88db2b,h4-forward-return-v1
2026-04-02,06bb979d0135e91050848ec39f9efae2036602a1,5c5e38826e21223c988a74de0e80ecce02976c24,2026-04-02T11:52:06.998Z,58,Hold & Wait,Hold & Wait,v1.1,,scheduled_etl,B,66335.01,artifact_spot_price_usd,30,2026-05-02,78682.31,btc_price_history.close_usd,0.18613549617313696,18.613549617313694,2d09d2d77fbe6b7f6c5765b48188ed1d2a88db2b,h4-forward-return-v1
2026-04-02,06bb979d0135e91050848ec39f9efae2036602a1,5c5e38826e21223c988a74de0e80ecce02976c24,2026-04-02T11:52:06.998Z,58,Hold & Wait,Hold & Wait,v1.1,,scheduled_etl,B,66335.01,artifact_spot_price_usd,90,2026-07-01,59961.45,btc_price_history.close_usd,-0.09608139050555653,-9.608139050555653,2d09d2d77fbe6b7f6c5765b48188ed1d2a88db2b,h4-forward-return-v1
2026-04-03,98afb36f80636253b2392313d2b4364bad0a8dc5,b80747b670a170d63a5e2d79bb53796fd5163347,2026-04-03T11:42:12.843Z,62,Hold & Wait,Hold & Wait,v1.1,,scheduled_etl,B,66979.08,artifact_spot_price_usd,30,2026-05-03,78558.89,btc_price_history.close_usd,0.17288696709480034,17.288696709480035,2d09d2d77fbe6b7f6c5765b48188ed1d2a88db2b,h4-forward-return-v1
2026-04-03,98afb36f80636253b2392313d2b4364bad0a8dc5,b80747b670a170d63a5e2d79bb53796fd5163347,2026-04-03T11:42:12.843Z,62,Hold & Wait,Hold & Wait,v1.1,,scheduled_etl,B,66979.08,artifact_spot_price_usd,90,2026-07-02,61484.02,btc_price_history.close_usd,-0.08204143741598136,-8.204143741598136,2d09d2d77fbe6b7f6c5765b48188ed1d2a88db2b,h4-forward-return-v1
2026-04-07,063f1a8f2aa1c1ccfd917027ba6795ec0be14f2c,2c9741f344c97f5e97286ab69b485a6d96ed0cf7,2026-04-07T11:57:05.407Z,58,Hold & Wait,Hold & Wait,v1.1,,scheduled_etl,B,68343.78,artifact_spot_price_usd,30,2026-05-07,80005.38,btc_price_history.close_usd,0.17063147516862553,17.063147516862553,2d09d2d77fbe6b7f6c5765b48188ed1d2a88db2b,h4-forward-return-v1
2026-04-07,063f1a8f2aa1c1ccfd917027ba6795ec0be14f2c,2c9741f344c97f5e97286ab69b485a6d96ed0cf7,2026-04-07T11:57:05.407Z,58,Hold & Wait,Hold & Wait,v1.1,,scheduled_etl,B,68343.78,artifact_spot_price_usd,90,2026-07-06,64001.84,btc_price_history.close_usd,-0.06353087288996895,-6.353087288996894,2d09d2d77fbe6b7f6c5765b48188ed1d2a88db2b,h4-forward-return-v1
2026-04-08,dc6db82f8c89464a34ede61146493ed41fb27eff,45d9581c8cca3644fee85641639eab9e04450e27,2026-04-08T11:58:40.888Z,63,Hold & Wait,Hold & Wait,v1.1,,scheduled_etl,B,71713.17,artifact_spot_price_usd,30,2026-05-08,80188.82,btc_price_history.close_usd,0.11818819332627473,11.818819332627474,2d09d2d77fbe6b7f6c5765b48188ed1d2a88db2b,h4-forward-return-v1
2026-04-08,dc6db82f8c89464a34ede61146493ed41fb27eff,45d9581c8cca3644fee85641639eab9e04450e27,2026-04-08T11:58:40.888Z,63,Hold & Wait,Hold & Wait,v1.1,,scheduled_etl,B,71713.17,artifact_spot_price_usd,90,2026-07-07,63323.27,btc_price_history.close_usd,-0.11699245759182031,-11.69924575918203,2d09d2d77fbe6b7f6c5765b48188ed1d2a88db2b,h4-forward-return-v1
2026-04-09,a4ca31d384f02c78ade21f351274bcbfb40d4d84,b8b8c3997e71b81bde4a7c0f835e2b38f7e3f72c,2026-04-09T11:58:30.562Z,58,Hold & Wait,Hold & Wait,v1.1,,scheduled_etl,B,71156.16,artifact_spot_price_usd,30,2026-05-09,80655.96,btc_price_history.close_usd,0.133506361220167,13.350636122016702,2d09d2d77fbe6b7f6c5765b48188ed1d2a88db2b,h4-forward-return-v1
2026-04-09,a4ca31d384f02c78ade21f351274bcbfb40d4d84,b8b8c3997e71b81bde4a7c0f835e2b38f7e3f72c,2026-04-09T11:58:30.562Z,58,Hold & Wait,Hold & Wait,v1.1,,scheduled_etl,B,71156.16,artifact_spot_price_usd,90,2026-07-08,62237.7,btc_price_history.close_usd,-0.12533644311328784,-12.533644311328784,2d09d2d77fbe6b7f6c5765b48188ed1d2a88db2b,h4-forward-return-v1
2026-04-10,80826f6074f40db3e75d0cf02a9740bfd5e907e4,1eb47357f003049bb6bd91e89600669bdec772eb,2026-04-10T11:53:43.249Z,62,Hold & Wait,Hold & Wait,v1.1,,scheduled_etl,B,72240.26,artifact_spot_price_usd,30,2026-05-10,82199.99,btc_price_history.close_usd,0.1378695204031659,13.786952040316592,2d09d2d77fbe6b7f6c5765b48188ed1d2a88db2b,h4-forward-return-v1
2026-04-10,80826f6074f40db3e75d0cf02a9740bfd5e907e4,1eb47357f003049bb6bd91e89600669bdec772eb,2026-04-10T11:53:43.249Z,62,Hold & Wait,Hold & Wait,v1.1,,scheduled_etl,B,72240.26,artifact_spot_price_usd,90,2026-07-09,63175.25,btc_price_history.close_usd,-0.1254841829196074,-12.54841829196074,2d09d2d77fbe6b7f6c5765b48188ed1d2a88db2b,h4-forward-return-v1
2026-04-11,d5c651ca0c979820ba95de82a0b4357f326c92e0,8c277f773b4df9a53e2cfeb056cec10ec4bfe7b0,2026-04-11T11:37:11.720Z,60,Hold & Wait,Hold & Wait,v1.1,,scheduled_etl,B,72874.69,artifact_spot_price_usd,30,2026-05-11,81727.06,btc_price_history.close_usd,0.12147386150116035,12.147386150116034,2d09d2d77fbe6b7f6c5765b48188ed1d2a88db2b,h4-forward-return-v1
2026-04-11,d5c651ca0c979820ba95de82a0b4357f326c92e0,8c277f773b4df9a53e2cfeb056cec10ec4bfe7b0,2026-04-11T11:37:11.720Z,60,Hold & Wait,Hold & Wait,v1.1,,scheduled_etl,B,72874.69,artifact_spot_price_usd,90,2026-07-10,64128.49,btc_price_history.close_usd,-0.12001697708765557,-12.001697708765558,2d09d2d77fbe6b7f6c5765b48188ed1d2a88db2b,h4-forward-return-v1
2026-04-13,e35fb5d25f928965f189243db4bfcdfdb90bcafe,06d454acc445520d473cf151bf69358aefb2cfb9,2026-04-13T12:07:51.892Z,58,Hold & Wait,Hold & Wait,v1.1,,scheduled_etl,B,70896.98,artifact_spot_price_usd,30,2026-05-13,79288.26,btc_price_history.close_usd,0.11835877917507909,11.835877917507908,2d09d2d77fbe6b7f6c5765b48188ed1d2a88db2b,h4-forward-return-v1
2026-04-13,e35fb5d25f928965f189243db4bfcdfdb90bcafe,06d454acc445520d473cf151bf69358aefb2cfb9,2026-04-13T12:07:51.892Z,58,Hold & Wait,Hold & Wait,v1.1,,scheduled_etl,B,70896.98,artifact_spot_price_usd,90,2026-07-12,63740.32,btc_price_history.close_usd,-0.10094449721271626,-10.094449721271626,2d09d2d77fbe6b7f6c5765b48188ed1d2a88db2b,h4-forward-return-v1
2026-04-14,7aacfb8666b078bc2681d43f55d4213acc38a20d,5818b3b948b422e2a9f614db9943a8b89582a08c,2026-04-14T12:39:11.955Z,60,Hold & Wait,Hold & Wait,v1.1,,scheduled_etl,B,74347.65,artifact_spot_price_usd,30,2026-05-14,81079.39,btc_price_history.close_usd,0.09054408579154827,9.054408579154828,2d09d2d77fbe6b7f6c5765b48188ed1d2a88db2b,h4-forward-return-v1
2026-04-14,7aacfb8666b078bc2681d43f55d4213acc38a20d,5818b3b948b422e2a9f614db9943a8b89582a08c,2026-04-14T12:39:11.955Z,60,Hold & Wait,Hold & Wait,v1.1,,scheduled_etl,B,74347.65,artifact_spot_price_usd,90,2026-07-13,62264.94,btc_price_history.close_usd,-0.1625163673633261,-16.251636736332607,2d09d2d77fbe6b7f6c5765b48188ed1d2a88db2b,h4-forward-return-v1
2026-04-15,b85e003ed1f6f4e3e56e84bd8b40d8a844282687,2236de110dfbc8e03eaf44a491f08ace89d8bfb7,2026-04-15T11:59:40.385Z,59,Hold & Wait,Hold & Wait,v1.1,,scheduled_etl,B,74218.25,artifact_spot_price_usd,30,2026-05-15,79058.51,btc_price_history.close_usd,0.06521657409060433,6.521657409060433,2d09d2d77fbe6b7f6c5765b48188ed1d2a88db2b,h4-forward-return-v1
2026-04-15,b85e003ed1f6f4e3e56e84bd8b40d8a844282687,2236de110dfbc8e03eaf44a491f08ace89d8bfb7,2026-04-15T11:59:40.385Z,59,Hold & Wait,Hold & Wait,v1.1,,scheduled_etl,B,74218.25,artifact_spot_price_usd,90,2026-07-14,64988.64,btc_price_history.close_usd,-0.1243576883044265,-12.435768830442651,2d09d2d77fbe6b7f6c5765b48188ed1d2a88db2b,h4-forward-return-v1
2026-04-16,3f6620d93d9efc0a28c07854887f160795a531ea,ef6ca3dc4a3b13db8169fba3be09561dac05ec23,2026-04-16T12:02:44.471Z,52,Hold & Wait,Hold & Wait,v1.1,,scheduled_etl,B,74678.22,artifact_spot_price_usd,30,2026-05-16,78105.45,btc_price_history.close_usd,0.04589330061696706,4.589330061696706,2d09d2d77fbe6b7f6c5765b48188ed1d2a88db2b,h4-forward-return-v1
2026-04-16,3f6620d93d9efc0a28c07854887f160795a531ea,ef6ca3dc4a3b13db8169fba3be09561dac05ec23,2026-04-16T12:02:44.471Z,52,Hold & Wait,Hold & Wait,v1.1,,scheduled_etl,B,74678.22,artifact_spot_price_usd,90,2026-07-15,64716.63,btc_price_history.close_usd,-0.13339351152183332,-13.339351152183331,2d09d2d77fbe6b7f6c5765b48188ed1d2a88db2b,h4-forward-return-v1
2026-04-17,a68b4ff89fda1478454ceede05ac4dce2819ad1a,e4b6819ae8ce3952d299c85ba3a524ceb0fe0df3,2026-04-17T11:56:35.442Z,56,Hold & Wait,Hold & Wait,v1.1,,scheduled_etl,B,75569,artifact_spot_price_usd,30,2026-05-17,77407.59,btc_price_history.close_usd,0.024329950111818377,2.4329950111818377,2d09d2d77fbe6b7f6c5765b48188ed1d2a88db2b,h4-forward-return-v1
2026-04-17,a68b4ff89fda1478454ceede05ac4dce2819ad1a,e4b6819ae8ce3952d299c85ba3a524ceb0fe0df3,2026-04-17T11:56:35.442Z,56,Hold & Wait,Hold & Wait,v1.1,,scheduled_etl,B,75569,artifact_spot_price_usd,90,2026-07-16,63770.6,btc_price_history.close_usd,-0.15612751260437485,-15.612751260437484,2d09d2d77fbe6b7f6c5765b48188ed1d2a88db2b,h4-forward-return-v1
2026-04-18,39869271e3c082737d236e7aaab7ae7a1db1175f,7ce988a7b7eab69e109701c382ad5fcf5dff7ba1,2026-04-18T11:40:28.666Z,56,Hold & Wait,Hold & Wait,v1.1,,scheduled_etl,B,75975,artifact_spot_price_usd,30,2026-05-18,76943.98,btc_price_history.close_usd,0.012753932214544239,1.275393221454424,2d09d2d77fbe6b7f6c5765b48188ed1d2a88db2b,h4-forward-return-v1
2026-04-18,39869271e3c082737d236e7aaab7ae7a1db1175f,7ce988a7b7eab69e109701c382ad5fcf5dff7ba1,2026-04-18T11:40:28.666Z,56,Hold & Wait,Hold & Wait,v1.1,,scheduled_etl,B,75975,artifact_spot_price_usd,90,2026-07-17,63894,btc_price_history.close_usd,-0.15901283316880555,-15.901283316880555,2d09d2d77fbe6b7f6c5765b48188ed1d2a88db2b,h4-forward-return-v1
2026-04-19,ebf761e7f52aa427419998c824b5b0c462fe0060,6d7afdf61b52f3c5f9b924801919e9fdab271695,2026-04-19T18:04:31.994Z,55,Hold & Wait,Hold & Wait,v1.1,,scheduled_etl,B,74849.89,artifact_spot_price_usd,30,2026-05-19,76767.48,btc_price_history.close_usd,0.025619142526462024,2.5619142526462024,2d09d2d77fbe6b7f6c5765b48188ed1d2a88db2b,h4-forward-return-v1
2026-04-19,ebf761e7f52aa427419998c824b5b0c462fe0060,6d7afdf61b52f3c5f9b924801919e9fdab271695,2026-04-19T18:04:31.994Z,55,Hold & Wait,Hold & Wait,v1.1,,scheduled_etl,B,74849.89,artifact_spot_price_usd,90,2026-07-18,64796.36,btc_price_history.close_usd,-0.13431589545422173,-13.431589545422174,2d09d2d77fbe6b7f6c5765b48188ed1d2a88db2b,h4-forward-return-v1
2026-04-20,5e75e3564d2606f073957bbb690cb0f07717a609,660ccfdb16911871367f041c0fef8df18456122a,2026-04-20T12:08:53.835Z,55,Hold & Wait,Hold & Wait,v1.1,,scheduled_etl,B,75301.86,artifact_spot_price_usd,30,2026-05-20,77475.99,btc_price_history.close_usd,0.02887219518880424,2.887219518880424,2d09d2d77fbe6b7f6c5765b48188ed1d2a88db2b,h4-forward-return-v1
2026-04-20,5e75e3564d2606f073957bbb690cb0f07717a609,660ccfdb16911871367f041c0fef8df18456122a,2026-04-20T12:08:53.835Z,55,Hold & Wait,Hold & Wait,v1.1,,scheduled_etl,B,75301.86,artifact_spot_price_usd,90,2026-07-19,64681.78,btc_price_history.close_usd,-0.1410334352962862,-14.10334352962862,2d09d2d77fbe6b7f6c5765b48188ed1d2a88db2b,h4-forward-return-v1
2026-04-21,c373863c9ea9c0814b2d2810a21d9a70a6aae75d,635bd0910dccb5ad91253acfb3b8fc8aab9c367f,2026-04-21T12:03:12.096Z,57,Hold & Wait,Hold & Wait,v1.1,,scheduled_etl,B,76513.1,artifact_spot_price_usd,30,2026-05-21,77547.62,btc_price_history.close_usd,0.01352082192461146,1.352082192461146,2d09d2d77fbe6b7f6c5765b48188ed1d2a88db2b,h4-forward-return-v1
2026-04-21,c373863c9ea9c0814b2d2810a21d9a70a6aae75d,635bd0910dccb5ad91253acfb3b8fc8aab9c367f,2026-04-21T12:03:12.096Z,57,Hold & Wait,Hold & Wait,v1.1,,scheduled_etl,B,76513.1,artifact_spot_price_usd,90,2026-07-20,65213.05,btc_price_history.close_usd,-0.14768778156943063,-14.768778156943064,2d09d2d77fbe6b7f6c5765b48188ed1d2a88db2b,h4-forward-return-v1
2026-04-22,68493787c0503e19e3fe642b6051b3f23caf130a,0d66c0b828622ffebf94bc2d51d383b5cd2e6df7,2026-04-22T12:02:42.923Z,57,Hold & Wait,Hold & Wait,v1.1,,scheduled_etl,B,78288.85,artifact_spot_price_usd,30,2026-05-22,75443.91,btc_price_history.close_usd,-0.03633901890243629,-3.6339018902436293,2d09d2d77fbe6b7f6c5765b48188ed1d2a88db2b,h4-forward-return-v1
2026-04-22,68493787c0503e19e3fe642b6051b3f23caf130a,0d66c0b828622ffebf94bc2d51d383b5cd2e6df7,2026-04-22T12:02:42.923Z,57,Hold & Wait,Hold & Wait,v1.1,,scheduled_etl,B,78288.85,artifact_spot_price_usd,90,2026-07-21,66516.18,btc_price_history.close_usd,-0.15037479794376862,-15.037479794376862,2d09d2d77fbe6b7f6c5765b48188ed1d2a88db2b,h4-forward-return-v1
2026-04-23,7e374da92a0140b538379cbff03d4b4f07a32dc7,ad7be3246b9829609041d58f463f40bdd52e01c2,2026-04-23T12:02:44.931Z,58,Hold & Wait,Hold & Wait,v1.1,,scheduled_etl,B,77778.64,artifact_spot_price_usd,30,2026-05-23,76650,btc_price_history.close_usd,-0.014510924850318796,-1.4510924850318796,2d09d2d77fbe6b7f6c5765b48188ed1d2a88db2b,h4-forward-return-v1
2026-04-23,7e374da92a0140b538379cbff03d4b4f07a32dc7,ad7be3246b9829609041d58f463f40bdd52e01c2,2026-04-23T12:02:44.931Z,58,Hold & Wait,Hold & Wait,v1.1,,scheduled_etl,B,77778.64,artifact_spot_price_usd,90,2026-07-22,66086.61,btc_price_history.close_usd,-0.15032443354627956,-15.032443354627956,2d09d2d77fbe6b7f6c5765b48188ed1d2a88db2b,h4-forward-return-v1
2026-04-24,6d37de82930aabbffb1ff4e4e3a47d8d988849bc,790fd9c3aa5b4013ab626244c036907a5440c5c4,2026-04-24T12:01:47.949Z,58,Hold & Wait,Hold & Wait,v1.1,,scheduled_etl,B,78263.97,artifact_spot_price_usd,30,2026-05-24,76975.99,btc_price_history.close_usd,-0.01645687025587883,-1.645687025587883,2d09d2d77fbe6b7f6c5765b48188ed1d2a88db2b,h4-forward-return-v1
2026-04-24,6d37de82930aabbffb1ff4e4e3a47d8d988849bc,790fd9c3aa5b4013ab626244c036907a5440c5c4,2026-04-24T12:01:47.949Z,58,Hold & Wait,Hold & Wait,v1.1,,scheduled_etl,B,78263.97,artifact_spot_price_usd,90,2026-07-23,65051.23,btc_price_history.close_usd,-0.16882276736025525,-16.882276736025524,2d09d2d77fbe6b7f6c5765b48188ed1d2a88db2b,h4-forward-return-v1
2026-04-25,367f2d14750d40168d52c2f6dc65111326108f84,1095549297b6289acd1a71e1c08f43340df7cd4d,2026-04-25T11:43:17.042Z,52,Hold & Wait,Hold & Wait,v1.1,,scheduled_etl,B,77698.05,artifact_spot_price_usd,30,2026-05-25,77249.07,btc_price_history.close_usd,-0.005778523399235791,-0.5778523399235791,2d09d2d77fbe6b7f6c5765b48188ed1d2a88db2b,h4-forward-return-v1
2026-04-25,367f2d14750d40168d52c2f6dc65111326108f84,1095549297b6289acd1a71e1c08f43340df7cd4d,2026-04-25T11:43:17.042Z,52,Hold & Wait,Hold & Wait,v1.1,,scheduled_etl,B,77698.05,artifact_spot_price_usd,90,2026-07-24,64083.32,btc_price_history.close_usd,-0.17522614788916846,-17.522614788916847,2d09d2d77fbe6b7f6c5765b48188ed1d2a88db2b,h4-forward-return-v1
2026-04-26,6737a94cea5a17d440ebdf7009479ea89e417dde,55178238f6ed9e5735d954cc525499ecd8aaf437,2026-04-26T11:44:30.598Z,60,Hold & Wait,Hold & Wait,v1.1,,scheduled_etl,B,78103.36,artifact_spot_price_usd,30,2026-05-26,75826.1,btc_price_history.close_usd,-0.029157004256923025,-2.9157004256923025,2d09d2d77fbe6b7f6c5765b48188ed1d2a88db2b,h4-forward-return-v1
2026-04-26,6737a94cea5a17d440ebdf7009479ea89e417dde,55178238f6ed9e5735d954cc525499ecd8aaf437,2026-04-26T11:44:30.598Z,60,Hold & Wait,Hold & Wait,v1.1,,scheduled_etl,B,78103.36,artifact_spot_price_usd,90,2026-07-25,64295.61,btc_price_history.close_usd,-0.17678816890848226,-17.678816890848225,2d09d2d77fbe6b7f6c5765b48188ed1d2a88db2b,h4-forward-return-v1
2026-04-27,87254fa3d33b4022d79a4573476b0f8ade1fe3c7,4e21b0b0a90c66d125fabf902d1c7133fb6818e7,2026-04-27T12:22:38.011Z,60,Hold & Wait,Hold & Wait,v1.1,,scheduled_etl,B,77849.8,artifact_spot_price_usd,30,2026-05-27,74315.98,btc_price_history.close_usd,-0.04539279484340364,-4.539279484340364,2d09d2d77fbe6b7f6c5765b48188ed1d2a88db2b,h4-forward-return-v1
2026-04-27,87254fa3d33b4022d79a4573476b0f8ade1fe3c7,4e21b0b0a90c66d125fabf902d1c7133fb6818e7,2026-04-27T12:22:38.011Z,60,Hold & Wait,Hold & Wait,v1.1,,scheduled_etl,B,77849.8,artifact_spot_price_usd,90,2026-07-26,65341.07,btc_price_history.close_usd,-0.16067774098327814,-16.067774098327813,2d09d2d77fbe6b7f6c5765b48188ed1d2a88db2b,h4-forward-return-v1
2026-04-28,a497e15640692abea608e06c92ccced2651a993a,ef117d32322e7a6dd9d2efe43eaf642ed7e009f2,2026-04-28T12:26:21.567Z,51,Hold & Wait,Hold & Wait,v1.1,,scheduled_etl,B,76217.69,artifact_spot_price_usd,30,2026-05-28,73512.56,btc_price_history.close_usd,-0.035492154118026975,-3.5492154118026975,2d09d2d77fbe6b7f6c5765b48188ed1d2a88db2b,h4-forward-return-v1
2026-04-28,a497e15640692abea608e06c92ccced2651a993a,ef117d32322e7a6dd9d2efe43eaf642ed7e009f2,2026-04-28T12:26:21.567Z,51,Hold & Wait,Hold & Wait,v1.1,,scheduled_etl,B,76217.69,artifact_spot_price_usd,90,2026-07-27,63694.43,btc_price_history.close_usd,-0.16430909937050053,-16.430909937050053,2d09d2d77fbe6b7f6c5765b48188ed1d2a88db2b,h4-forward-return-v1
2026-04-29,bf1b92c932aca2bc6db4c578cb893c547c029e49,cd858b50c5d4e667a0e26d988801108e5d7d46cb,2026-04-29T12:20:34.918Z,60,Hold & Wait,Hold & Wait,v1.1,,scheduled_etl,B,77355.39,artifact_spot_price_usd,30,2026-05-29,73366.77,btc_price_history.close_usd,-0.05156227639728783,-5.156227639728783,2d09d2d77fbe6b7f6c5765b48188ed1d2a88db2b,h4-forward-return-v1
2026-04-29,bf1b92c932aca2bc6db4c578cb893c547c029e49,cd858b50c5d4e667a0e26d988801108e5d7d46cb,2026-04-29T12:20:34.918Z,60,Hold & Wait,Hold & Wait,v1.1,,scheduled_etl,B,77355.39,artifact_spot_price_usd,90,2026-07-28,63847.12,btc_price_history.close_usd,-0.17462609909923532,-17.462609909923533,2d09d2d77fbe6b7f6c5765b48188ed1d2a88db2b,h4-forward-return-v1
2026-04-30,85db28d5a19acbf670d92267a8fca63186d878c9,b27ccb7682fb328c406394b1b6ec58b2fd23d4a3,2026-04-30T12:18:23.942Z,53,Hold & Wait,Hold & Wait,v1.1,,scheduled_etl,B,76181.62,artifact_spot_price_usd,30,2026-05-30,73770.69,btc_price_history.close_usd,-0.03164713483383519,-3.164713483383519,2d09d2d77fbe6b7f6c5765b48188ed1d2a88db2b,h4-forward-return-v1
2026-04-30,85db28d5a19acbf670d92267a8fca63186d878c9,b27ccb7682fb328c406394b1b6ec58b2fd23d4a3,2026-04-30T12:18:23.942Z,53,Hold & Wait,Hold & Wait,v1.1,,scheduled_etl,B,76181.62,artifact_spot_price_usd,90,2026-07-29,63896.14,btc_price_history.close_usd,-0.16126567011833037,-16.12656701183304,2d09d2d77fbe6b7f6c5765b48188ed1d2a88db2b,h4-forward-return-v1
2026-05-01,f836cbb5fdeb47ca299cdab58d3a6af53b76faa1,f8c4222248b0a937e5573dc89658a9e1a140eadc,2026-05-01T12:03:19.941Z,61,Hold & Wait,Hold & Wait,v1.1,,scheduled_etl,B,77435.79,artifact_spot_price_usd,30,2026-05-31,73575.17,btc_price_history.close_usd,-0.049855757912458776,-4.985575791245878,2d09d2d77fbe6b7f6c5765b48188ed1d2a88db2b,h4-forward-return-v1
2026-05-01,f836cbb5fdeb47ca299cdab58d3a6af53b76faa1,f8c4222248b0a937e5573dc89658a9e1a140eadc,2026-05-01T12:03:19.941Z,61,Hold & Wait,Hold & Wait,v1.1,,scheduled_etl,B,77435.79,artifact_spot_price_usd,90,2026-07-30,64721.9,btc_price_history.close_usd,-0.16418622448353648,-16.41862244835365,2d09d2d77fbe6b7f6c5765b48188ed1d2a88db2b,h4-forward-return-v1
2026-05-02,af65f610708de34797d418be09cdc394f67488ec,e5c3a15a0a7d1bd5d610624df03c7474b5b1eda8,2026-05-02T11:51:59.868Z,62,Hold & Wait,Hold & Wait,v1.1,,scheduled_etl,B,78102,artifact_spot_price_usd,30,2026-06-01,71314.42,btc_price_history.close_usd,-0.08690660930577965,-8.690660930577964,2d09d2d77fbe6b7f6c5765b48188ed1d2a88db2b,h4-forward-return-v1
2026-05-02,af65f610708de34797d418be09cdc394f67488ec,e5c3a15a0a7d1bd5d610624df03c7474b5b1eda8,2026-05-02T11:51:59.868Z,62,Hold & Wait,Hold & Wait,v1.1,,scheduled_etl,B,78102,artifact_spot_price_usd,90,2026-07-31,62825.9,btc_price_history.close_usd,-0.1955916621853473,-19.559166218534727,2d09d2d77fbe6b7f6c5765b48188ed1d2a88db2b,h4-forward-return-v1
2026-05-03,92287c2fd1cca366ac732efd36e644be045021df,8b0e47adb60c10ef690948153d7f2a984d26f630,2026-05-03T11:50:53.866Z,54,Hold & Wait,Hold & Wait,v1.1,,scheduled_etl,B,78794.01,artifact_spot_price_usd,30,2026-06-02,66658.35,btc_price_history.close_usd,-0.1540175452423349,-15.40175452423349,2d09d2d77fbe6b7f6c5765b48188ed1d2a88db2b,h4-forward-return-v1
2026-05-03,92287c2fd1cca366ac732efd36e644be045021df,8b0e47adb60c10ef690948153d7f2a984d26f630,2026-05-03T11:50:53.866Z,54,Hold & Wait,Hold & Wait,v1.1,,scheduled_etl,B,78794.01,artifact_spot_price_usd,90,2026-08-01,62764.2,btc_price_history.close_usd,-0.20343944926778057,-20.343944926778057,2d09d2d77fbe6b7f6c5765b48188ed1d2a88db2b,h4-forward-return-v1
2026-05-04,3c3046b81c757a7a1ab68256625dd44f1d0e0ee6,2fd494f8a85ac873292d6a22b13ad29e0db5bf44,2026-05-04T12:23:12.943Z,53,Hold & Wait,Hold & Wait,v1.1,,scheduled_etl,B,78956.51,artifact_spot_price_usd,30,2026-06-03,64040,btc_price_history.close_usd,-0.1889205842558137,-18.89205842558137,2d09d2d77fbe6b7f6c5765b48188ed1d2a88db2b,h4-forward-return-v1
2026-05-04,3c3046b81c757a7a1ab68256625dd44f1d0e0ee6,2fd494f8a85ac873292d6a22b13ad29e0db5bf44,2026-05-04T12:23:12.943Z,53,Hold & Wait,Hold & Wait,v1.1,,scheduled_etl,B,78956.51,artifact_spot_price_usd,90,2026-08-02,63499.49,btc_price_history.close_usd,-0.19576625157317618,-19.57662515731762,2d09d2d77fbe6b7f6c5765b48188ed1d2a88db2b,h4-forward-return-v1
2026-05-05,d55274557b3ed1fea7bd9fa62e1bbef879872b4b,db1d9921e0fe5b1c2f8d64c5f548883ed67f302c,2026-05-05T12:07:36.276Z,61,Hold & Wait,Hold & Wait,v1.1,,scheduled_etl,B,81009.95,artifact_spot_price_usd,30,2026-06-04,63806.02,btc_price_history.close_usd,-0.2123681103370636,-21.23681103370636,2d09d2d77fbe6b7f6c5765b48188ed1d2a88db2b,h4-forward-return-v1
2026-05-05,d55274557b3ed1fea7bd9fa62e1bbef879872b4b,db1d9921e0fe5b1c2f8d64c5f548883ed67f302c,2026-05-05T12:07:36.276Z,61,Hold & Wait,Hold & Wait,v1.1,,scheduled_etl,B,81009.95,artifact_spot_price_usd,90,2026-08-03,63466.51,btc_price_history.close_usd,-0.2165590770022694,-21.65590770022694,2d09d2d77fbe6b7f6c5765b48188ed1d2a88db2b,h4-forward-return-v1
2026-05-06,977140dc0debbc6f7ee50560d558f17885f4fd8d,8fac5ed70775af0a7d96d689d30f5672c4525c57,2026-05-06T12:58:35.906Z,51,Hold & Wait,Hold & Wait,v1.1,,scheduled_etl,B,82276.36,artifact_spot_price_usd,30,2026-06-05,61032,btc_price_history.close_usd,-0.25820733926488726,-25.820733926488725,2d09d2d77fbe6b7f6c5765b48188ed1d2a88db2b,h4-forward-return-v1
2026-05-06,977140dc0debbc6f7ee50560d558f17885f4fd8d,8fac5ed70775af0a7d96d689d30f5672c4525c57,2026-05-06T12:58:35.906Z,51,Hold & Wait,Hold & Wait,v1.1,,scheduled_etl,B,82276.36,artifact_spot_price_usd,90,2026-08-04,64050.51,btc_price_history.close_usd,-0.2215198873649733,-22.15198873649733,2d09d2d77fbe6b7f6c5765b48188ed1d2a88db2b,h4-forward-return-v1
2026-05-07,ea29e5c6f64489deec5836e7524a492ae2244ba1,da4616f39d3ccbeb2ec05b1f96c99db7204da395,2026-05-07T13:00:09.674Z,47,Moderate Buying,Moderate Buying,v1.1,,scheduled_etl,B,81171.99,artifact_spot_price_usd,30,2026-06-06,60850.48,btc_price_history.close_usd,-0.25035126033007205,-25.035126033007206,2d09d2d77fbe6b7f6c5765b48188ed1d2a88db2b,h4-forward-return-v1
2026-05-07,ea29e5c6f64489deec5836e7524a492ae2244ba1,da4616f39d3ccbeb2ec05b1f96c99db7204da395,2026-05-07T13:00:09.674Z,47,Moderate Buying,Moderate Buying,v1.1,,scheduled_etl,B,81171.99,artifact_spot_price_usd,90,2026-08-05,64603.03,btc_price_history.close_usd,-0.20412164343882666,-20.412164343882665,2d09d2d77fbe6b7f6c5765b48188ed1d2a88db2b,h4-forward-return-v1
2026-05-08,7aeee427df69540d67649dd1104222427a2208bf,1c2e8bc570523135c2c1d08ff673625554658258,2026-05-08T15:47:56.343Z,47,Moderate Buying,Moderate Buying,v1.1,,scheduled_etl,B,79933.79,artifact_spot_price_usd,30,2026-06-07,63302.73,btc_price_history.close_usd,-0.20806044602664264,-20.806044602664265,2d09d2d77fbe6b7f6c5765b48188ed1d2a88db2b,h4-forward-return-v1
2026-05-08,7aeee427df69540d67649dd1104222427a2208bf,1c2e8bc570523135c2c1d08ff673625554658258,2026-05-08T15:47:56.343Z,47,Moderate Buying,Moderate Buying,v1.1,,scheduled_etl,B,79933.79,artifact_spot_price_usd,90,2026-08-06,64267.3,btc_price_history.close_usd,-0.19599333398303764,-19.599333398303763,2d09d2d77fbe6b7f6c5765b48188ed1d2a88db2b,h4-forward-return-v1
2026-05-09,126f9980e35ecf8a4511213a779166b947612dc7,cbe9a4fa77d50b88a4870131cebae7cb3e457ec7,2026-05-09T11:55:39.006Z,49,Moderate Buying,Moderate Buying,v1.1,,scheduled_etl,B,80330.73,artifact_spot_price_usd,30,2026-06-08,63062.98,btc_price_history.close_usd,-0.2149582108864191,-21.495821088641907,2d09d2d77fbe6b7f6c5765b48188ed1d2a88db2b,h4-forward-return-v1
2026-05-09,126f9980e35ecf8a4511213a779166b947612dc7,cbe9a4fa77d50b88a4870131cebae7cb3e457ec7,2026-05-09T11:55:39.006Z,49,Moderate Buying,Moderate Buying,v1.1,,scheduled_etl,B,80330.73,artifact_spot_price_usd,90,2026-08-07,64891.61,btc_price_history.close_usd,-0.19219444414360476,-19.219444414360474,2d09d2d77fbe6b7f6c5765b48188ed1d2a88db2b,h4-forward-return-v1
2026-05-10,38f800fc53f934d82c6fe0b59de06db9fd96faff,2bca48bd80f2766d0c0e0c3726d29a53dd6ea614,2026-05-10T11:58:01.675Z,51,Hold & Wait,Hold & Wait,v1.1,,scheduled_etl,B,80815.93,artifact_spot_price_usd,30,2026-06-09,61685.8,btc_price_history.close_usd,-0.23671236599021994,-23.671236599021995,2d09d2d77fbe6b7f6c5765b48188ed1d2a88db2b,h4-forward-return-v1
2026-05-10,38f800fc53f934d82c6fe0b59de06db9fd96faff,2bca48bd80f2766d0c0e0c3726d29a53dd6ea614,2026-05-10T11:58:01.675Z,51,Hold & Wait,Hold & Wait,v1.1,,scheduled_etl,B,80815.93,artifact_spot_price_usd,90,2026-08-08,64908.72,btc_price_history.close_usd,-0.19683260466098695,-19.683260466098695,2d09d2d77fbe6b7f6c5765b48188ed1d2a88db2b,h4-forward-return-v1
2026-05-11,194c20550576fcb303afa66b5450071513383280,80619cf7f5ecd1a53dd99d8f40e87f28292b1db8,2026-05-11T13:50:25.705Z,52,Hold & Wait,Hold & Wait,v1.1,,scheduled_etl,B,80985.83,artifact_spot_price_usd,30,2026-06-10,61449.46,btc_price_history.close_usd,-0.2412319537874712,-24.12319537874712,2d09d2d77fbe6b7f6c5765b48188ed1d2a88db2b,h4-forward-return-v1
2026-05-11,194c20550576fcb303afa66b5450071513383280,80619cf7f5ecd1a53dd99d8f40e87f28292b1db8,2026-05-11T13:50:25.705Z,52,Hold & Wait,Hold & Wait,v1.1,,scheduled_etl,B,80985.83,artifact_spot_price_usd,90,2026-08-09,64848.69,btc_price_history.close_usd,-0.19925880860886402,-19.9258808608864,2d09d2d77fbe6b7f6c5765b48188ed1d2a88db2b,h4-forward-return-v1
2026-05-12,94607419d842d88ec59cbea6dd5d25819b956a0a,f47621e34ed4a139b6b441ce38067f528dced44a,2026-05-12T13:08:47.851Z,54,Hold & Wait,Hold & Wait,v1.1,,scheduled_etl,B,80885.23,artifact_spot_price_usd,30,2026-06-11,63563.42,btc_price_history.close_usd,-0.2141529423851548,-21.415294238515482,2d09d2d77fbe6b7f6c5765b48188ed1d2a88db2b,h4-forward-return-v1
2026-05-12,94607419d842d88ec59cbea6dd5d25819b956a0a,f47621e34ed4a139b6b441ce38067f528dced44a,2026-05-12T13:08:47.851Z,54,Hold & Wait,Hold & Wait,v1.1,,scheduled_etl,B,80885.23,artifact_spot_price_usd,90,2026-08-10,63911.88,btc_price_history.close_usd,-0.2098448629001859,-20.984486290018587,2d09d2d77fbe6b7f6c5765b48188ed1d2a88db2b,h4-forward-return-v1
2026-05-13,a8ef8376188abb532beed8680e25e237edee91b1,42b38dec08670bc5a1a4165908d9b0a8f0384bf7,2026-05-13T13:21:31.784Z,56,Hold & Wait,Hold & Wait,v1.1,,scheduled_etl,B,80260.12,artifact_spot_price_usd,30,2026-06-12,63538.43,btc_price_history.close_usd,-0.20834369547416565,-20.834369547416564,2d09d2d77fbe6b7f6c5765b48188ed1d2a88db2b,h4-forward-return-v1
2026-05-13,a8ef8376188abb532beed8680e25e237edee91b1,42b38dec08670bc5a1a4165908d9b0a8f0384bf7,2026-05-13T13:21:31.784Z,56,Hold & Wait,Hold & Wait,v1.1,,scheduled_etl,B,80260.12,artifact_spot_price_usd,90,2026-08-11,63531.75,btc_price_history.close_usd,-0.20842692485383774,-20.842692485383772,2d09d2d77fbe6b7f6c5765b48188ed1d2a88db2b,h4-forward-return-v1
2026-05-14,41f2d198a492997f13aaf11ce3c756c685f3aa38,559e1c9dbf94fbc8719ad40d25fb80dcf04abe81,2026-05-14T12:57:44.285Z,56,Hold & Wait,Hold & Wait,v1.1,,scheduled_etl,B,79726,artifact_spot_price_usd,30,2026-06-13,64429.99,btc_price_history.close_usd,-0.19185723603341442,-19.185723603341444,2d09d2d77fbe6b7f6c5765b48188ed1d2a88db2b,h4-forward-return-v1
2026-05-14,41f2d198a492997f13aaf11ce3c756c685f3aa38,559e1c9dbf94fbc8719ad40d25fb80dcf04abe81,2026-05-14T12:57:44.285Z,56,Hold & Wait,Hold & Wait,v1.1,,scheduled_etl,B,79726,artifact_spot_price_usd,90,2026-08-12,63411.72,btc_price_history.close_usd,-0.20462935554273387,-20.462935554273386,2d09d2d77fbe6b7f6c5765b48188ed1d2a88db2b,h4-forward-return-v1
2026-05-15,9784ad6426b88b5526058c1d062fae4da747c271,c904b8a475706ae9847a2329aebc08b0aca1ffe4,2026-05-15T12:59:11.461Z,56,Hold & Wait,Hold & Wait,v1.1,,scheduled_etl,B,80370.39,artifact_spot_price_usd,30,2026-06-14,65706.62,btc_price_history.close_usd,-0.18245239322591322,-18.245239322591324,2d09d2d77fbe6b7f6c5765b48188ed1d2a88db2b,h4-forward-return-v1
2026-05-15,9784ad6426b88b5526058c1d062fae4da747c271,c904b8a475706ae9847a2329aebc08b0aca1ffe4,2026-05-15T12:59:11.461Z,56,Hold & Wait,Hold & Wait,v1.1,,scheduled_etl,B,80370.39,artifact_spot_price_usd,90,2026-08-13,63425.35,btc_price_history.close_usd,-0.21083685173109157,-21.083685173109156,2d09d2d77fbe6b7f6c5765b48188ed1d2a88db2b,h4-forward-return-v1
2026-05-16,ee1e50230dea420f54b5b53a2fe83ff4c5cd971d,168052e455e156fbfa14599a1a1c6b6dd71e37d7,2026-05-16T11:56:31.013Z,56,Hold & Wait,Hold & Wait,v1.1,,scheduled_etl,B,78064.2,artifact_spot_price_usd,30,2026-06-15,66276.8,btc_price_history.close_usd,-0.1509962313070523,-15.09962313070523,2d09d2d77fbe6b7f6c5765b48188ed1d2a88db2b,h4-forward-return-v1
2026-05-16,ee1e50230dea420f54b5b53a2fe83ff4c5cd971d,168052e455e156fbfa14599a1a1c6b6dd71e37d7,2026-05-16T11:56:31.013Z,56,Hold & Wait,Hold & Wait,v1.1,,scheduled_etl,B,78064.2,artifact_spot_price_usd,90,2026-08-14,62975.19,btc_price_history.close_usd,-0.19328975381801128,-19.32897538180113,2d09d2d77fbe6b7f6c5765b48188ed1d2a88db2b,h4-forward-return-v1
2026-05-17,283eca3fb47ceabfdbde3de0847d631609b31738,655abbceaaa82c9dfaba348648d0a4f270a4318b,2026-05-17T12:02:39.090Z,57,Hold & Wait,Hold & Wait,v1.1,,scheduled_etl,B,78387.15,artifact_spot_price_usd,30,2026-06-16,65616.64,btc_price_history.close_usd,-0.16291586057153495,-16.291586057153495,2d09d2d77fbe6b7f6c5765b48188ed1d2a88db2b,h4-forward-return-v1
2026-05-17,283eca3fb47ceabfdbde3de0847d631609b31738,655abbceaaa82c9dfaba348648d0a4f270a4318b,2026-05-17T12:02:39.090Z,57,Hold & Wait,Hold & Wait,v1.1,,scheduled_etl,B,78387.15,artifact_spot_price_usd,90,2026-08-15,63018.75,btc_price_history.close_usd,-0.19605764465221653,-19.605764465221654,2d09d2d77fbe6b7f6c5765b48188ed1d2a88db2b,h4-forward-return-v1
2026-05-18,7476f7ab2c37338b1b339121e3ef384b5f372739,8819d7917aa575765346beff793deb4624b31691,2026-05-18T14:34:15.352Z,58,Hold & Wait,Hold & Wait,v1.1,,scheduled_etl,B,76427.99,artifact_spot_price_usd,30,2026-06-17,64446.04,btc_price_history.close_usd,-0.1567743702274521,-15.677437022745211,2d09d2d77fbe6b7f6c5765b48188ed1d2a88db2b,h4-forward-return-v1
2026-05-18,7476f7ab2c37338b1b339121e3ef384b5f372739,8819d7917aa575765346beff793deb4624b31691,2026-05-18T14:34:15.352Z,58,Hold & Wait,Hold & Wait,v1.1,,scheduled_etl,B,76427.99,artifact_spot_price_usd,90,2026-08-16,62836.66,btc_price_history.close_usd,-0.17783183883286735,-17.783183883286735,2d09d2d77fbe6b7f6c5765b48188ed1d2a88db2b,h4-forward-return-v1
2026-05-19,af3e6d196ec4e7803c849d56ec998a95847aa2c7,191b93cc77b34d97ad9337e1e59a76760e4e40bf,2026-05-19T13:57:09.956Z,62,Hold & Wait,Hold & Wait,v1.1,,scheduled_etl,B,76907.25,artifact_spot_price_usd,30,2026-06-18,62879.01,btc_price_history.close_usd,-0.18240464975668746,-18.240464975668747,2d09d2d77fbe6b7f6c5765b48188ed1d2a88db2b,h4-forward-return-v1
2026-05-19,af3e6d196ec4e7803c849d56ec998a95847aa2c7,191b93cc77b34d97ad9337e1e59a76760e4e40bf,2026-05-19T13:57:09.956Z,62,Hold & Wait,Hold & Wait,v1.1,,scheduled_etl,B,76907.25,artifact_spot_price_usd,90,2026-08-17,64484.18,btc_price_history.close_usd,-0.16153314544467523,-16.153314544467523,2d09d2d77fbe6b7f6c5765b48188ed1d2a88db2b,h4-forward-return-v1
2026-05-20,7a03f5fc5eee7fc9d2f9f218aeefde7db303eb42,fae4b4fe9622ca3b25103476a69bb4decb937388,2026-05-20T13:44:20.731Z,62,Hold & Wait,Hold & Wait,v1.1,,scheduled_etl,B,76937.96,artifact_spot_price_usd,30,2026-06-19,63475.2,btc_price_history.close_usd,-0.17498202447790412,-17.498202447790412,2d09d2d77fbe6b7f6c5765b48188ed1d2a88db2b,h4-forward-return-v1
2026-05-21,f113f46a601932e8184998026d2d324762c6e004,3161ef9e407ccf0acc80a4a16b08b2239a1ad73b,2026-05-21T14:16:17.672Z,61,Hold & Wait,Hold & Wait,v1.1,,scheduled_etl,B,77006.99,artifact_spot_price_usd,30,2026-06-20,64222.99,btc_price_history.close_usd,-0.16601090368549665,-16.601090368549663,2d09d2d77fbe6b7f6c5765b48188ed1d2a88db2b,h4-forward-return-v1
2026-05-22,6d24c15d289d6fc9618a83d94350f9a2e2414959,dd6af4ac0ea508e7074e6f390039232ae34f573a,2026-05-22T13:34:16.313Z,60,Hold & Wait,Hold & Wait,v1.1,,scheduled_etl,B,77187.76,artifact_spot_price_usd,30,2026-06-21,63235.63,btc_price_history.close_usd,-0.18075573121956123,-18.075573121956122,2d09d2d77fbe6b7f6c5765b48188ed1d2a88db2b,h4-forward-return-v1
2026-05-23,2d6c3bbb1d13be7da9688199d41c775dc4fdf184,040a5f0c2b5823989f1332a3bfb922c9d8a02815,2026-05-23T12:03:14.447Z,58,Hold & Wait,Hold & Wait,v1.1,,scheduled_etl,B,74702.59,artifact_spot_price_usd,30,2026-06-22,63950.61,btc_price_history.close_usd,-0.14393048487341598,-14.393048487341598,2d09d2d77fbe6b7f6c5765b48188ed1d2a88db2b,h4-forward-return-v1
2026-05-24,9b92502ff96e63da4059c37fcc2c7e2d89248c2c,f7c4f67cf233aaffd44802ecd2c6295ace1c8ad4,2026-05-24T12:04:40.538Z,58,Hold & Wait,Hold & Wait,v1.1,,scheduled_etl,B,77159.36,artifact_spot_price_usd,30,2026-06-23,62644.86,btc_price_history.close_usd,-0.18811068417363752,-18.811068417363753,2d09d2d77fbe6b7f6c5765b48188ed1d2a88db2b,h4-forward-return-v1
2026-05-26,a78c4e34f1b984e08448c97d50cf39318c1719f3,b333e3221c872d1835058d5c6ce793c366dd6a74,2026-05-26T13:57:24.837Z,57,Hold & Wait,Hold & Wait,v1.1,,scheduled_etl,B,77242.39,artifact_spot_price_usd,30,2026-06-25,59703.65,btc_price_history.close_usd,-0.22706107358925587,-22.706107358925586,2d09d2d77fbe6b7f6c5765b48188ed1d2a88db2b,h4-forward-return-v1
2026-05-27,8e3471166822119b7d78fe90b1de1b6d87b60815,7b88b7fb82cdf7c9df96efc2db209b2c00f84d9a,2026-05-27T14:30:46.512Z,57,Hold & Wait,Hold & Wait,v1.1,,scheduled_etl,B,74694.95,artifact_spot_price_usd,30,2026-06-26,60002.53,btc_price_history.close_usd,-0.19669897362539235,-19.669897362539235,2d09d2d77fbe6b7f6c5765b48188ed1d2a88db2b,h4-forward-return-v1
2026-05-28,c9a92c4777b61ab69267ed948d7a3fba83af40f2,fb6df29dab40f1ce6102135e50d18d8b501977cf,2026-05-28T14:40:42.128Z,55,Hold & Wait,Hold & Wait,v1.1,,scheduled_etl,B,72818.68,artifact_spot_price_usd,30,2026-06-27,59934.84,btc_price_history.close_usd,-0.17693042499534462,-17.69304249953446,2d09d2d77fbe6b7f6c5765b48188ed1d2a88db2b,h4-forward-return-v1
2026-05-29,3c41ebd3d92ff6b6e9648953a2c4a421035087be,6b02b3b5c89afe73f223758aa64fa4750ce8bc1d,2026-05-29T14:11:58.353Z,55,Hold & Wait,Hold & Wait,v1.1,,scheduled_etl,B,72834.91,artifact_spot_price_usd,30,2026-06-28,59474.01,btc_price_history.close_usd,-0.18344088020428662,-18.34408802042866,2d09d2d77fbe6b7f6c5765b48188ed1d2a88db2b,h4-forward-return-v1
2026-05-30,19482a0e38b6db393161bc99392833c7a63fb9ee,a39ebe027954166bd5a27f6804101de6052c3f1a,2026-05-30T12:07:29.319Z,54,Hold & Wait,Hold & Wait,v1.1,,scheduled_etl,B,73499.55,artifact_spot_price_usd,30,2026-06-29,60162.73,btc_price_history.close_usd,-0.18145444427891055,-18.145444427891057,2d09d2d77fbe6b7f6c5765b48188ed1d2a88db2b,h4-forward-return-v1
2026-05-31,22d217f7d0f61e0822332c158a9b0a8be95a4a7a,5ffe778a07caa16f78bea957ac108d18e5584793,2026-05-31T12:15:10.284Z,55,Hold & Wait,Hold & Wait,v1.1,,scheduled_etl,B,73799.94,artifact_spot_price_usd,30,2026-06-30,58523.93,btc_price_history.close_usd,-0.20699217370637435,-20.699217370637434,2d09d2d77fbe6b7f6c5765b48188ed1d2a88db2b,h4-forward-return-v1
2026-06-02,052caf7e576dbed2e8ae3a987675a1fe221e30d0,7eab77b851618173441b941460427aecc4b33791,2026-06-02T16:14:47.872Z,57,Hold & Wait,Hold & Wait,v1.1,,scheduled_etl,B,67775.7,artifact_spot_price_usd,30,2026-07-02,61484.02,btc_price_history.close_usd,-0.09283091137384047,-9.283091137384048,2d09d2d77fbe6b7f6c5765b48188ed1d2a88db2b,h4-forward-return-v1
2026-06-03,3a087fbe563e6168df9930d68a28af8abb425229,89ea64de84500ccb81fa285e132bbf836a47aeb8,2026-06-03T15:49:54.228Z,57,Hold & Wait,Hold & Wait,v1.1,,scheduled_etl,B,66100.92,artifact_spot_price_usd,30,2026-07-03,62520.22,btc_price_history.close_usd,-0.054170199143975584,-5.417019914397558,2d09d2d77fbe6b7f6c5765b48188ed1d2a88db2b,h4-forward-return-v1
2026-06-04,907005e1a8c4eb9f78bb9cfa159f1aa6d89a03da,9652d2599d6e890754a98502534ff348a0b293a6,2026-06-04T14:07:18.662Z,57,Hold & Wait,Hold & Wait,v1.1,,scheduled_etl,B,64104.72,artifact_spot_price_usd,30,2026-07-04,63086.45,btc_price_history.close_usd,-0.015884477773243644,-1.5884477773243644,2d09d2d77fbe6b7f6c5765b48188ed1d2a88db2b,h4-forward-return-v1
2026-06-05,2a5ce7130202f663e54277212f24fd010f4a670a,3da679bb5bc36b1b4a0eb9fa47bc58706d8e240f,2026-06-05T13:55:03.758Z,56,Hold & Wait,Hold & Wait,v1.1,,scheduled_etl,B,61060.32,artifact_spot_price_usd,30,2026-07-05,63580.44,btc_price_history.close_usd,0.041272630081204964,4.127263008120496,2d09d2d77fbe6b7f6c5765b48188ed1d2a88db2b,h4-forward-return-v1
2026-06-06,acc0a9424c18571050320f502e22c0447c25a1ad,192e5161c4d9547bd23cc08d9e60394e66e5ad64,2026-06-06T12:10:29.091Z,58,Hold & Wait,Hold & Wait,v1.1,,scheduled_etl,B,61056,artifact_spot_price_usd,30,2026-07-06,64001.84,btc_price_history.close_usd,0.04824816561844858,4.824816561844858,2d09d2d77fbe6b7f6c5765b48188ed1d2a88db2b,h4-forward-return-v1
2026-06-07,030d4cfcaa58bb9f0cb2e279fe5ec9a4d9b8ed1e,728d27d742b19aab6a4a22386ca18e133a534a12,2026-06-07T12:24:26.089Z,58,Hold & Wait,Hold & Wait,v1.1,,scheduled_etl,B,61991.93,artifact_spot_price_usd,30,2026-07-07,63323.27,btc_price_history.close_usd,0.021476021153075786,2.1476021153075786,2d09d2d77fbe6b7f6c5765b48188ed1d2a88db2b,h4-forward-return-v1
2026-06-08,f3d3f2ad182d8c7c5456dbbc559fa66043aef02c,61c120879725de6d1bc914259ce30201b0717e36,2026-06-08T14:51:11.473Z,60,Hold & Wait,Hold & Wait,v1.1,,scheduled_etl,B,63854.39,artifact_spot_price_usd,30,2026-07-08,62237.7,btc_price_history.close_usd,-0.02531838453080515,-2.531838453080515,2d09d2d77fbe6b7f6c5765b48188ed1d2a88db2b,h4-forward-return-v1
2026-06-09,d45476ab27ee696d0e0c5fbbed3db772c3db0462,9934fc9aca43f10397c2673493c833a680b99671,2026-06-09T13:46:42.888Z,61,Hold & Wait,Hold & Wait,v1.1,,scheduled_etl,B,62377.78,artifact_spot_price_usd,30,2026-07-09,63175.25,btc_price_history.close_usd,0.012784520385303866,1.2784520385303866,2d09d2d77fbe6b7f6c5765b48188ed1d2a88db2b,h4-forward-return-v1
2026-06-10,354239c871ec57983c1cc2004476c83526593cc4,48c8ca17c10569c9d301d77bd660e4827c601c05,2026-06-10T14:04:48.919Z,62,Hold & Wait,Hold & Wait,v1.1,,scheduled_etl,B,62118.5,artifact_spot_price_usd,30,2026-07-10,64128.49,btc_price_history.close_usd,0.03235734925988232,3.2357349259882318,2d09d2d77fbe6b7f6c5765b48188ed1d2a88db2b,h4-forward-return-v1
2026-06-11,dd14e52fcadc94825b408c497141fa30ce37b239,ea442d9e9f3d1c1589b618fab645d1ecc801f853,2026-06-11T14:43:44.619Z,62,Hold & Wait,Hold & Wait,v1.1,,scheduled_etl,B,62810.75,artifact_spot_price_usd,30,2026-07-11,63773.04,btc_price_history.close_usd,0.015320466639866526,1.5320466639866526,2d09d2d77fbe6b7f6c5765b48188ed1d2a88db2b,h4-forward-return-v1
2026-06-12,b7095deab742640eab0977b4c1e4612b96649a46,1dba207eb360b3df353901752a60866df3ebdff1,2026-06-12T14:12:25.912Z,60,Hold & Wait,Hold & Wait,v1.1,,scheduled_etl,B,63354.96,artifact_spot_price_usd,30,2026-07-12,63740.32,btc_price_history.close_usd,0.006082554546636976,0.6082554546636976,2d09d2d77fbe6b7f6c5765b48188ed1d2a88db2b,h4-forward-return-v1
2026-06-13,94bf2f660d7949f06893c2471b04553f0cf9b766,02787e6f8b399eddd43a3bd16acc9ce410da1b28,2026-06-13T12:54:05.297Z,60,Hold & Wait,Hold & Wait,v1.1,,scheduled_etl,B,64045.62,artifact_spot_price_usd,30,2026-07-13,62264.94,btc_price_history.close_usd,-0.027803306455617127,-2.7803306455617127,2d09d2d77fbe6b7f6c5765b48188ed1d2a88db2b,h4-forward-return-v1
2026-06-14,1660484c0044955ab109e285d50d5a7f9315d5f0,013be594022ce0a20ba9e3cdc58ba34e258ede77,2026-06-14T13:01:52.216Z,59,Hold & Wait,Hold & Wait,v1.1,,scheduled_etl,B,64294.23,artifact_spot_price_usd,30,2026-07-14,64988.64,btc_price_history.close_usd,0.010800502626751918,1.0800502626751918,2d09d2d77fbe6b7f6c5765b48188ed1d2a88db2b,h4-forward-return-v1
2026-06-15,c053ca8c33e4ffb9654ecb55253d23a4f9e8ca6c,e699a4ed89ecd7fa8d645764d738dd3678b2bcb2,2026-06-15T16:20:14.508Z,59,Hold & Wait,Hold & Wait,v1.1,,scheduled_etl,B,67089.09,artifact_spot_price_usd,30,2026-07-15,64716.63,btc_price_history.close_usd,-0.03536282874011254,-3.536282874011254,2d09d2d77fbe6b7f6c5765b48188ed1d2a88db2b,h4-forward-return-v1
2026-06-16,aed85f8eeb1316d5642ec06bee5aca6be6a2fa84,e10d7083a7efa6befec202680fb736f30c02327a,2026-06-16T16:01:24.168Z,57,Hold & Wait,Hold & Wait,v1.1,,scheduled_etl,B,65837.01,artifact_spot_price_usd,30,2026-07-16,63770.6,btc_price_history.close_usd,-0.03138675343852948,-3.138675343852948,2d09d2d77fbe6b7f6c5765b48188ed1d2a88db2b,h4-forward-return-v1
2026-06-17,a1b5d8023ab9c38c5f9ef5cca6be8dc89858eda1,113e97ec7d417a00a4c2631a9f7486a96b832a47,2026-06-17T14:28:13.690Z,55,Hold & Wait,Hold & Wait,v1.1,,scheduled_etl,B,65117.98,artifact_spot_price_usd,30,2026-07-17,63894,btc_price_history.close_usd,-0.01879634472690961,-1.8796344726909608,2d09d2d77fbe6b7f6c5765b48188ed1d2a88db2b,h4-forward-return-v1
2026-06-18,3f64c8a4f5bfbf55113e04a6f762384ad2393aae,8078c9af7079e2d12418cef83528df9e2f06d160,2026-06-18T14:14:49.315Z,55,Hold & Wait,Hold & Wait,v1.1,,scheduled_etl,B,63679.99,artifact_spot_price_usd,30,2026-07-18,64796.36,btc_price_history.close_usd,0.017530938682622343,1.7530938682622343,2d09d2d77fbe6b7f6c5765b48188ed1d2a88db2b,h4-forward-return-v1
2026-06-19,661d551b0722e08aab71cd216487a20f8d6f9fc1,2ec5b24cb09f1a168a1ab87e127d716af612e314,2026-06-19T14:15:14.758Z,56,Hold & Wait,Hold & Wait,v1.1,,scheduled_etl,B,63012.85,artifact_spot_price_usd,30,2026-07-19,64681.78,btc_price_history.close_usd,0.026485550169528915,2.6485550169528915,2d09d2d77fbe6b7f6c5765b48188ed1d2a88db2b,h4-forward-return-v1
2026-06-21,ab0dd0798b6739d880d16c96e68e0733275e0697,9a0bb189ec6d1a8f88afec38f346b4fb0ec87c9e,2026-06-21T14:55:25.525Z,58,Hold & Wait,Hold & Wait,v1.1,,scheduled_etl,B,64006.2,artifact_spot_price_usd,30,2026-07-21,66516.18,btc_price_history.close_usd,0.03921463858188723,3.921463858188723,2d09d2d77fbe6b7f6c5765b48188ed1d2a88db2b,h4-forward-return-v1
2026-06-22,b5eda7f17ba2eb4c153163dfd874287933098561,d76f8a6b1c82eea4475aea2ff595c708589ecffa,2026-06-22T15:58:04.659Z,58,Hold & Wait,Hold & Wait,v1.1,,scheduled_etl,B,64691.58,artifact_spot_price_usd,30,2026-07-22,66086.61,btc_price_history.close_usd,0.021564321044562407,2.1564321044562407,2d09d2d77fbe6b7f6c5765b48188ed1d2a88db2b,h4-forward-return-v1
2026-06-23,2b144e089d1f245ace7f161c1b8bfaad4833dac3,d733a4f7fb7955d1f858d800a2be9e5941076603,2026-06-23T13:44:57.648Z,56,Hold & Wait,Hold & Wait,v1.1,,scheduled_etl,B,62266.47,artifact_spot_price_usd,30,2026-07-23,65051.23,btc_price_history.close_usd,0.04472326759490297,4.472326759490297,2d09d2d77fbe6b7f6c5765b48188ed1d2a88db2b,h4-forward-return-v1
2026-06-24,d1f3ac1b35ba82f1ac5d195b4cd9d3010bb9047a,1a10f316b607d2e0cdf09110cf6c70c157a54145,2026-06-24T13:26:19.613Z,57,Hold & Wait,Hold & Wait,v1.1,,scheduled_etl,B,61737.7,artifact_spot_price_usd,30,2026-07-24,64083.32,btc_price_history.close_usd,0.037993316887412476,3.7993316887412476,2d09d2d77fbe6b7f6c5765b48188ed1d2a88db2b,h4-forward-return-v1
2026-06-25,881126947e4aa207342e7ade47c6cc6512a4a662,211195448b2187ffdccbd2c94c65801376777465,2026-06-25T13:23:25.374Z,58,Hold & Wait,Hold & Wait,v1.1,,scheduled_etl,B,61142.15,artifact_spot_price_usd,30,2026-07-25,64295.61,btc_price_history.close_usd,0.05157587687053855,5.157587687053855,2d09d2d77fbe6b7f6c5765b48188ed1d2a88db2b,h4-forward-return-v1
2026-06-26,76f6fd5b0d94d757a1c24f2765d47389eabd4568,fd8a21350374dfdab2a4be01ceacdd8cb110ecad,2026-06-26T13:15:38.871Z,57,Hold & Wait,Hold & Wait,v1.1,,scheduled_etl,B,59070.23,artifact_spot_price_usd,30,2026-07-26,65341.07,btc_price_history.close_usd,0.1061590584631209,10.61590584631209,2d09d2d77fbe6b7f6c5765b48188ed1d2a88db2b,h4-forward-return-v1
2026-06-27,447c555211f6008387ed7c170a64965c57559d5a,7d3eb669195c4515ab74d99a9ac568c8e79446f5,2026-06-27T12:12:00.406Z,59,Hold & Wait,Hold & Wait,v1.1,,scheduled_etl,B,60217.77,artifact_spot_price_usd,30,2026-07-27,63694.43,btc_price_history.close_usd,0.0577347849314247,5.77347849314247,2d09d2d77fbe6b7f6c5765b48188ed1d2a88db2b,h4-forward-return-v1
2026-06-28,7a6c43ee02f8a56298e1b6e021f2f306d036a87f,4729fa5fb6f4607ee953daac956fb6331fae966b,2026-06-28T12:19:20.892Z,61,Hold & Wait,Hold & Wait,v1.1,,scheduled_etl,B,60122.55,artifact_spot_price_usd,30,2026-07-28,63847.12,btc_price_history.close_usd,0.06194963453812252,6.194963453812252,2d09d2d77fbe6b7f6c5765b48188ed1d2a88db2b,h4-forward-return-v1
2026-06-29,8343718d1b89b3284ec4f7d9bd6c46d0315787cb,7bb844553077614bfd85e16bd344abd61fcd0587,2026-06-29T14:50:25.460Z,61,Hold & Wait,Hold & Wait,v1.1,,scheduled_etl,B,59148.67,artifact_spot_price_usd,30,2026-07-29,63896.14,btc_price_history.close_usd,0.08026334319943285,8.026334319943285,2d09d2d77fbe6b7f6c5765b48188ed1d2a88db2b,h4-forward-return-v1
2026-06-30,90f6fd012ae33450cef2b931aee524fb23055299,62759c967cfae90992a6064ffab42cd7762a4f0d,2026-06-30T13:11:15.728Z,59,Hold & Wait,Hold & Wait,v1.1,,scheduled_etl,B,58507.9,artifact_spot_price_usd,30,2026-07-30,64721.9,btc_price_history.close_usd,0.10620787961967526,10.620787961967526,2d09d2d77fbe6b7f6c5765b48188ed1d2a88db2b,h4-forward-return-v1
2026-07-01,3a5d806bba33adc9f08fef76fc782fc9a67db214,ab88441c175765e019807a5fbce9c640b7b45dc8,2026-07-01T13:36:06.684Z,58,Hold & Wait,Hold & Wait,v1.1,,scheduled_etl,B,58706.56,artifact_spot_price_usd,30,2026-07-31,62825.9,btc_price_history.close_usd,0.07016830827764409,7.016830827764409,2d09d2d77fbe6b7f6c5765b48188ed1d2a88db2b,h4-forward-return-v1
2026-07-02,f48b7580875027275a040c232764e24f8bb77a39,77bde051b80fa0ef18eb47c1905494b2a016150f,2026-07-02T13:01:33.296Z,56,Hold & Wait,Hold & Wait,v1.1,,scheduled_etl,B,61497.04,artifact_spot_price_usd,30,2026-08-01,62764.2,btc_price_history.close_usd,0.020605219373160066,2.0605219373160066,2d09d2d77fbe6b7f6c5765b48188ed1d2a88db2b,h4-forward-return-v1
2026-07-03,408609b5cb0f72fc7d9f70c0fc29df583bde7df1,439843d25e5aa746cb48040b960643d9f153223c,2026-07-03T13:00:58.701Z,56,Hold & Wait,Hold & Wait,v1.1,,scheduled_etl,B,61904.83,artifact_spot_price_usd,30,2026-08-02,63499.49,btc_price_history.close_usd,0.025759863971841934,2.5759863971841934,2d09d2d77fbe6b7f6c5765b48188ed1d2a88db2b,h4-forward-return-v1
2026-07-04,059c3b1220fc618435215e2c305901f484769dad,ff4f34c294f4b6e0d8a2be67542b186bfcf93e8e,2026-07-04T12:10:29.891Z,58,Hold & Wait,Hold & Wait,v1.1,,scheduled_etl,B,62499.74,artifact_spot_price_usd,30,2026-08-03,63466.51,btc_price_history.close_usd,0.015468384348478859,1.5468384348478859,2d09d2d77fbe6b7f6c5765b48188ed1d2a88db2b,h4-forward-return-v1
2026-07-05,10ce71a393973ce9ac021c48ba73352f0c7cfab9,37221b653533789493e8eedfad291fb741aa5c81,2026-07-05T12:21:29.762Z,57,Hold & Wait,Hold & Wait,v1.1,,scheduled_etl,B,62587.12,artifact_spot_price_usd,30,2026-08-04,64050.51,btc_price_history.close_usd,0.023381647853424115,2.3381647853424115,2d09d2d77fbe6b7f6c5765b48188ed1d2a88db2b,h4-forward-return-v1
2026-07-06,f090ab4d0c8079f774033758819f6f0b9e88dd42,3e87d3bc9a9e2890d5925438bde00a20ced21d4a,2026-07-06T14:31:22.564Z,57,Hold & Wait,Hold & Wait,v1.1,,scheduled_etl,B,62046,artifact_spot_price_usd,30,2026-08-05,64603.03,btc_price_history.close_usd,0.0412118428262902,4.12118428262902,2d09d2d77fbe6b7f6c5765b48188ed1d2a88db2b,h4-forward-return-v1
2026-07-07,2bfe4fd2db2367a3267bd79e657b8c78c0ce1925,6b90c64eeef4e48341ab40e33e71d4305f4b7f04,2026-07-07T13:23:55.928Z,57,Hold & Wait,Hold & Wait,v1.1,,scheduled_etl,B,63191.06,artifact_spot_price_usd,30,2026-08-06,64267.3,btc_price_history.close_usd,0.017031523130012438,1.7031523130012438,2d09d2d77fbe6b7f6c5765b48188ed1d2a88db2b,h4-forward-return-v1
2026-07-08,c3e04b0d302e437d58f828539e522ceffa81ba34,b157ca7ef6f3d7ea5fcf507ec9cfcacff245c3d1,2026-07-08T12:25:14.925Z,55,Hold & Wait,Hold & Wait,v1.1,,scheduled_etl,B,62215.7,artifact_spot_price_usd,30,2026-08-07,64891.61,btc_price_history.close_usd,0.04301020481968387,4.301020481968387,2d09d2d77fbe6b7f6c5765b48188ed1d2a88db2b,h4-forward-return-v1
2026-07-09,39509981994ef8d012148818a13fe88530a8a3c4,3c5aaf7b3df4497ee005501a81773feb4b841bd9,2026-07-09T13:52:20.279Z,55,Hold & Wait,Hold & Wait,v1.1,,scheduled_etl,B,62891.89,artifact_spot_price_usd,30,2026-08-08,64908.72,btc_price_history.close_usd,0.03206820466041016,3.206820466041016,2d09d2d77fbe6b7f6c5765b48188ed1d2a88db2b,h4-forward-return-v1
2026-07-10,85c3530dfd4b07c98876c507ede059dc9135e312,d061cf748b0caf1a1b1b2aaeb9ce213841985305,2026-07-10T13:16:17.306Z,48,Moderate Buying,Moderate Buying,v1.1,,scheduled_etl,B,64191.59,artifact_spot_price_usd,30,2026-08-09,64848.69,btc_price_history.close_usd,0.010236543447514013,1.0236543447514013,2d09d2d77fbe6b7f6c5765b48188ed1d2a88db2b,h4-forward-return-v1
2026-07-11,6c39b632dc5c26495c0c4e65ae1592688235ffeb,9b795a67ddec05290d0deb12e41e4823d90f2b5c,2026-07-11T11:56:53.556Z,49,Moderate Buying,Moderate Buying,v1.1,,scheduled_etl,B,64134.25,artifact_spot_price_usd,30,2026-08-10,63911.88,btc_price_history.close_usd,-0.003467258134304263,-0.3467258134304263,2d09d2d77fbe6b7f6c5765b48188ed1d2a88db2b,h4-forward-return-v1
2026-07-12,73b71bbed38e0efa75fd3792c3d55ec0c952b79f,72fdd054e6653eca806eaf83d31510f6999ccb81,2026-07-12T12:04:04.165Z,49,Moderate Buying,Moderate Buying,v1.1,,scheduled_etl,B,63941.07,artifact_spot_price_usd,30,2026-08-11,63531.75,btc_price_history.close_usd,-0.006401519399034106,-0.6401519399034106,2d09d2d77fbe6b7f6c5765b48188ed1d2a88db2b,h4-forward-return-v1
2026-07-13,bc40ee68e10976e2b0b68437a11681af27ab8054,b5e3274e24f59011dce2d41df7b017e9852abf3a,2026-07-13T13:28:21.243Z,50,Hold & Wait,Hold & Wait,v1.1,,scheduled_etl,B,62472.4,artifact_spot_price_usd,30,2026-08-12,63411.72,btc_price_history.close_usd,0.015035759791523828,1.5035759791523828,2d09d2d77fbe6b7f6c5765b48188ed1d2a88db2b,h4-forward-return-v1
2026-07-14,3e08d375545483361132c278e971d8075b956601,2d15e76100e36a793db47b46c83c0524c22454b6,2026-07-14T12:19:15.350Z,56,Hold & Wait,Hold & Wait,v1.1,,scheduled_etl,B,62808.12,artifact_spot_price_usd,30,2026-08-13,63425.35,btc_price_history.close_usd,0.009827232529806551,0.9827232529806551,2d09d2d77fbe6b7f6c5765b48188ed1d2a88db2b,h4-forward-return-v1
2026-07-15,fd8fd9e4a37f2bd1e1843d580c10b8a37aa04ec6,29ce3800d215e741238abdc486e8bf0b0d662013,2026-07-15T12:20:27.379Z,58,Hold & Wait,Hold & Wait,v1.1,,scheduled_etl,B,64657.56,artifact_spot_price_usd,30,2026-08-14,62975.19,btc_price_history.close_usd,-0.026019695144697597,-2.6019695144697597,2d09d2d77fbe6b7f6c5765b48188ed1d2a88db2b,h4-forward-return-v1
2026-07-16,a816a3e0f705737637ed2fb69a873f5b63cb6dd9,0d670d3d14dd441554cebad637568a366d39b13a,2026-07-16T12:24:29.078Z,56,Hold & Wait,Hold & Wait,v1.1,,scheduled_etl,B,64111.98,artifact_spot_price_usd,30,2026-08-15,63018.75,btc_price_history.close_usd,-0.01705188328296836,-1.705188328296836,2d09d2d77fbe6b7f6c5765b48188ed1d2a88db2b,h4-forward-return-v1
2026-07-17,e32e271953d1237217e6905b1f5efb67200d6d22,3a8bbc141d9b477e6d40ad0ed9a83615bda9f09a,2026-07-17T12:14:47.318Z,56,Hold & Wait,Hold & Wait,v1.1,,scheduled_etl,B,63179.93,artifact_spot_price_usd,30,2026-08-16,62836.66,btc_price_history.close_usd,-0.005433212730688308,-0.5433212730688308,2d09d2d77fbe6b7f6c5765b48188ed1d2a88db2b,h4-forward-return-v1
2026-07-18,fb327b4079664c5f7a9768bd4b9e7546a163e251,8a76c0331fe563fc075ce9dc847511f7d1e2d0de,2026-07-18T11:57:32.018Z,57,Hold & Wait,Hold & Wait,v1.1,,scheduled_etl,B,63977.65,artifact_spot_price_usd,30,2026-08-17,64484.18,btc_price_history.close_usd,0.00791729611825387,0.7917296118253869,2d09d2d77fbe6b7f6c5765b48188ed1d2a88db2b,h4-forward-return-v1
