observation_date,primary_artifact_id,primary_artifact_commit_sha,observation_as_of_utc,g_score,native_band,numeric_band_crosswalk,model_version,implementation_revision,operational_role,evidence_grade,start_price_usd,start_price_source,horizon_days,window_first_close_date,window_last_close_date,maximum_adverse_close_excursion_magnitude,maximum_close_drawdown_magnitude,close_to_close_volatility_annualized,zero_target_downside_deviation_annualized,mace_ge_10pct,mace_ge_20pct,mace_ge_30pct,analysis_source_sha,protocol_version
2025-09-19,0c9b77116a7ea2eeda573c573caf56394e2dd4b2,9d2c33a81e690ac718796c7bf96f6c9907908915,2025-09-19T11:19:27.292Z,47,Hold/Neutral,Moderate Buying,v3.1.0,,scheduled_etl,B,116478.28,artifact_spot_price_usd,30,2025-09-19,2025-10-19,0.0859815237656325,0.14638211053247308,0.43536825774768334,0.3577754684261683,0,0,0,2d09d2d77fbe6b7f6c5765b48188ed1d2a88db2b,h5-risk-outcome-v1
2025-09-19,0c9b77116a7ea2eeda573c573caf56394e2dd4b2,9d2c33a81e690ac718796c7bf96f6c9907908915,2025-09-19T11:19:27.292Z,47,Hold/Neutral,Moderate Buying,v3.1.0,,scheduled_etl,B,116478.28,artifact_spot_price_usd,90,2025-09-19,2025-12-18,0.2729631653214659,0.3210075457771078,0.4278828760965296,0.35149285107338035,1,1,0,2d09d2d77fbe6b7f6c5765b48188ed1d2a88db2b,h5-risk-outcome-v1
2025-09-19,0c9b77116a7ea2eeda573c573caf56394e2dd4b2,9d2c33a81e690ac718796c7bf96f6c9907908915,2025-09-19T11:19:27.292Z,47,Hold/Neutral,Moderate Buying,v3.1.0,,scheduled_etl,B,116478.28,artifact_spot_price_usd,180,2025-09-19,2026-03-18,0.4609209545333258,0.49654462244214226,0.5080786026363414,0.39895450238750363,1,1,1,2d09d2d77fbe6b7f6c5765b48188ed1d2a88db2b,h5-risk-outcome-v1
2025-09-20,c5d0c80e8d170ca45b2271e16a137324a0321903,c897c44c76bbc8d4ef9984a781a7116147aac2f1,2025-09-20T11:17:39.091Z,49,Hold/Neutral,Moderate Buying,v3.1.0,,scheduled_etl,B,115903.33,artifact_spot_price_usd,30,2025-09-20,2025-10-20,0.08144744417610783,0.14638211053247308,0.44033899183936603,0.3577754684261683,0,0,0,2d09d2d77fbe6b7f6c5765b48188ed1d2a88db2b,h5-risk-outcome-v1
2025-09-20,c5d0c80e8d170ca45b2271e16a137324a0321903,c897c44c76bbc8d4ef9984a781a7116147aac2f1,2025-09-20T11:17:39.091Z,49,Hold/Neutral,Moderate Buying,v3.1.0,,scheduled_etl,B,115903.33,artifact_spot_price_usd,90,2025-09-20,2025-12-19,0.26935662676818695,0.3210075457771078,0.43311597691163667,0.35149285107338035,1,1,0,2d09d2d77fbe6b7f6c5765b48188ed1d2a88db2b,h5-risk-outcome-v1
2025-09-20,c5d0c80e8d170ca45b2271e16a137324a0321903,c897c44c76bbc8d4ef9984a781a7116147aac2f1,2025-09-20T11:17:39.091Z,49,Hold/Neutral,Moderate Buying,v3.1.0,,scheduled_etl,B,115903.33,artifact_spot_price_usd,180,2025-09-20,2026-03-19,0.4582467992938598,0.49654462244214226,0.5085709632529615,0.39985147553991907,1,1,1,2d09d2d77fbe6b7f6c5765b48188ed1d2a88db2b,h5-risk-outcome-v1
2025-09-21,74c57db8cc60701569bd27060f33c19d7bd383b3,c23e1050c570e214717229dada5f087680180529,2025-09-21T02:36:08.017Z,46,Hold/Neutral,Moderate Buying,v3.1.0,,scheduled_etl,B,115673.46,artifact_spot_price_usd,30,2025-09-21,2025-10-21,0.07962206715351994,0.14638211053247308,0.4448987547192611,0.3643382248532084,0,0,0,2d09d2d77fbe6b7f6c5765b48188ed1d2a88db2b,h5-risk-outcome-v1
2025-09-21,74c57db8cc60701569bd27060f33c19d7bd383b3,c23e1050c570e214717229dada5f087680180529,2025-09-21T02:36:08.017Z,46,Hold/Neutral,Moderate Buying,v3.1.0,,scheduled_etl,B,115673.46,artifact_spot_price_usd,90,2025-09-21,2025-12-20,0.26790466888428865,0.3210075457771078,0.43325841785398456,0.3513972845661091,1,1,0,2d09d2d77fbe6b7f6c5765b48188ed1d2a88db2b,h5-risk-outcome-v1
2025-09-21,74c57db8cc60701569bd27060f33c19d7bd383b3,c23e1050c570e214717229dada5f087680180529,2025-09-21T02:36:08.017Z,46,Hold/Neutral,Moderate Buying,v3.1.0,,scheduled_etl,B,115673.46,artifact_spot_price_usd,180,2025-09-21,2026-03-20,0.4571702100032281,0.49654462244214226,0.5088091587567517,0.39980947476744627,1,1,1,2d09d2d77fbe6b7f6c5765b48188ed1d2a88db2b,h5-risk-outcome-v1
2025-09-22,b44ac7c6b99d894716e7fe1630e7f5afe5893a50,b9d4fe602e67a4199c1eb139847d0bef3f8abb2a,2025-09-22T11:20:01.318Z,47,Hold/Neutral,Moderate Buying,v3.1.0,,scheduled_etl,B,112905.38,artifact_spot_price_usd,30,2025-09-22,2025-10-22,0.057057334203206245,0.14638211053247308,0.4395049444927041,0.3567979923997935,0,0,0,2d09d2d77fbe6b7f6c5765b48188ed1d2a88db2b,h5-risk-outcome-v1
2025-09-22,b44ac7c6b99d894716e7fe1630e7f5afe5893a50,b9d4fe602e67a4199c1eb139847d0bef3f8abb2a,2025-09-22T11:20:01.318Z,47,Hold/Neutral,Moderate Buying,v3.1.0,,scheduled_etl,B,112905.38,artifact_spot_price_usd,90,2025-09-22,2025-12-21,0.2499560251247549,0.3210075457771078,0.4316641820740102,0.34850811405418075,1,1,0,2d09d2d77fbe6b7f6c5765b48188ed1d2a88db2b,h5-risk-outcome-v1
2025-09-22,b44ac7c6b99d894716e7fe1630e7f5afe5893a50,b9d4fe602e67a4199c1eb139847d0bef3f8abb2a,2025-09-22T11:20:01.318Z,47,Hold/Neutral,Moderate Buying,v3.1.0,,scheduled_etl,B,112905.38,artifact_spot_price_usd,180,2025-09-22,2026-03-21,0.44386175397487704,0.49654462244214226,0.5088415183744047,0.3998563401949446,1,1,1,2d09d2d77fbe6b7f6c5765b48188ed1d2a88db2b,h5-risk-outcome-v1
2025-09-23,7566e02eb3bffe5e44abf73fa2002a66a0aba709,171c9dfb4ce126f3f03d3cc9ee445019aa77da2d,2025-09-23T11:18:55.077Z,40,Hold/Neutral,Moderate Buying,v3.1.0,,scheduled_etl,B,112807.46,artifact_spot_price_usd,30,2025-09-23,2025-10-23,0.0562388338501727,0.14638211053247308,0.4472221759515005,0.3560986165188874,0,0,0,2d09d2d77fbe6b7f6c5765b48188ed1d2a88db2b,h5-risk-outcome-v1
2025-09-23,7566e02eb3bffe5e44abf73fa2002a66a0aba709,171c9dfb4ce126f3f03d3cc9ee445019aa77da2d,2025-09-23T11:18:55.077Z,40,Hold/Neutral,Moderate Buying,v3.1.0,,scheduled_etl,B,112807.46,artifact_spot_price_usd,90,2025-09-23,2025-12-22,0.24930496617865527,0.3210075457771078,0.43161138711547437,0.34827472777674523,1,1,0,2d09d2d77fbe6b7f6c5765b48188ed1d2a88db2b,h5-risk-outcome-v1
2025-09-23,7566e02eb3bffe5e44abf73fa2002a66a0aba709,171c9dfb4ce126f3f03d3cc9ee445019aa77da2d,2025-09-23T11:18:55.077Z,40,Hold/Neutral,Moderate Buying,v3.1.0,,scheduled_etl,B,112807.46,artifact_spot_price_usd,180,2025-09-23,2026-03-22,0.4433790105725278,0.49654462244214226,0.5091438002987773,0.4003696334751561,1,1,1,2d09d2d77fbe6b7f6c5765b48188ed1d2a88db2b,h5-risk-outcome-v1
2025-09-24,c35032de9677f684c962b6e755b6fa1c0d3abe2c,a0e05a6152eb182fcaaa9a2248368ea0077fc7ad,2025-09-24T11:18:45.296Z,50,Hold/Neutral,Hold & Wait,v3.1.0,,scheduled_etl,B,113116.01,artifact_spot_price_usd,30,2025-09-24,2025-10-24,0.058813160046928714,0.14638211053247308,0.44621867415404753,0.3560986165188874,0,0,0,2d09d2d77fbe6b7f6c5765b48188ed1d2a88db2b,h5-risk-outcome-v1
2025-09-24,c35032de9677f684c962b6e755b6fa1c0d3abe2c,a0e05a6152eb182fcaaa9a2248368ea0077fc7ad,2025-09-24T11:18:45.296Z,50,Hold/Neutral,Hold & Wait,v3.1.0,,scheduled_etl,B,113116.01,artifact_spot_price_usd,90,2025-09-24,2025-12-23,0.25135265998155343,0.3210075457771078,0.43109108537370033,0.3492293101280222,1,1,0,2d09d2d77fbe6b7f6c5765b48188ed1d2a88db2b,h5-risk-outcome-v1
2025-09-24,c35032de9677f684c962b6e755b6fa1c0d3abe2c,a0e05a6152eb182fcaaa9a2248368ea0077fc7ad,2025-09-24T11:18:45.296Z,50,Hold/Neutral,Hold & Wait,v3.1.0,,scheduled_etl,B,113116.01,artifact_spot_price_usd,180,2025-09-24,2026-03-23,0.4448973226690015,0.49654462244214226,0.5129935385895259,0.4003696334751561,1,1,1,2d09d2d77fbe6b7f6c5765b48188ed1d2a88db2b,h5-risk-outcome-v1
2025-09-25,e9f3b5b5f51002d5f0f12039ebfbf27726460ea6,361bd801a56a1ca56524f03894645142fc784d78,2025-09-25T00:45:00.436Z,45,Hold/Neutral,Moderate Buying,v3.1.0,,scheduled_etl,B,113236.2,artifact_spot_price_usd,30,2025-09-25,2025-10-25,0.05981214487946429,0.14638211053247308,0.4255920805337775,0.329394456302531,0,0,0,2d09d2d77fbe6b7f6c5765b48188ed1d2a88db2b,h5-risk-outcome-v1
2025-09-25,e9f3b5b5f51002d5f0f12039ebfbf27726460ea6,361bd801a56a1ca56524f03894645142fc784d78,2025-09-25T00:45:00.436Z,45,Hold/Neutral,Moderate Buying,v3.1.0,,scheduled_etl,B,113236.2,artifact_spot_price_usd,90,2025-09-25,2025-12-24,0.25214728152304655,0.3210075457771078,0.42501209980234944,0.3403810689573562,1,1,0,2d09d2d77fbe6b7f6c5765b48188ed1d2a88db2b,h5-risk-outcome-v1
2025-09-25,e9f3b5b5f51002d5f0f12039ebfbf27726460ea6,361bd801a56a1ca56524f03894645142fc784d78,2025-09-25T00:45:00.436Z,45,Hold/Neutral,Moderate Buying,v3.1.0,,scheduled_etl,B,113236.2,artifact_spot_price_usd,180,2025-09-25,2026-03-24,0.44548651402996564,0.49654462244214226,0.5103968340622371,0.3966005795746641,1,1,1,2d09d2d77fbe6b7f6c5765b48188ed1d2a88db2b,h5-risk-outcome-v1
2025-09-26,f77f7e0dcd5aa1beaeab22c4e3403b0eca2e5652,e9083962fcac56e305dff66810b9c5a7fceed394,2025-09-26T11:19:04.150Z,47,Hold/Neutral,Moderate Buying,v3.1.0,,scheduled_etl,B,108739.09,artifact_spot_price_usd,30,2025-09-26,2025-10-26,0.020928904223862732,0.14638211053247308,0.43365181293537314,0.329394456302531,0,0,0,2d09d2d77fbe6b7f6c5765b48188ed1d2a88db2b,h5-risk-outcome-v1
2025-09-26,f77f7e0dcd5aa1beaeab22c4e3403b0eca2e5652,e9083962fcac56e305dff66810b9c5a7fceed394,2025-09-26T11:19:04.150Z,47,Hold/Neutral,Moderate Buying,v3.1.0,,scheduled_etl,B,108739.09,artifact_spot_price_usd,90,2025-09-26,2025-12-25,0.22121842292408367,0.3210075457771078,0.4246939994878014,0.3405302428674388,1,1,0,2d09d2d77fbe6b7f6c5765b48188ed1d2a88db2b,h5-risk-outcome-v1
2025-09-26,f77f7e0dcd5aa1beaeab22c4e3403b0eca2e5652,e9083962fcac56e305dff66810b9c5a7fceed394,2025-09-26T11:19:04.150Z,47,Hold/Neutral,Moderate Buying,v3.1.0,,scheduled_etl,B,108739.09,artifact_spot_price_usd,180,2025-09-26,2026-03-25,0.4225535637644199,0.49654462244214226,0.5106028150389026,0.3966005795746641,1,1,1,2d09d2d77fbe6b7f6c5765b48188ed1d2a88db2b,h5-risk-outcome-v1
2025-09-27,02cbfd8c5afd21690fc61b60fdb357acfee09dd6,068b5987179e9dfca767152d1dfe43f01211ea7e,2025-09-27T11:16:58.198Z,75,Increase Selling,Reduce Risk,v3.1.0,,scheduled_etl,B,109366.69,artifact_spot_price_usd,30,2025-09-27,2025-10-27,0.026547296987775693,0.14638211053247308,0.4340296881645511,0.3296942920792717,0,0,0,2d09d2d77fbe6b7f6c5765b48188ed1d2a88db2b,h5-risk-outcome-v1
2025-09-27,02cbfd8c5afd21690fc61b60fdb357acfee09dd6,068b5987179e9dfca767152d1dfe43f01211ea7e,2025-09-27T11:16:58.198Z,75,Increase Selling,Reduce Risk,v3.1.0,,scheduled_etl,B,109366.69,artifact_spot_price_usd,90,2025-09-27,2025-12-26,0.22568745565948833,0.3210075457771078,0.42474180586790433,0.34053011410014944,1,1,0,2d09d2d77fbe6b7f6c5765b48188ed1d2a88db2b,h5-risk-outcome-v1
2025-09-27,02cbfd8c5afd21690fc61b60fdb357acfee09dd6,068b5987179e9dfca767152d1dfe43f01211ea7e,2025-09-27T11:16:58.198Z,75,Increase Selling,Reduce Risk,v3.1.0,,scheduled_etl,B,109366.69,artifact_spot_price_usd,180,2025-09-27,2026-03-26,0.4258672361758411,0.49654462244214226,0.5128382180219151,0.3999300412736309,1,1,1,2d09d2d77fbe6b7f6c5765b48188ed1d2a88db2b,h5-risk-outcome-v1
2025-09-28,75cdcbc728b2fb3923cc3971167fadf89ee1488d,dcdfe312aa046600de988c1c1ecf298d9dfb5278,2025-09-28T11:17:11.929Z,77,Increase Selling,Reduce Risk,v3.1.0,,scheduled_etl,B,109371.61,artifact_spot_price_usd,30,2025-09-28,2025-10-28,0.02659108702889168,0.14638211053247308,0.4290101549034129,0.33168383697838255,0,0,0,2d09d2d77fbe6b7f6c5765b48188ed1d2a88db2b,h5-risk-outcome-v1
2025-09-28,75cdcbc728b2fb3923cc3971167fadf89ee1488d,dcdfe312aa046600de988c1c1ecf298d9dfb5278,2025-09-28T11:17:11.929Z,77,Increase Selling,Reduce Risk,v3.1.0,,scheduled_etl,B,109371.61,artifact_spot_price_usd,90,2025-09-28,2025-12-27,0.22572228752964318,0.3210075457771078,0.4220168047651879,0.34053011410014944,1,1,0,2d09d2d77fbe6b7f6c5765b48188ed1d2a88db2b,h5-risk-outcome-v1
2025-09-28,75cdcbc728b2fb3923cc3971167fadf89ee1488d,dcdfe312aa046600de988c1c1ecf298d9dfb5278,2025-09-28T11:17:11.929Z,77,Increase Selling,Reduce Risk,v3.1.0,,scheduled_etl,B,109371.61,artifact_spot_price_usd,180,2025-09-28,2026-03-27,0.42589306310842456,0.49654462244214226,0.5137113388613351,0.40315878578368086,1,1,1,2d09d2d77fbe6b7f6c5765b48188ed1d2a88db2b,h5-risk-outcome-v1
2025-09-29,1f52bd67154353cd5dfb1528a2844cd41b6e4774,5d6a3abab7bc0a3a2336cc1df95d364f4b9d61a9,2025-09-29T11:19:35.080Z,56,Begin Scaling Out,Hold & Wait,v3.1.0,,scheduled_etl,B,112062.6,artifact_spot_price_usd,30,2025-09-29,2025-10-29,0.04996582267411254,0.14638211053247308,0.4325493851151751,0.3436661348458585,0,0,0,2d09d2d77fbe6b7f6c5765b48188ed1d2a88db2b,h5-risk-outcome-v1
2025-09-29,1f52bd67154353cd5dfb1528a2844cd41b6e4774,5d6a3abab7bc0a3a2336cc1df95d364f4b9d61a9,2025-09-29T11:19:35.080Z,56,Begin Scaling Out,Hold & Wait,v3.1.0,,scheduled_etl,B,112062.6,artifact_spot_price_usd,90,2025-09-29,2025-12-28,0.24431523095127194,0.3210075457771078,0.41975660633449274,0.34053011410014944,1,1,0,2d09d2d77fbe6b7f6c5765b48188ed1d2a88db2b,h5-risk-outcome-v1
2025-09-29,1f52bd67154353cd5dfb1528a2844cd41b6e4774,5d6a3abab7bc0a3a2336cc1df95d364f4b9d61a9,2025-09-29T11:19:35.080Z,56,Begin Scaling Out,Hold & Wait,v3.1.0,,scheduled_etl,B,112062.6,artifact_spot_price_usd,180,2025-09-29,2026-03-28,0.43967925070451697,0.49654462244214226,0.5127580275365872,0.40315941531900407,1,1,1,2d09d2d77fbe6b7f6c5765b48188ed1d2a88db2b,h5-risk-outcome-v1
2025-09-30,92f552582dba59377cd455935c9d275f931fbbe6,89272d7ab16e0c529fa78a97f4547956a629631f,2025-09-30T00:54:46.043Z,56,Hold & Wait,Hold & Wait,v3.1.0,,scheduled_etl,B,114596.23,artifact_spot_price_usd,30,2025-09-30,2025-10-30,0.07097031027984069,0.14638211053247308,0.4353928288303032,0.34793397926496944,0,0,0,2d09d2d77fbe6b7f6c5765b48188ed1d2a88db2b,h5-risk-outcome-v1
2025-09-30,92f552582dba59377cd455935c9d275f931fbbe6,89272d7ab16e0c529fa78a97f4547956a629631f,2025-09-30T00:54:46.043Z,56,Hold & Wait,Hold & Wait,v3.1.0,,scheduled_etl,B,114596.23,artifact_spot_price_usd,90,2025-09-30,2025-12-29,0.2610228102617337,0.3210075457771078,0.41991842577927213,0.3409465320829308,1,1,0,2d09d2d77fbe6b7f6c5765b48188ed1d2a88db2b,h5-risk-outcome-v1
2025-09-30,92f552582dba59377cd455935c9d275f931fbbe6,89272d7ab16e0c529fa78a97f4547956a629631f,2025-09-30T00:54:46.043Z,56,Hold & Wait,Hold & Wait,v3.1.0,,scheduled_etl,B,114596.23,artifact_spot_price_usd,180,2025-09-30,2026-03-29,0.45206748948023856,0.49654462244214226,0.5127695898702437,0.4032182091850143,1,1,1,2d09d2d77fbe6b7f6c5765b48188ed1d2a88db2b,h5-risk-outcome-v1
2025-10-01,76b2a7ea76755f7ddee3529b3b84e82ef97cb99e,25a6a52c80dffac8f08de0d267660d2e093cd287,2025-10-01T11:19:59.429Z,57,Hold & Wait,Hold & Wait,v3.1.0,,scheduled_etl,B,116457.11,artifact_spot_price_usd,30,2025-10-01,2025-10-31,0.08581537013927276,0.14638211053247308,0.4131725160624338,0.34793397926496944,0,0,0,2d09d2d77fbe6b7f6c5765b48188ed1d2a88db2b,h5-risk-outcome-v1
2025-10-01,76b2a7ea76755f7ddee3529b3b84e82ef97cb99e,25a6a52c80dffac8f08de0d267660d2e093cd287,2025-10-01T11:19:59.429Z,57,Hold & Wait,Hold & Wait,v3.1.0,,scheduled_etl,B,116457.11,artifact_spot_price_usd,90,2025-10-01,2025-12-30,0.27283100190276055,0.3210075457771078,0.41261962115947437,0.3409465320829308,1,1,0,2d09d2d77fbe6b7f6c5765b48188ed1d2a88db2b,h5-risk-outcome-v1
2025-10-01,76b2a7ea76755f7ddee3529b3b84e82ef97cb99e,25a6a52c80dffac8f08de0d267660d2e093cd287,2025-10-01T11:19:59.429Z,57,Hold & Wait,Hold & Wait,v3.1.0,,scheduled_etl,B,116457.11,artifact_spot_price_usd,180,2025-10-01,2026-03-30,0.46082295876997115,0.49654462244214226,0.5096110716010636,0.4032182091850143,1,1,1,2d09d2d77fbe6b7f6c5765b48188ed1d2a88db2b,h5-risk-outcome-v1
2025-10-02,f974aec38e9fa365bfc7d6c04d0d761e52ea1753,06ec9b65a64968e9f66040f48b3e290182f6eb9c,2025-10-02T00:21:41.758Z,55,Hold & Wait,Hold & Wait,v3.1.0,,scheduled_etl,B,118991.46,artifact_spot_price_usd,30,2025-10-02,2025-11-01,0.105286211296172,0.14638211053247308,0.40849135331103587,0.34793397926496944,1,0,0,2d09d2d77fbe6b7f6c5765b48188ed1d2a88db2b,h5-risk-outcome-v1
2025-10-02,f974aec38e9fa365bfc7d6c04d0d761e52ea1753,06ec9b65a64968e9f66040f48b3e290182f6eb9c,2025-10-02T00:21:41.758Z,55,Hold & Wait,Hold & Wait,v3.1.0,,scheduled_etl,B,118991.46,artifact_spot_price_usd,90,2025-10-02,2025-12-31,0.28831867429813873,0.3210075457771078,0.41091473471592027,0.3415681979178236,1,1,0,2d09d2d77fbe6b7f6c5765b48188ed1d2a88db2b,h5-risk-outcome-v1
2025-10-02,f974aec38e9fa365bfc7d6c04d0d761e52ea1753,06ec9b65a64968e9f66040f48b3e290182f6eb9c,2025-10-02T00:21:41.758Z,55,Hold & Wait,Hold & Wait,v3.1.0,,scheduled_etl,B,118991.46,artifact_spot_price_usd,180,2025-10-02,2026-03-31,0.4723066680583632,0.49654462244214226,0.5101102846452634,0.4032182091850143,1,1,1,2d09d2d77fbe6b7f6c5765b48188ed1d2a88db2b,h5-risk-outcome-v1
2025-10-03,011f86904acf456086f28989184c6395fad8626c,3741fd1efa7bb354600f0ccb92437e3dca6476de,2025-10-03T11:18:54.176Z,54,Hold & Wait,Hold & Wait,v3.1.0,,scheduled_etl,B,120269.42,artifact_spot_price_usd,30,2025-10-03,2025-11-02,0.11479326997669059,0.14638211053247308,0.4049371409522258,0.34793397926496944,1,0,0,2d09d2d77fbe6b7f6c5765b48188ed1d2a88db2b,h5-risk-outcome-v1
2025-10-03,011f86904acf456086f28989184c6395fad8626c,3741fd1efa7bb354600f0ccb92437e3dca6476de,2025-10-03T11:18:54.176Z,54,Hold & Wait,Hold & Wait,v3.1.0,,scheduled_etl,B,120269.42,artifact_spot_price_usd,90,2025-10-03,2026-01-01,0.29588086481168696,0.3210075457771078,0.4109330260171484,0.3415681979178236,1,1,0,2d09d2d77fbe6b7f6c5765b48188ed1d2a88db2b,h5-risk-outcome-v1
2025-10-03,011f86904acf456086f28989184c6395fad8626c,3741fd1efa7bb354600f0ccb92437e3dca6476de,2025-10-03T11:18:54.176Z,54,Hold & Wait,Hold & Wait,v3.1.0,,scheduled_etl,B,120269.42,artifact_spot_price_usd,180,2025-10-03,2026-04-01,0.4779138371167001,0.49654462244214226,0.5095283665811702,0.40322469740432815,1,1,1,2d09d2d77fbe6b7f6c5765b48188ed1d2a88db2b,h5-risk-outcome-v1
2025-10-04,e3de669ee6802ffc72c6c138a4f58aa397cd5833,e500c5fc9d84aa071c29d6cd76fca5197e860ca1,2025-10-04T01:55:36.267Z,53,Hold & Wait,Hold & Wait,v3.1.0,,scheduled_etl,B,121783.88,artifact_spot_price_usd,30,2025-10-04,2025-11-03,0.12580137863894636,0.14638211053247308,0.42025937475478853,0.37067838792132024,1,0,0,2d09d2d77fbe6b7f6c5765b48188ed1d2a88db2b,h5-risk-outcome-v1
2025-10-04,e3de669ee6802ffc72c6c138a4f58aa397cd5833,e500c5fc9d84aa071c29d6cd76fca5197e860ca1,2025-10-04T01:55:36.267Z,53,Hold & Wait,Hold & Wait,v3.1.0,,scheduled_etl,B,121783.88,artifact_spot_price_usd,90,2025-10-04,2026-01-02,0.30463703406395004,0.3210075457771078,0.4122754144465185,0.3415681979178236,1,1,1,2d09d2d77fbe6b7f6c5765b48188ed1d2a88db2b,h5-risk-outcome-v1
2025-10-04,e3de669ee6802ffc72c6c138a4f58aa397cd5833,e500c5fc9d84aa071c29d6cd76fca5197e860ca1,2025-10-04T01:55:36.267Z,53,Hold & Wait,Hold & Wait,v3.1.0,,scheduled_etl,B,121783.88,artifact_spot_price_usd,180,2025-10-04,2026-04-02,0.48440631058888917,0.49654462244214226,0.5099208998049408,0.4040423655211047,1,1,1,2d09d2d77fbe6b7f6c5765b48188ed1d2a88db2b,h5-risk-outcome-v1
2025-10-05,302a2e05b1994cf4a40ae8fe913fbab0ca23e1cf,b3a4924bd593bb9f2564725eb2a773d3950328b7,2025-10-05T00:05:40.195Z,65,Reduce Risk,Reduce Risk,v3.1.0,,scheduled_etl,B,122360.57,artifact_spot_price_usd,30,2025-10-05,2025-11-04,0.17074470967240518,0.18643299567856308,0.44386446794397116,0.40810323644630303,1,0,0,2d09d2d77fbe6b7f6c5765b48188ed1d2a88db2b,h5-risk-outcome-v1
2025-10-05,302a2e05b1994cf4a40ae8fe913fbab0ca23e1cf,b3a4924bd593bb9f2564725eb2a773d3950328b7,2025-10-05T00:05:40.195Z,65,Reduce Risk,Reduce Risk,v3.1.0,,scheduled_etl,B,122360.57,artifact_spot_price_usd,90,2025-10-05,2026-01-03,0.30791430605463843,0.3210075457771078,0.41210341100692116,0.3415681979178236,1,1,1,2d09d2d77fbe6b7f6c5765b48188ed1d2a88db2b,h5-risk-outcome-v1
2025-10-05,302a2e05b1994cf4a40ae8fe913fbab0ca23e1cf,b3a4924bd593bb9f2564725eb2a773d3950328b7,2025-10-05T00:05:40.195Z,65,Reduce Risk,Reduce Risk,v3.1.0,,scheduled_etl,B,122360.57,artifact_spot_price_usd,180,2025-10-05,2026-04-03,0.48683632317175385,0.49654462244214226,0.5096714803545007,0.4040423655211047,1,1,1,2d09d2d77fbe6b7f6c5765b48188ed1d2a88db2b,h5-risk-outcome-v1
2025-10-06,fd2a4878bffd054a496b7fe75f4a29716bc903d2,3113e198040cd5d6a49b8067469907d9c3907d7e,2025-10-06T11:19:14.041Z,61,Hold & Wait,Hold & Wait,v3.1.0,,scheduled_etl,B,123944.69,artifact_spot_price_usd,30,2025-10-06,2025-11-05,0.18134330724454595,0.18643299567856308,0.4523783557053241,0.40810323644630303,1,0,0,2d09d2d77fbe6b7f6c5765b48188ed1d2a88db2b,h5-risk-outcome-v1
2025-10-06,fd2a4878bffd054a496b7fe75f4a29716bc903d2,3113e198040cd5d6a49b8067469907d9c3907d7e,2025-10-06T11:19:14.041Z,61,Hold & Wait,Hold & Wait,v3.1.0,,scheduled_etl,B,123944.69,artifact_spot_price_usd,90,2025-10-06,2026-01-04,0.3167597579210534,0.3210075457771078,0.4121265986493453,0.3415681979178236,1,1,1,2d09d2d77fbe6b7f6c5765b48188ed1d2a88db2b,h5-risk-outcome-v1
2025-10-06,fd2a4878bffd054a496b7fe75f4a29716bc903d2,3113e198040cd5d6a49b8067469907d9c3907d7e,2025-10-06T11:19:14.041Z,61,Hold & Wait,Hold & Wait,v3.1.0,,scheduled_etl,B,123944.69,artifact_spot_price_usd,180,2025-10-06,2026-04-04,0.4933949973976296,0.49654462244214226,0.5094701670807293,0.4040423655211047,1,1,1,2d09d2d77fbe6b7f6c5765b48188ed1d2a88db2b,h5-risk-outcome-v1
2025-10-07,0c62bb045008420503a0ccfdbc7c7c446d0fd471,dc935557988969689b229345b1c14765067074cc,2025-10-07T11:19:28.705Z,54,Hold & Wait,Hold & Wait,v3.1.0,,scheduled_etl,B,124377.49,artifact_spot_price_usd,30,2025-10-07,2025-11-06,0.18562032406346196,0.18562032406346196,0.45135803206398634,0.40662845563234495,1,0,0,2d09d2d77fbe6b7f6c5765b48188ed1d2a88db2b,h5-risk-outcome-v1
2025-10-07,0c62bb045008420503a0ccfdbc7c7c446d0fd471,dc935557988969689b229345b1c14765067074cc,2025-10-07T11:19:28.705Z,54,Hold & Wait,Hold & Wait,v3.1.0,,scheduled_etl,B,124377.49,artifact_spot_price_usd,90,2025-10-07,2026-01-05,0.31913724903115515,0.31913724903115515,0.41339611432977075,0.3372025532635832,1,1,1,2d09d2d77fbe6b7f6c5765b48188ed1d2a88db2b,h5-risk-outcome-v1
2025-10-07,0c62bb045008420503a0ccfdbc7c7c446d0fd471,dc935557988969689b229345b1c14765067074cc,2025-10-07T11:19:28.705Z,54,Hold & Wait,Hold & Wait,v3.1.0,,scheduled_etl,B,124377.49,artifact_spot_price_usd,180,2025-10-07,2026-04-05,0.4951578456841347,0.4951578456841347,0.5099555183173073,0.402204670765041,1,1,1,2d09d2d77fbe6b7f6c5765b48188ed1d2a88db2b,h5-risk-outcome-v1
2025-10-08,fdc852982e918c0ad805cfbc751a503d3fdf8754,644ac9f3b00ab4e326bfa8bdedde0e241cb1fdc8,2025-10-08T11:19:36.365Z,59,Hold & Wait,Hold & Wait,v3.1.0,,scheduled_etl,B,123019.99,artifact_spot_price_usd,30,2025-10-08,2025-11-07,0.17663381374035236,0.17879170526153643,0.45362689631421954,0.40662845563234495,1,0,0,2d09d2d77fbe6b7f6c5765b48188ed1d2a88db2b,h5-risk-outcome-v1
2025-10-08,fdc852982e918c0ad805cfbc751a503d3fdf8754,644ac9f3b00ab4e326bfa8bdedde0e241cb1fdc8,2025-10-08T11:19:36.365Z,59,Hold & Wait,Hold & Wait,v3.1.0,,scheduled_etl,B,123019.99,artifact_spot_price_usd,90,2025-10-08,2026-01-06,0.3116240702019242,0.3134281770587365,0.4116524489025592,0.33721753519832137,1,1,1,2d09d2d77fbe6b7f6c5765b48188ed1d2a88db2b,h5-risk-outcome-v1
2025-10-08,fdc852982e918c0ad805cfbc751a503d3fdf8754,644ac9f3b00ab4e326bfa8bdedde0e241cb1fdc8,2025-10-08T11:19:36.365Z,59,Hold & Wait,Hold & Wait,v3.1.0,,scheduled_etl,B,123019.99,artifact_spot_price_usd,180,2025-10-08,2026-04-06,0.48958701752455025,0.49092471618836053,0.5092302382206394,0.4022168304862269,1,1,1,2d09d2d77fbe6b7f6c5765b48188ed1d2a88db2b,h5-risk-outcome-v1
2025-10-09,d747f76aaadad65ae41dcbd22308ded112d5967c,26d731f909a23ed258f863e659bf14e8827c26c3,2025-10-09T11:20:01.988Z,59,Hold & Wait,Hold & Wait,v3.1.0,,scheduled_etl,B,122434,artifact_spot_price_usd,30,2025-10-09,2025-11-08,0.17269304278223374,0.17269304278223374,0.45308479237392035,0.40539547633302836,1,0,0,2d09d2d77fbe6b7f6c5765b48188ed1d2a88db2b,h5-risk-outcome-v1
2025-10-09,d747f76aaadad65ae41dcbd22308ded112d5967c,26d731f909a23ed258f863e659bf14e8827c26c3,2025-10-09T11:20:01.988Z,59,Hold & Wait,Hold & Wait,v3.1.0,,scheduled_etl,B,122434,artifact_spot_price_usd,90,2025-10-09,2026-01-07,0.30832938562817513,0.30832938562817513,0.4138071162048094,0.34033296674749347,1,1,1,2d09d2d77fbe6b7f6c5765b48188ed1d2a88db2b,h5-risk-outcome-v1
2025-10-09,d747f76aaadad65ae41dcbd22308ded112d5967c,26d731f909a23ed258f863e659bf14e8827c26c3,2025-10-09T11:20:01.988Z,59,Hold & Wait,Hold & Wait,v3.1.0,,scheduled_etl,B,122434,artifact_spot_price_usd,180,2025-10-09,2026-04-07,0.4871440939608279,0.4871440939608279,0.513314423216405,0.4017711637886135,1,1,1,2d09d2d77fbe6b7f6c5765b48188ed1d2a88db2b,h5-risk-outcome-v1
2025-10-10,005a33084b7854ac0db1c7a264e96dfb581815ee,a6a2e7854978759ca011bd78f18c9b87b65864ca,2025-10-10T11:20:13.758Z,58,Hold & Wait,Hold & Wait,v3.1.0,,scheduled_etl,B,121612.71,artifact_spot_price_usd,30,2025-10-10,2025-11-09,0.16710597107818748,0.16710597107818748,0.3928483173663444,0.31125714633821333,1,0,0,2d09d2d77fbe6b7f6c5765b48188ed1d2a88db2b,h5-risk-outcome-v1
2025-10-10,005a33084b7854ac0db1c7a264e96dfb581815ee,a6a2e7854978759ca011bd78f18c9b87b65864ca,2025-10-10T11:20:13.758Z,58,Hold & Wait,Hold & Wait,v3.1.0,,scheduled_etl,B,121612.71,artifact_spot_price_usd,90,2025-10-10,2026-01-08,0.3036583100565723,0.3036583100565723,0.3878233704704,0.3055647089353074,1,1,1,2d09d2d77fbe6b7f6c5765b48188ed1d2a88db2b,h5-risk-outcome-v1
2025-10-10,005a33084b7854ac0db1c7a264e96dfb581815ee,a6a2e7854978759ca011bd78f18c9b87b65864ca,2025-10-10T11:20:13.758Z,58,Hold & Wait,Hold & Wait,v3.1.0,,scheduled_etl,B,121612.71,artifact_spot_price_usd,180,2025-10-10,2026-04-08,0.4836806120018212,0.4836806120018212,0.5032084245945726,0.38787299703124006,1,1,1,2d09d2d77fbe6b7f6c5765b48188ed1d2a88db2b,h5-risk-outcome-v1
2025-10-11,68ca25b86705d0e0884ff896336818e0aa86b356,6825e3cdf7938393de5112dc3080d1e64d2ffcb2,2025-10-11T11:17:48.227Z,56,Hold & Wait,Hold & Wait,v3.1.0,,scheduled_etl,B,111864.05,artifact_spot_price_usd,30,2025-10-11,2025-11-10,0.09452143025395565,0.12130685463152457,0.39108165900577296,0.3035241635326558,0,0,0,2d09d2d77fbe6b7f6c5765b48188ed1d2a88db2b,h5-risk-outcome-v1
2025-10-11,68ca25b86705d0e0884ff896336818e0aa86b356,6825e3cdf7938393de5112dc3080d1e64d2ffcb2,2025-10-11T11:17:48.227Z,56,Hold & Wait,Hold & Wait,v3.1.0,,scheduled_etl,B,111864.05,artifact_spot_price_usd,90,2025-10-11,2026-01-09,0.24297394918206516,0.26536792372054663,0.3862861079952679,0.30317222302327285,1,1,0,2d09d2d77fbe6b7f6c5765b48188ed1d2a88db2b,h5-risk-outcome-v1
2025-10-11,68ca25b86705d0e0884ff896336818e0aa86b356,6825e3cdf7938393de5112dc3080d1e64d2ffcb2,2025-10-11T11:17:48.227Z,56,Hold & Wait,Hold & Wait,v3.1.0,,scheduled_etl,B,111864.05,artifact_spot_price_usd,180,2025-10-11,2026-04-09,0.43868472489597865,0.4552892789468712,0.5029196996475689,0.3868502461456217,1,1,1,2d09d2d77fbe6b7f6c5765b48188ed1d2a88db2b,h5-risk-outcome-v1
2025-10-12,d40784592fecc6a543c339880e2230f161bb0636,f6b1848919137b5ca76fcb0e0bb80ee43cecfa21,2025-10-12T11:17:44.155Z,57,Hold & Wait,Hold & Wait,v3.1.0,,scheduled_etl,B,111758.02,artifact_spot_price_usd,30,2025-10-12,2025-11-11,0.09366236087575641,0.12130685463152457,0.37544277579000124,0.31930737671094145,0,0,0,2d09d2d77fbe6b7f6c5765b48188ed1d2a88db2b,h5-risk-outcome-v1
2025-10-12,d40784592fecc6a543c339880e2230f161bb0636,f6b1848919137b5ca76fcb0e0bb80ee43cecfa21,2025-10-12T11:17:44.155Z,57,Hold & Wait,Hold & Wait,v3.1.0,,scheduled_etl,B,111758.02,artifact_spot_price_usd,90,2025-10-12,2026-01-10,0.2422557235713375,0.26536792372054663,0.3775657251505722,0.30318602001767636,1,1,0,2d09d2d77fbe6b7f6c5765b48188ed1d2a88db2b,h5-risk-outcome-v1
2025-10-12,d40784592fecc6a543c339880e2230f161bb0636,f6b1848919137b5ca76fcb0e0bb80ee43cecfa21,2025-10-12T11:17:44.155Z,57,Hold & Wait,Hold & Wait,v3.1.0,,scheduled_etl,B,111758.02,artifact_spot_price_usd,180,2025-10-12,2026-04-10,0.438152179145622,0.4552892789468712,0.5003298279944133,0.3868502461456217,1,1,1,2d09d2d77fbe6b7f6c5765b48188ed1d2a88db2b,h5-risk-outcome-v1
2025-10-13,d2a26b8f2e8e86f8b55cda89e9d9ff7434eb68d8,e51a518d032d97742e3786aa076af48cd74229ef,2025-10-13T11:21:37.524Z,60,Hold & Wait,Hold & Wait,v3.1.0,,scheduled_etl,B,114511.98,artifact_spot_price_usd,30,2025-10-13,2025-11-12,0.11545936067125895,0.12130685463152457,0.3763559935806112,0.32270629278033874,1,0,0,2d09d2d77fbe6b7f6c5765b48188ed1d2a88db2b,h5-risk-outcome-v1
2025-10-13,d2a26b8f2e8e86f8b55cda89e9d9ff7434eb68d8,e51a518d032d97742e3786aa076af48cd74229ef,2025-10-13T11:21:37.524Z,60,Hold & Wait,Hold & Wait,v3.1.0,,scheduled_etl,B,114511.98,artifact_spot_price_usd,90,2025-10-13,2026-01-11,0.2604791219224398,0.26536792372054663,0.37780555669144816,0.30318602001767636,1,1,0,2d09d2d77fbe6b7f6c5765b48188ed1d2a88db2b,h5-risk-outcome-v1
2025-10-13,d2a26b8f2e8e86f8b55cda89e9d9ff7434eb68d8,e51a518d032d97742e3786aa076af48cd74229ef,2025-10-13T11:21:37.524Z,60,Hold & Wait,Hold & Wait,v3.1.0,,scheduled_etl,B,114511.98,artifact_spot_price_usd,180,2025-10-13,2026-04-11,0.45166435861121257,0.4552892789468712,0.5003203169438588,0.3868502461456217,1,1,1,2d09d2d77fbe6b7f6c5765b48188ed1d2a88db2b,h5-risk-outcome-v1
2025-10-14,f8de7d2d1822f92a3d25637c8dc94ee7403f50c6,67049177b4dbf76022ce6b47cbae729bc55ba430,2025-10-14T11:19:33.324Z,58,Hold & Wait,Hold & Wait,v3.1.0,,scheduled_etl,B,111372.71,artifact_spot_price_usd,30,2025-10-14,2025-11-13,0.10557496535731248,0.1303692623770506,0.37675520026771353,0.32329798340264865,1,0,0,2d09d2d77fbe6b7f6c5765b48188ed1d2a88db2b,h5-risk-outcome-v1
2025-10-14,f8de7d2d1822f92a3d25637c8dc94ee7403f50c6,67049177b4dbf76022ce6b47cbae729bc55ba430,2025-10-14T11:19:33.324Z,58,Hold & Wait,Hold & Wait,v3.1.0,,scheduled_etl,B,111372.71,artifact_spot_price_usd,90,2025-10-14,2026-01-12,0.23963419764141503,0.26071224758090683,0.37647968570538387,0.30067847355072747,1,1,0,2d09d2d77fbe6b7f6c5765b48188ed1d2a88db2b,h5-risk-outcome-v1
2025-10-14,f8de7d2d1822f92a3d25637c8dc94ee7403f50c6,67049177b4dbf76022ce6b47cbae729bc55ba430,2025-10-14T11:19:33.324Z,58,Hold & Wait,Hold & Wait,v3.1.0,,scheduled_etl,B,111372.71,artifact_spot_price_usd,180,2025-10-14,2026-04-12,0.43620838533964024,0.4518372152691502,0.5015544354506565,0.3886204114993403,1,1,1,2d09d2d77fbe6b7f6c5765b48188ed1d2a88db2b,h5-risk-outcome-v1
2025-10-15,a8c84486a83ec200ec59f2b3607ef2c310b6e633,7458993c6a77aec8504cd65e273f95f7b4485485,2025-10-15T11:20:16.862Z,61,Hold & Wait,Hold & Wait,v3.1.0,,scheduled_etl,B,111971.21,artifact_spot_price_usd,30,2025-10-15,2025-11-14,0.15599768904881883,0.17498441047773028,0.4086007340361402,0.3650915902612828,1,0,0,2d09d2d77fbe6b7f6c5765b48188ed1d2a88db2b,h5-risk-outcome-v1
2025-10-15,a8c84486a83ec200ec59f2b3607ef2c310b6e633,7458993c6a77aec8504cd65e273f95f7b4485485,2025-10-15T11:20:16.862Z,61,Hold & Wait,Hold & Wait,v3.1.0,,scheduled_etl,B,111971.21,artifact_spot_price_usd,90,2025-10-15,2026-01-13,0.24369844712761435,0.26071224758090683,0.386469654142586,0.2979069370074122,1,1,0,2d09d2d77fbe6b7f6c5765b48188ed1d2a88db2b,h5-risk-outcome-v1
2025-10-15,a8c84486a83ec200ec59f2b3607ef2c310b6e633,7458993c6a77aec8504cd65e273f95f7b4485485,2025-10-15T11:20:16.862Z,61,Hold & Wait,Hold & Wait,v3.1.0,,scheduled_etl,B,111971.21,artifact_spot_price_usd,180,2025-10-15,2026-04-13,0.43922192142069383,0.4518372152691502,0.50661967508258,0.38755170437515557,1,1,1,2d09d2d77fbe6b7f6c5765b48188ed1d2a88db2b,h5-risk-outcome-v1
2025-10-16,8ed903048fe2b6603969fe0c7f2528c523f1da77,778cbd1213cf8cfb0ccfce436bfd2cfaa51c35f7,2025-10-16T11:20:38.708Z,63,Hold & Wait,Hold & Wait,v3.1.0,,scheduled_etl,B,111350.01,artifact_spot_price_usd,30,2025-10-16,2025-11-15,0.15128916467991327,0.17498441047773028,0.40683940665484764,0.3555271572978251,1,0,0,2d09d2d77fbe6b7f6c5765b48188ed1d2a88db2b,h5-risk-outcome-v1
2025-10-16,8ed903048fe2b6603969fe0c7f2528c523f1da77,778cbd1213cf8cfb0ccfce436bfd2cfaa51c35f7,2025-10-16T11:20:38.708Z,63,Hold & Wait,Hold & Wait,v3.1.0,,scheduled_etl,B,111350.01,artifact_spot_price_usd,90,2025-10-16,2026-01-14,0.23947918819225966,0.26071224758090683,0.38550357819817577,0.29402569028809644,1,1,0,2d09d2d77fbe6b7f6c5765b48188ed1d2a88db2b,h5-risk-outcome-v1
2025-10-16,8ed903048fe2b6603969fe0c7f2528c523f1da77,778cbd1213cf8cfb0ccfce436bfd2cfaa51c35f7,2025-10-16T11:20:38.708Z,63,Hold & Wait,Hold & Wait,v3.1.0,,scheduled_etl,B,111350.01,artifact_spot_price_usd,180,2025-10-16,2026-04-14,0.4360934498344454,0.4518372152691502,0.5056851007386036,0.3861007309439185,1,1,1,2d09d2d77fbe6b7f6c5765b48188ed1d2a88db2b,h5-risk-outcome-v1
2025-10-17,884526a24c868466a541a2c055705fe9ee16c92b,33668089c2791fa58cc18f62fee4056f9c4ab35d,2025-10-17T11:19:36.339Z,59,Hold & Wait,Hold & Wait,v3.1.0,,scheduled_etl,B,105986.05,artifact_spot_price_usd,30,2025-10-17,2025-11-16,0.11135503210092268,0.17777790969714113,0.40623405171568716,0.3545779549568587,1,0,0,2d09d2d77fbe6b7f6c5765b48188ed1d2a88db2b,h5-risk-outcome-v1
2025-10-17,884526a24c868466a541a2c055705fe9ee16c92b,33668089c2791fa58cc18f62fee4056f9c4ab35d,2025-10-17T11:19:36.339Z,59,Hold & Wait,Hold & Wait,v3.1.0,,scheduled_etl,B,105986.05,artifact_spot_price_usd,90,2025-10-17,2026-01-15,0.20098918678448718,0.26071224758090683,0.3852156566163922,0.293615422450104,1,1,0,2d09d2d77fbe6b7f6c5765b48188ed1d2a88db2b,h5-risk-outcome-v1
2025-10-17,884526a24c868466a541a2c055705fe9ee16c92b,33668089c2791fa58cc18f62fee4056f9c4ab35d,2025-10-17T11:19:36.339Z,59,Hold & Wait,Hold & Wait,v3.1.0,,scheduled_etl,B,105986.05,artifact_spot_price_usd,180,2025-10-17,2026-04-15,0.4075541073565814,0.4518372152691502,0.5055204915745629,0.3854141429540777,1,1,1,2d09d2d77fbe6b7f6c5765b48188ed1d2a88db2b,h5-risk-outcome-v1
2025-10-18,708899c787d0bef583a2d8386a0f0b991a73361b,7d7d814142b84e917fe8ac43813c717ce8eb3793,2025-10-18T11:17:53.550Z,59,Hold & Wait,Hold & Wait,v3.1.0,,scheduled_etl,B,106964.02,artifact_spot_price_usd,30,2025-10-18,2025-11-17,0.13895719326928813,0.19596564202860123,0.40896773896591404,0.36306078926256663,1,0,0,2d09d2d77fbe6b7f6c5765b48188ed1d2a88db2b,h5-risk-outcome-v1
2025-10-18,708899c787d0bef583a2d8386a0f0b991a73361b,7d7d814142b84e917fe8ac43813c717ce8eb3793,2025-10-18T11:17:53.550Z,59,Hold & Wait,Hold & Wait,v3.1.0,,scheduled_etl,B,106964.02,artifact_spot_price_usd,90,2025-10-18,2026-01-16,0.2082945274495106,0.26071224758090683,0.3848605180675311,0.29362071598886486,1,1,0,2d09d2d77fbe6b7f6c5765b48188ed1d2a88db2b,h5-risk-outcome-v1
2025-10-18,708899c787d0bef583a2d8386a0f0b991a73361b,7d7d814142b84e917fe8ac43813c717ce8eb3793,2025-10-18T11:17:53.550Z,59,Hold & Wait,Hold & Wait,v3.1.0,,scheduled_etl,B,106964.02,artifact_spot_price_usd,180,2025-10-18,2026-04-16,0.41297082888245973,0.4518372152691502,0.5054401994933558,0.3854141429540777,1,1,1,2d09d2d77fbe6b7f6c5765b48188ed1d2a88db2b,h5-risk-outcome-v1
2025-10-19,3bd71c61e3c5bb85e48fa4b25a80dd67e7054a97,21e77f36918fda97088f268861dcd14e3d2adea1,2025-10-19T11:17:39.905Z,60,Hold & Wait,Hold & Wait,v3.1.0,,scheduled_etl,B,108139.85,artifact_spot_price_usd,30,2025-10-19,2025-11-18,0.14831951403668486,0.19596564202860123,0.40662701439162907,0.36306078926256663,1,0,0,2d09d2d77fbe6b7f6c5765b48188ed1d2a88db2b,h5-risk-outcome-v1
2025-10-19,3bd71c61e3c5bb85e48fa4b25a80dd67e7054a97,21e77f36918fda97088f268861dcd14e3d2adea1,2025-10-19T11:17:39.905Z,60,Hold & Wait,Hold & Wait,v3.1.0,,scheduled_etl,B,108139.85,artifact_spot_price_usd,90,2025-10-19,2026-01-17,0.21690292708932002,0.26071224758090683,0.3837160601380677,0.2937387242943872,1,1,0,2d09d2d77fbe6b7f6c5765b48188ed1d2a88db2b,h5-risk-outcome-v1
2025-10-19,3bd71c61e3c5bb85e48fa4b25a80dd67e7054a97,21e77f36918fda97088f268861dcd14e3d2adea1,2025-10-19T11:17:39.905Z,60,Hold & Wait,Hold & Wait,v3.1.0,,scheduled_etl,B,108139.85,artifact_spot_price_usd,180,2025-10-19,2026-04-17,0.4193537350014819,0.4518372152691502,0.5064561213414489,0.3854141429540777,1,1,1,2d09d2d77fbe6b7f6c5765b48188ed1d2a88db2b,h5-risk-outcome-v1
2025-10-20,6746b1e1b892f7a7f5ad0541aaa77d3ac4531565,02796b835e96f627466b81ddf415529a2f8af01f,2025-10-20T11:21:02.429Z,61,Hold & Wait,Hold & Wait,v3.1.0,,scheduled_etl,B,110795.56,artifact_spot_price_usd,30,2025-10-20,2025-11-19,0.17450121647473948,0.20154408510870847,0.40013479477966435,0.3671989816386097,1,0,0,2d09d2d77fbe6b7f6c5765b48188ed1d2a88db2b,h5-risk-outcome-v1
2025-10-20,6746b1e1b892f7a7f5ad0541aaa77d3ac4531565,02796b835e96f627466b81ddf415529a2f8af01f,2025-10-20T11:21:02.429Z,61,Hold & Wait,Hold & Wait,v3.1.0,,scheduled_etl,B,110795.56,artifact_spot_price_usd,90,2025-10-20,2026-01-18,0.23567334286680797,0.26071224758090683,0.382856883431687,0.2954236947798225,1,1,0,2d09d2d77fbe6b7f6c5765b48188ed1d2a88db2b,h5-risk-outcome-v1
2025-10-20,6746b1e1b892f7a7f5ad0541aaa77d3ac4531565,02796b835e96f627466b81ddf415529a2f8af01f,2025-10-20T11:21:02.429Z,61,Hold & Wait,Hold & Wait,v3.1.0,,scheduled_etl,B,110795.56,artifact_spot_price_usd,180,2025-10-20,2026-04-18,0.43327151376824125,0.4518372152691502,0.5062139205931233,0.38624795654667227,1,1,1,2d09d2d77fbe6b7f6c5765b48188ed1d2a88db2b,h5-risk-outcome-v1
2025-10-21,dbbd9be825593982d875d41bb30d5d267edd543f,3fa06ba467926974fbea96a1ec327c0afe74d686,2025-10-21T11:20:13.778Z,62,Hold & Wait,Hold & Wait,v3.1.0,,scheduled_etl,B,108513.92,artifact_spot_price_usd,30,2025-10-21,2025-11-20,0.20252738081897692,0.24453668323932765,0.43188064192820214,0.40886013781720837,1,1,0,2d09d2d77fbe6b7f6c5765b48188ed1d2a88db2b,h5-risk-outcome-v1
2025-10-21,dbbd9be825593982d875d41bb30d5d267edd543f,3fa06ba467926974fbea96a1ec327c0afe74d686,2025-10-21T11:20:13.778Z,62,Hold & Wait,Hold & Wait,v3.1.0,,scheduled_etl,B,108513.92,artifact_spot_price_usd,90,2025-10-21,2026-01-19,0.21960242520037976,0.26071224758090683,0.3815729416555074,0.29354374616887263,1,1,0,2d09d2d77fbe6b7f6c5765b48188ed1d2a88db2b,h5-risk-outcome-v1
2025-10-21,dbbd9be825593982d875d41bb30d5d267edd543f,3fa06ba467926974fbea96a1ec327c0afe74d686,2025-10-21T11:20:13.778Z,62,Hold & Wait,Hold & Wait,v3.1.0,,scheduled_etl,B,108513.92,artifact_spot_price_usd,180,2025-10-21,2026-04-19,0.42135534316703327,0.4518372152691502,0.5066660660851813,0.38690072362001116,1,1,1,2d09d2d77fbe6b7f6c5765b48188ed1d2a88db2b,h5-risk-outcome-v1
2025-10-22,169fbd4799d5b51f11625cfba6082c95e2da20b8,6464ee833dfc58305f6694b6864d3d2b47a92860,2025-10-22T11:21:23.725Z,61,Hold & Wait,Hold & Wait,v3.1.0,,scheduled_etl,B,108209.74,artifact_spot_price_usd,30,2025-10-22,2025-11-21,0.21385191388501623,0.2573522613951921,0.43313279281782685,0.41243093528338404,1,1,0,2d09d2d77fbe6b7f6c5765b48188ed1d2a88db2b,h5-risk-outcome-v1
2025-10-22,169fbd4799d5b51f11625cfba6082c95e2da20b8,6464ee833dfc58305f6694b6864d3d2b47a92860,2025-10-22T11:21:23.725Z,61,Hold & Wait,Hold & Wait,v3.1.0,,scheduled_etl,B,108209.74,artifact_spot_price_usd,90,2025-10-22,2026-01-20,0.2174087101586235,0.26071224758090683,0.3920555988636891,0.3080818899146452,1,1,0,2d09d2d77fbe6b7f6c5765b48188ed1d2a88db2b,h5-risk-outcome-v1
2025-10-22,169fbd4799d5b51f11625cfba6082c95e2da20b8,6464ee833dfc58305f6694b6864d3d2b47a92860,2025-10-22T11:21:23.725Z,61,Hold & Wait,Hold & Wait,v3.1.0,,scheduled_etl,B,108209.74,artifact_spot_price_usd,180,2025-10-22,2026-04-20,0.419728760091282,0.4518372152691502,0.5083302154569878,0.3867652423667994,1,1,1,2d09d2d77fbe6b7f6c5765b48188ed1d2a88db2b,h5-risk-outcome-v1
2025-10-23,1210ee292ecc6824dd646230fae1d8a41796b0be,699695ec28e9a98ec1f8b8b9287478a3d54eb73b,2025-10-23T11:21:00.895Z,61,Hold & Wait,Hold & Wait,v3.1.0,,scheduled_etl,B,109460.15,artifact_spot_price_usd,30,2025-10-23,2025-11-22,0.22634858439349836,0.26071224758090683,0.41913782521464904,0.41273412093654777,1,1,0,2d09d2d77fbe6b7f6c5765b48188ed1d2a88db2b,h5-risk-outcome-v1
2025-10-23,1210ee292ecc6824dd646230fae1d8a41796b0be,699695ec28e9a98ec1f8b8b9287478a3d54eb73b,2025-10-23T11:21:00.895Z,61,Hold & Wait,Hold & Wait,v3.1.0,,scheduled_etl,B,109460.15,artifact_spot_price_usd,90,2025-10-23,2026-01-21,0.22634858439349836,0.26071224758090683,0.38971503731171075,0.3080818899146452,1,1,0,2d09d2d77fbe6b7f6c5765b48188ed1d2a88db2b,h5-risk-outcome-v1
2025-10-23,1210ee292ecc6824dd646230fae1d8a41796b0be,699695ec28e9a98ec1f8b8b9287478a3d54eb73b,2025-10-23T11:21:00.895Z,61,Hold & Wait,Hold & Wait,v3.1.0,,scheduled_etl,B,109460.15,artifact_spot_price_usd,180,2025-10-23,2026-04-21,0.42635744606598835,0.4518372152691502,0.5071979708466708,0.3867652423667994,1,1,1,2d09d2d77fbe6b7f6c5765b48188ed1d2a88db2b,h5-risk-outcome-v1
2025-10-24,35287bd3b274fb53bc505ec75f358436d908b394,42772751a5136b4d4263f5b11f050cd844a33533,2025-10-24T11:21:27.050Z,60,Hold & Wait,Hold & Wait,v3.1.0,,scheduled_etl,B,111174,artifact_spot_price_usd,30,2025-10-24,2025-11-23,0.23827513627286956,0.26071224758090683,0.4309007768756918,0.41273412093654777,1,1,0,2d09d2d77fbe6b7f6c5765b48188ed1d2a88db2b,h5-risk-outcome-v1
2025-10-24,35287bd3b274fb53bc505ec75f358436d908b394,42772751a5136b4d4263f5b11f050cd844a33533,2025-10-24T11:21:27.050Z,60,Hold & Wait,Hold & Wait,v3.1.0,,scheduled_etl,B,111174,artifact_spot_price_usd,90,2025-10-24,2026-01-22,0.23827513627286956,0.26071224758090683,0.38917786852180897,0.3080818899146452,1,1,0,2d09d2d77fbe6b7f6c5765b48188ed1d2a88db2b,h5-risk-outcome-v1
2025-10-24,35287bd3b274fb53bc505ec75f358436d908b394,42772751a5136b4d4263f5b11f050cd844a33533,2025-10-24T11:21:27.050Z,60,Hold & Wait,Hold & Wait,v3.1.0,,scheduled_etl,B,111174,artifact_spot_price_usd,180,2025-10-24,2026-04-22,0.4352006764171479,0.4518372152691502,0.5083394680305183,0.3867652423667994,1,1,1,2d09d2d77fbe6b7f6c5765b48188ed1d2a88db2b,h5-risk-outcome-v1
2025-10-25,23451afee350087c86eb675fa3ff06495c5b17ca,43cb664bf03a6208949817f6f26fa544e3c1683d,2025-10-25T11:17:47.911Z,60,Hold & Wait,Hold & Wait,v3.1.0,,scheduled_etl,B,111583.3,artifact_spot_price_usd,30,2025-10-25,2025-11-24,0.2410692281013378,0.26071224758090683,0.43683595421516613,0.41273412093654777,1,1,0,2d09d2d77fbe6b7f6c5765b48188ed1d2a88db2b,h5-risk-outcome-v1
2025-10-25,23451afee350087c86eb675fa3ff06495c5b17ca,43cb664bf03a6208949817f6f26fa544e3c1683d,2025-10-25T11:17:47.911Z,60,Hold & Wait,Hold & Wait,v3.1.0,,scheduled_etl,B,111583.3,artifact_spot_price_usd,90,2025-10-25,2026-01-23,0.2410692281013378,0.26071224758090683,0.38887541693734107,0.3080818899146452,1,1,0,2d09d2d77fbe6b7f6c5765b48188ed1d2a88db2b,h5-risk-outcome-v1
2025-10-25,23451afee350087c86eb675fa3ff06495c5b17ca,43cb664bf03a6208949817f6f26fa544e3c1683d,2025-10-25T11:17:47.911Z,60,Hold & Wait,Hold & Wait,v3.1.0,,scheduled_etl,B,111583.3,artifact_spot_price_usd,180,2025-10-25,2026-04-23,0.43727242338235206,0.4518372152691502,0.508241986241486,0.3867652423667994,1,1,1,2d09d2d77fbe6b7f6c5765b48188ed1d2a88db2b,h5-risk-outcome-v1
2025-10-26,7ac9f190a6c0e745a706b5fb462a61c7e0474433,04a775aa97041a42681bdf3206458c190df7c83d,2025-10-26T11:18:06.632Z,60,Hold & Wait,Hold & Wait,v3.1.0,,scheduled_etl,B,112623.71,artifact_spot_price_usd,30,2025-10-26,2025-11-25,0.2480801777884959,0.26071224758090683,0.42058078302887075,0.4144245624584239,1,1,0,2d09d2d77fbe6b7f6c5765b48188ed1d2a88db2b,h5-risk-outcome-v1
2025-10-26,7ac9f190a6c0e745a706b5fb462a61c7e0474433,04a775aa97041a42681bdf3206458c190df7c83d,2025-10-26T11:18:06.632Z,60,Hold & Wait,Hold & Wait,v3.1.0,,scheduled_etl,B,112623.71,artifact_spot_price_usd,90,2025-10-26,2026-01-24,0.2480801777884959,0.26071224758090683,0.38475006970204034,0.308209247870439,1,1,0,2d09d2d77fbe6b7f6c5765b48188ed1d2a88db2b,h5-risk-outcome-v1
2025-10-26,7ac9f190a6c0e745a706b5fb462a61c7e0474433,04a775aa97041a42681bdf3206458c190df7c83d,2025-10-26T11:18:06.632Z,60,Hold & Wait,Hold & Wait,v3.1.0,,scheduled_etl,B,112623.71,artifact_spot_price_usd,180,2025-10-26,2026-04-24,0.4424708615974381,0.4518372152691502,0.5068680293179548,0.38705547710083554,1,1,1,2d09d2d77fbe6b7f6c5765b48188ed1d2a88db2b,h5-risk-outcome-v1
2025-10-27,5fa982f81cbd342b11bedec49d5f7e38036b0b77,271aaa5266a7604cd90a8752d5cce049d60700a2,2025-10-27T11:21:30.968Z,60,Hold & Wait,Hold & Wait,v3.1.0,,scheduled_etl,B,115167.99,artifact_spot_price_usd,30,2025-10-27,2025-11-26,0.2646915171481242,0.2646915171481242,0.44716075332384675,0.41418575118798534,1,1,0,2d09d2d77fbe6b7f6c5765b48188ed1d2a88db2b,h5-risk-outcome-v1
2025-10-27,5fa982f81cbd342b11bedec49d5f7e38036b0b77,271aaa5266a7604cd90a8752d5cce049d60700a2,2025-10-27T11:21:30.968Z,60,Hold & Wait,Hold & Wait,v3.1.0,,scheduled_etl,B,115167.99,artifact_spot_price_usd,90,2025-10-27,2026-01-25,0.2646915171481242,0.2646915171481242,0.3882274875182197,0.3134760947346677,1,1,0,2d09d2d77fbe6b7f6c5765b48188ed1d2a88db2b,h5-risk-outcome-v1
2025-10-27,5fa982f81cbd342b11bedec49d5f7e38036b0b77,271aaa5266a7604cd90a8752d5cce049d60700a2,2025-10-27T11:21:30.968Z,60,Hold & Wait,Hold & Wait,v3.1.0,,scheduled_etl,B,115167.99,artifact_spot_price_usd,180,2025-10-27,2026-04-25,0.4547877409339175,0.4547877409339175,0.5069031441824577,0.38701287072499974,1,1,1,2d09d2d77fbe6b7f6c5765b48188ed1d2a88db2b,h5-risk-outcome-v1
2025-10-28,2eb8215ddb08f943ddfe5d0a008c1397c0c05c99,01abb8c4e9b3c8701db482dec34049061c6f5a63,2025-10-28T11:20:06.335Z,58,Hold & Wait,Hold & Wait,v3.1.0,,scheduled_etl,B,114582,artifact_spot_price_usd,30,2025-10-28,2025-11-27,0.2609310362884223,0.2609310362884223,0.4508318767171897,0.4125942256068371,1,1,0,2d09d2d77fbe6b7f6c5765b48188ed1d2a88db2b,h5-risk-outcome-v1
2025-10-28,2eb8215ddb08f943ddfe5d0a008c1397c0c05c99,01abb8c4e9b3c8701db482dec34049061c6f5a63,2025-10-28T11:20:06.335Z,58,Hold & Wait,Hold & Wait,v3.1.0,,scheduled_etl,B,114582,artifact_spot_price_usd,90,2025-10-28,2026-01-26,0.2609310362884223,0.2609310362884223,0.3905052175503068,0.3127757153974953,1,1,0,2d09d2d77fbe6b7f6c5765b48188ed1d2a88db2b,h5-risk-outcome-v1
2025-10-28,2eb8215ddb08f943ddfe5d0a008c1397c0c05c99,01abb8c4e9b3c8701db482dec34049061c6f5a63,2025-10-28T11:20:06.335Z,58,Hold & Wait,Hold & Wait,v3.1.0,,scheduled_etl,B,114582,artifact_spot_price_usd,180,2025-10-28,2026-04-26,0.45199944144804594,0.45199944144804594,0.5072241476577788,0.3867294340917998,1,1,1,2d09d2d77fbe6b7f6c5765b48188ed1d2a88db2b,h5-risk-outcome-v1
2025-10-29,301c6abe51a4fb896a1659aa6ceb00c842ce8300,5c4535b2a8cc43ca52c74e66bba630b899c8cb09,2025-10-29T11:21:36.749Z,55,Hold & Wait,Hold & Wait,v3.1.0,,scheduled_etl,B,113122.86,artifact_spot_price_usd,30,2025-10-29,2025-11-28,0.25139799329684553,0.25139799329684553,0.4459625225719773,0.4029801048318006,1,1,0,2d09d2d77fbe6b7f6c5765b48188ed1d2a88db2b,h5-risk-outcome-v1
2025-10-29,301c6abe51a4fb896a1659aa6ceb00c842ce8300,5c4535b2a8cc43ca52c74e66bba630b899c8cb09,2025-10-29T11:21:36.749Z,55,Hold & Wait,Hold & Wait,v3.1.0,,scheduled_etl,B,113122.86,artifact_spot_price_usd,90,2025-10-29,2026-01-27,0.25139799329684553,0.25139799329684553,0.38848068050035167,0.3084335152022531,1,1,0,2d09d2d77fbe6b7f6c5765b48188ed1d2a88db2b,h5-risk-outcome-v1
2025-10-29,301c6abe51a4fb896a1659aa6ceb00c842ce8300,5c4535b2a8cc43ca52c74e66bba630b899c8cb09,2025-10-29T11:21:36.749Z,55,Hold & Wait,Hold & Wait,v3.1.0,,scheduled_etl,B,113122.86,artifact_spot_price_usd,180,2025-10-29,2026-04-27,0.4449309361520739,0.4449309361520739,0.5065285991483587,0.3857228927805877,1,1,1,2d09d2d77fbe6b7f6c5765b48188ed1d2a88db2b,h5-risk-outcome-v1
2025-10-30,3e2c090977ac781e1d04e53fe2a81b6681a5b68c,8324833c96638abd460fd7c8cbfd146b8787d2d7,2025-10-30T11:20:37.122Z,55,Hold & Wait,Hold & Wait,v3.1.0,,scheduled_etl,B,109967.66,artifact_spot_price_usd,30,2025-10-30,2025-11-29,0.22991905074637398,0.23387862471243526,0.4450671916794517,0.3992080481415848,1,1,0,2d09d2d77fbe6b7f6c5765b48188ed1d2a88db2b,h5-risk-outcome-v1
2025-10-30,3e2c090977ac781e1d04e53fe2a81b6681a5b68c,8324833c96638abd460fd7c8cbfd146b8787d2d7,2025-10-30T11:20:37.122Z,55,Hold & Wait,Hold & Wait,v3.1.0,,scheduled_etl,B,109967.66,artifact_spot_price_usd,90,2025-10-30,2026-01-28,0.22991905074637398,0.23387862471243526,0.38756248318631964,0.3067896082474631,1,1,0,2d09d2d77fbe6b7f6c5765b48188ed1d2a88db2b,h5-risk-outcome-v1
2025-10-30,3e2c090977ac781e1d04e53fe2a81b6681a5b68c,8324833c96638abd460fd7c8cbfd146b8787d2d7,2025-10-30T11:20:37.122Z,55,Hold & Wait,Hold & Wait,v3.1.0,,scheduled_etl,B,109967.66,artifact_spot_price_usd,180,2025-10-30,2026-04-28,0.42900485470000904,0.4319407765849337,0.5064176147382005,0.3855548375242909,1,1,1,2d09d2d77fbe6b7f6c5765b48188ed1d2a88db2b,h5-risk-outcome-v1
2025-10-31,91b7aa644b5d9e7557b6b33c197c2c1df5cf8418,3345c26f51ffcfc64021fde450d8f5d3324108d0,2025-10-31T11:20:02.237Z,56,Hold & Wait,Hold & Wait,v3.1.0,,scheduled_etl,B,109618.2,artifact_spot_price_usd,30,2025-10-31,2025-11-30,0.22746405250223045,0.23387862471243526,0.4408335754499296,0.3995982242260873,1,1,0,2d09d2d77fbe6b7f6c5765b48188ed1d2a88db2b,h5-risk-outcome-v1
2025-10-31,91b7aa644b5d9e7557b6b33c197c2c1df5cf8418,3345c26f51ffcfc64021fde450d8f5d3324108d0,2025-10-31T11:20:02.237Z,56,Hold & Wait,Hold & Wait,v3.1.0,,scheduled_etl,B,109618.2,artifact_spot_price_usd,90,2025-10-31,2026-01-29,0.22902218792134887,0.23542382251720506,0.3999670994236192,0.3251927419573469,1,1,0,2d09d2d77fbe6b7f6c5765b48188ed1d2a88db2b,h5-risk-outcome-v1
2025-10-31,91b7aa644b5d9e7557b6b33c197c2c1df5cf8418,3345c26f51ffcfc64021fde450d8f5d3324108d0,2025-10-31T11:20:02.237Z,56,Hold & Wait,Hold & Wait,v3.1.0,,scheduled_etl,B,109618.2,artifact_spot_price_usd,180,2025-10-31,2026-04-29,0.4271845368743511,0.4319407765849337,0.5061147085404243,0.38570006886044655,1,1,1,2d09d2d77fbe6b7f6c5765b48188ed1d2a88db2b,h5-risk-outcome-v1
2025-11-01,16aa91c6b8b83cf3266efd431b9fc86e6afab7c9,3780db7a62fc96d2e4b044c502f72851887d1ac9,2025-11-01T11:18:20.013Z,58,Hold & Wait,Hold & Wait,v3.1.0,,scheduled_etl,B,110119.99,artifact_spot_price_usd,30,2025-11-01,2025-12-01,0.23098431084129234,0.23387862471243526,0.4595270430160583,0.43097535224519196,1,1,0,2d09d2d77fbe6b7f6c5765b48188ed1d2a88db2b,h5-risk-outcome-v1
2025-11-01,16aa91c6b8b83cf3266efd431b9fc86e6afab7c9,3780db7a62fc96d2e4b044c502f72851887d1ac9,2025-11-01T11:18:20.013Z,58,Hold & Wait,Hold & Wait,v3.1.0,,scheduled_etl,B,110119.99,artifact_spot_price_usd,90,2025-11-01,2026-01-30,0.23618781658080423,0.23906254622362422,0.39970184368356443,0.32533461908947064,1,1,0,2d09d2d77fbe6b7f6c5765b48188ed1d2a88db2b,h5-risk-outcome-v1
2025-11-01,16aa91c6b8b83cf3266efd431b9fc86e6afab7c9,3780db7a62fc96d2e4b044c502f72851887d1ac9,2025-11-01T11:18:20.013Z,58,Hold & Wait,Hold & Wait,v3.1.0,,scheduled_etl,B,110119.99,artifact_spot_price_usd,180,2025-11-01,2026-04-30,0.42979471756217924,0.4319407765849337,0.5062020753937845,0.38570006886044655,1,1,1,2d09d2d77fbe6b7f6c5765b48188ed1d2a88db2b,h5-risk-outcome-v1
2025-11-02,2323b3fd8fbaf9d9dccdad0abcf5b3c9d2346e3d,56a3f38b9a09086304696e007eca2dd2b87d7519,2025-11-02T11:17:43.209Z,58,Hold & Wait,Hold & Wait,v3.1.0,,scheduled_etl,B,110705.99,artifact_spot_price_usd,30,2025-11-02,2025-12-02,0.23505494147155004,0.23505494147155004,0.5090466425401934,0.43097535224519196,1,1,0,2d09d2d77fbe6b7f6c5765b48188ed1d2a88db2b,h5-risk-outcome-v1
2025-11-02,2323b3fd8fbaf9d9dccdad0abcf5b3c9d2346e3d,56a3f38b9a09086304696e007eca2dd2b87d7519,2025-11-02T11:17:43.209Z,58,Hold & Wait,Hold & Wait,v3.1.0,,scheduled_etl,B,110705.99,artifact_spot_price_usd,90,2025-11-02,2026-01-31,0.2895777364892361,0.2895777364892361,0.41953478789893156,0.35232421755649346,1,1,0,2d09d2d77fbe6b7f6c5765b48188ed1d2a88db2b,h5-risk-outcome-v1
2025-11-02,2323b3fd8fbaf9d9dccdad0abcf5b3c9d2346e3d,56a3f38b9a09086304696e007eca2dd2b87d7519,2025-11-02T11:17:43.209Z,58,Hold & Wait,Hold & Wait,v3.1.0,,scheduled_etl,B,110705.99,artifact_spot_price_usd,180,2025-11-02,2026-05-01,0.43281298509683175,0.43281298509683175,0.5075720842701104,0.38570006886044655,1,1,1,2d09d2d77fbe6b7f6c5765b48188ed1d2a88db2b,h5-risk-outcome-v1
2025-11-03,f4ec215a663ca4c28ad7223924ad55da4453b6af,bfd413c5f17c0bf238cd7380d26f30ceed80d090,2025-11-03T11:21:06.725Z,58,Hold & Wait,Hold & Wait,v3.1.0,,scheduled_etl,B,107675.72,artifact_spot_price_usd,30,2025-11-03,2025-12-03,0.2135274321824827,0.2135274321824827,0.5071257091020717,0.41157665251818487,1,1,0,2d09d2d77fbe6b7f6c5765b48188ed1d2a88db2b,h5-risk-outcome-v1
2025-11-03,f4ec215a663ca4c28ad7223924ad55da4453b6af,bfd413c5f17c0bf238cd7380d26f30ceed80d090,2025-11-03T11:21:06.725Z,58,Hold & Wait,Hold & Wait,v3.1.0,,scheduled_etl,B,107675.72,artifact_spot_price_usd,90,2025-11-03,2026-02-01,0.28586008061984636,0.28586008061984636,0.4159865217804329,0.3474818468975351,1,1,0,2d09d2d77fbe6b7f6c5765b48188ed1d2a88db2b,h5-risk-outcome-v1
2025-11-03,f4ec215a663ca4c28ad7223924ad55da4453b6af,bfd413c5f17c0bf238cd7380d26f30ceed80d090,2025-11-03T11:21:06.725Z,58,Hold & Wait,Hold & Wait,v3.1.0,,scheduled_etl,B,107675.72,artifact_spot_price_usd,180,2025-11-03,2026-05-02,0.4168508926617811,0.4168508926617811,0.5052536441722141,0.38215242276891886,1,1,1,2d09d2d77fbe6b7f6c5765b48188ed1d2a88db2b,h5-risk-outcome-v1
2025-11-04,7be7a7d02c3792b8106373c7355705c2d77b3120,ecbae65daf2ed679bb6b0fb8f76628eed27b96ae,2025-11-04T11:22:52.134Z,57,Hold & Wait,Hold & Wait,v3.1.0,,scheduled_etl,B,104337.43,artifact_spot_price_usd,30,2025-11-04,2025-12-04,0.18836413739537183,0.2009388996236815,0.48354798854726466,0.3779753574678081,1,0,0,2d09d2d77fbe6b7f6c5765b48188ed1d2a88db2b,h5-risk-outcome-v1
2025-11-04,7be7a7d02c3792b8106373c7355705c2d77b3120,ecbae65daf2ed679bb6b0fb8f76628eed27b96ae,2025-11-04T11:22:52.134Z,57,Hold & Wait,Hold & Wait,v3.1.0,,scheduled_etl,B,104337.43,artifact_spot_price_usd,90,2025-11-04,2026-02-02,0.2630110785745825,0.27442932766732553,0.40903528761774083,0.33320920227587136,1,1,0,2d09d2d77fbe6b7f6c5765b48188ed1d2a88db2b,h5-risk-outcome-v1
2025-11-04,7be7a7d02c3792b8106373c7355705c2d77b3120,ecbae65daf2ed679bb6b0fb8f76628eed27b96ae,2025-11-04T11:22:52.134Z,57,Hold & Wait,Hold & Wait,v3.1.0,,scheduled_etl,B,104337.43,artifact_spot_price_usd,180,2025-11-04,2026-05-03,0.3981929591326909,0.4075168207249372,0.5007265077367405,0.3757497047466678,1,1,1,2d09d2d77fbe6b7f6c5765b48188ed1d2a88db2b,h5-risk-outcome-v1
2025-11-05,1ea1425d4702c3af15dbfceb3b3385cd950e4b6d,bdbfcb23fc8af1cfb1023520ccd8a62c26355c57,2025-11-05T11:22:24.360Z,55,Hold & Wait,Hold & Wait,v3.1.0,,scheduled_etl,B,101543.83,artifact_spot_price_usd,30,2025-11-05,2025-12-05,0.166035001831229,0.2009388996236815,0.4826412701274418,0.39247002236965695,1,0,0,2d09d2d77fbe6b7f6c5765b48188ed1d2a88db2b,h5-risk-outcome-v1
2025-11-05,1ea1425d4702c3af15dbfceb3b3385cd950e4b6d,bdbfcb23fc8af1cfb1023520ccd8a62c26355c57,2025-11-05T11:22:24.360Z,55,Hold & Wait,Hold & Wait,v3.1.0,,scheduled_etl,B,101543.83,artifact_spot_price_usd,90,2025-11-05,2026-02-03,0.254888357076939,0.2860734795768761,0.41187424321809035,0.34231837037254614,1,1,0,2d09d2d77fbe6b7f6c5765b48188ed1d2a88db2b,h5-risk-outcome-v1
2025-11-05,1ea1425d4702c3af15dbfceb3b3385cd950e4b6d,bdbfcb23fc8af1cfb1023520ccd8a62c26355c57,2025-11-05T11:22:24.360Z,55,Hold & Wait,Hold & Wait,v3.1.0,,scheduled_etl,B,101543.83,artifact_spot_price_usd,180,2025-11-05,2026-05-04,0.38163648150754215,0.4075168207249372,0.5001176430731399,0.3757497047466678,1,1,1,2d09d2d77fbe6b7f6c5765b48188ed1d2a88db2b,h5-risk-outcome-v1
2025-11-06,50cd77d5e75a9fd074874b77ab8837c97ce6ebba,65562b230f19720d20ebd255843a88a11f266b3a,2025-11-06T11:22:09.102Z,56,Hold & Wait,Hold & Wait,v3.1.0,,scheduled_etl,B,103147.77,artifact_spot_price_usd,30,2025-11-06,2025-12-06,0.17900309429859707,0.2009388996236815,0.47748285003732993,0.3825618554929065,1,0,0,2d09d2d77fbe6b7f6c5765b48188ed1d2a88db2b,h5-risk-outcome-v1
2025-11-06,50cd77d5e75a9fd074874b77ab8837c97ce6ebba,65562b230f19720d20ebd255843a88a11f266b3a,2025-11-06T11:22:09.102Z,56,Hold & Wait,Hold & Wait,v3.1.0,,scheduled_etl,B,103147.77,artifact_spot_price_usd,90,2025-11-06,2026-02-04,0.2922968669123919,0.31120563264287826,0.41469932442755464,0.3461613808434465,1,1,0,2d09d2d77fbe6b7f6c5765b48188ed1d2a88db2b,h5-risk-outcome-v1
2025-11-06,50cd77d5e75a9fd074874b77ab8837c97ce6ebba,65562b230f19720d20ebd255843a88a11f266b3a,2025-11-06T11:22:09.102Z,56,Hold & Wait,Hold & Wait,v3.1.0,,scheduled_etl,B,103147.77,artifact_spot_price_usd,180,2025-11-06,2026-05-05,0.39125198731877575,0.4075168207249372,0.49939569979900683,0.374040723867335,1,1,1,2d09d2d77fbe6b7f6c5765b48188ed1d2a88db2b,h5-risk-outcome-v1
2025-11-07,bcb883b0fe7713e0320e13f47c659f13fde92b1d,6b7a32f4ff599938ba137b541b8df8dab0400e3e,2025-11-07T11:20:25.879Z,59,Hold & Wait,Hold & Wait,v3.1.0,,scheduled_etl,B,99992.96,artifact_spot_price_usd,30,2025-11-07,2025-12-07,0.15310037826663003,0.2009388996236815,0.47390311711206723,0.3825618554929065,1,0,0,2d09d2d77fbe6b7f6c5765b48188ed1d2a88db2b,h5-risk-outcome-v1
2025-11-07,bcb883b0fe7713e0320e13f47c659f13fde92b1d,6b7a32f4ff599938ba137b541b8df8dab0400e3e,2025-11-07T11:20:25.879Z,59,Hold & Wait,Hold & Wait,v3.1.0,,scheduled_etl,B,99992.96,artifact_spot_price_usd,90,2025-11-07,2026-02-05,0.37204579202375854,0.4075168207249372,0.5060780114065792,0.4602542244385801,1,1,1,2d09d2d77fbe6b7f6c5765b48188ed1d2a88db2b,h5-risk-outcome-v1
2025-11-07,bcb883b0fe7713e0320e13f47c659f13fde92b1d,6b7a32f4ff599938ba137b541b8df8dab0400e3e,2025-11-07T11:20:25.879Z,59,Hold & Wait,Hold & Wait,v3.1.0,,scheduled_etl,B,99992.96,artifact_spot_price_usd,180,2025-11-07,2026-05-06,0.37204579202375854,0.4075168207249372,0.4986428364778167,0.374040723867335,1,1,1,2d09d2d77fbe6b7f6c5765b48188ed1d2a88db2b,h5-risk-outcome-v1
2025-11-08,bf248bb3a563b2a1dca9837c9b0ae18de1c088b7,7ef96abdf52cd33c24de2a5f62be46379932bef5,2025-11-08T11:18:19.465Z,58,Hold & Wait,Hold & Wait,v3.1.0,,scheduled_etl,B,102540.42,artifact_spot_price_usd,30,2025-11-08,2025-12-08,0.1741403048670953,0.2009388996236815,0.4741479763625198,0.381057630721211,1,0,0,2d09d2d77fbe6b7f6c5765b48188ed1d2a88db2b,h5-risk-outcome-v1
2025-11-08,bf248bb3a563b2a1dca9837c9b0ae18de1c088b7,7ef96abdf52cd33c24de2a5f62be46379932bef5,2025-11-08T11:18:19.465Z,58,Hold & Wait,Hold & Wait,v3.1.0,,scheduled_etl,B,102540.42,artifact_spot_price_usd,90,2025-11-08,2026-02-06,0.38764635448148155,0.4075168207249372,0.5616218139597383,0.45983808671943216,1,1,1,2d09d2d77fbe6b7f6c5765b48188ed1d2a88db2b,h5-risk-outcome-v1
2025-11-08,bf248bb3a563b2a1dca9837c9b0ae18de1c088b7,7ef96abdf52cd33c24de2a5f62be46379932bef5,2025-11-08T11:18:19.465Z,58,Hold & Wait,Hold & Wait,v3.1.0,,scheduled_etl,B,102540.42,artifact_spot_price_usd,180,2025-11-08,2026-05-07,0.38764635448148155,0.4075168207249372,0.49904742057068585,0.3746382919346086,1,1,1,2d09d2d77fbe6b7f6c5765b48188ed1d2a88db2b,h5-risk-outcome-v1
2025-11-09,09996e5616a6d95ae5837a925bdb850a531392af,78292aa17faef521754aebe76eac5216e728d4e4,2025-11-09T11:18:20.529Z,60,Hold & Wait,Hold & Wait,v3.1.0,,scheduled_etl,B,102150.31,artifact_spot_price_usd,30,2025-11-09,2025-12-09,0.17098636313487448,0.2009388996236815,0.4734117394685476,0.381057630721211,1,0,0,2d09d2d77fbe6b7f6c5765b48188ed1d2a88db2b,h5-risk-outcome-v1
2025-11-09,09996e5616a6d95ae5837a925bdb850a531392af,78292aa17faef521754aebe76eac5216e728d4e4,2025-11-09T11:18:20.529Z,60,Hold & Wait,Hold & Wait,v3.1.0,,scheduled_etl,B,102150.31,artifact_spot_price_usd,90,2025-11-09,2026-02-07,0.385307788101671,0.4075168207249372,0.5595661214665085,0.46132191214765994,1,1,1,2d09d2d77fbe6b7f6c5765b48188ed1d2a88db2b,h5-risk-outcome-v1
2025-11-09,09996e5616a6d95ae5837a925bdb850a531392af,78292aa17faef521754aebe76eac5216e728d4e4,2025-11-09T11:18:20.529Z,60,Hold & Wait,Hold & Wait,v3.1.0,,scheduled_etl,B,102150.31,artifact_spot_price_usd,180,2025-11-09,2026-05-08,0.385307788101671,0.4075168207249372,0.497833925029632,0.3746382919346086,1,1,1,2d09d2d77fbe6b7f6c5765b48188ed1d2a88db2b,h5-risk-outcome-v1
2025-11-10,c6ef0c2c5039e7f3b8f16933304c47571b9c0a88,25c86965a194d007451dea58230d3cf2fad8e70e,2025-11-10T11:21:45.002Z,58,Hold & Wait,Hold & Wait,v3.1.0,,scheduled_etl,B,106020.78,artifact_spot_price_usd,30,2025-11-10,2025-12-10,0.20125092458289784,0.20125092458289784,0.46996274434974383,0.38185722914329323,1,1,0,2d09d2d77fbe6b7f6c5765b48188ed1d2a88db2b,h5-risk-outcome-v1
2025-11-10,c6ef0c2c5039e7f3b8f16933304c47571b9c0a88,25c86965a194d007451dea58230d3cf2fad8e70e,2025-11-10T11:21:45.002Z,58,Hold & Wait,Hold & Wait,v3.1.0,,scheduled_etl,B,106020.78,artifact_spot_price_usd,90,2025-11-10,2026-02-08,0.40774817917770456,0.40774817917770456,0.5599117534117404,0.46132191214765994,1,1,1,2d09d2d77fbe6b7f6c5765b48188ed1d2a88db2b,h5-risk-outcome-v1
2025-11-10,c6ef0c2c5039e7f3b8f16933304c47571b9c0a88,25c86965a194d007451dea58230d3cf2fad8e70e,2025-11-10T11:21:45.002Z,58,Hold & Wait,Hold & Wait,v3.1.0,,scheduled_etl,B,106020.78,artifact_spot_price_usd,180,2025-11-10,2026-05-09,0.40774817917770456,0.40774817917770456,0.49756076061579274,0.3746382919346086,1,1,1,2d09d2d77fbe6b7f6c5765b48188ed1d2a88db2b,h5-risk-outcome-v1
2025-11-11,7a54de05a68dae9fa8bacc3e01781e244765feef,9cd640c50daf45460d328203fd92f97fa1ac4d28,2025-11-11T11:22:05.864Z,62,Hold & Wait,Hold & Wait,v3.1.0,,scheduled_etl,B,105307.19,artifact_spot_price_usd,30,2025-11-11,2025-12-11,0.19583838482443605,0.19583838482443605,0.46348016934310987,0.3687609801418378,1,0,0,2d09d2d77fbe6b7f6c5765b48188ed1d2a88db2b,h5-risk-outcome-v1
2025-11-11,7a54de05a68dae9fa8bacc3e01781e244765feef,9cd640c50daf45460d328203fd92f97fa1ac4d28,2025-11-11T11:22:05.864Z,62,Hold & Wait,Hold & Wait,v3.1.0,,scheduled_etl,B,105307.19,artifact_spot_price_usd,90,2025-11-11,2026-02-09,0.4037349206640116,0.4037349206640116,0.557834044269617,0.45778492117798253,1,1,1,2d09d2d77fbe6b7f6c5765b48188ed1d2a88db2b,h5-risk-outcome-v1
2025-11-11,7a54de05a68dae9fa8bacc3e01781e244765feef,9cd640c50daf45460d328203fd92f97fa1ac4d28,2025-11-11T11:22:05.864Z,62,Hold & Wait,Hold & Wait,v3.1.0,,scheduled_etl,B,105307.19,artifact_spot_price_usd,180,2025-11-11,2026-05-10,0.4037349206640116,0.4037349206640116,0.496914180948695,0.3724452567667408,1,1,1,2d09d2d77fbe6b7f6c5765b48188ed1d2a88db2b,h5-risk-outcome-v1
2025-11-12,4f5ef1f5f381611c775b93998ca5c581dd141848,fe28d5c09ad51798b652d4d3e3c4dd91355c2a53,2025-11-12T11:22:10.971Z,58,Hold & Wait,Hold & Wait,v3.1.0,,scheduled_etl,B,105081.47,artifact_spot_price_usd,30,2025-11-12,2025-12-12,0.19411100739264497,0.19411100739264497,0.4680326877552707,0.37585459756444856,1,0,0,2d09d2d77fbe6b7f6c5765b48188ed1d2a88db2b,h5-risk-outcome-v1
2025-11-12,4f5ef1f5f381611c775b93998ca5c581dd141848,fe28d5c09ad51798b652d4d3e3c4dd91355c2a53,2025-11-12T11:22:10.971Z,58,Hold & Wait,Hold & Wait,v3.1.0,,scheduled_etl,B,105081.47,artifact_spot_price_usd,90,2025-11-12,2026-02-10,0.40245411488819105,0.40245411488819105,0.5582863077785893,0.4585378788411666,1,1,1,2d09d2d77fbe6b7f6c5765b48188ed1d2a88db2b,h5-risk-outcome-v1
2025-11-12,4f5ef1f5f381611c775b93998ca5c581dd141848,fe28d5c09ad51798b652d4d3e3c4dd91355c2a53,2025-11-12T11:22:10.971Z,58,Hold & Wait,Hold & Wait,v3.1.0,,scheduled_etl,B,105081.47,artifact_spot_price_usd,180,2025-11-12,2026-05-11,0.40245411488819105,0.40245411488819105,0.49665443028439893,0.3720474279362404,1,1,1,2d09d2d77fbe6b7f6c5765b48188ed1d2a88db2b,h5-risk-outcome-v1
2025-11-13,be7cf391dbac451c96467cbcbae5a900e6cc76d6,38c8f20bd5af4d5068821693411d452e8f9e0422,2025-11-13T11:22:41.762Z,56,Hold & Wait,Hold & Wait,v3.1.0,,scheduled_etl,B,102889.95,artifact_spot_price_usd,30,2025-11-13,2025-12-13,0.17694585331220392,0.17694585331220392,0.46462950521918345,0.36924593034979364,1,0,0,2d09d2d77fbe6b7f6c5765b48188ed1d2a88db2b,h5-risk-outcome-v1
2025-11-13,be7cf391dbac451c96467cbcbae5a900e6cc76d6,38c8f20bd5af4d5068821693411d452e8f9e0422,2025-11-13T11:22:41.762Z,56,Hold & Wait,Hold & Wait,v3.1.0,,scheduled_etl,B,102889.95,artifact_spot_price_usd,90,2025-11-13,2026-02-11,0.38972659623218786,0.38972659623218786,0.5591144738966292,0.45977993147958757,1,1,1,2d09d2d77fbe6b7f6c5765b48188ed1d2a88db2b,h5-risk-outcome-v1
2025-11-13,be7cf391dbac451c96467cbcbae5a900e6cc76d6,38c8f20bd5af4d5068821693411d452e8f9e0422,2025-11-13T11:22:41.762Z,56,Hold & Wait,Hold & Wait,v3.1.0,,scheduled_etl,B,102889.95,artifact_spot_price_usd,180,2025-11-13,2026-05-12,0.38972659623218786,0.38972659623218786,0.49633045907452367,0.37158345189736863,1,1,1,2d09d2d77fbe6b7f6c5765b48188ed1d2a88db2b,h5-risk-outcome-v1
2025-11-14,e98a9c66dabeb3b09c02d663802425669fa30227,30fd33250cd27eda8ee3e298b50504aaf396b399,2025-11-14T11:21:35.648Z,56,Hold & Wait,Hold & Wait,v3.1.0,,scheduled_etl,B,96365.84,artifact_spot_price_usd,30,2025-11-14,2025-12-14,0.12122386937113816,0.12122386937113816,0.43677027986734046,0.33050428156809175,1,0,0,2d09d2d77fbe6b7f6c5765b48188ed1d2a88db2b,h5-risk-outcome-v1
2025-11-14,e98a9c66dabeb3b09c02d663802425669fa30227,30fd33250cd27eda8ee3e298b50504aaf396b399,2025-11-14T11:21:35.648Z,56,Hold & Wait,Hold & Wait,v3.1.0,,scheduled_etl,B,96365.84,artifact_spot_price_usd,90,2025-11-14,2026-02-12,0.3484101835256145,0.35237072477627807,0.5507622716844204,0.4480607129306639,1,1,1,2d09d2d77fbe6b7f6c5765b48188ed1d2a88db2b,h5-risk-outcome-v1
2025-11-14,e98a9c66dabeb3b09c02d663802425669fa30227,30fd33250cd27eda8ee3e298b50504aaf396b399,2025-11-14T11:21:35.648Z,56,Hold & Wait,Hold & Wait,v3.1.0,,scheduled_etl,B,96365.84,artifact_spot_price_usd,180,2025-11-14,2026-05-13,0.3484101835256145,0.35237072477627807,0.49126298538729546,0.3645608080886065,1,1,1,2d09d2d77fbe6b7f6c5765b48188ed1d2a88db2b,h5-risk-outcome-v1
2025-11-15,1ba270f7ad7f1c6f6e4176027aa74486a9d28a6b,f24bbd4056163dad6493ceb011c1af81cfd7b9b7,2025-11-15T11:18:35.920Z,57,Hold & Wait,Hold & Wait,v3.1.0,,scheduled_etl,B,95665.21,artifact_spot_price_usd,30,2025-11-15,2025-12-15,0.11478791506337571,0.11478791506337571,0.43827312678962443,0.3378550067674973,1,0,0,2d09d2d77fbe6b7f6c5765b48188ed1d2a88db2b,h5-risk-outcome-v1
2025-11-15,1ba270f7ad7f1c6f6e4176027aa74486a9d28a6b,f24bbd4056163dad6493ceb011c1af81cfd7b9b7,2025-11-15T11:18:35.920Z,57,Hold & Wait,Hold & Wait,v3.1.0,,scheduled_etl,B,95665.21,artifact_spot_price_usd,90,2025-11-15,2026-02-13,0.3436380895416422,0.35237072477627807,0.5565421604844427,0.4480607129306639,1,1,1,2d09d2d77fbe6b7f6c5765b48188ed1d2a88db2b,h5-risk-outcome-v1
2025-11-15,1ba270f7ad7f1c6f6e4176027aa74486a9d28a6b,f24bbd4056163dad6493ceb011c1af81cfd7b9b7,2025-11-15T11:18:35.920Z,57,Hold & Wait,Hold & Wait,v3.1.0,,scheduled_etl,B,95665.21,artifact_spot_price_usd,180,2025-11-15,2026-05-14,0.3436380895416422,0.35237072477627807,0.4920888434275076,0.3645608080886065,1,1,1,2d09d2d77fbe6b7f6c5765b48188ed1d2a88db2b,h5-risk-outcome-v1
2025-11-16,894d298c75b4b32b3a3242cfe016d78611149f27,0f23d5a084e934f115f55e77c4650af4fc374716,2025-11-16T11:18:57.072Z,59,Hold & Wait,Hold & Wait,v3.1.0,,scheduled_etl,B,95900,artifact_spot_price_usd,30,2025-11-16,2025-12-16,0.1169551616266945,0.1169551616266945,0.44160102201571827,0.33412836149351177,1,0,0,2d09d2d77fbe6b7f6c5765b48188ed1d2a88db2b,h5-risk-outcome-v1
2025-11-16,894d298c75b4b32b3a3242cfe016d78611149f27,0f23d5a084e934f115f55e77c4650af4fc374716,2025-11-16T11:18:57.072Z,59,Hold & Wait,Hold & Wait,v3.1.0,,scheduled_etl,B,95900,artifact_spot_price_usd,90,2025-11-16,2026-02-14,0.34524504692387903,0.35237072477627807,0.5572354373054426,0.4471282305902405,1,1,1,2d09d2d77fbe6b7f6c5765b48188ed1d2a88db2b,h5-risk-outcome-v1
2025-11-16,894d298c75b4b32b3a3242cfe016d78611149f27,0f23d5a084e934f115f55e77c4650af4fc374716,2025-11-16T11:18:57.072Z,59,Hold & Wait,Hold & Wait,v3.1.0,,scheduled_etl,B,95900,artifact_spot_price_usd,180,2025-11-16,2026-05-15,0.34524504692387903,0.35237072477627807,0.49293437242840155,0.36575822639111016,1,1,1,2d09d2d77fbe6b7f6c5765b48188ed1d2a88db2b,h5-risk-outcome-v1
2025-11-17,176a97dba7cf55834ad3afb03d59d8d9eb268ab6,c0212b33910a26f9d2aa54cb0cd95cf982889941,2025-11-17T11:22:01.391Z,56,Hold & Wait,Hold & Wait,v3.1.0,,scheduled_etl,B,95628.76,artifact_spot_price_usd,30,2025-11-17,2025-12-17,0.11445050631211773,0.11445050631211773,0.4398384922810018,0.33150710919662735,1,0,0,2d09d2d77fbe6b7f6c5765b48188ed1d2a88db2b,h5-risk-outcome-v1
2025-11-17,176a97dba7cf55834ad3afb03d59d8d9eb268ab6,c0212b33910a26f9d2aa54cb0cd95cf982889941,2025-11-17T11:22:01.391Z,56,Hold & Wait,Hold & Wait,v3.1.0,,scheduled_etl,B,95628.76,artifact_spot_price_usd,90,2025-11-17,2026-02-15,0.34338790966232335,0.35237072477627807,0.5563559045199834,0.445792229874112,1,1,1,2d09d2d77fbe6b7f6c5765b48188ed1d2a88db2b,h5-risk-outcome-v1
2025-11-17,176a97dba7cf55834ad3afb03d59d8d9eb268ab6,c0212b33910a26f9d2aa54cb0cd95cf982889941,2025-11-17T11:22:01.391Z,56,Hold & Wait,Hold & Wait,v3.1.0,,scheduled_etl,B,95628.76,artifact_spot_price_usd,180,2025-11-17,2026-05-16,0.34338790966232335,0.35237072477627807,0.4922470758148636,0.36477768488492146,1,1,1,2d09d2d77fbe6b7f6c5765b48188ed1d2a88db2b,h5-risk-outcome-v1
2025-11-18,90fc7989e553fdf4934c2be395be851ad44cce22,f26cd377cc923fdb936655300c6af2ec6be05fec,2025-11-18T11:23:28.285Z,55,Hold & Wait,Hold & Wait,v3.1.0,,scheduled_etl,B,91378.37,artifact_spot_price_usd,30,2025-11-18,2025-12-18,0.0732598972820373,0.08858104540455825,0.4386112446504379,0.332904266358301,0,0,0,2d09d2d77fbe6b7f6c5765b48188ed1d2a88db2b,h5-risk-outcome-v1
2025-11-18,90fc7989e553fdf4934c2be395be851ad44cce22,f26cd377cc923fdb936655300c6af2ec6be05fec,2025-11-18T11:23:28.285Z,55,Hold & Wait,Hold & Wait,v3.1.0,,scheduled_etl,B,91378.37,artifact_spot_price_usd,90,2025-11-18,2026-02-16,0.3128461363449577,0.35237072477627807,0.5558892595694308,0.445792229874112,1,1,1,2d09d2d77fbe6b7f6c5765b48188ed1d2a88db2b,h5-risk-outcome-v1
2025-11-18,90fc7989e553fdf4934c2be395be851ad44cce22,f26cd377cc923fdb936655300c6af2ec6be05fec,2025-11-18T11:23:28.285Z,55,Hold & Wait,Hold & Wait,v3.1.0,,scheduled_etl,B,91378.37,artifact_spot_price_usd,180,2025-11-18,2026-05-17,0.3128461363449577,0.35237072477627807,0.49218290264915343,0.3650015042690987,1,1,1,2d09d2d77fbe6b7f6c5765b48188ed1d2a88db2b,h5-risk-outcome-v1
2025-11-19,ae855b0ae9f85198cc2c50cc8d223905da623f46,28cb76736ab7e0c3a4636db9d154e7a196a31447,2025-11-19T11:22:00.610Z,56,Hold & Wait,Hold & Wait,v3.1.0,,scheduled_etl,B,91654.31,artifact_spot_price_usd,30,2025-11-19,2025-12-19,0.07604999699414028,0.08553763012841409,0.45035880960860003,0.32833412119833716,0,0,0,2d09d2d77fbe6b7f6c5765b48188ed1d2a88db2b,h5-risk-outcome-v1
2025-11-19,ae855b0ae9f85198cc2c50cc8d223905da623f46,28cb76736ab7e0c3a4636db9d154e7a196a31447,2025-11-19T11:22:00.610Z,56,Hold & Wait,Hold & Wait,v3.1.0,,scheduled_etl,B,91654.31,artifact_spot_price_usd,90,2025-11-19,2026-02-17,0.314914923258928,0.35237072477627807,0.556389252229099,0.4465573840651357,1,1,1,2d09d2d77fbe6b7f6c5765b48188ed1d2a88db2b,h5-risk-outcome-v1
2025-11-19,ae855b0ae9f85198cc2c50cc8d223905da623f46,28cb76736ab7e0c3a4636db9d154e7a196a31447,2025-11-19T11:22:00.610Z,56,Hold & Wait,Hold & Wait,v3.1.0,,scheduled_etl,B,91654.31,artifact_spot_price_usd,180,2025-11-19,2026-05-18,0.314914923258928,0.35237072477627807,0.4917850931771856,0.3644113259892857,1,1,1,2d09d2d77fbe6b7f6c5765b48188ed1d2a88db2b,h5-risk-outcome-v1
2025-11-20,2647b97a6ab765a5cb2e1100833851409ec70a84,26ff7f131362bc33b18f02cde3398457d6800ca7,2025-11-20T11:21:59.912Z,55,Hold & Wait,Hold & Wait,v3.1.0,,scheduled_etl,B,91687.13,artifact_spot_price_usd,30,2025-11-20,2025-12-20,0.07638073086157249,0.08553763012841409,0.40747567620192987,0.26557710823075736,0,0,0,2d09d2d77fbe6b7f6c5765b48188ed1d2a88db2b,h5-risk-outcome-v1
2025-11-20,2647b97a6ab765a5cb2e1100833851409ec70a84,26ff7f131362bc33b18f02cde3398457d6800ca7,2025-11-20T11:21:59.912Z,55,Hold & Wait,Hold & Wait,v3.1.0,,scheduled_etl,B,91687.13,artifact_spot_price_usd,90,2025-11-20,2026-02-18,0.31516015388419294,0.35237072477627807,0.5469504423199394,0.43356819289610543,1,1,1,2d09d2d77fbe6b7f6c5765b48188ed1d2a88db2b,h5-risk-outcome-v1
2025-11-20,2647b97a6ab765a5cb2e1100833851409ec70a84,26ff7f131362bc33b18f02cde3398457d6800ca7,2025-11-20T11:21:59.912Z,55,Hold & Wait,Hold & Wait,v3.1.0,,scheduled_etl,B,91687.13,artifact_spot_price_usd,180,2025-11-20,2026-05-19,0.31516015388419294,0.35237072477627807,0.4856193454451473,0.35580091786252055,1,1,1,2d09d2d77fbe6b7f6c5765b48188ed1d2a88db2b,h5-risk-outcome-v1
2025-11-21,8d93c9a386a171135252e99f13f6e23914ee5779,b10a24d6349ab5abdc78042e6ec3e3fb5095acea,2025-11-21T11:21:06.311Z,52,Hold & Wait,Hold & Wait,v3.1.0,,scheduled_etl,B,82931.8,artifact_spot_price_usd,30,2025-11-21,2025-12-21,0,0.08553763012841409,0.4026334157486217,0.2587849163408789,0,0,0,2d09d2d77fbe6b7f6c5765b48188ed1d2a88db2b,h5-risk-outcome-v1
2025-11-21,8d93c9a386a171135252e99f13f6e23914ee5779,b10a24d6349ab5abdc78042e6ec3e3fb5095acea,2025-11-21T11:21:06.311Z,52,Hold & Wait,Hold & Wait,v3.1.0,,scheduled_etl,B,82931.8,artifact_spot_price_usd,90,2025-11-21,2026-02-19,0.24285979563930848,0.35237072477627807,0.5466466983071616,0.4321969328068428,1,1,0,2d09d2d77fbe6b7f6c5765b48188ed1d2a88db2b,h5-risk-outcome-v1
2025-11-21,8d93c9a386a171135252e99f13f6e23914ee5779,b10a24d6349ab5abdc78042e6ec3e3fb5095acea,2025-11-21T11:21:06.311Z,52,Hold & Wait,Hold & Wait,v3.1.0,,scheduled_etl,B,82931.8,artifact_spot_price_usd,180,2025-11-21,2026-05-20,0.24285979563930848,0.35237072477627807,0.4852492990404661,0.3549657709836769,1,1,0,2d09d2d77fbe6b7f6c5765b48188ed1d2a88db2b,h5-risk-outcome-v1
2025-11-22,235f3b6a4fabc822c8d90103cfa53788a2cd767a,52e2ccb167c7fece33d4318ebe1d90d2c1ce4453,2025-11-22T11:18:17.940Z,53,Hold & Wait,Hold & Wait,v3.1.0,,scheduled_etl,B,83923.94,artifact_spot_price_usd,30,2025-11-22,2025-12-22,0,0.08553763012841409,0.402180353606051,0.25832185109271627,0,0,0,2d09d2d77fbe6b7f6c5765b48188ed1d2a88db2b,h5-risk-outcome-v1
2025-11-22,235f3b6a4fabc822c8d90103cfa53788a2cd767a,52e2ccb167c7fece33d4318ebe1d90d2c1ce4453,2025-11-22T11:18:17.940Z,53,Hold & Wait,Hold & Wait,v3.1.0,,scheduled_etl,B,83923.94,artifact_spot_price_usd,90,2025-11-22,2026-02-20,0.2518106275753974,0.35237072477627807,0.5477728605876603,0.43210044664652913,1,1,0,2d09d2d77fbe6b7f6c5765b48188ed1d2a88db2b,h5-risk-outcome-v1
2025-11-22,235f3b6a4fabc822c8d90103cfa53788a2cd767a,52e2ccb167c7fece33d4318ebe1d90d2c1ce4453,2025-11-22T11:18:17.940Z,53,Hold & Wait,Hold & Wait,v3.1.0,,scheduled_etl,B,83923.94,artifact_spot_price_usd,180,2025-11-22,2026-05-21,0.2518106275753974,0.35237072477627807,0.48521962096408744,0.35490703318232486,1,1,0,2d09d2d77fbe6b7f6c5765b48188ed1d2a88db2b,h5-risk-outcome-v1
2025-11-23,2ac5f203ea49db41f3a17f848cb4028a170e051e,4a6e1296d709b5629d04d83d405573502da6a49e,2025-11-23T11:19:23.770Z,53,Hold & Wait,Hold & Wait,v3.1.0,,scheduled_etl,B,85930.3,artifact_spot_price_usd,30,2025-11-23,2025-12-23,0.00547280761268143,0.08553763012841409,0.39631900716489116,0.26215959621107243,0,0,0,2d09d2d77fbe6b7f6c5765b48188ed1d2a88db2b,h5-risk-outcome-v1
2025-11-23,2ac5f203ea49db41f3a17f848cb4028a170e051e,4a6e1296d709b5629d04d83d405573502da6a49e,2025-11-23T11:19:23.770Z,53,Hold & Wait,Hold & Wait,v3.1.0,,scheduled_etl,B,85930.3,artifact_spot_price_usd,90,2025-11-23,2026-02-21,0.2692798698480048,0.35237072477627807,0.5450129084463322,0.4321012798392129,1,1,0,2d09d2d77fbe6b7f6c5765b48188ed1d2a88db2b,h5-risk-outcome-v1
2025-11-23,2ac5f203ea49db41f3a17f848cb4028a170e051e,4a6e1296d709b5629d04d83d405573502da6a49e,2025-11-23T11:19:23.770Z,53,Hold & Wait,Hold & Wait,v3.1.0,,scheduled_etl,B,85930.3,artifact_spot_price_usd,180,2025-11-23,2026-05-22,0.2692798698480048,0.35237072477627807,0.4853789516148921,0.3570613588305665,1,1,0,2d09d2d77fbe6b7f6c5765b48188ed1d2a88db2b,h5-risk-outcome-v1
2025-11-24,201f735dedfe596ccadd46b0e377d982871f5d7d,9217d1eea9d0269e49a68901bde02f5c68042436,2025-11-24T11:22:47.979Z,54,Hold & Wait,Hold & Wait,v3.1.0,,scheduled_etl,B,86042.17,artifact_spot_price_usd,30,2025-11-24,2025-12-24,0.0067658684108036216,0.08553763012841409,0.39210077489659656,0.26215959621107243,0,0,0,2d09d2d77fbe6b7f6c5765b48188ed1d2a88db2b,h5-risk-outcome-v1
2025-11-24,201f735dedfe596ccadd46b0e377d982871f5d7d,9217d1eea9d0269e49a68901bde02f5c68042436,2025-11-24T11:22:47.979Z,54,Hold & Wait,Hold & Wait,v3.1.0,,scheduled_etl,B,86042.17,artifact_spot_price_usd,90,2025-11-24,2026-02-22,0.27022993492609493,0.35237072477627807,0.5436140202459284,0.43221780133515164,1,1,0,2d09d2d77fbe6b7f6c5765b48188ed1d2a88db2b,h5-risk-outcome-v1
2025-11-24,201f735dedfe596ccadd46b0e377d982871f5d7d,9217d1eea9d0269e49a68901bde02f5c68042436,2025-11-24T11:22:47.979Z,54,Hold & Wait,Hold & Wait,v3.1.0,,scheduled_etl,B,86042.17,artifact_spot_price_usd,180,2025-11-24,2026-05-23,0.27022993492609493,0.35237072477627807,0.48532234836515303,0.3570613588305665,1,1,0,2d09d2d77fbe6b7f6c5765b48188ed1d2a88db2b,h5-risk-outcome-v1
2025-11-25,1e49ad954b58f9c7dc85e323a1cfb009e90821e7,3897c1e0bdb52dc4593c143cc2d3b2e9c0b616b6,2025-11-25T11:23:15.715Z,55,Hold & Wait,Hold & Wait,v3.1.0,,scheduled_etl,B,87290,artifact_spot_price_usd,30,2025-11-25,2025-12-25,0.0209643716347806,0.08553763012841409,0.39073120423159635,0.2600655938611921,0,0,0,2d09d2d77fbe6b7f6c5765b48188ed1d2a88db2b,h5-risk-outcome-v1
2025-11-25,1e49ad954b58f9c7dc85e323a1cfb009e90821e7,3897c1e0bdb52dc4593c143cc2d3b2e9c0b616b6,2025-11-25T11:23:15.715Z,55,Hold & Wait,Hold & Wait,v3.1.0,,scheduled_etl,B,87290,artifact_spot_price_usd,90,2025-11-25,2026-02-23,0.28066216061404514,0.35237072477627807,0.549976990844117,0.441196107923541,1,1,0,2d09d2d77fbe6b7f6c5765b48188ed1d2a88db2b,h5-risk-outcome-v1
2025-11-25,1e49ad954b58f9c7dc85e323a1cfb009e90821e7,3897c1e0bdb52dc4593c143cc2d3b2e9c0b616b6,2025-11-25T11:23:15.715Z,55,Hold & Wait,Hold & Wait,v3.1.0,,scheduled_etl,B,87290,artifact_spot_price_usd,180,2025-11-25,2026-05-24,0.28066216061404514,0.35237072477627807,0.4851662739907209,0.35673487364240886,1,1,0,2d09d2d77fbe6b7f6c5765b48188ed1d2a88db2b,h5-risk-outcome-v1
2025-11-26,c5ff91ae69237aab98d3b855dd28ec8b5da164f2,e8f6ddde2039e0767ca94a0bc75e81f141b8dae2,2025-11-26T11:22:48.979Z,53,Hold & Wait,Hold & Wait,v3.1.0,,scheduled_etl,B,86902.27,artifact_spot_price_usd,30,2025-11-26,2025-12-26,0.016596229304481902,0.08553763012841409,0.37008136879343356,0.2600655938611921,0,0,0,2d09d2d77fbe6b7f6c5765b48188ed1d2a88db2b,h5-risk-outcome-v1
2025-11-26,c5ff91ae69237aab98d3b855dd28ec8b5da164f2,e8f6ddde2039e0767ca94a0bc75e81f141b8dae2,2025-11-26T11:22:48.979Z,53,Hold & Wait,Hold & Wait,v3.1.0,,scheduled_etl,B,86902.27,artifact_spot_price_usd,90,2025-11-26,2026-02-24,0.2774527063562322,0.35237072477627807,0.544448260258071,0.4415409171941895,1,1,0,2d09d2d77fbe6b7f6c5765b48188ed1d2a88db2b,h5-risk-outcome-v1
2025-11-26,c5ff91ae69237aab98d3b855dd28ec8b5da164f2,e8f6ddde2039e0767ca94a0bc75e81f141b8dae2,2025-11-26T11:22:48.979Z,53,Hold & Wait,Hold & Wait,v3.1.0,,scheduled_etl,B,86902.27,artifact_spot_price_usd,180,2025-11-26,2026-05-25,0.2774527063562322,0.35237072477627807,0.4824658066535554,0.35673487364240886,1,1,0,2d09d2d77fbe6b7f6c5765b48188ed1d2a88db2b,h5-risk-outcome-v1
2025-11-27,d34f7dc5c23cac03bb0d55cf1544a768dfe3be38,f2331c6513b3be6a89bafbf6c4a87bf2ed348fb5,2025-11-27T11:23:04.001Z,53,Hold & Wait,Hold & Wait,v3.1.0,,scheduled_etl,B,91405.86,artifact_spot_price_usd,30,2025-11-27,2025-12-27,0.06504878352438237,0.08553763012841409,0.36906897385851234,0.2600655938611921,0,0,0,2d09d2d77fbe6b7f6c5765b48188ed1d2a88db2b,h5-risk-outcome-v1
2025-11-27,d34f7dc5c23cac03bb0d55cf1544a768dfe3be38,f2331c6513b3be6a89bafbf6c4a87bf2ed348fb5,2025-11-27T11:23:04.001Z,53,Hold & Wait,Hold & Wait,v3.1.0,,scheduled_etl,B,91405.86,artifact_spot_price_usd,90,2025-11-27,2026-02-25,0.3130527955209874,0.35237072477627807,0.558435292012343,0.4415409171941895,1,1,1,2d09d2d77fbe6b7f6c5765b48188ed1d2a88db2b,h5-risk-outcome-v1
2025-11-27,d34f7dc5c23cac03bb0d55cf1544a768dfe3be38,f2331c6513b3be6a89bafbf6c4a87bf2ed348fb5,2025-11-27T11:23:04.001Z,53,Hold & Wait,Hold & Wait,v3.1.0,,scheduled_etl,B,91405.86,artifact_spot_price_usd,180,2025-11-27,2026-05-26,0.3130527955209874,0.35237072477627807,0.4828970906489457,0.3577159775383398,1,1,1,2d09d2d77fbe6b7f6c5765b48188ed1d2a88db2b,h5-risk-outcome-v1
2025-11-28,cb38884f439cfe0c5ed25fb81c0f977e11efc031,80c1c7839c14fc098aed7ca0f50e5fe26c0987f1,2025-11-28T11:22:32.159Z,57,Hold & Wait,Hold & Wait,v3.1.0,,scheduled_etl,B,91161.98,artifact_spot_price_usd,30,2025-11-28,2025-12-28,0.0625475664306544,0.08553763012841409,0.3689528513362436,0.2595821617466069,0,0,0,2d09d2d77fbe6b7f6c5765b48188ed1d2a88db2b,h5-risk-outcome-v1
2025-11-28,cb38884f439cfe0c5ed25fb81c0f977e11efc031,80c1c7839c14fc098aed7ca0f50e5fe26c0987f1,2025-11-28T11:22:32.159Z,57,Hold & Wait,Hold & Wait,v3.1.0,,scheduled_etl,B,91161.98,artifact_spot_price_usd,90,2025-11-28,2026-02-26,0.3112150482032092,0.35237072477627807,0.5584912457778298,0.4416984378939485,1,1,1,2d09d2d77fbe6b7f6c5765b48188ed1d2a88db2b,h5-risk-outcome-v1
2025-11-28,cb38884f439cfe0c5ed25fb81c0f977e11efc031,80c1c7839c14fc098aed7ca0f50e5fe26c0987f1,2025-11-28T11:22:32.159Z,57,Hold & Wait,Hold & Wait,v3.1.0,,scheduled_etl,B,91161.98,artifact_spot_price_usd,180,2025-11-28,2026-05-27,0.3112150482032092,0.35237072477627807,0.48363247361304584,0.35880279307853435,1,1,1,2d09d2d77fbe6b7f6c5765b48188ed1d2a88db2b,h5-risk-outcome-v1
2025-11-29,d10c0486da9ecc78bcd2cc35eb3751f006cf30f8,fde1777dc71c606eefc735911403f3a815e9a6e8,2025-11-29T11:19:29.448Z,53,Hold & Wait,Hold & Wait,v3.1.0,,scheduled_etl,B,90590.39,artifact_spot_price_usd,30,2025-11-29,2025-12-29,0.05663260749843324,0.08553763012841409,0.3698760141004468,0.261358936311657,0,0,0,2d09d2d77fbe6b7f6c5765b48188ed1d2a88db2b,h5-risk-outcome-v1
2025-11-29,d10c0486da9ecc78bcd2cc35eb3751f006cf30f8,fde1777dc71c606eefc735911403f3a815e9a6e8,2025-11-29T11:19:29.448Z,53,Hold & Wait,Hold & Wait,v3.1.0,,scheduled_etl,B,90590.39,artifact_spot_price_usd,90,2025-11-29,2026-02-27,0.30686908401652757,0.35237072477627807,0.5600678115776561,0.44443279547502845,1,1,1,2d09d2d77fbe6b7f6c5765b48188ed1d2a88db2b,h5-risk-outcome-v1
2025-11-29,d10c0486da9ecc78bcd2cc35eb3751f006cf30f8,fde1777dc71c606eefc735911403f3a815e9a6e8,2025-11-29T11:19:29.448Z,53,Hold & Wait,Hold & Wait,v3.1.0,,scheduled_etl,B,90590.39,artifact_spot_price_usd,180,2025-11-29,2026-05-28,0.30686908401652757,0.35237072477627807,0.48383038040087367,0.35913459865725467,1,1,1,2d09d2d77fbe6b7f6c5765b48188ed1d2a88db2b,h5-risk-outcome-v1
2025-11-30,d5813a654294393bdee00974521a7e5b4fa2b802,63ff6cc462f1c17cdf0d7c914e7a26993469d4b9,2025-11-30T11:19:34.122Z,53,Hold & Wait,Hold & Wait,v3.1.0,,scheduled_etl,B,91280.29,artifact_spot_price_usd,30,2025-11-30,2025-12-30,0.06376261512753723,0.08553763012841409,0.37366194416974735,0.2607619958627643,0,0,0,2d09d2d77fbe6b7f6c5765b48188ed1d2a88db2b,h5-risk-outcome-v1
2025-11-30,d5813a654294393bdee00974521a7e5b4fa2b802,63ff6cc462f1c17cdf0d7c914e7a26993469d4b9,2025-11-30T11:19:34.122Z,53,Hold & Wait,Hold & Wait,v3.1.0,,scheduled_etl,B,91280.29,artifact_spot_price_usd,90,2025-11-30,2026-02-28,0.3121077945742722,0.35237072477627807,0.5615240924311873,0.44431589887436956,1,1,1,2d09d2d77fbe6b7f6c5765b48188ed1d2a88db2b,h5-risk-outcome-v1
2025-11-30,d5813a654294393bdee00974521a7e5b4fa2b802,63ff6cc462f1c17cdf0d7c914e7a26993469d4b9,2025-11-30T11:19:34.122Z,53,Hold & Wait,Hold & Wait,v3.1.0,,scheduled_etl,B,91280.29,artifact_spot_price_usd,180,2025-11-30,2026-05-29,0.3121077945742722,0.35237072477627807,0.48379999527529827,0.3590733982802948,1,1,1,2d09d2d77fbe6b7f6c5765b48188ed1d2a88db2b,h5-risk-outcome-v1
2025-12-01,826e5e43b7ba6cc746c22e0156d8e184a7db2091,bd9adb09acc29a8fea7e55e595e0b0ed180cc479,2025-12-01T11:23:26.180Z,52,Hold & Wait,Hold & Wait,v3.1.0,,scheduled_etl,B,86426.99,artifact_spot_price_usd,30,2025-12-01,2025-12-31,0.011188287362547289,0.08553763012841409,0.339047439393646,0.20786700872544686,0,0,0,2d09d2d77fbe6b7f6c5765b48188ed1d2a88db2b,h5-risk-outcome-v1
2025-12-01,826e5e43b7ba6cc746c22e0156d8e184a7db2091,bd9adb09acc29a8fea7e55e595e0b0ed180cc479,2025-12-01T11:23:26.180Z,52,Hold & Wait,Hold & Wait,v3.1.0,,scheduled_etl,B,86426.99,artifact_spot_price_usd,90,2025-12-01,2026-03-01,0.27347926845537496,0.35237072477627807,0.5555825193109726,0.4359506641413465,1,1,0,2d09d2d77fbe6b7f6c5765b48188ed1d2a88db2b,h5-risk-outcome-v1
2025-12-01,826e5e43b7ba6cc746c22e0156d8e184a7db2091,bd9adb09acc29a8fea7e55e595e0b0ed180cc479,2025-12-01T11:23:26.180Z,52,Hold & Wait,Hold & Wait,v3.1.0,,scheduled_etl,B,86426.99,artifact_spot_price_usd,180,2025-12-01,2026-05-30,0.27347926845537496,0.35237072477627807,0.4795758525267116,0.3529733745098276,1,1,0,2d09d2d77fbe6b7f6c5765b48188ed1d2a88db2b,h5-risk-outcome-v1
2025-12-02,02085e574811618943ec37503a0cfc71ca029445,803d21a09c06837319377ab44d419a3299f45325,2025-12-02T11:24:49.076Z,49,High Risk,Moderate Buying,v3.1.0,,scheduled_etl,B,87173.34,artifact_spot_price_usd,30,2025-12-02,2026-01-01,0.01965417408579262,0.08553763012841409,0.27949474743199265,0.20786700872544686,0,0,0,2d09d2d77fbe6b7f6c5765b48188ed1d2a88db2b,h5-risk-outcome-v1
2025-12-02,02085e574811618943ec37503a0cfc71ca029445,803d21a09c06837319377ab44d419a3299f45325,2025-12-02T11:24:49.076Z,49,High Risk,Moderate Buying,v3.1.0,,scheduled_etl,B,87173.34,artifact_spot_price_usd,90,2025-12-02,2026-03-02,0.27969950445858793,0.35237072477627807,0.5511804926116787,0.4359506641413465,1,1,0,2d09d2d77fbe6b7f6c5765b48188ed1d2a88db2b,h5-risk-outcome-v1
2025-12-02,02085e574811618943ec37503a0cfc71ca029445,803d21a09c06837319377ab44d419a3299f45325,2025-12-02T11:24:49.076Z,49,High Risk,Moderate Buying,v3.1.0,,scheduled_etl,B,87173.34,artifact_spot_price_usd,180,2025-12-02,2026-05-31,0.27969950445858793,0.35237072477627807,0.472503159885077,0.35299360484013886,1,1,0,2d09d2d77fbe6b7f6c5765b48188ed1d2a88db2b,h5-risk-outcome-v1
2025-12-03,fa3ee75847b6912f47754b3ecc796e70d23fba38,25e249f55aeb0d8fe613b16565a18ec0fdc7171f,2025-12-03T11:24:12.999Z,55,Hold & Wait,Hold & Wait,v3.1.0,,scheduled_etl,B,92998.72,artifact_spot_price_usd,30,2025-12-03,2026-01-02,0.08106240602021186,0.08553763012841409,0.27122080384254066,0.20786700872544686,0,0,0,2d09d2d77fbe6b7f6c5765b48188ed1d2a88db2b,h5-risk-outcome-v1
2025-12-03,fa3ee75847b6912f47754b3ecc796e70d23fba38,25e249f55aeb0d8fe613b16565a18ec0fdc7171f,2025-12-03T11:24:12.999Z,55,Hold & Wait,Hold & Wait,v3.1.0,,scheduled_etl,B,92998.72,artifact_spot_price_usd,90,2025-12-03,2026-03-03,0.3248186641708617,0.35237072477627807,0.5486403831271646,0.43619389485829757,1,1,1,2d09d2d77fbe6b7f6c5765b48188ed1d2a88db2b,h5-risk-outcome-v1
2025-12-03,fa3ee75847b6912f47754b3ecc796e70d23fba38,25e249f55aeb0d8fe613b16565a18ec0fdc7171f,2025-12-03T11:24:12.999Z,55,Hold & Wait,Hold & Wait,v3.1.0,,scheduled_etl,B,92998.72,artifact_spot_price_usd,180,2025-12-03,2026-06-01,0.3248186641708617,0.35237072477627807,0.47311937265295495,0.3557802001457087,1,1,1,2d09d2d77fbe6b7f6c5765b48188ed1d2a88db2b,h5-risk-outcome-v1
2025-12-04,42082549e9d7898f70cda8c80f448ffdd76554c6,df3264f386972fcb9dbad83710b411b682b62fd8,2025-12-04T11:24:45.772Z,52,Hold & Wait,Hold & Wait,v3.1.0,,scheduled_etl,B,93162.74,artifact_spot_price_usd,30,2025-12-04,2026-01-03,0.08268026466374867,0.08268026466374867,0.26839745997867354,0.20147674564481152,0,0,0,2d09d2d77fbe6b7f6c5765b48188ed1d2a88db2b,h5-risk-outcome-v1
2025-12-04,42082549e9d7898f70cda8c80f448ffdd76554c6,df3264f386972fcb9dbad83710b411b682b62fd8,2025-12-04T11:24:45.772Z,52,Hold & Wait,Hold & Wait,v3.1.0,,scheduled_etl,B,93162.74,artifact_spot_price_usd,90,2025-12-04,2026-03-04,0.32600737161659266,0.35237072477627807,0.5634284654576589,0.4351932626064401,1,1,1,2d09d2d77fbe6b7f6c5765b48188ed1d2a88db2b,h5-risk-outcome-v1
2025-12-04,42082549e9d7898f70cda8c80f448ffdd76554c6,df3264f386972fcb9dbad83710b411b682b62fd8,2025-12-04T11:24:45.772Z,52,Hold & Wait,Hold & Wait,v3.1.0,,scheduled_etl,B,93162.74,artifact_spot_price_usd,180,2025-12-04,2026-06-02,0.32600737161659266,0.35237072477627807,0.48197155193524505,0.36795058860572505,1,1,1,2d09d2d77fbe6b7f6c5765b48188ed1d2a88db2b,h5-risk-outcome-v1
2025-12-05,17adf7b2956cb11376d81b6ec986256dac0f18cd,6bf0e7d54c9172a07f078ee9469879d4247a165e,2025-12-05T11:23:47.298Z,49,High Risk,Moderate Buying,v3.1.0,,scheduled_etl,B,91465.21,artifact_spot_price_usd,30,2025-12-05,2026-01-04,0.06565545522718419,0.07800172618405432,0.248852986605706,0.17153871699911477,0,0,0,2d09d2d77fbe6b7f6c5765b48188ed1d2a88db2b,h5-risk-outcome-v1
2025-12-05,17adf7b2956cb11376d81b6ec986256dac0f18cd,6bf0e7d54c9172a07f078ee9469879d4247a165e,2025-12-05T11:23:47.298Z,49,High Risk,Moderate Buying,v3.1.0,,scheduled_etl,B,91465.21,artifact_spot_price_usd,90,2025-12-05,2026-03-05,0.3134985422326151,0.35237072477627807,0.562475294554191,0.4338301598662629,1,1,1,2d09d2d77fbe6b7f6c5765b48188ed1d2a88db2b,h5-risk-outcome-v1
2025-12-05,17adf7b2956cb11376d81b6ec986256dac0f18cd,6bf0e7d54c9172a07f078ee9469879d4247a165e,2025-12-05T11:23:47.298Z,49,High Risk,Moderate Buying,v3.1.0,,scheduled_etl,B,91465.21,artifact_spot_price_usd,180,2025-12-05,2026-06-03,0.3134985422326151,0.35237072477627807,0.48334178964881924,0.3698413392420056,1,1,1,2d09d2d77fbe6b7f6c5765b48188ed1d2a88db2b,h5-risk-outcome-v1
2025-12-06,087b7ced88ed3a873a5c831ba54b54a460e4b21d,7e6227aec44dcec53db43ad0b632a19bea00a2f9,2025-12-06T11:19:44.317Z,53,Hold & Wait,Hold & Wait,v3.1.0,,scheduled_etl,B,89589.6,artifact_spot_price_usd,30,2025-12-06,2026-01-05,0.046094412744336455,0.07800172618405432,0.26290722421292484,0.17151213244058724,0,0,0,2d09d2d77fbe6b7f6c5765b48188ed1d2a88db2b,h5-risk-outcome-v1
2025-12-06,087b7ced88ed3a873a5c831ba54b54a460e4b21d,7e6227aec44dcec53db43ad0b632a19bea00a2f9,2025-12-06T11:19:44.317Z,53,Hold & Wait,Hold & Wait,v3.1.0,,scheduled_etl,B,89589.6,artifact_spot_price_usd,90,2025-12-06,2026-03-06,0.2991262378668953,0.35237072477627807,0.567431332538909,0.44124096246119127,1,1,0,2d09d2d77fbe6b7f6c5765b48188ed1d2a88db2b,h5-risk-outcome-v1
2025-12-06,087b7ced88ed3a873a5c831ba54b54a460e4b21d,7e6227aec44dcec53db43ad0b632a19bea00a2f9,2025-12-06T11:19:44.317Z,53,Hold & Wait,Hold & Wait,v3.1.0,,scheduled_etl,B,89589.6,artifact_spot_price_usd,180,2025-12-06,2026-06-04,0.2991262378668953,0.35237072477627807,0.4833465413715036,0.3698760125441647,1,1,0,2d09d2d77fbe6b7f6c5765b48188ed1d2a88db2b,h5-risk-outcome-v1
2025-12-07,67ebadf7c7f47fd0c45507f43fbc21f53e24df2a,602e416a9b2f3aac85ab5c779f1a2677ada08119,2025-12-07T11:19:43.702Z,53,Hold & Wait,Hold & Wait,v3.1.0,,scheduled_etl,B,89284.38,artifact_spot_price_usd,30,2025-12-07,2026-01-06,0.042833472103407155,0.07800172618405432,0.2602077267943242,0.17160047764377562,0,0,0,2d09d2d77fbe6b7f6c5765b48188ed1d2a88db2b,h5-risk-outcome-v1
2025-12-07,67ebadf7c7f47fd0c45507f43fbc21f53e24df2a,602e416a9b2f3aac85ab5c779f1a2677ada08119,2025-12-07T11:19:43.702Z,53,Hold & Wait,Hold & Wait,v3.1.0,,scheduled_etl,B,89284.38,artifact_spot_price_usd,90,2025-12-07,2026-03-07,0.2967302903374588,0.35237072477627807,0.5668572518900488,0.44196282781813445,1,1,0,2d09d2d77fbe6b7f6c5765b48188ed1d2a88db2b,h5-risk-outcome-v1
2025-12-07,67ebadf7c7f47fd0c45507f43fbc21f53e24df2a,602e416a9b2f3aac85ab5c779f1a2677ada08119,2025-12-07T11:19:43.702Z,53,Hold & Wait,Hold & Wait,v3.1.0,,scheduled_etl,B,89284.38,artifact_spot_price_usd,180,2025-12-07,2026-06-05,0.3164313847506137,0.37051313204990843,0.48666045807212943,0.37525273299100564,1,1,1,2d09d2d77fbe6b7f6c5765b48188ed1d2a88db2b,h5-risk-outcome-v1
2025-12-08,cad6f6bfc7a481ab5381e8c683877edc507f0556,ae00f992df88ac62b32c530642848c2bed62b072,2025-12-08T11:24:13.335Z,53,Hold & Wait,Hold & Wait,v3.1.0,,scheduled_etl,B,92133.99,artifact_spot_price_usd,30,2025-12-08,2026-01-07,0.07243765303119942,0.07800172618405432,0.276775744449776,0.19475413886052736,0,0,0,2d09d2d77fbe6b7f6c5765b48188ed1d2a88db2b,h5-risk-outcome-v1
2025-12-08,cad6f6bfc7a481ab5381e8c683877edc507f0556,ae00f992df88ac62b32c530642848c2bed62b072,2025-12-08T11:24:13.335Z,53,Hold & Wait,Hold & Wait,v3.1.0,,scheduled_etl,B,92133.99,artifact_spot_price_usd,90,2025-12-08,2026-03-08,0.31848170257252517,0.35237072477627807,0.5676290125492526,0.44367765763190603,1,1,1,2d09d2d77fbe6b7f6c5765b48188ed1d2a88db2b,h5-risk-outcome-v1
2025-12-08,cad6f6bfc7a481ab5381e8c683877edc507f0556,ae00f992df88ac62b32c530642848c2bed62b072,2025-12-08T11:24:13.335Z,53,Hold & Wait,Hold & Wait,v3.1.0,,scheduled_etl,B,92133.99,artifact_spot_price_usd,180,2025-12-08,2026-06-06,0.3395436363930402,0.3723853377169405,0.48661010605580873,0.3752767036328685,1,1,1,2d09d2d77fbe6b7f6c5765b48188ed1d2a88db2b,h5-risk-outcome-v1
2025-12-09,a4ad32368f1fd06957c824324b1903cc59fbaf74,55dca7aa546b2ea01105708e5c6a010262d50d14,2025-12-09T11:24:38.645Z,51,Hold & Wait,Hold & Wait,v3.1.0,,scheduled_etl,B,90224.66,artifact_spot_price_usd,30,2025-12-09,2026-01-08,0.05280862238771533,0.07800172618405432,0.2656735711270195,0.1949960126840715,0,0,0,2d09d2d77fbe6b7f6c5765b48188ed1d2a88db2b,h5-risk-outcome-v1
2025-12-09,a4ad32368f1fd06957c824324b1903cc59fbaf74,55dca7aa546b2ea01105708e5c6a010262d50d14,2025-12-09T11:24:38.645Z,51,Hold & Wait,Hold & Wait,v3.1.0,,scheduled_etl,B,90224.66,artifact_spot_price_usd,90,2025-12-09,2026-03-09,0.30405944450220157,0.35237072477627807,0.5710065040994409,0.44367765763190603,1,1,1,2d09d2d77fbe6b7f6c5765b48188ed1d2a88db2b,h5-risk-outcome-v1
2025-12-09,a4ad32368f1fd06957c824324b1903cc59fbaf74,55dca7aa546b2ea01105708e5c6a010262d50d14,2025-12-09T11:24:38.645Z,51,Hold & Wait,Hold & Wait,v3.1.0,,scheduled_etl,B,90224.66,artifact_spot_price_usd,180,2025-12-09,2026-06-07,0.325567089972963,0.3723853377169405,0.48898482465498455,0.3752767036328685,1,1,1,2d09d2d77fbe6b7f6c5765b48188ed1d2a88db2b,h5-risk-outcome-v1
2025-12-10,bfe56d404b588f4b6c0a37a381b6f13a1be463eb,ec1b931b8dcc6612f59eb07b7423108732418061,2025-12-10T11:24:13.762Z,51,Hold & Wait,Hold & Wait,v3.1.0,,scheduled_etl,B,92296.32,artifact_spot_price_usd,30,2025-12-10,2026-01-09,0.07406904197263775,0.07652719846123923,0.2652882740912856,0.19441792392016552,0,0,0,2d09d2d77fbe6b7f6c5765b48188ed1d2a88db2b,h5-risk-outcome-v1
2025-12-10,bfe56d404b588f4b6c0a37a381b6f13a1be463eb,ec1b931b8dcc6612f59eb07b7423108732418061,2025-12-10T11:24:13.762Z,51,Hold & Wait,Hold & Wait,v3.1.0,,scheduled_etl,B,92296.32,artifact_spot_price_usd,90,2025-12-10,2026-03-10,0.3196803512859452,0.35237072477627807,0.5732223890880207,0.4434484434997578,1,1,1,2d09d2d77fbe6b7f6c5765b48188ed1d2a88db2b,h5-risk-outcome-v1
2025-12-10,bfe56d404b588f4b6c0a37a381b6f13a1be463eb,ec1b931b8dcc6612f59eb07b7423108732418061,2025-12-10T11:24:13.762Z,51,Hold & Wait,Hold & Wait,v3.1.0,,scheduled_etl,B,92296.32,artifact_spot_price_usd,180,2025-12-10,2026-06-08,0.340705241552426,0.3723853377169405,0.48893946327665483,0.37518013073501016,1,1,1,2d09d2d77fbe6b7f6c5765b48188ed1d2a88db2b,h5-risk-outcome-v1
2025-12-11,e23e6caf46dad69dd367fcecd3310acc539b0587,6082a0f7b5a684f58aef79b220d8339f41b632d3,2025-12-11T16:24:40.519Z,50,Hold & Wait,Hold & Wait,v1.1,,scheduled_etl,B,89661.92,artifact_spot_price_usd,30,2025-12-11,2026-01-10,0.04686381911072168,0.07652719846123923,0.2644320313561222,0.19448245911979947,0,0,0,2d09d2d77fbe6b7f6c5765b48188ed1d2a88db2b,h5-risk-outcome-v1
2025-12-11,e23e6caf46dad69dd367fcecd3310acc539b0587,6082a0f7b5a684f58aef79b220d8339f41b632d3,2025-12-11T16:24:40.519Z,50,Hold & Wait,Hold & Wait,v1.1,,scheduled_etl,B,89661.92,artifact_spot_price_usd,90,2025-12-11,2026-03-11,0.2996915524450068,0.35237072477627807,0.5731177113778824,0.4434484434997578,1,1,0,2d09d2d77fbe6b7f6c5765b48188ed1d2a88db2b,h5-risk-outcome-v1
2025-12-11,e23e6caf46dad69dd367fcecd3310acc539b0587,6082a0f7b5a684f58aef79b220d8339f41b632d3,2025-12-11T16:24:40.519Z,50,Hold & Wait,Hold & Wait,v1.1,,scheduled_etl,B,89661.92,artifact_spot_price_usd,180,2025-12-11,2026-06-09,0.3213341851256364,0.3723853377169405,0.48963876041666166,0.37649533758354903,1,1,1,2d09d2d77fbe6b7f6c5765b48188ed1d2a88db2b,h5-risk-outcome-v1
2025-12-12,66fd5cdaa2c0063e1e507fb32e71086bc704caf3,ebdd6a50e365f9a378f0c201c14c14110f555f21,2025-12-12T11:26:34.630Z,50,Hold & Wait,Hold & Wait,v1.1,,scheduled_etl,B,92347.52,artifact_spot_price_usd,30,2025-12-12,2026-01-11,0.07458240351229795,0.07458240351229795,0.25103526318886055,0.1742390837100368,0,0,0,2d09d2d77fbe6b7f6c5765b48188ed1d2a88db2b,h5-risk-outcome-v1
2025-12-12,66fd5cdaa2c0063e1e507fb32e71086bc704caf3,ebdd6a50e365f9a378f0c201c14c14110f555f21,2025-12-12T11:26:34.630Z,50,Hold & Wait,Hold & Wait,v1.1,,scheduled_etl,B,92347.52,artifact_spot_price_usd,90,2025-12-12,2026-03-12,0.32005753917376456,0.35237072477627807,0.5716237718748084,0.44063416326695265,1,1,1,2d09d2d77fbe6b7f6c5765b48188ed1d2a88db2b,h5-risk-outcome-v1
2025-12-12,66fd5cdaa2c0063e1e507fb32e71086bc704caf3,ebdd6a50e365f9a378f0c201c14c14110f555f21,2025-12-12T11:26:34.630Z,50,Hold & Wait,Hold & Wait,v1.1,,scheduled_etl,B,92347.52,artifact_spot_price_usd,180,2025-12-12,2026-06-10,0.3410707726639546,0.3723853377169405,0.48858807541727584,0.37487943640200283,1,1,1,2d09d2d77fbe6b7f6c5765b48188ed1d2a88db2b,h5-risk-outcome-v1
2025-12-13,41ce693adb5da39678424f5a1090d4aee3e7d454,a62231b65d7f5b969c99a4b1f0fcdc31f4309783,2025-12-13T11:21:21.776Z,49,High Risk,Moderate Buying,v1.1,,scheduled_etl,B,90515.63,artifact_spot_price_usd,30,2025-12-13,2026-01-12,0.05585344763108868,0.05585344763108868,0.25127513630950765,0.17423687961589135,0,0,0,2d09d2d77fbe6b7f6c5765b48188ed1d2a88db2b,h5-risk-outcome-v1
2025-12-13,41ce693adb5da39678424f5a1090d4aee3e7d454,a62231b65d7f5b969c99a4b1f0fcdc31f4309783,2025-12-13T11:21:21.776Z,49,High Risk,Moderate Buying,v1.1,,scheduled_etl,B,90515.63,artifact_spot_price_usd,90,2025-12-13,2026-03-13,0.3062966031391485,0.35237072477627807,0.5718612579956636,0.4406338727485182,1,1,1,2d09d2d77fbe6b7f6c5765b48188ed1d2a88db2b,h5-risk-outcome-v1
2025-12-13,41ce693adb5da39678424f5a1090d4aee3e7d454,a62231b65d7f5b969c99a4b1f0fcdc31f4309783,2025-12-13T11:21:21.776Z,49,High Risk,Moderate Buying,v1.1,,scheduled_etl,B,90515.63,artifact_spot_price_usd,180,2025-12-13,2026-06-11,0.3277351104997004,0.3723853377169405,0.4912435331459268,0.3748792656639977,1,1,1,2d09d2d77fbe6b7f6c5765b48188ed1d2a88db2b,h5-risk-outcome-v1
2025-12-14,81f4297e8dc44b7870c01b420abd3b564dd1ce33,7b927e3db9fe8af0e59cb34143867730938964d0,2025-12-14T11:22:01.783Z,49,High Risk,Moderate Buying,v1.1,,scheduled_etl,B,89691.33,artifact_spot_price_usd,30,2025-12-14,2026-01-13,0.047176354726816916,0.047176354726816916,0.28046812332095594,0.15401519385132695,0,0,0,2d09d2d77fbe6b7f6c5765b48188ed1d2a88db2b,h5-risk-outcome-v1
2025-12-14,81f4297e8dc44b7870c01b420abd3b564dd1ce33,7b927e3db9fe8af0e59cb34143867730938964d0,2025-12-14T11:22:01.783Z,49,High Risk,Moderate Buying,v1.1,,scheduled_etl,B,89691.33,artifact_spot_price_usd,90,2025-12-14,2026-03-14,0.2999211852472251,0.35237072477627807,0.5704733718992538,0.4381159736716794,1,1,0,2d09d2d77fbe6b7f6c5765b48188ed1d2a88db2b,h5-risk-outcome-v1
2025-12-14,81f4297e8dc44b7870c01b420abd3b564dd1ce33,7b927e3db9fe8af0e59cb34143867730938964d0,2025-12-14T11:22:01.783Z,49,High Risk,Moderate Buying,v1.1,,scheduled_etl,B,89691.33,artifact_spot_price_usd,180,2025-12-14,2026-06-12,0.32155672125722745,0.3723853377169405,0.49029550713223047,0.37340122611330584,1,1,1,2d09d2d77fbe6b7f6c5765b48188ed1d2a88db2b,h5-risk-outcome-v1
2025-12-15,9668e81224e518866a44859c0c0b17908ab23d15,1ea7692daecd80608b8580ba492de5d23ed311c7,2025-12-15T03:38:53.726Z,49,Moderate Buying,Moderate Buying,v1.1,,scheduled_etl,B,89254.01,artifact_spot_price_usd,30,2025-12-15,2026-01-14,0.04250778200329586,0.04250778200329586,0.27227637190639276,0.13714136674992194,0,0,0,2d09d2d77fbe6b7f6c5765b48188ed1d2a88db2b,h5-risk-outcome-v1
2025-12-15,9668e81224e518866a44859c0c0b17908ab23d15,1ea7692daecd80608b8580ba492de5d23ed311c7,2025-12-15T03:38:53.726Z,49,Moderate Buying,Moderate Buying,v1.1,,scheduled_etl,B,89254.01,artifact_spot_price_usd,90,2025-12-15,2026-03-15,0.29649099239350696,0.35237072477627807,0.5714287049150248,0.4362430109070807,1,1,0,2d09d2d77fbe6b7f6c5765b48188ed1d2a88db2b,h5-risk-outcome-v1
2025-12-15,9668e81224e518866a44859c0c0b17908ab23d15,1ea7692daecd80608b8580ba492de5d23ed311c7,2025-12-15T03:38:53.726Z,49,Moderate Buying,Moderate Buying,v1.1,,scheduled_etl,B,89254.01,artifact_spot_price_usd,180,2025-12-15,2026-06-13,0.3182325365549401,0.3723853377169405,0.4901048295216115,0.3723031758559359,1,1,1,2d09d2d77fbe6b7f6c5765b48188ed1d2a88db2b,h5-risk-outcome-v1
2025-12-16,e7571b3c24971496874b3d87e323f58e1d71718e,9a60cfc4ccdea8d94b78fc686d8ff52852f5f40a,2025-12-16T11:26:26.574Z,48,Moderate Buying,Moderate Buying,v1.1,,scheduled_etl,B,87060.43,artifact_spot_price_usd,30,2025-12-16,2026-01-15,0.018382748626442402,0.037120675111958046,0.275254099533635,0.14581756000541257,0,0,0,2d09d2d77fbe6b7f6c5765b48188ed1d2a88db2b,h5-risk-outcome-v1
2025-12-16,e7571b3c24971496874b3d87e323f58e1d71718e,9a60cfc4ccdea8d94b78fc686d8ff52852f5f40a,2025-12-16T11:26:26.574Z,48,Moderate Buying,Moderate Buying,v1.1,,scheduled_etl,B,87060.43,artifact_spot_price_usd,90,2025-12-16,2026-03-16,0.27876533575586515,0.35237072477627807,0.5733604996468775,0.4362430109070807,1,1,0,2d09d2d77fbe6b7f6c5765b48188ed1d2a88db2b,h5-risk-outcome-v1
2025-12-16,e7571b3c24971496874b3d87e323f58e1d71718e,9a60cfc4ccdea8d94b78fc686d8ff52852f5f40a,2025-12-16T11:26:26.574Z,48,Moderate Buying,Moderate Buying,v1.1,,scheduled_etl,B,87060.43,artifact_spot_price_usd,180,2025-12-16,2026-06-14,0.30105468121395673,0.3723853377169405,0.49035991182654326,0.3723031758559359,1,1,1,2d09d2d77fbe6b7f6c5765b48188ed1d2a88db2b,h5-risk-outcome-v1
2025-12-17,79e40355649208efda6616a267507fd99c3a0c54,e88d209a115b8ed38d9418b26ce780939578a990,2025-12-17T11:26:59.878Z,48,Moderate Buying,Moderate Buying,v1.1,,scheduled_etl,B,86771.03,artifact_spot_price_usd,30,2025-12-17,2026-01-16,0.015108844507204733,0.037120675111958046,0.264701196011325,0.13011254522750068,0,0,0,2d09d2d77fbe6b7f6c5765b48188ed1d2a88db2b,h5-risk-outcome-v1
2025-12-17,79e40355649208efda6616a267507fd99c3a0c54,e88d209a115b8ed38d9418b26ce780939578a990,2025-12-17T11:26:59.878Z,48,Moderate Buying,Moderate Buying,v1.1,,scheduled_etl,B,86771.03,artifact_spot_price_usd,90,2025-12-17,2026-03-17,0.27635986342446317,0.35237072477627807,0.5727521702665348,0.43534436134097687,1,1,0,2d09d2d77fbe6b7f6c5765b48188ed1d2a88db2b,h5-risk-outcome-v1
2025-12-17,79e40355649208efda6616a267507fd99c3a0c54,e88d209a115b8ed38d9418b26ce780939578a990,2025-12-17T11:26:59.878Z,48,Moderate Buying,Moderate Buying,v1.1,,scheduled_etl,B,86771.03,artifact_spot_price_usd,180,2025-12-17,2026-06-15,0.29872354863138073,0.3723853377169405,0.489951097671948,0.3713298435942453,1,1,0,2d09d2d77fbe6b7f6c5765b48188ed1d2a88db2b,h5-risk-outcome-v1
2025-12-18,daba2f077f6c2807745c80de96319250e803e2cc,3618d104026fa3de08d5238911a83ee4e52b79c5,2025-12-18T11:25:08.164Z,46,Moderate Buying,Moderate Buying,v1.1,,scheduled_etl,B,87096.78,artifact_spot_price_usd,30,2025-12-18,2026-01-17,0.018792428376801062,0.037120675111958046,0.2625942170274526,0.12731428510094814,0,0,0,2d09d2d77fbe6b7f6c5765b48188ed1d2a88db2b,h5-risk-outcome-v1
2025-12-18,daba2f077f6c2807745c80de96319250e803e2cc,3618d104026fa3de08d5238911a83ee4e52b79c5,2025-12-18T11:25:08.164Z,46,Moderate Buying,Moderate Buying,v1.1,,scheduled_etl,B,87096.78,artifact_spot_price_usd,90,2025-12-18,2026-03-18,0.27906634435853994,0.35237072477627807,0.5769526793920361,0.44134132550082794,1,1,0,2d09d2d77fbe6b7f6c5765b48188ed1d2a88db2b,h5-risk-outcome-v1
2025-12-18,daba2f077f6c2807745c80de96319250e803e2cc,3618d104026fa3de08d5238911a83ee4e52b79c5,2025-12-18T11:25:08.164Z,46,Moderate Buying,Moderate Buying,v1.1,,scheduled_etl,B,87096.78,artifact_spot_price_usd,180,2025-12-18,2026-06-16,0.3013463873176482,0.3723853377169405,0.48999285175895574,0.3713951341563173,1,1,1,2d09d2d77fbe6b7f6c5765b48188ed1d2a88db2b,h5-risk-outcome-v1
2025-12-19,cc532d0daf760a5cff724c0243cf3350ed3d1d7b,0610156e3bcdc2989c6621e4eae662091d175e5a,2025-12-19T11:24:37.793Z,43,Moderate Buying,Moderate Buying,v1.1,,scheduled_etl,B,88189.82,artifact_spot_price_usd,30,2025-12-19,2026-01-18,0.012235425812185619,0.037120675111958046,0.25271890822174764,0.13851747562155708,0,0,0,2d09d2d77fbe6b7f6c5765b48188ed1d2a88db2b,h5-risk-outcome-v1
2025-12-19,cc532d0daf760a5cff724c0243cf3350ed3d1d7b,0610156e3bcdc2989c6621e4eae662091d175e5a,2025-12-19T11:24:37.793Z,43,Moderate Buying,Moderate Buying,v1.1,,scheduled_etl,B,88189.82,artifact_spot_price_usd,90,2025-12-19,2026-03-19,0.2880017217406726,0.35237072477627807,0.5741599519541227,0.44296182750572033,1,1,0,2d09d2d77fbe6b7f6c5765b48188ed1d2a88db2b,h5-risk-outcome-v1
2025-12-19,cc532d0daf760a5cff724c0243cf3350ed3d1d7b,0610156e3bcdc2989c6621e4eae662091d175e5a,2025-12-19T11:24:37.793Z,43,Moderate Buying,Moderate Buying,v1.1,,scheduled_etl,B,88189.82,artifact_spot_price_usd,180,2025-12-19,2026-06-17,0.3100056219640771,0.3723853377169405,0.4884355723385231,0.3722786878626556,1,1,1,2d09d2d77fbe6b7f6c5765b48188ed1d2a88db2b,h5-risk-outcome-v1
2025-12-20,3398047ed1f1fc8178b2b784c6468c92d0d38133,dba4c18a43bd55f6b1faebfb93f2c8a05fc3e538,2025-12-20T11:21:20.240Z,46,Moderate Buying,Moderate Buying,v1.1,,scheduled_etl,B,88110,artifact_spot_price_usd,30,2025-12-20,2026-01-19,0.011340596981046391,0.045335390091667094,0.25694599674592816,0.14424278156097936,0,0,0,2d09d2d77fbe6b7f6c5765b48188ed1d2a88db2b,h5-risk-outcome-v1
2025-12-20,3398047ed1f1fc8178b2b784c6468c92d0d38133,dba4c18a43bd55f6b1faebfb93f2c8a05fc3e538,2025-12-20T11:21:20.240Z,46,Moderate Buying,Moderate Buying,v1.1,,scheduled_etl,B,88110,artifact_spot_price_usd,90,2025-12-20,2026-03-20,0.2873567131994098,0.35237072477627807,0.5744762117771938,0.44296182750572033,1,1,0,2d09d2d77fbe6b7f6c5765b48188ed1d2a88db2b,h5-risk-outcome-v1
2025-12-20,3398047ed1f1fc8178b2b784c6468c92d0d38133,dba4c18a43bd55f6b1faebfb93f2c8a05fc3e538,2025-12-20T11:21:20.240Z,46,Moderate Buying,Moderate Buying,v1.1,,scheduled_etl,B,88110,artifact_spot_price_usd,180,2025-12-20,2026-06-18,0.3093805470434684,0.3723853377169405,0.4894730780764037,0.37392530848051847,1,1,1,2d09d2d77fbe6b7f6c5765b48188ed1d2a88db2b,h5-risk-outcome-v1
2025-12-21,65e2f9fc25db0b5265973adc933ea375702a901c,ad5f14ce8b3628bab9ed89699ba1f6a02fbd16f0,2025-12-21T11:22:02.385Z,46,Moderate Buying,Moderate Buying,v1.1,,scheduled_etl,B,88608.85,artifact_spot_price_usd,30,2025-12-21,2026-01-20,0.016906550530787934,0.08916039125715436,0.30597189230268795,0.2183447809677527,0,0,0,2d09d2d77fbe6b7f6c5765b48188ed1d2a88db2b,h5-risk-outcome-v1
2025-12-21,65e2f9fc25db0b5265973adc933ea375702a901c,ad5f14ce8b3628bab9ed89699ba1f6a02fbd16f0,2025-12-21T11:22:02.385Z,46,Moderate Buying,Moderate Buying,v1.1,,scheduled_etl,B,88608.85,artifact_spot_price_usd,90,2025-12-21,2026-03-21,0.2913687515411836,0.35237072477627807,0.5757625799138412,0.44532266956285604,1,1,0,2d09d2d77fbe6b7f6c5765b48188ed1d2a88db2b,h5-risk-outcome-v1
2025-12-21,65e2f9fc25db0b5265973adc933ea375702a901c,ad5f14ce8b3628bab9ed89699ba1f6a02fbd16f0,2025-12-21T11:22:02.385Z,46,Moderate Buying,Moderate Buying,v1.1,,scheduled_etl,B,88608.85,artifact_spot_price_usd,180,2025-12-21,2026-06-19,0.313268595631249,0.3723853377169405,0.4896765716738525,0.37392530848051847,1,1,1,2d09d2d77fbe6b7f6c5765b48188ed1d2a88db2b,h5-risk-outcome-v1
2025-12-22,222b2f11c69802d177f2db96b8f1616f539176c0,d81dbe7a5185f9fe28981b24f2b609f8e15fcc55,2025-12-22T11:24:51.723Z,43,Moderate Buying,Moderate Buying,v1.1,,scheduled_etl,B,89690.01,artifact_spot_price_usd,30,2025-12-22,2026-01-21,0.028757160357101075,0.08916039125715436,0.30869095282734443,0.21832022202010096,0,0,0,2d09d2d77fbe6b7f6c5765b48188ed1d2a88db2b,h5-risk-outcome-v1
2025-12-22,222b2f11c69802d177f2db96b8f1616f539176c0,d81dbe7a5185f9fe28981b24f2b609f8e15fcc55,2025-12-22T11:24:51.723Z,43,Moderate Buying,Moderate Buying,v1.1,,scheduled_etl,B,89690.01,artifact_spot_price_usd,90,2025-12-22,2026-03-22,0.29991088193657234,0.35237072477627807,0.576319529571968,0.4464262546155811,1,1,0,2d09d2d77fbe6b7f6c5765b48188ed1d2a88db2b,h5-risk-outcome-v1
2025-12-22,222b2f11c69802d177f2db96b8f1616f539176c0,d81dbe7a5185f9fe28981b24f2b609f8e15fcc55,2025-12-22T11:24:51.723Z,43,Moderate Buying,Moderate Buying,v1.1,,scheduled_etl,B,89690.01,artifact_spot_price_usd,180,2025-12-22,2026-06-20,0.3215467363645069,0.3723853377169405,0.490053963855603,0.3739229185051726,1,1,1,2d09d2d77fbe6b7f6c5765b48188ed1d2a88db2b,h5-risk-outcome-v1
2025-12-23,02fedaa9659ab96b8bb0c0518f1077dff2163796,bfe6a2b2ec702e93fe776d4a30b9783d3ae87920,2025-12-23T11:25:40.822Z,44,Moderate Buying,Moderate Buying,v1.1,,scheduled_etl,B,87756.26,artifact_spot_price_usd,30,2025-12-23,2026-01-22,0.007355372710733055,0.08916039125715436,0.30516653410876765,0.21369661721543726,0,0,0,2d09d2d77fbe6b7f6c5765b48188ed1d2a88db2b,h5-risk-outcome-v1
2025-12-23,02fedaa9659ab96b8bb0c0518f1077dff2163796,bfe6a2b2ec702e93fe776d4a30b9783d3ae87920,2025-12-23T11:25:40.822Z,44,Moderate Buying,Moderate Buying,v1.1,,scheduled_etl,B,87756.26,artifact_spot_price_usd,90,2025-12-23,2026-03-23,0.2844840926447868,0.35237072477627807,0.5834634027127216,0.4456799028064507,1,1,0,2d09d2d77fbe6b7f6c5765b48188ed1d2a88db2b,h5-risk-outcome-v1
2025-12-23,02fedaa9659ab96b8bb0c0518f1077dff2163796,bfe6a2b2ec702e93fe776d4a30b9783d3ae87920,2025-12-23T11:25:40.822Z,44,Moderate Buying,Moderate Buying,v1.1,,scheduled_etl,B,87756.26,artifact_spot_price_usd,180,2025-12-23,2026-06-21,0.30659670318675836,0.3723853377169405,0.49019103161717636,0.37412857601601085,1,1,1,2d09d2d77fbe6b7f6c5765b48188ed1d2a88db2b,h5-risk-outcome-v1
2025-12-24,bc4b7fff1467eff00603c8d4f09f0642dee03f26,5378f2876dbc2dc48fa9d92511bd1ba2e0508ca5,2025-12-24T14:55:58.019Z,44,Moderate Buying,Moderate Buying,v1.1,,scheduled_etl,B,87019.73,artifact_spot_price_usd,30,2025-12-24,2026-01-23,0,0.08916039125715436,0.3051392023820899,0.21369661721543726,0,0,0,2d09d2d77fbe6b7f6c5765b48188ed1d2a88db2b,h5-risk-outcome-v1
2025-12-24,bc4b7fff1467eff00603c8d4f09f0642dee03f26,5378f2876dbc2dc48fa9d92511bd1ba2e0508ca5,2025-12-24T14:55:58.019Z,44,Moderate Buying,Moderate Buying,v1.1,,scheduled_etl,B,87019.73,artifact_spot_price_usd,90,2025-12-24,2026-03-24,0.2784280070737981,0.35237072477627807,0.5834162165967823,0.44578556205126985,1,1,0,2d09d2d77fbe6b7f6c5765b48188ed1d2a88db2b,h5-risk-outcome-v1
2025-12-24,bc4b7fff1467eff00603c8d4f09f0642dee03f26,5378f2876dbc2dc48fa9d92511bd1ba2e0508ca5,2025-12-24T14:55:58.019Z,44,Moderate Buying,Moderate Buying,v1.1,,scheduled_etl,B,87019.73,artifact_spot_price_usd,180,2025-12-24,2026-06-22,0.30072777748218704,0.3723853377169405,0.4905111135311101,0.37412857601601085,1,1,1,2d09d2d77fbe6b7f6c5765b48188ed1d2a88db2b,h5-risk-outcome-v1
2025-12-25,fbd05bd9c2c8b44f60eb05859d7fa13560fa31bd,7b2b08b00d45d6470c256e862a12adf56eb4b252,2025-12-25T11:23:43.940Z,43,Moderate Buying,Moderate Buying,v1.1,,scheduled_etl,B,87436.4,artifact_spot_price_usd,30,2025-12-25,2026-01-24,0.0037240783014853562,0.08916039125715436,0.3050084976680696,0.21353451791069833,0,0,0,2d09d2d77fbe6b7f6c5765b48188ed1d2a88db2b,h5-risk-outcome-v1
2025-12-25,fbd05bd9c2c8b44f60eb05859d7fa13560fa31bd,7b2b08b00d45d6470c256e862a12adf56eb4b252,2025-12-25T11:23:43.940Z,43,Moderate Buying,Moderate Buying,v1.1,,scheduled_etl,B,87436.4,artifact_spot_price_usd,90,2025-12-25,2026-03-25,0.28186659103073775,0.35237072477627807,0.5839920203347948,0.44567162028848345,1,1,0,2d09d2d77fbe6b7f6c5765b48188ed1d2a88db2b,h5-risk-outcome-v1
2025-12-25,fbd05bd9c2c8b44f60eb05859d7fa13560fa31bd,7b2b08b00d45d6470c256e862a12adf56eb4b252,2025-12-25T11:23:43.940Z,43,Moderate Buying,Moderate Buying,v1.1,,scheduled_etl,B,87436.4,artifact_spot_price_usd,180,2025-12-25,2026-06-23,0.3040600939654422,0.3723853377169405,0.49122272979478826,0.37521243674508953,1,1,1,2d09d2d77fbe6b7f6c5765b48188ed1d2a88db2b,h5-risk-outcome-v1
2025-12-26,5f72fd2068b44548a1976a77eeaa4dd504693197,f819ab969f618f7c514f9b1d185b8a1be6b51e7c,2025-12-26T11:24:38.292Z,42,Moderate Buying,Moderate Buying,v1.1,,scheduled_etl,B,88555.84,artifact_spot_price_usd,30,2025-12-26,2026-01-25,0.02251573696325382,0.10719615129303073,0.3212289053707043,0.2358343408258534,0,0,0,2d09d2d77fbe6b7f6c5765b48188ed1d2a88db2b,h5-risk-outcome-v1
2025-12-26,5f72fd2068b44548a1976a77eeaa4dd504693197,f819ab969f618f7c514f9b1d185b8a1be6b51e7c,2025-12-26T11:24:38.292Z,42,Moderate Buying,Moderate Buying,v1.1,,scheduled_etl,B,88555.84,artifact_spot_price_usd,90,2025-12-26,2026-03-26,0.29094456108145994,0.35237072477627807,0.5878759169430474,0.4515831232643615,1,1,0,2d09d2d77fbe6b7f6c5765b48188ed1d2a88db2b,h5-risk-outcome-v1
2025-12-26,5f72fd2068b44548a1976a77eeaa4dd504693197,f819ab969f618f7c514f9b1d185b8a1be6b51e7c,2025-12-26T11:24:38.292Z,42,Moderate Buying,Moderate Buying,v1.1,,scheduled_etl,B,88555.84,artifact_spot_price_usd,180,2025-12-26,2026-06-24,0.3128575145354614,0.3723853377169405,0.49248502197730526,0.3771604272923065,1,1,1,2d09d2d77fbe6b7f6c5765b48188ed1d2a88db2b,h5-risk-outcome-v1
2025-12-27,332b4ecdf3e0cf6df082aa79a9d2af93d0580e0d,46e2b22c95d3bc594f7f4acead93a6d1b1ccce43,2025-12-27T11:21:51.513Z,44,Moderate Buying,Moderate Buying,v1.1,,scheduled_etl,B,87488.01,artifact_spot_price_usd,30,2025-12-27,2026-01-26,0.01058510760503062,0.10719615129303073,0.3276110175375985,0.2358343408258534,0,0,0,2d09d2d77fbe6b7f6c5765b48188ed1d2a88db2b,h5-risk-outcome-v1
2025-12-27,332b4ecdf3e0cf6df082aa79a9d2af93d0580e0d,46e2b22c95d3bc594f7f4acead93a6d1b1ccce43,2025-12-27T11:21:51.513Z,44,Moderate Buying,Moderate Buying,v1.1,,scheduled_etl,B,87488.01,artifact_spot_price_usd,90,2025-12-27,2026-03-27,0.2822902246833594,0.35237072477627807,0.5913313947009919,0.45728902731213983,1,1,0,2d09d2d77fbe6b7f6c5765b48188ed1d2a88db2b,h5-risk-outcome-v1
2025-12-27,332b4ecdf3e0cf6df082aa79a9d2af93d0580e0d,46e2b22c95d3bc594f7f4acead93a6d1b1ccce43,2025-12-27T11:21:51.513Z,44,Moderate Buying,Moderate Buying,v1.1,,scheduled_etl,B,87488.01,artifact_spot_price_usd,180,2025-12-27,2026-06-25,0.31757906026208615,0.38421379532559174,0.49310951338979536,0.37836715746446187,1,1,1,2d09d2d77fbe6b7f6c5765b48188ed1d2a88db2b,h5-risk-outcome-v1
2025-12-28,5cebc59f189e55442c009c066846c7ff21b661e5,3a5fe74deb5e41722e83c88a3b1661aed7bc21ac,2025-12-28T11:22:44.210Z,44,Moderate Buying,Moderate Buying,v1.1,,scheduled_etl,B,87844.63,artifact_spot_price_usd,30,2025-12-28,2026-01-27,0.014601803206411135,0.10719615129303073,0.3292640082157463,0.2358343408258534,0,0,0,2d09d2d77fbe6b7f6c5765b48188ed1d2a88db2b,h5-risk-outcome-v1
2025-12-28,5cebc59f189e55442c009c066846c7ff21b661e5,3a5fe74deb5e41722e83c88a3b1661aed7bc21ac,2025-12-28T11:22:44.210Z,44,Moderate Buying,Moderate Buying,v1.1,,scheduled_etl,B,87844.63,artifact_spot_price_usd,90,2025-12-28,2026-03-28,0.2852038878187546,0.35237072477627807,0.5913025337683246,0.45729013734352686,1,1,0,2d09d2d77fbe6b7f6c5765b48188ed1d2a88db2b,h5-risk-outcome-v1
2025-12-28,5cebc59f189e55442c009c066846c7ff21b661e5,3a5fe74deb5e41722e83c88a3b1661aed7bc21ac,2025-12-28T11:22:44.210Z,44,Moderate Buying,Moderate Buying,v1.1,,scheduled_etl,B,87844.63,artifact_spot_price_usd,180,2025-12-28,2026-06-26,0.3203494624543356,0.38421379532559174,0.4931963516206245,0.37836715746446187,1,1,1,2d09d2d77fbe6b7f6c5765b48188ed1d2a88db2b,h5-risk-outcome-v1
2025-12-29,ad76d0f49925150ff8c169c1f77678b8e2581ffd,701b29e5d5f201f27ca734e3678977197892b506,2025-12-29T11:26:04.045Z,44,Moderate Buying,Moderate Buying,v1.1,,scheduled_etl,B,87630.89,artifact_spot_price_usd,30,2025-12-29,2026-01-28,0.012198324129767402,0.10719615129303073,0.32763387440240155,0.23384617143524258,0,0,0,2d09d2d77fbe6b7f6c5765b48188ed1d2a88db2b,h5-risk-outcome-v1
2025-12-29,ad76d0f49925150ff8c169c1f77678b8e2581ffd,701b29e5d5f201f27ca734e3678977197892b506,2025-12-29T11:26:04.045Z,44,Moderate Buying,Moderate Buying,v1.1,,scheduled_etl,B,87630.89,artifact_spot_price_usd,90,2025-12-29,2026-03-29,0.28346043273096966,0.35237072477627807,0.5912124547734862,0.45708348329092247,1,1,0,2d09d2d77fbe6b7f6c5765b48188ed1d2a88db2b,h5-risk-outcome-v1
2025-12-29,ad76d0f49925150ff8c169c1f77678b8e2581ffd,701b29e5d5f201f27ca734e3678977197892b506,2025-12-29T11:26:04.045Z,44,Moderate Buying,Moderate Buying,v1.1,,scheduled_etl,B,87630.89,artifact_spot_price_usd,180,2025-12-29,2026-06-27,0.31869173073558876,0.38421379532559174,0.4931070321100358,0.37816485208075457,1,1,1,2d09d2d77fbe6b7f6c5765b48188ed1d2a88db2b,h5-risk-outcome-v1
2025-12-30,bdafce6046f14868ce274b0272ae0d9d56bf208c,d15d79d8160a88d9f5b30e087082d9f877eac0ea,2025-12-30T11:26:01.189Z,42,Moderate Buying,Moderate Buying,v1.1,,scheduled_etl,B,87849.69,artifact_spot_price_usd,30,2025-12-30,2026-01-29,0.037979530718890486,0.12832695031393904,0.37285424313664484,0.2992914949914848,0,0,0,2d09d2d77fbe6b7f6c5765b48188ed1d2a88db2b,h5-risk-outcome-v1
2025-12-30,bdafce6046f14868ce274b0272ae0d9d56bf208c,d15d79d8160a88d9f5b30e087082d9f877eac0ea,2025-12-30T11:26:01.189Z,42,Moderate Buying,Moderate Buying,v1.1,,scheduled_etl,B,87849.69,artifact_spot_price_usd,90,2025-12-30,2026-03-30,0.28524505891825,0.35237072477627807,0.5908874082523087,0.45708348329092247,1,1,0,2d09d2d77fbe6b7f6c5765b48188ed1d2a88db2b,h5-risk-outcome-v1
2025-12-30,bdafce6046f14868ce274b0272ae0d9d56bf208c,d15d79d8160a88d9f5b30e087082d9f877eac0ea,2025-12-30T11:26:01.189Z,42,Moderate Buying,Moderate Buying,v1.1,,scheduled_etl,B,87849.69,artifact_spot_price_usd,180,2025-12-30,2026-06-28,0.3230026195880714,0.386582312895982,0.4925902620872099,0.37832454669616333,1,1,1,2d09d2d77fbe6b7f6c5765b48188ed1d2a88db2b,h5-risk-outcome-v1
2025-12-31,7506c2b1bf2ac96f7548bd342bf8e38f1f959fbf,42cf77e5b9c25ef0ecc5a913dffd8448d4eb8ae3,2025-12-31T11:25:06.456Z,41,Moderate Buying,Moderate Buying,v1.1,,scheduled_etl,B,88770.17,artifact_spot_price_usd,30,2025-12-31,2026-01-30,0.05248587447787911,0.13247536283783146,0.37176757974225216,0.2976229083503832,0,0,0,2d09d2d77fbe6b7f6c5765b48188ed1d2a88db2b,h5-risk-outcome-v1
2025-12-31,7506c2b1bf2ac96f7548bd342bf8e38f1f959fbf,42cf77e5b9c25ef0ecc5a913dffd8448d4eb8ae3,2025-12-31T11:25:06.456Z,41,Moderate Buying,Moderate Buying,v1.1,,scheduled_etl,B,88770.17,artifact_spot_price_usd,90,2025-12-31,2026-03-31,0.2926565309044694,0.35237072477627807,0.5928378084158451,0.4566191132748501,1,1,0,2d09d2d77fbe6b7f6c5765b48188ed1d2a88db2b,h5-risk-outcome-v1
2025-12-31,7506c2b1bf2ac96f7548bd342bf8e38f1f959fbf,42cf77e5b9c25ef0ecc5a913dffd8448d4eb8ae3,2025-12-31T11:25:06.456Z,41,Moderate Buying,Moderate Buying,v1.1,,scheduled_etl,B,88770.17,artifact_spot_price_usd,180,2025-12-31,2026-06-29,0.330022574024585,0.386582312895982,0.4928393654506491,0.37804406434717525,1,1,1,2d09d2d77fbe6b7f6c5765b48188ed1d2a88db2b,h5-risk-outcome-v1
2026-01-01,4f98127b854175c5e5a161945dd9f17c6c98511c,692b31c764932018185d8fbf41f878ede5ed9a97,2026-01-01T11:24:36.877Z,43,Moderate Buying,Moderate Buying,v1.1,,scheduled_etl,B,87797.5,artifact_spot_price_usd,30,2026-01-01,2026-01-31,0.10421139554087533,0.18882089411228864,0.43057197258321256,0.37874610924873353,1,0,0,2d09d2d77fbe6b7f6c5765b48188ed1d2a88db2b,h5-risk-outcome-v1
2026-01-01,4f98127b854175c5e5a161945dd9f17c6c98511c,692b31c764932018185d8fbf41f878ede5ed9a97,2026-01-01T11:24:36.877Z,43,Moderate Buying,Moderate Buying,v1.1,,scheduled_etl,B,87797.5,artifact_spot_price_usd,90,2026-01-01,2026-04-01,0.2848201828070276,0.35237072477627807,0.5918620498872272,0.45663057208732155,1,1,0,2d09d2d77fbe6b7f6c5765b48188ed1d2a88db2b,h5-risk-outcome-v1
2026-01-01,4f98127b854175c5e5a161945dd9f17c6c98511c,692b31c764932018185d8fbf41f878ede5ed9a97,2026-01-01T11:24:36.877Z,43,Moderate Buying,Moderate Buying,v1.1,,scheduled_etl,B,87797.5,artifact_spot_price_usd,180,2026-01-01,2026-06-30,0.33342145277485125,0.39638148191390743,0.4936233328091055,0.38008411527656866,1,1,1,2d09d2d77fbe6b7f6c5765b48188ed1d2a88db2b,h5-risk-outcome-v1
2026-01-02,0dd5e80db99e8a08d716b41a54974bbcaa01a3a1,e1d6edfcdeb45d48921c7aa8029a6385351c80e6,2026-01-02T11:24:34.050Z,43,Moderate Buying,Moderate Buying,v1.1,,scheduled_etl,B,89436.01,artifact_spot_price_usd,30,2026-01-02,2026-02-01,0.1402173464580989,0.20689595066420396,0.430382880141307,0.38681632276240135,1,0,0,2d09d2d77fbe6b7f6c5765b48188ed1d2a88db2b,h5-risk-outcome-v1
2026-01-02,0dd5e80db99e8a08d716b41a54974bbcaa01a3a1,e1d6edfcdeb45d48921c7aa8029a6385351c80e6,2026-01-02T11:24:34.050Z,43,Moderate Buying,Moderate Buying,v1.1,,scheduled_etl,B,89436.01,artifact_spot_price_usd,90,2026-01-02,2026-04-02,0.29792261528661657,0.35237072477627807,0.5916622983600174,0.45807382859420215,1,1,0,2d09d2d77fbe6b7f6c5765b48188ed1d2a88db2b,h5-risk-outcome-v1
2026-01-02,0dd5e80db99e8a08d716b41a54974bbcaa01a3a1,e1d6edfcdeb45d48921c7aa8029a6385351c80e6,2026-01-02T11:24:34.050Z,43,Moderate Buying,Moderate Buying,v1.1,,scheduled_etl,B,89436.01,artifact_spot_price_usd,180,2026-01-02,2026-07-01,0.34563348700372476,0.39638148191390743,0.49454875134353465,0.38008411527656866,1,1,1,2d09d2d77fbe6b7f6c5765b48188ed1d2a88db2b,h5-risk-outcome-v1
2026-01-03,4b1d255f2f8d1428b4c5de9dba0a579488e71206,6cf7cf1d898b8e64bd0cb5bbbd1ef07bdf534f05,2026-01-03T11:22:37.705Z,41,Moderate Buying,Moderate Buying,v1.1,,scheduled_etl,B,89700.45,artifact_spot_price_usd,30,2026-01-03,2026-02-02,0.14275201517941105,0.20689595066420396,0.4391178583252669,0.38681632276240135,1,0,0,2d09d2d77fbe6b7f6c5765b48188ed1d2a88db2b,h5-risk-outcome-v1
2026-01-03,4b1d255f2f8d1428b4c5de9dba0a579488e71206,6cf7cf1d898b8e64bd0cb5bbbd1ef07bdf534f05,2026-01-03T11:22:37.705Z,41,Moderate Buying,Moderate Buying,v1.1,,scheduled_etl,B,89700.45,artifact_spot_price_usd,90,2026-01-03,2026-04-03,0.2999923634719781,0.35237072477627807,0.5913539543099651,0.45807382859420215,1,1,0,2d09d2d77fbe6b7f6c5765b48188ed1d2a88db2b,h5-risk-outcome-v1
2026-01-03,4b1d255f2f8d1428b4c5de9dba0a579488e71206,6cf7cf1d898b8e64bd0cb5bbbd1ef07bdf534f05,2026-01-03T11:22:37.705Z,41,Moderate Buying,Moderate Buying,v1.1,,scheduled_etl,B,89700.45,artifact_spot_price_usd,180,2026-01-03,2026-07-02,0.34756258190455,0.39638148191390743,0.4958954586625904,0.38008411527656866,1,1,1,2d09d2d77fbe6b7f6c5765b48188ed1d2a88db2b,h5-risk-outcome-v1
2026-01-04,ae752e91a4cb744cd1b19c5e76269a4d687ca3fb,b2d7d609d43a2efe867e7514bb3280cfac3bd963,2026-01-04T11:22:20.198Z,41,Moderate Buying,Moderate Buying,v1.1,,scheduled_etl,B,91354.02,artifact_spot_price_usd,30,2026-01-04,2026-02-03,0.1717771150081846,0.21962389624234535,0.4511678638376603,0.4099845731183134,1,0,0,2d09d2d77fbe6b7f6c5765b48188ed1d2a88db2b,h5-risk-outcome-v1
2026-01-04,ae752e91a4cb744cd1b19c5e76269a4d687ca3fb,b2d7d609d43a2efe867e7514bb3280cfac3bd963,2026-01-04T11:22:20.198Z,41,Moderate Buying,Moderate Buying,v1.1,,scheduled_etl,B,91354.02,artifact_spot_price_usd,90,2026-01-04,2026-04-04,0.3126629785968915,0.35237072477627807,0.5909917267013401,0.45807382859420215,1,1,1,2d09d2d77fbe6b7f6c5765b48188ed1d2a88db2b,h5-risk-outcome-v1
2026-01-04,ae752e91a4cb744cd1b19c5e76269a4d687ca3fb,b2d7d609d43a2efe867e7514bb3280cfac3bd963,2026-01-04T11:22:20.198Z,41,Moderate Buying,Moderate Buying,v1.1,,scheduled_etl,B,91354.02,artifact_spot_price_usd,180,2026-01-04,2026-07-03,0.35937214366702197,0.39638148191390743,0.4963283179982773,0.38008411527656866,1,1,1,2d09d2d77fbe6b7f6c5765b48188ed1d2a88db2b,h5-risk-outcome-v1
2026-01-05,f1b0c32bf51ccbe4da14fa2fe04f061b2a807140,751dda55b8339cf53fe83406d5dfcc2bdf9926f8,2026-01-05T11:26:34.426Z,43,Moderate Buying,Moderate Buying,v1.1,,scheduled_etl,B,93103.73,artifact_spot_price_usd,30,2026-01-05,2026-02-04,0.21594977988529562,0.24709525516744035,0.44740808759681894,0.4286176850175827,1,1,0,2d09d2d77fbe6b7f6c5765b48188ed1d2a88db2b,h5-risk-outcome-v1
2026-01-05,f1b0c32bf51ccbe4da14fa2fe04f061b2a807140,751dda55b8339cf53fe83406d5dfcc2bdf9926f8,2026-01-05T11:26:34.426Z,43,Moderate Buying,Moderate Buying,v1.1,,scheduled_etl,B,93103.73,artifact_spot_price_usd,90,2026-01-05,2026-04-05,0.3255801888925395,0.35237072477627807,0.5908935776444804,0.45807382859420215,1,1,1,2d09d2d77fbe6b7f6c5765b48188ed1d2a88db2b,h5-risk-outcome-v1
2026-01-05,f1b0c32bf51ccbe4da14fa2fe04f061b2a807140,751dda55b8339cf53fe83406d5dfcc2bdf9926f8,2026-01-05T11:26:34.426Z,43,Moderate Buying,Moderate Buying,v1.1,,scheduled_etl,B,93103.73,artifact_spot_price_usd,180,2026-01-05,2026-07-04,0.37141154280285005,0.39638148191390743,0.4950030619763837,0.38008411527656866,1,1,1,2d09d2d77fbe6b7f6c5765b48188ed1d2a88db2b,h5-risk-outcome-v1
2026-01-06,e70040217b294eba893cca98f308f475ff890a6e,d86556fe6c70a34f0e92782a6628d06e645d6559,2026-01-06T11:26:00.150Z,43,Moderate Buying,Moderate Buying,v1.1,,scheduled_etl,B,93741.36,artifact_spot_price_usd,30,2026-01-06,2026-02-05,0.3301676015794949,0.35237072477627807,0.6608724581566836,0.6780129468785454,1,1,1,2d09d2d77fbe6b7f6c5765b48188ed1d2a88db2b,h5-risk-outcome-v1
2026-01-06,e70040217b294eba893cca98f308f475ff890a6e,d86556fe6c70a34f0e92782a6628d06e645d6559,2026-01-06T11:26:00.150Z,43,Moderate Buying,Moderate Buying,v1.1,,scheduled_etl,B,93741.36,artifact_spot_price_usd,90,2026-01-06,2026-04-06,0.3301676015794949,0.35237072477627807,0.5908870666395533,0.4580841531940843,1,1,1,2d09d2d77fbe6b7f6c5765b48188ed1d2a88db2b,h5-risk-outcome-v1
2026-01-06,e70040217b294eba893cca98f308f475ff890a6e,d86556fe6c70a34f0e92782a6628d06e645d6559,2026-01-06T11:26:00.150Z,43,Moderate Buying,Moderate Buying,v1.1,,scheduled_etl,B,93741.36,artifact_spot_price_usd,180,2026-01-06,2026-07-05,0.3756872099999402,0.39638148191390743,0.4952063473958774,0.38007746924370067,1,1,1,2d09d2d77fbe6b7f6c5765b48188ed1d2a88db2b,h5-risk-outcome-v1
2026-01-07,8ed973b4e48f938de396494d737bfa8d09096650,0906494f3069465748eb067aaa6ef23f9ada62b8,2026-01-07T11:27:17.160Z,43,Moderate Buying,Moderate Buying,v1.1,,scheduled_etl,B,92111.66,artifact_spot_price_usd,30,2026-01-07,2026-02-06,0.3183164867509716,0.35237072477627807,0.7941101210448793,0.671728446218556,1,1,1,2d09d2d77fbe6b7f6c5765b48188ed1d2a88db2b,h5-risk-outcome-v1
2026-01-07,8ed973b4e48f938de396494d737bfa8d09096650,0906494f3069465748eb067aaa6ef23f9ada62b8,2026-01-07T11:27:17.160Z,43,Moderate Buying,Moderate Buying,v1.1,,scheduled_etl,B,92111.66,artifact_spot_price_usd,90,2026-01-07,2026-04-07,0.3183164867509716,0.35237072477627807,0.596399563614344,0.4549874809804808,1,1,1,2d09d2d77fbe6b7f6c5765b48188ed1d2a88db2b,h5-risk-outcome-v1
2026-01-07,8ed973b4e48f938de396494d737bfa8d09096650,0906494f3069465748eb067aaa6ef23f9ada62b8,2026-01-07T11:27:17.160Z,43,Moderate Buying,Moderate Buying,v1.1,,scheduled_etl,B,92111.66,artifact_spot_price_usd,180,2026-01-07,2026-07-06,0.36464145798696934,0.39638148191390743,0.4941461258915373,0.3782130892068746,1,1,1,2d09d2d77fbe6b7f6c5765b48188ed1d2a88db2b,h5-risk-outcome-v1
2026-01-08,802f29748aa2039c3919dd6c130fb2e22d8ff43d,f16a8554c9cd48bb4468ab34c580a8eb30102f41,2026-01-08T11:27:22.743Z,40,Moderate Buying,Moderate Buying,v1.1,,scheduled_etl,B,90036.1,artifact_spot_price_usd,30,2026-01-08,2026-02-07,0.30260195632640685,0.35237072477627807,0.7945190022460471,0.6747039031969285,1,1,1,2d09d2d77fbe6b7f6c5765b48188ed1d2a88db2b,h5-risk-outcome-v1
2026-01-08,802f29748aa2039c3919dd6c130fb2e22d8ff43d,f16a8554c9cd48bb4468ab34c580a8eb30102f41,2026-01-08T11:27:22.743Z,40,Moderate Buying,Moderate Buying,v1.1,,scheduled_etl,B,90036.1,artifact_spot_price_usd,90,2026-01-08,2026-04-08,0.30260195632640685,0.35237072477627807,0.5966645260063824,0.4555448740851702,1,1,1,2d09d2d77fbe6b7f6c5765b48188ed1d2a88db2b,h5-risk-outcome-v1
2026-01-08,802f29748aa2039c3919dd6c130fb2e22d8ff43d,f16a8554c9cd48bb4468ab34c580a8eb30102f41,2026-01-08T11:27:22.743Z,40,Moderate Buying,Moderate Buying,v1.1,,scheduled_etl,B,90036.1,artifact_spot_price_usd,180,2026-01-08,2026-07-07,0.34999483540490983,0.39638148191390743,0.494298869097617,0.37849677907259804,1,1,1,2d09d2d77fbe6b7f6c5765b48188ed1d2a88db2b,h5-risk-outcome-v1
2026-01-09,81f8b02df1f6a20ca74dac53d391eca5de5e3e9a,537238dd54cc9c2272843c881020a2b79a4edd82,2026-01-09T11:25:56.436Z,42,Moderate Buying,Moderate Buying,v1.1,,scheduled_etl,B,90437.17,artifact_spot_price_usd,30,2026-01-09,2026-02-08,0.30569477129812883,0.35237072477627807,0.7986986679289789,0.6744185994560786,1,1,1,2d09d2d77fbe6b7f6c5765b48188ed1d2a88db2b,h5-risk-outcome-v1
2026-01-09,81f8b02df1f6a20ca74dac53d391eca5de5e3e9a,537238dd54cc9c2272843c881020a2b79a4edd82,2026-01-09T11:25:56.436Z,42,Moderate Buying,Moderate Buying,v1.1,,scheduled_etl,B,90437.17,artifact_spot_price_usd,90,2026-01-09,2026-04-09,0.30569477129812883,0.35237072477627807,0.5971763271387633,0.45540402838905925,1,1,1,2d09d2d77fbe6b7f6c5765b48188ed1d2a88db2b,h5-risk-outcome-v1
2026-01-09,81f8b02df1f6a20ca74dac53d391eca5de5e3e9a,537238dd54cc9c2272843c881020a2b79a4edd82,2026-01-09T11:25:56.436Z,42,Moderate Buying,Moderate Buying,v1.1,,scheduled_etl,B,90437.17,artifact_spot_price_usd,180,2026-01-09,2026-07-08,0.3528774728355608,0.39638148191390743,0.49474904806392145,0.3792123272584715,1,1,1,2d09d2d77fbe6b7f6c5765b48188ed1d2a88db2b,h5-risk-outcome-v1
2026-01-10,c162d99e2ab31943dc068745cf8e9259118b68ef,14a40597f571835a4769fa372bbd6554dfc50486,2026-01-10T11:23:08.421Z,45,Moderate Buying,Moderate Buying,v1.1,,scheduled_etl,B,90667.48,artifact_spot_price_usd,30,2026-01-10,2026-02-09,0.30745841838771737,0.35237072477627807,0.7985911779395648,0.674457570788068,1,1,1,2d09d2d77fbe6b7f6c5765b48188ed1d2a88db2b,h5-risk-outcome-v1
2026-01-10,c162d99e2ab31943dc068745cf8e9259118b68ef,14a40597f571835a4769fa372bbd6554dfc50486,2026-01-10T11:23:08.421Z,45,Moderate Buying,Moderate Buying,v1.1,,scheduled_etl,B,90667.48,artifact_spot_price_usd,90,2026-01-10,2026-04-10,0.30745841838771737,0.35237072477627807,0.5984033781059247,0.45539484313252543,1,1,1,2d09d2d77fbe6b7f6c5765b48188ed1d2a88db2b,h5-risk-outcome-v1
2026-01-10,c162d99e2ab31943dc068745cf8e9259118b68ef,14a40597f571835a4769fa372bbd6554dfc50486,2026-01-10T11:23:08.421Z,45,Moderate Buying,Moderate Buying,v1.1,,scheduled_etl,B,90667.48,artifact_spot_price_usd,180,2026-01-10,2026-07-09,0.35452126826509345,0.39638148191390743,0.49533930593298553,0.3792068118904818,1,1,1,2d09d2d77fbe6b7f6c5765b48188ed1d2a88db2b,h5-risk-outcome-v1
2026-01-11,49cc7908abf7eb8b1d987797b3657138d9f930fd,bc1ec0748677c567814e4e396002a20d7cf8555e,2026-01-11T11:23:15.171Z,44,Moderate Buying,Moderate Buying,v1.1,,scheduled_etl,B,90572.02,artifact_spot_price_usd,30,2026-01-11,2026-02-10,0.30672850180442046,0.35237072477627807,0.7977810374081598,0.6776024071636866,1,1,1,2d09d2d77fbe6b7f6c5765b48188ed1d2a88db2b,h5-risk-outcome-v1
2026-01-11,49cc7908abf7eb8b1d987797b3657138d9f930fd,bc1ec0748677c567814e4e396002a20d7cf8555e,2026-01-11T11:23:15.171Z,44,Moderate Buying,Moderate Buying,v1.1,,scheduled_etl,B,90572.02,artifact_spot_price_usd,90,2026-01-11,2026-04-11,0.30672850180442046,0.35237072477627807,0.5982430505617206,0.45539484313252543,1,1,1,2d09d2d77fbe6b7f6c5765b48188ed1d2a88db2b,h5-risk-outcome-v1
2026-01-11,49cc7908abf7eb8b1d987797b3657138d9f930fd,bc1ec0748677c567814e4e396002a20d7cf8555e,2026-01-11T11:23:15.171Z,44,Moderate Buying,Moderate Buying,v1.1,,scheduled_etl,B,90572.02,artifact_spot_price_usd,180,2026-01-11,2026-07-10,0.353840954413957,0.39638148191390743,0.49581639703787367,0.3792068118904818,1,1,1,2d09d2d77fbe6b7f6c5765b48188ed1d2a88db2b,h5-risk-outcome-v1
2026-01-12,34c7e4a58cbe061fe69e68bb8b43ac03baac9984,54e1e31e26f5f19e5b08e6c787761fc4970a92ac,2026-01-12T11:27:33.805Z,44,Moderate Buying,Moderate Buying,v1.1,,scheduled_etl,B,90655.5,artifact_spot_price_usd,30,2026-01-12,2026-02-11,0.30736689996745925,0.35237072477627807,0.7985011001918149,0.6837336534616059,1,1,1,2d09d2d77fbe6b7f6c5765b48188ed1d2a88db2b,h5-risk-outcome-v1
2026-01-12,34c7e4a58cbe061fe69e68bb8b43ac03baac9984,54e1e31e26f5f19e5b08e6c787761fc4970a92ac,2026-01-12T11:27:33.805Z,44,Moderate Buying,Moderate Buying,v1.1,,scheduled_etl,B,90655.5,artifact_spot_price_usd,90,2026-01-12,2026-04-12,0.30736689996745925,0.35237072477627807,0.601118229306731,0.4600479366446912,1,1,1,2d09d2d77fbe6b7f6c5765b48188ed1d2a88db2b,h5-risk-outcome-v1
2026-01-12,34c7e4a58cbe061fe69e68bb8b43ac03baac9984,54e1e31e26f5f19e5b08e6c787761fc4970a92ac,2026-01-12T11:27:33.805Z,44,Moderate Buying,Moderate Buying,v1.1,,scheduled_etl,B,90655.5,artifact_spot_price_usd,180,2026-01-12,2026-07-11,0.3544359691359046,0.39638148191390743,0.4957824703370464,0.37928940327121585,1,1,1,2d09d2d77fbe6b7f6c5765b48188ed1d2a88db2b,h5-risk-outcome-v1
2026-01-13,2293f37a175fb4e265097e9fbf30d251dba049a0,7715f6099edc4cd84f9622aa093f9529da0596cc,2026-01-13T11:27:48.903Z,43,Moderate Buying,Moderate Buying,v1.1,,scheduled_etl,B,92115.16,artifact_spot_price_usd,30,2026-01-13,2026-02-12,0.31834238794135516,0.35237072477627807,0.7740688646557492,0.6850703959038825,1,1,1,2d09d2d77fbe6b7f6c5765b48188ed1d2a88db2b,h5-risk-outcome-v1
2026-01-13,2293f37a175fb4e265097e9fbf30d251dba049a0,7715f6099edc4cd84f9622aa093f9529da0596cc,2026-01-13T11:27:48.903Z,43,Moderate Buying,Moderate Buying,v1.1,,scheduled_etl,B,92115.16,artifact_spot_price_usd,90,2026-01-13,2026-04-13,0.31834238794135516,0.35237072477627807,0.6031184469092947,0.4600479366446912,1,1,1,2d09d2d77fbe6b7f6c5765b48188ed1d2a88db2b,h5-risk-outcome-v1
2026-01-13,2293f37a175fb4e265097e9fbf30d251dba049a0,7715f6099edc4cd84f9622aa093f9529da0596cc,2026-01-13T11:27:48.903Z,43,Moderate Buying,Moderate Buying,v1.1,,scheduled_etl,B,92115.16,artifact_spot_price_usd,180,2026-01-13,2026-07-12,0.36466559901757756,0.39638148191390743,0.4912297069552973,0.37929010730657636,1,1,1,2d09d2d77fbe6b7f6c5765b48188ed1d2a88db2b,h5-risk-outcome-v1
2026-01-15,0644a2fe545c8951a80940f7fa18214a7c18b511,011d3c990e9370bfde78ad1b5ad1de6b2207b58a,2026-01-15T11:27:16.633Z,44,Moderate Buying,Moderate Buying,v1.1,,scheduled_etl,B,96769.63,artifact_spot_price_usd,30,2026-01-15,2026-02-14,0.3511290680764203,0.3511290680764203,0.7924143050889515,0.6832762552672285,1,1,1,2d09d2d77fbe6b7f6c5765b48188ed1d2a88db2b,h5-risk-outcome-v1
2026-01-15,0644a2fe545c8951a80940f7fa18214a7c18b511,011d3c990e9370bfde78ad1b5ad1de6b2207b58a,2026-01-15T11:27:16.633Z,44,Moderate Buying,Moderate Buying,v1.1,,scheduled_etl,B,96769.63,artifact_spot_price_usd,90,2026-01-15,2026-04-15,0.3511290680764203,0.3511290680764203,0.6019036894004919,0.45921466317779913,1,1,1,2d09d2d77fbe6b7f6c5765b48188ed1d2a88db2b,h5-risk-outcome-v1
2026-01-15,0644a2fe545c8951a80940f7fa18214a7c18b511,011d3c990e9370bfde78ad1b5ad1de6b2207b58a,2026-01-15T11:27:16.633Z,44,Moderate Buying,Moderate Buying,v1.1,,scheduled_etl,B,96769.63,artifact_spot_price_usd,180,2026-01-15,2026-07-14,0.3952242041227191,0.3952242041227191,0.4953169782939832,0.38021564247535594,1,1,1,2d09d2d77fbe6b7f6c5765b48188ed1d2a88db2b,h5-risk-outcome-v1
2026-01-16,f2521173ea9ac4bf284a53137149feabe1ded9e2,54ddb244c1498578e705992dbf7e917fbf6db603,2026-01-16T11:26:30.040Z,45,Moderate Buying,Moderate Buying,v1.1,,scheduled_etl,B,95295.64,artifact_spot_price_usd,30,2026-01-16,2026-02-15,0.34109262501411397,0.34253015580499246,0.7917735439903412,0.6851028381016359,1,1,1,2d09d2d77fbe6b7f6c5765b48188ed1d2a88db2b,h5-risk-outcome-v1
2026-01-16,f2521173ea9ac4bf284a53137149feabe1ded9e2,54ddb244c1498578e705992dbf7e917fbf6db603,2026-01-16T11:26:30.040Z,45,Moderate Buying,Moderate Buying,v1.1,,scheduled_etl,B,95295.64,artifact_spot_price_usd,90,2026-01-16,2026-04-16,0.34109262501411397,0.34253015580499246,0.6020598932214902,0.4592112785202895,1,1,1,2d09d2d77fbe6b7f6c5765b48188ed1d2a88db2b,h5-risk-outcome-v1
2026-01-16,f2521173ea9ac4bf284a53137149feabe1ded9e2,54ddb244c1498578e705992dbf7e917fbf6db603,2026-01-16T11:26:30.040Z,45,Moderate Buying,Moderate Buying,v1.1,,scheduled_etl,B,95295.64,artifact_spot_price_usd,180,2026-01-16,2026-07-15,0.38586980474657606,0.3872096456692913,0.49532217066190903,0.3802605070418907,1,1,1,2d09d2d77fbe6b7f6c5765b48188ed1d2a88db2b,h5-risk-outcome-v1
2026-01-17,14dc0975d3cac4d82e24de79211827d527a18575,b2f7d9e54339f7f3c186ed446155ad40cc853aab,2026-01-17T11:22:47.578Z,47,Moderate Buying,Moderate Buying,v1.1,,scheduled_etl,B,95137.7,artifact_spot_price_usd,30,2026-01-17,2026-02-16,0.3399987596925299,0.3399987596925299,0.7924985360237222,0.684951063141065,1,1,1,2d09d2d77fbe6b7f6c5765b48188ed1d2a88db2b,h5-risk-outcome-v1
2026-01-17,14dc0975d3cac4d82e24de79211827d527a18575,b2f7d9e54339f7f3c186ed446155ad40cc853aab,2026-01-17T11:22:47.578Z,47,Moderate Buying,Moderate Buying,v1.1,,scheduled_etl,B,95137.7,artifact_spot_price_usd,90,2026-01-17,2026-04-17,0.3399987596925299,0.3399987596925299,0.6046696179630872,0.45913580238090623,1,1,1,2d09d2d77fbe6b7f6c5765b48188ed1d2a88db2b,h5-risk-outcome-v1
2026-01-17,14dc0975d3cac4d82e24de79211827d527a18575,b2f7d9e54339f7f3c186ed446155ad40cc853aab,2026-01-17T11:22:47.578Z,47,Moderate Buying,Moderate Buying,v1.1,,scheduled_etl,B,95137.7,artifact_spot_price_usd,180,2026-01-17,2026-07-16,0.38485027491730406,0.38485027491730406,0.4956359493903344,0.38079276043952887,1,1,1,2d09d2d77fbe6b7f6c5765b48188ed1d2a88db2b,h5-risk-outcome-v1
2026-01-18,739b65126ac0a3138c80f207e4eab053af7900b1,84b0075c8431464d9ef644c01993c2fa80663c23,2026-01-18T11:22:12.844Z,48,Moderate Buying,Moderate Buying,v1.1,,scheduled_etl,B,95084.3,artifact_spot_price_usd,30,2026-01-18,2026-02-17,0.3396280984347574,0.3396280984347574,0.7930243152446151,0.6864765877971646,1,1,1,2d09d2d77fbe6b7f6c5765b48188ed1d2a88db2b,h5-risk-outcome-v1
2026-01-18,739b65126ac0a3138c80f207e4eab053af7900b1,84b0075c8431464d9ef644c01993c2fa80663c23,2026-01-18T11:22:12.844Z,48,Moderate Buying,Moderate Buying,v1.1,,scheduled_etl,B,95084.3,artifact_spot_price_usd,90,2026-01-18,2026-04-18,0.3396280984347574,0.3396280984347574,0.6048787017520121,0.4594559918377368,1,1,1,2d09d2d77fbe6b7f6c5765b48188ed1d2a88db2b,h5-risk-outcome-v1
2026-01-18,739b65126ac0a3138c80f207e4eab053af7900b1,84b0075c8431464d9ef644c01993c2fa80663c23,2026-01-18T11:22:12.844Z,48,Moderate Buying,Moderate Buying,v1.1,,scheduled_etl,B,95084.3,artifact_spot_price_usd,180,2026-01-18,2026-07-17,0.38450480258044706,0.38450480258044706,0.49529895363822346,0.38014045530503926,1,1,1,2d09d2d77fbe6b7f6c5765b48188ed1d2a88db2b,h5-risk-outcome-v1
2026-01-19,25c7cf0b999c9df0ac12707608941dad2cbdf430,093636cff4dc4e418805499809f5279b4eb914be,2026-01-19T11:28:14.272Z,49,Moderate Buying,Moderate Buying,v1.1,,scheduled_etl,B,93064.04,artifact_spot_price_usd,30,2026-01-19,2026-02-18,0.32529256198205014,0.32529256198205014,0.7931875979104586,0.6874641468650737,1,1,1,2d09d2d77fbe6b7f6c5765b48188ed1d2a88db2b,h5-risk-outcome-v1
2026-01-19,25c7cf0b999c9df0ac12707608941dad2cbdf430,093636cff4dc4e418805499809f5279b4eb914be,2026-01-19T11:28:14.272Z,49,Moderate Buying,Moderate Buying,v1.1,,scheduled_etl,B,93064.04,artifact_spot_price_usd,90,2026-01-19,2026-04-19,0.32529256198205014,0.32529256198205014,0.6063969047795594,0.46175362365716327,1,1,1,2d09d2d77fbe6b7f6c5765b48188ed1d2a88db2b,h5-risk-outcome-v1
2026-01-19,25c7cf0b999c9df0ac12707608941dad2cbdf430,093636cff4dc4e418805499809f5279b4eb914be,2026-01-19T11:28:14.272Z,49,Moderate Buying,Moderate Buying,v1.1,,scheduled_etl,B,93064.04,artifact_spot_price_usd,180,2026-01-19,2026-07-18,0.3711434620719237,0.3711434620719237,0.4956437849565707,0.3797854011537866,1,1,1,2d09d2d77fbe6b7f6c5765b48188ed1d2a88db2b,h5-risk-outcome-v1
2026-01-20,37e830a9d421f22bddb55f9df279b75f61b048c3,fdc22623bf743ae8f1283490fab87c1278796f39,2026-01-20T11:29:45.648Z,49,Moderate Buying,Moderate Buying,v1.1,,scheduled_etl,B,91336.69,artifact_spot_price_usd,30,2026-01-20,2026-02-19,0.31253256495281356,0.31253256495281356,0.7853370765615967,0.6676364953187598,1,1,1,2d09d2d77fbe6b7f6c5765b48188ed1d2a88db2b,h5-risk-outcome-v1
2026-01-20,37e830a9d421f22bddb55f9df279b75f61b048c3,fdc22623bf743ae8f1283490fab87c1278796f39,2026-01-20T11:29:45.648Z,49,Moderate Buying,Moderate Buying,v1.1,,scheduled_etl,B,91336.69,artifact_spot_price_usd,90,2026-01-20,2026-04-20,0.31253256495281356,0.31253256495281356,0.6025320989529743,0.45195160638360243,1,1,1,2d09d2d77fbe6b7f6c5765b48188ed1d2a88db2b,h5-risk-outcome-v1
2026-01-20,37e830a9d421f22bddb55f9df279b75f61b048c3,fdc22623bf743ae8f1283490fab87c1278796f39,2026-01-20T11:29:45.648Z,49,Moderate Buying,Moderate Buying,v1.1,,scheduled_etl,B,91336.69,artifact_spot_price_usd,180,2026-01-20,2026-07-19,0.35925059250559666,0.35925059250559666,0.4914583892551234,0.3738518765900166,1,1,1,2d09d2d77fbe6b7f6c5765b48188ed1d2a88db2b,h5-risk-outcome-v1
2026-01-21,4f6871b3083320606fb985f5321590413f572159,b298d4e77648cfe4b2fda8f5c2dd34ea0691804e,2026-01-21T11:30:56.543Z,49,Moderate Buying,Moderate Buying,v1.1,,scheduled_etl,B,89217.7,artifact_spot_price_usd,30,2026-01-21,2026-02-20,0.296204676874656,0.29822800643711034,0.7864360145904924,0.6676364953187598,1,1,0,2d09d2d77fbe6b7f6c5765b48188ed1d2a88db2b,h5-risk-outcome-v1
2026-01-21,4f6871b3083320606fb985f5321590413f572159,b298d4e77648cfe4b2fda8f5c2dd34ea0691804e,2026-01-21T11:30:56.543Z,49,Moderate Buying,Moderate Buying,v1.1,,scheduled_etl,B,89217.7,artifact_spot_price_usd,90,2026-01-21,2026-04-21,0.296204676874656,0.29822800643711034,0.6021313753809828,0.45195160638360243,1,1,0,2d09d2d77fbe6b7f6c5765b48188ed1d2a88db2b,h5-risk-outcome-v1
2026-01-21,4f6871b3083320606fb985f5321590413f572159,b298d4e77648cfe4b2fda8f5c2dd34ea0691804e,2026-01-21T11:30:56.543Z,49,Moderate Buying,Moderate Buying,v1.1,,scheduled_etl,B,89217.7,artifact_spot_price_usd,180,2026-01-21,2026-07-20,0.3440322940403081,0.34591812477528616,0.491280102621147,0.3738518765900166,1,1,1,2d09d2d77fbe6b7f6c5765b48188ed1d2a88db2b,h5-risk-outcome-v1
2026-01-22,1db580e9a00eceb2ec1dbab64a91eeb4e7220023,717ac03cc62437c52a0e4cff309fccf23f3e4fb4,2026-01-22T11:29:28.784Z,51,Hold & Wait,Hold & Wait,v1.1,,scheduled_etl,B,89874.01,artifact_spot_price_usd,30,2026-01-22,2026-02-21,0.3013441817050335,0.3013441817050335,0.786210324450091,0.667638113068138,1,1,1,2d09d2d77fbe6b7f6c5765b48188ed1d2a88db2b,h5-risk-outcome-v1
2026-01-22,1db580e9a00eceb2ec1dbab64a91eeb4e7220023,717ac03cc62437c52a0e4cff309fccf23f3e4fb4,2026-01-22T11:29:28.784Z,51,Hold & Wait,Hold & Wait,v1.1,,scheduled_etl,B,89874.01,artifact_spot_price_usd,90,2026-01-22,2026-04-22,0.3013441817050335,0.3013441817050335,0.6043248252266284,0.45195160638360243,1,1,1,2d09d2d77fbe6b7f6c5765b48188ed1d2a88db2b,h5-risk-outcome-v1
2026-01-22,1db580e9a00eceb2ec1dbab64a91eeb4e7220023,717ac03cc62437c52a0e4cff309fccf23f3e4fb4,2026-01-22T11:29:28.784Z,51,Hold & Wait,Hold & Wait,v1.1,,scheduled_etl,B,89874.01,artifact_spot_price_usd,180,2026-01-22,2026-07-21,0.34882253501318117,0.34882253501318117,0.4922154286628352,0.3738518765900166,1,1,1,2d09d2d77fbe6b7f6c5765b48188ed1d2a88db2b,h5-risk-outcome-v1
2026-01-23,e09f99e488133d254bf803b0732b271a10b2d77c,2d3cdc886f061bcfc4881f4f81a6a316e7a4f96a,2026-01-23T11:27:53.459Z,56,Hold & Wait,Hold & Wait,v1.1,,scheduled_etl,B,89155.46,artifact_spot_price_usd,30,2026-01-23,2026-02-22,0.2957133528333543,0.29822800643711034,0.7856704672781597,0.6678643464642384,1,1,0,2d09d2d77fbe6b7f6c5765b48188ed1d2a88db2b,h5-risk-outcome-v1
2026-01-23,e09f99e488133d254bf803b0732b271a10b2d77c,2d3cdc886f061bcfc4881f4f81a6a316e7a4f96a,2026-01-23T11:27:53.459Z,56,Hold & Wait,Hold & Wait,v1.1,,scheduled_etl,B,89155.46,artifact_spot_price_usd,90,2026-01-23,2026-04-23,0.2957133528333543,0.29822800643711034,0.6043356980742572,0.45195160638360243,1,1,0,2d09d2d77fbe6b7f6c5765b48188ed1d2a88db2b,h5-risk-outcome-v1
2026-01-23,e09f99e488133d254bf803b0732b271a10b2d77c,2d3cdc886f061bcfc4881f4f81a6a316e7a4f96a,2026-01-23T11:27:53.459Z,56,Hold & Wait,Hold & Wait,v1.1,,scheduled_etl,B,89155.46,artifact_spot_price_usd,180,2026-01-23,2026-07-22,0.3435743587661373,0.34591812477528616,0.49225654591093154,0.37396570489838094,1,1,1,2d09d2d77fbe6b7f6c5765b48188ed1d2a88db2b,h5-risk-outcome-v1
2026-01-24,7d4625b0bafc741c624d1fea047ec34bd653132a,f0f06e6fc72e7c65588ee8772f67c159ab32a3e6,2026-01-24T11:23:55.332Z,54,Hold & Wait,Hold & Wait,v1.1,,scheduled_etl,B,89493.93,artifact_spot_price_usd,30,2026-01-24,2026-02-23,0.2983769960711301,0.2983769960711301,0.7949881966786968,0.6860983264014815,1,1,0,2d09d2d77fbe6b7f6c5765b48188ed1d2a88db2b,h5-risk-outcome-v1
2026-01-24,7d4625b0bafc741c624d1fea047ec34bd653132a,f0f06e6fc72e7c65588ee8772f67c159ab32a3e6,2026-01-24T11:23:55.332Z,54,Hold & Wait,Hold & Wait,v1.1,,scheduled_etl,B,89493.93,artifact_spot_price_usd,90,2026-01-24,2026-04-24,0.2983769960711301,0.2983769960711301,0.604579905463203,0.452361519400854,1,1,0,2d09d2d77fbe6b7f6c5765b48188ed1d2a88db2b,h5-risk-outcome-v1
2026-01-24,7d4625b0bafc741c624d1fea047ec34bd653132a,f0f06e6fc72e7c65588ee8772f67c159ab32a3e6,2026-01-24T11:23:55.332Z,54,Hold & Wait,Hold & Wait,v1.1,,scheduled_etl,B,89493.93,artifact_spot_price_usd,180,2026-01-24,2026-07-23,0.34605698956342623,0.34605698956342623,0.49264964514005394,0.37458876677676983,1,1,1,2d09d2d77fbe6b7f6c5765b48188ed1d2a88db2b,h5-risk-outcome-v1
2026-01-25,7f6c6e42c827afb4fd0941e2499449f326a3b684,7770c655c6b3095710546b797d3af7b1beb7b69c,2026-01-25T11:24:01.489Z,54,Hold & Wait,Hold & Wait,v1.1,,scheduled_etl,B,88511.99,artifact_spot_price_usd,30,2026-01-25,2026-02-24,0.2905932857232111,0.29576817133679667,0.7924338904968545,0.679428579945618,1,1,0,2d09d2d77fbe6b7f6c5765b48188ed1d2a88db2b,h5-risk-outcome-v1
2026-01-25,7f6c6e42c827afb4fd0941e2499449f326a3b684,7770c655c6b3095710546b797d3af7b1beb7b69c,2026-01-25T11:24:01.489Z,54,Hold & Wait,Hold & Wait,v1.1,,scheduled_etl,B,88511.99,artifact_spot_price_usd,90,2026-01-25,2026-04-25,0.2905932857232111,0.29576817133679667,0.6021205583179666,0.4486542791989311,1,1,0,2d09d2d77fbe6b7f6c5765b48188ed1d2a88db2b,h5-risk-outcome-v1
2026-01-25,7f6c6e42c827afb4fd0941e2499449f326a3b684,7770c655c6b3095710546b797d3af7b1beb7b69c,2026-01-25T11:24:01.489Z,54,Hold & Wait,Hold & Wait,v1.1,,scheduled_etl,B,88511.99,artifact_spot_price_usd,180,2026-01-25,2026-07-24,0.33880223458991265,0.34362545198424443,0.49151217285405385,0.37296421539435864,1,1,1,2d09d2d77fbe6b7f6c5765b48188ed1d2a88db2b,h5-risk-outcome-v1
2026-01-26,6651845ec2789e22a6731666c16537f0670faac1,83b1a2b5b2d2a99594353434d2d082ace7fba46d,2026-01-26T11:27:38.154Z,53,Hold & Wait,Hold & Wait,v1.1,,scheduled_etl,B,87786.09,artifact_spot_price_usd,30,2026-01-26,2026-02-25,0.28472722728623634,0.29576817133679667,0.8219224089818574,0.679428579945618,1,1,0,2d09d2d77fbe6b7f6c5765b48188ed1d2a88db2b,h5-risk-outcome-v1
2026-01-26,6651845ec2789e22a6731666c16537f0670faac1,83b1a2b5b2d2a99594353434d2d082ace7fba46d,2026-01-26T11:27:38.154Z,53,Hold & Wait,Hold & Wait,v1.1,,scheduled_etl,B,87786.09,artifact_spot_price_usd,90,2026-01-26,2026-04-26,0.28472722728623634,0.29576817133679667,0.6013888827242717,0.4486542791989311,1,1,0,2d09d2d77fbe6b7f6c5765b48188ed1d2a88db2b,h5-risk-outcome-v1
2026-01-26,6651845ec2789e22a6731666c16537f0670faac1,83b1a2b5b2d2a99594353434d2d082ace7fba46d,2026-01-26T11:27:38.154Z,53,Hold & Wait,Hold & Wait,v1.1,,scheduled_etl,B,87786.09,artifact_spot_price_usd,180,2026-01-26,2026-07-25,0.3333348142057585,0.34362545198424443,0.4906512856750617,0.37296421539435864,1,1,1,2d09d2d77fbe6b7f6c5765b48188ed1d2a88db2b,h5-risk-outcome-v1
2026-01-27,77e113401e0e5196eb948ebbe516381379200c1d,a675e8fe36a73f893bbd02d07abea367446e9747,2026-01-27T11:29:35.096Z,52,Hold & Wait,Hold & Wait,v1.1,,scheduled_etl,B,87737.46,artifact_spot_price_usd,30,2026-01-27,2026-02-26,0.28433077501901705,0.29576817133679667,0.8193331110905385,0.6799204329214239,1,1,0,2d09d2d77fbe6b7f6c5765b48188ed1d2a88db2b,h5-risk-outcome-v1
2026-01-27,77e113401e0e5196eb948ebbe516381379200c1d,a675e8fe36a73f893bbd02d07abea367446e9747,2026-01-27T11:29:35.096Z,52,Hold & Wait,Hold & Wait,v1.1,,scheduled_etl,B,87737.46,artifact_spot_price_usd,90,2026-01-27,2026-04-27,0.28433077501901705,0.29576817133679667,0.6017613209694866,0.44992562355352805,1,1,0,2d09d2d77fbe6b7f6c5765b48188ed1d2a88db2b,h5-risk-outcome-v1
2026-01-27,77e113401e0e5196eb948ebbe516381379200c1d,a675e8fe36a73f893bbd02d07abea367446e9747,2026-01-27T11:29:35.096Z,52,Hold & Wait,Hold & Wait,v1.1,,scheduled_etl,B,87737.46,artifact_spot_price_usd,180,2026-01-27,2026-07-26,0.3329653035316956,0.34362545198424443,0.49103698132290713,0.37296421539435864,1,1,1,2d09d2d77fbe6b7f6c5765b48188ed1d2a88db2b,h5-risk-outcome-v1
2026-01-28,ebc1772c6f0dc7491d5c0d79bfee129c2e22c06c,a12f0b51c9369809c07e503a3e23d547cc7a462f,2026-01-28T11:29:35.860Z,51,Hold & Wait,Hold & Wait,v1.1,,scheduled_etl,B,89288.26,artifact_spot_price_usd,30,2026-01-28,2026-02-27,0.2967608507546232,0.2967608507546232,0.8201823668005235,0.6852510515105861,1,1,0,2d09d2d77fbe6b7f6c5765b48188ed1d2a88db2b,h5-risk-outcome-v1
2026-01-28,ebc1772c6f0dc7491d5c0d79bfee129c2e22c06c,a12f0b51c9369809c07e503a3e23d547cc7a462f,2026-01-28T11:29:35.860Z,51,Hold & Wait,Hold & Wait,v1.1,,scheduled_etl,B,89288.26,artifact_spot_price_usd,90,2026-01-28,2026-04-28,0.2967608507546232,0.2967608507546232,0.6022281170823439,0.4507606923281276,1,1,0,2d09d2d77fbe6b7f6c5765b48188ed1d2a88db2b,h5-risk-outcome-v1
2026-01-28,ebc1772c6f0dc7491d5c0d79bfee129c2e22c06c,a12f0b51c9369809c07e503a3e23d547cc7a462f,2026-01-28T11:29:35.860Z,51,Hold & Wait,Hold & Wait,v1.1,,scheduled_etl,B,89288.26,artifact_spot_price_usd,180,2026-01-28,2026-07-27,0.34455067217123503,0.34455067217123503,0.4921870994314376,0.3747309926903714,1,1,1,2d09d2d77fbe6b7f6c5765b48188ed1d2a88db2b,h5-risk-outcome-v1
2026-01-29,d5335a95eb31ceae3eb87c113de684f5072a1418,6be09b5806bf162cdd7bc92300e4692c1f2b0de4,2026-01-29T11:37:07.842Z,53,Hold & Wait,Hold & Wait,v1.1,,scheduled_etl,B,87723.83,artifact_spot_price_usd,30,2026-01-29,2026-02-28,0.28421957864812786,0.28421957864812786,0.8102162154399934,0.6593008694951393,1,1,0,2d09d2d77fbe6b7f6c5765b48188ed1d2a88db2b,h5-risk-outcome-v1
2026-01-29,d5335a95eb31ceae3eb87c113de684f5072a1418,6be09b5806bf162cdd7bc92300e4692c1f2b0de4,2026-01-29T11:37:07.842Z,53,Hold & Wait,Hold & Wait,v1.1,,scheduled_etl,B,87723.83,artifact_spot_price_usd,90,2026-01-29,2026-04-29,0.28421957864812786,0.28421957864812786,0.5931466612162034,0.4379255265637857,1,1,0,2d09d2d77fbe6b7f6c5765b48188ed1d2a88db2b,h5-risk-outcome-v1
2026-01-29,d5335a95eb31ceae3eb87c113de684f5072a1418,6be09b5806bf162cdd7bc92300e4692c1f2b0de4,2026-01-29T11:37:07.842Z,53,Hold & Wait,Hold & Wait,v1.1,,scheduled_etl,B,87723.83,artifact_spot_price_usd,180,2026-01-29,2026-07-28,0.3328616637007299,0.3328616637007299,0.48665518265006474,0.36688975051936024,1,1,1,2d09d2d77fbe6b7f6c5765b48188ed1d2a88db2b,h5-risk-outcome-v1
2026-01-30,a258fca7e6a8d6b6d6033d0800f02e891e446692,74c8623d313bf0c26074013fa3d4d2347ff60519,2026-01-30T11:35:17.007Z,52,Hold & Wait,Hold & Wait,v1.1,,scheduled_etl,B,82671.31,artifact_spot_price_usd,30,2026-01-30,2026-03-01,0.2404741136919204,0.25347448650883797,0.8109024726084453,0.6620958056085521,1,1,0,2d09d2d77fbe6b7f6c5765b48188ed1d2a88db2b,h5-risk-outcome-v1
2026-01-30,a258fca7e6a8d6b6d6033d0800f02e891e446692,74c8623d313bf0c26074013fa3d4d2347ff60519,2026-01-30T11:35:17.007Z,52,Hold & Wait,Hold & Wait,v1.1,,scheduled_etl,B,82671.31,artifact_spot_price_usd,90,2026-01-30,2026-04-30,0.2404741136919204,0.25347448650883797,0.5933442339520404,0.43782013642569656,1,1,0,2d09d2d77fbe6b7f6c5765b48188ed1d2a88db2b,h5-risk-outcome-v1
2026-01-30,a258fca7e6a8d6b6d6033d0800f02e891e446692,74c8623d313bf0c26074013fa3d4d2347ff60519,2026-01-30T11:35:17.007Z,52,Hold & Wait,Hold & Wait,v1.1,,scheduled_etl,B,82671.31,artifact_spot_price_usd,180,2026-01-30,2026-07-29,0.2920889967753021,0.30420590698076444,0.4866445903017864,0.36682685501198203,1,1,0,2d09d2d77fbe6b7f6c5765b48188ed1d2a88db2b,h5-risk-outcome-v1
2026-01-31,170da21ea339a507c9600deabe1ad1de168ed974,607eb45145353af93318bfc5e5f865db093ac268,2026-01-31T11:27:08.557Z,55,Hold & Wait,Hold & Wait,v1.1,,scheduled_etl,B,82914.89,artifact_spot_price_usd,30,2026-01-31,2026-03-02,0.24270538138565945,0.24270538138565945,0.8032662942574923,0.61927508920376,1,1,0,2d09d2d77fbe6b7f6c5765b48188ed1d2a88db2b,h5-risk-outcome-v1
2026-01-31,170da21ea339a507c9600deabe1ad1de168ed974,607eb45145353af93318bfc5e5f865db093ac268,2026-01-31T11:27:08.557Z,55,Hold & Wait,Hold & Wait,v1.1,,scheduled_etl,B,82914.89,artifact_spot_price_usd,90,2026-01-31,2026-05-01,0.24270538138565945,0.24270538138565945,0.5802754863906147,0.4164093322214468,1,1,0,2d09d2d77fbe6b7f6c5765b48188ed1d2a88db2b,h5-risk-outcome-v1
2026-01-31,170da21ea339a507c9600deabe1ad1de168ed974,607eb45145353af93318bfc5e5f865db093ac268,2026-01-31T11:27:08.557Z,55,Hold & Wait,Hold & Wait,v1.1,,scheduled_etl,B,82914.89,artifact_spot_price_usd,180,2026-01-31,2026-07-30,0.2941686348495427,0.2941686348495427,0.4779495531980164,0.3541427277364728,1,1,0,2d09d2d77fbe6b7f6c5765b48188ed1d2a88db2b,h5-risk-outcome-v1
2026-02-01,5eae897413e361a533100adb46823dd9645518e6,75385da293ece79a812974ed56b16c137b3b61df,2026-02-01T11:28:15.191Z,55,Hold & Wait,Hold & Wait,v1.1,,scheduled_etl,B,78375.24,artifact_spot_price_usd,30,2026-02-01,2026-03-03,0.19884136877922165,0.2018111822197025,0.8007837217042064,0.614784336871934,1,0,0,2d09d2d77fbe6b7f6c5765b48188ed1d2a88db2b,h5-risk-outcome-v1
2026-02-01,5eae897413e361a533100adb46823dd9645518e6,75385da293ece79a812974ed56b16c137b3b61df,2026-02-01T11:28:15.191Z,55,Hold & Wait,Hold & Wait,v1.1,,scheduled_etl,B,78375.24,artifact_spot_price_usd,90,2026-02-01,2026-05-02,0.19884136877922165,0.2018111822197025,0.5785931947989451,0.4139291177641252,1,0,0,2d09d2d77fbe6b7f6c5765b48188ed1d2a88db2b,h5-risk-outcome-v1
2026-02-01,5eae897413e361a533100adb46823dd9645518e6,75385da293ece79a812974ed56b16c137b3b61df,2026-02-01T11:28:15.191Z,55,Hold & Wait,Hold & Wait,v1.1,,scheduled_etl,B,78375.24,artifact_spot_price_usd,180,2026-02-01,2026-07-31,0.25328547638259236,0.2880299620474407,0.47871332147454193,0.35521814211130087,1,1,0,2d09d2d77fbe6b7f6c5765b48188ed1d2a88db2b,h5-risk-outcome-v1
2026-02-02,a5870e30b11a0d153d9194016fd1dbf65d3ca524,c288e50df6742df4d718db61d2f9c363a29ad12e,2026-02-02T11:40:27.758Z,55,Hold & Wait,Hold & Wait,v1.1,,scheduled_etl,B,77818.86,artifact_spot_price_usd,30,2026-02-02,2026-03-04,0.19311334039074846,0.2018111822197025,0.8272442144322701,0.614784336871934,1,0,0,2d09d2d77fbe6b7f6c5765b48188ed1d2a88db2b,h5-risk-outcome-v1
2026-02-02,a5870e30b11a0d153d9194016fd1dbf65d3ca524,c288e50df6742df4d718db61d2f9c363a29ad12e,2026-02-02T11:40:27.758Z,55,Hold & Wait,Hold & Wait,v1.1,,scheduled_etl,B,77818.86,artifact_spot_price_usd,90,2026-02-02,2026-05-03,0.19311334039074846,0.2018111822197025,0.5768018014997596,0.4139411899691712,1,0,0,2d09d2d77fbe6b7f6c5765b48188ed1d2a88db2b,h5-risk-outcome-v1
2026-02-02,a5870e30b11a0d153d9194016fd1dbf65d3ca524,c288e50df6742df4d718db61d2f9c363a29ad12e,2026-02-02T11:40:27.758Z,55,Hold & Wait,Hold & Wait,v1.1,,scheduled_etl,B,77818.86,artifact_spot_price_usd,180,2026-02-02,2026-08-01,0.24794670597847357,0.2880299620474407,0.47749570918703954,0.35522089769189436,1,1,0,2d09d2d77fbe6b7f6c5765b48188ed1d2a88db2b,h5-risk-outcome-v1
2026-02-03,5b0e93df7fd1f2f1635286a2b506e5d3e9c01dc6,4a93c795be27931f4cfccd8ce577d06cf407cdf9,2026-02-03T11:40:02.610Z,52,Hold & Wait,Hold & Wait,v1.1,,scheduled_etl,B,78163.39,artifact_spot_price_usd,30,2026-02-03,2026-03-05,0.19666994995994924,0.19666994995994924,0.8211587407414237,0.6058984578327078,1,0,0,2d09d2d77fbe6b7f6c5765b48188ed1d2a88db2b,h5-risk-outcome-v1
2026-02-03,5b0e93df7fd1f2f1635286a2b506e5d3e9c01dc6,4a93c795be27931f4cfccd8ce577d06cf407cdf9,2026-02-03T11:40:02.610Z,52,Hold & Wait,Hold & Wait,v1.1,,scheduled_etl,B,78163.39,artifact_spot_price_usd,90,2026-02-03,2026-05-04,0.19666994995994924,0.19666994995994924,0.5722740349893563,0.40644041942196196,1,0,0,2d09d2d77fbe6b7f6c5765b48188ed1d2a88db2b,h5-risk-outcome-v1
2026-02-03,5b0e93df7fd1f2f1635286a2b506e5d3e9c01dc6,4a93c795be27931f4cfccd8ce577d06cf407cdf9,2026-02-03T11:40:02.610Z,52,Hold & Wait,Hold & Wait,v1.1,,scheduled_etl,B,78163.39,artifact_spot_price_usd,180,2026-02-03,2026-08-02,0.2512616200500004,0.2880299620474407,0.47479374747457914,0.350863419367763,1,1,0,2d09d2d77fbe6b7f6c5765b48188ed1d2a88db2b,h5-risk-outcome-v1
2026-02-04,de9c8f650116d43305d5dc279ed5e4e1d3d7bd9f,370084e7a66cecd7267402d3fd87a4aeff536b55,2026-02-04T11:39:12.823Z,52,Hold & Wait,Hold & Wait,v1.1,,scheduled_etl,B,75979.72,artifact_spot_price_usd,30,2026-02-04,2026-03-06,0.1735821084889494,0.1735821084889494,0.8233547434642826,0.6090576568576131,1,0,0,2d09d2d77fbe6b7f6c5765b48188ed1d2a88db2b,h5-risk-outcome-v1
2026-02-04,de9c8f650116d43305d5dc279ed5e4e1d3d7bd9f,370084e7a66cecd7267402d3fd87a4aeff536b55,2026-02-04T11:39:12.823Z,52,Hold & Wait,Hold & Wait,v1.1,,scheduled_etl,B,75979.72,artifact_spot_price_usd,90,2026-02-04,2026-05-05,0.1735821084889494,0.1735821084889494,0.5680159825282977,0.39998153036728873,1,0,0,2d09d2d77fbe6b7f6c5765b48188ed1d2a88db2b,h5-risk-outcome-v1
2026-02-04,de9c8f650116d43305d5dc279ed5e4e1d3d7bd9f,370084e7a66cecd7267402d3fd87a4aeff536b55,2026-02-04T11:39:12.823Z,52,Hold & Wait,Hold & Wait,v1.1,,scheduled_etl,B,75979.72,artifact_spot_price_usd,180,2026-02-04,2026-08-03,0.22974275240814257,0.2880299620474407,0.47217660517150156,0.347133103253586,1,1,0,2d09d2d77fbe6b7f6c5765b48188ed1d2a88db2b,h5-risk-outcome-v1
2026-02-05,a953a1c9708da879990caaf8bad283469ffb2025,9b2b0d7b5056b26bf4767b506c94232932f239d3,2026-02-05T11:40:35.054Z,51,Hold & Wait,Hold & Wait,v1.1,,scheduled_etl,B,70448.32,artifact_spot_price_usd,30,2026-02-05,2026-03-07,0.10869414629050067,0.10869414629050067,0.6354838609587306,0.3111995235480044,1,0,0,2d09d2d77fbe6b7f6c5765b48188ed1d2a88db2b,h5-risk-outcome-v1
2026-02-05,a953a1c9708da879990caaf8bad283469ffb2025,9b2b0d7b5056b26bf4767b506c94232932f239d3,2026-02-05T11:40:35.054Z,51,Hold & Wait,Hold & Wait,v1.1,,scheduled_etl,B,70448.32,artifact_spot_price_usd,90,2026-02-05,2026-05-06,0.10869414629050067,0.11924089892339695,0.4777437183671725,0.26072777970297106,1,0,0,2d09d2d77fbe6b7f6c5765b48188ed1d2a88db2b,h5-risk-outcome-v1
2026-02-05,a953a1c9708da879990caaf8bad283469ffb2025,9b2b0d7b5056b26bf4767b506c94232932f239d3,2026-02-05T11:40:35.054Z,51,Hold & Wait,Hold & Wait,v1.1,,scheduled_etl,B,70448.32,artifact_spot_price_usd,180,2026-02-05,2026-08-04,0.16926436286912172,0.2880299620474407,0.4211102652270086,0.2729437059384337,1,0,0,2d09d2d77fbe6b7f6c5765b48188ed1d2a88db2b,h5-risk-outcome-v1
2026-02-06,b98698473dc800eafab66ad52d48bd5b91baa5ac,2dbbe9af968f83f0529762afea872bbaf8ac5a97,2026-02-06T11:39:38.725Z,54,Hold & Wait,Hold & Wait,v1.1,,scheduled_etl,B,66018.07,artifact_spot_price_usd,30,2026-02-06,2026-03-08,0.02953342925656577,0.0923555162495463,0.4942074939798379,0.3184357259836017,0,0,0,2d09d2d77fbe6b7f6c5765b48188ed1d2a88db2b,h5-risk-outcome-v1
2026-02-06,b98698473dc800eafab66ad52d48bd5b91baa5ac,2dbbe9af968f83f0529762afea872bbaf8ac5a97,2026-02-06T11:39:38.725Z,54,Hold & Wait,Hold & Wait,v1.1,,scheduled_etl,B,66018.07,artifact_spot_price_usd,90,2026-02-06,2026-05-07,0.02953342925656577,0.11924089892339695,0.420824409458128,0.2631665510082426,0,0,0,2d09d2d77fbe6b7f6c5765b48188ed1d2a88db2b,h5-risk-outcome-v1
2026-02-06,b98698473dc800eafab66ad52d48bd5b91baa5ac,2dbbe9af968f83f0529762afea872bbaf8ac5a97,2026-02-06T11:39:38.725Z,54,Hold & Wait,Hold & Wait,v1.1,,scheduled_etl,B,66018.07,artifact_spot_price_usd,180,2026-02-06,2026-08-05,0.1135164963168418,0.2880299620474407,0.3873295070161343,0.2729437059384337,1,0,0,2d09d2d77fbe6b7f6c5765b48188ed1d2a88db2b,h5-risk-outcome-v1
2026-02-07,a3156df39af22b49ab63a27a1035ec4f0deb100b,3962d4981135e89f4b3f5cce04f3c4c46a0ecd4e,2026-02-07T11:28:49.378Z,58,Hold & Wait,Hold & Wait,v1.1,,scheduled_etl,B,67920,artifact_spot_price_usd,30,2026-02-07,2026-03-09,0.05670892226148405,0.0923555162495463,0.5081557009029317,0.31193074502739826,0,0,0,2d09d2d77fbe6b7f6c5765b48188ed1d2a88db2b,h5-risk-outcome-v1
2026-02-07,a3156df39af22b49ab63a27a1035ec4f0deb100b,3962d4981135e89f4b3f5cce04f3c4c46a0ecd4e,2026-02-07T11:28:49.378Z,58,Hold & Wait,Hold & Wait,v1.1,,scheduled_etl,B,67920,artifact_spot_price_usd,90,2026-02-07,2026-05-08,0.05670892226148405,0.11924089892339695,0.4189197556548104,0.26055669812881177,0,0,0,2d09d2d77fbe6b7f6c5765b48188ed1d2a88db2b,h5-risk-outcome-v1
2026-02-07,a3156df39af22b49ab63a27a1035ec4f0deb100b,3962d4981135e89f4b3f5cce04f3c4c46a0ecd4e,2026-02-07T11:28:49.378Z,58,Hold & Wait,Hold & Wait,v1.1,,scheduled_etl,B,67920,artifact_spot_price_usd,180,2026-02-07,2026-08-06,0.13834025323910482,0.2880299620474407,0.38654860253982887,0.2717901694726828,1,0,0,2d09d2d77fbe6b7f6c5765b48188ed1d2a88db2b,h5-risk-outcome-v1
2026-02-08,a6906c60a719ab257abb10c91d0e9be3d1b96651,686e1c07452726e29c3fafc7e8f6e01de576c781,2026-02-08T11:29:34.426Z,58,Hold & Wait,Hold & Wait,v1.1,,scheduled_etl,B,70680,artifact_spot_price_usd,30,2026-02-08,2026-03-10,0.09354371816638363,0.09354371816638363,0.5114026179692748,0.31193074502739826,0,0,0,2d09d2d77fbe6b7f6c5765b48188ed1d2a88db2b,h5-risk-outcome-v1
2026-02-08,a6906c60a719ab257abb10c91d0e9be3d1b96651,686e1c07452726e29c3fafc7e8f6e01de576c781,2026-02-08T11:29:34.426Z,58,Hold & Wait,Hold & Wait,v1.1,,scheduled_etl,B,70680,artifact_spot_price_usd,90,2026-02-08,2026-05-09,0.09354371816638363,0.11924089892339695,0.41815575845699215,0.26055669812881177,0,0,0,2d09d2d77fbe6b7f6c5765b48188ed1d2a88db2b,h5-risk-outcome-v1
2026-02-08,a6906c60a719ab257abb10c91d0e9be3d1b96651,686e1c07452726e29c3fafc7e8f6e01de576c781,2026-02-08T11:29:34.426Z,58,Hold & Wait,Hold & Wait,v1.1,,scheduled_etl,B,70680,artifact_spot_price_usd,180,2026-02-08,2026-08-07,0.1719874080362196,0.2880299620474407,0.3862050715634311,0.2717901694726828,1,0,0,2d09d2d77fbe6b7f6c5765b48188ed1d2a88db2b,h5-risk-outcome-v1
2026-02-09,0dd9d6e651c2ff8784b0d6af2d85e00bb45c080c,65b19b5070c4d3087d679f8cde640b2f2d684404,2026-02-09T11:52:36.652Z,57,Hold & Wait,Hold & Wait,v1.1,,scheduled_etl,B,68784.97,artifact_spot_price_usd,30,2026-02-09,2026-03-11,0.06857079388127962,0.0923555162495463,0.5114819081010793,0.311806228976343,0,0,0,2d09d2d77fbe6b7f6c5765b48188ed1d2a88db2b,h5-risk-outcome-v1
2026-02-09,0dd9d6e651c2ff8784b0d6af2d85e00bb45c080c,65b19b5070c4d3087d679f8cde640b2f2d684404,2026-02-09T11:52:36.652Z,57,Hold & Wait,Hold & Wait,v1.1,,scheduled_etl,B,68784.97,artifact_spot_price_usd,90,2026-02-09,2026-05-10,0.06857079388127962,0.11924089892339695,0.4195224814231541,0.2605070143358051,0,0,0,2d09d2d77fbe6b7f6c5765b48188ed1d2a88db2b,h5-risk-outcome-v1
2026-02-09,0dd9d6e651c2ff8784b0d6af2d85e00bb45c080c,65b19b5070c4d3087d679f8cde640b2f2d684404,2026-02-09T11:52:36.652Z,57,Hold & Wait,Hold & Wait,v1.1,,scheduled_etl,B,68784.97,artifact_spot_price_usd,180,2026-02-09,2026-08-08,0.14917561205594765,0.2880299620474407,0.38619487363311006,0.2717663555541284,1,0,0,2d09d2d77fbe6b7f6c5765b48188ed1d2a88db2b,h5-risk-outcome-v1
2026-02-10,0f81227a4cc8eb3f81a2992b2dad94950563bd85,72dc35ef302c6e2e3bc53d4d9931d6ba391a576d,2026-02-10T11:55:11.084Z,55,Hold & Wait,Hold & Wait,v1.1,,scheduled_etl,B,68493.77,artifact_spot_price_usd,30,2026-02-10,2026-03-12,0.06461083978878668,0.0923555162495463,0.5073168453202834,0.3049116544636608,0,0,0,2d09d2d77fbe6b7f6c5765b48188ed1d2a88db2b,h5-risk-outcome-v1
2026-02-10,0f81227a4cc8eb3f81a2992b2dad94950563bd85,72dc35ef302c6e2e3bc53d4d9931d6ba391a576d,2026-02-10T11:55:11.084Z,55,Hold & Wait,Hold & Wait,v1.1,,scheduled_etl,B,68493.77,artifact_spot_price_usd,90,2026-02-10,2026-05-11,0.06461083978878668,0.11924089892339695,0.4177604969302515,0.25803408870881317,0,0,0,2d09d2d77fbe6b7f6c5765b48188ed1d2a88db2b,h5-risk-outcome-v1
2026-02-10,0f81227a4cc8eb3f81a2992b2dad94950563bd85,72dc35ef302c6e2e3bc53d4d9931d6ba391a576d,2026-02-10T11:55:11.084Z,55,Hold & Wait,Hold & Wait,v1.1,,scheduled_etl,B,68493.77,artifact_spot_price_usd,180,2026-02-10,2026-08-09,0.14555834786141864,0.2880299620474407,0.3853139064045396,0.2704626039274543,1,0,0,2d09d2d77fbe6b7f6c5765b48188ed1d2a88db2b,h5-risk-outcome-v1
2026-02-11,8e0d764f96a6a5b342997e6bc19f41d1140542ba,34d808b764de2f9be3421769ca106b756018070f,2026-02-11T11:50:37.986Z,55,Hold & Wait,Hold & Wait,v1.1,,scheduled_etl,B,66958.94,artifact_spot_price_usd,30,2026-02-11,2026-03-13,0.04316988889011686,0.0923555162495463,0.4983749878177807,0.29090278504310335,0,0,0,2d09d2d77fbe6b7f6c5765b48188ed1d2a88db2b,h5-risk-outcome-v1
2026-02-11,8e0d764f96a6a5b342997e6bc19f41d1140542ba,34d808b764de2f9be3421769ca106b756018070f,2026-02-11T11:50:37.986Z,55,Hold & Wait,Hold & Wait,v1.1,,scheduled_etl,B,66958.94,artifact_spot_price_usd,90,2026-02-11,2026-05-12,0.04316988889011686,0.11924089892339695,0.4153542580113336,0.2544620562216574,0,0,0,2d09d2d77fbe6b7f6c5765b48188ed1d2a88db2b,h5-risk-outcome-v1
2026-02-11,8e0d764f96a6a5b342997e6bc19f41d1140542ba,34d808b764de2f9be3421769ca106b756018070f,2026-02-11T11:50:37.986Z,55,Hold & Wait,Hold & Wait,v1.1,,scheduled_etl,B,66958.94,artifact_spot_price_usd,180,2026-02-11,2026-08-10,0.1259728723304162,0.2880299620474407,0.38408210505103274,0.2686787615295545,1,0,0,2d09d2d77fbe6b7f6c5765b48188ed1d2a88db2b,h5-risk-outcome-v1
2026-02-12,2c893920faf201a37d8bec438da07c7dc46160f1,4ed1350bd2ca8deb5703b7c3e3b3dfff5bc20276,2026-02-12T11:45:18.628Z,55,Hold & Wait,Hold & Wait,v1.1,,scheduled_etl,B,68048.44,artifact_spot_price_usd,30,2026-02-12,2026-03-14,0.05848936434104879,0.0923555162495463,0.4958703702307371,0.2877406677511664,0,0,0,2d09d2d77fbe6b7f6c5765b48188ed1d2a88db2b,h5-risk-outcome-v1
2026-02-12,2c893920faf201a37d8bec438da07c7dc46160f1,4ed1350bd2ca8deb5703b7c3e3b3dfff5bc20276,2026-02-12T11:45:18.628Z,55,Hold & Wait,Hold & Wait,v1.1,,scheduled_etl,B,68048.44,artifact_spot_price_usd,90,2026-02-12,2026-05-13,0.05848936434104879,0.11924089892339695,0.4157684613035826,0.25505051091205583,0,0,0,2d09d2d77fbe6b7f6c5765b48188ed1d2a88db2b,h5-risk-outcome-v1
2026-02-12,2c893920faf201a37d8bec438da07c7dc46160f1,4ed1350bd2ca8deb5703b7c3e3b3dfff5bc20276,2026-02-12T11:45:18.628Z,55,Hold & Wait,Hold & Wait,v1.1,,scheduled_etl,B,68048.44,artifact_spot_price_usd,180,2026-02-12,2026-08-11,0.139966617897486,0.2880299620474407,0.3837871429337012,0.26824519172374744,1,0,0,2d09d2d77fbe6b7f6c5765b48188ed1d2a88db2b,h5-risk-outcome-v1
2026-02-13,6d928f682ff0755e92b1cf0c200efcf937eb554c,d3d920775cc089973f379effc3be1fe1ff3e14df,2026-02-13T11:37:10.922Z,55,Hold & Wait,Hold & Wait,v1.1,,scheduled_etl,B,66802.01,artifact_spot_price_usd,30,2026-02-13,2026-03-15,0.04092212195411471,0.0923555162495463,0.4843895635698071,0.2877406677511664,0,0,0,2d09d2d77fbe6b7f6c5765b48188ed1d2a88db2b,h5-risk-outcome-v1
2026-02-13,6d928f682ff0755e92b1cf0c200efcf937eb554c,d3d920775cc089973f379effc3be1fe1ff3e14df,2026-02-13T11:37:10.922Z,55,Hold & Wait,Hold & Wait,v1.1,,scheduled_etl,B,66802.01,artifact_spot_price_usd,90,2026-02-13,2026-05-14,0.04092212195411471,0.11924089892339695,0.4112223266470971,0.25505051091205583,0,0,0,2d09d2d77fbe6b7f6c5765b48188ed1d2a88db2b,h5-risk-outcome-v1
2026-02-13,6d928f682ff0755e92b1cf0c200efcf937eb554c,d3d920775cc089973f379effc3be1fe1ff3e14df,2026-02-13T11:37:10.922Z,55,Hold & Wait,Hold & Wait,v1.1,,scheduled_etl,B,66802.01,artifact_spot_price_usd,180,2026-02-13,2026-08-12,0.12391962457417072,0.2880299620474407,0.3797710734541213,0.26825870829715043,1,0,0,2d09d2d77fbe6b7f6c5765b48188ed1d2a88db2b,h5-risk-outcome-v1
2026-02-14,14c50e00dbb43a1466282ed835e7b08835b5d377,8a0472c60c3322cd4198cef0bb4bab27c8afdc1b,2026-02-14T11:29:00.705Z,52,Hold & Wait,Hold & Wait,v1.1,,scheduled_etl,B,70180.23,artifact_spot_price_usd,30,2026-02-14,2026-03-16,0.08708862880614665,0.0923555162495463,0.49086389924337315,0.2877406677511664,0,0,0,2d09d2d77fbe6b7f6c5765b48188ed1d2a88db2b,h5-risk-outcome-v1
2026-02-14,14c50e00dbb43a1466282ed835e7b08835b5d377,8a0472c60c3322cd4198cef0bb4bab27c8afdc1b,2026-02-14T11:29:00.705Z,52,Hold & Wait,Hold & Wait,v1.1,,scheduled_etl,B,70180.23,artifact_spot_price_usd,90,2026-02-14,2026-05-15,0.08708862880614665,0.11924089892339695,0.4140004251328438,0.26006634875504736,0,0,0,2d09d2d77fbe6b7f6c5765b48188ed1d2a88db2b,h5-risk-outcome-v1
2026-02-14,14c50e00dbb43a1466282ed835e7b08835b5d377,8a0472c60c3322cd4198cef0bb4bab27c8afdc1b,2026-02-14T11:29:00.705Z,52,Hold & Wait,Hold & Wait,v1.1,,scheduled_etl,B,70180.23,artifact_spot_price_usd,180,2026-02-14,2026-08-13,0.16609093472620418,0.2880299620474407,0.37920590061339066,0.26825870829715043,1,0,0,2d09d2d77fbe6b7f6c5765b48188ed1d2a88db2b,h5-risk-outcome-v1
2026-02-15,7f8184c2cabc23f03a052952d0b844243822b720,a229052ac0d76d9fdd807b3415be7a0ca78e4650,2026-02-15T11:29:43.881Z,52,Hold & Wait,Hold & Wait,v1.1,,scheduled_etl,B,70338.6,artifact_spot_price_usd,30,2026-02-15,2026-03-17,0.08914408304970534,0.0923555162495463,0.49024623436579773,0.28684310285181075,0,0,0,2d09d2d77fbe6b7f6c5765b48188ed1d2a88db2b,h5-risk-outcome-v1
2026-02-15,7f8184c2cabc23f03a052952d0b844243822b720,a229052ac0d76d9fdd807b3415be7a0ca78e4650,2026-02-15T11:29:43.881Z,52,Hold & Wait,Hold & Wait,v1.1,,scheduled_etl,B,70338.6,artifact_spot_price_usd,90,2026-02-15,2026-05-16,0.08914408304970534,0.11924089892339695,0.4136802431084297,0.25960509733800113,0,0,0,2d09d2d77fbe6b7f6c5765b48188ed1d2a88db2b,h5-risk-outcome-v1
2026-02-15,7f8184c2cabc23f03a052952d0b844243822b720,a229052ac0d76d9fdd807b3415be7a0ca78e4650,2026-02-15T11:29:43.881Z,52,Hold & Wait,Hold & Wait,v1.1,,scheduled_etl,B,70338.6,artifact_spot_price_usd,180,2026-02-15,2026-08-14,0.16796851231045262,0.2880299620474407,0.3788097902438128,0.2676704716664349,1,0,0,2d09d2d77fbe6b7f6c5765b48188ed1d2a88db2b,h5-risk-outcome-v1
2026-02-16,b87f360bb19ebc86b22210926e5c2b0633fbb405,56a50ab08717dfaf1061bf9602036cce8bfae35c,2026-02-16T11:44:23.197Z,51,Hold & Wait,Hold & Wait,v1.1,,scheduled_etl,B,68525.51,artifact_spot_price_usd,30,2026-02-16,2026-03-18,0.06504409817599299,0.0923555162495463,0.5085934715335545,0.3146102520510776,0,0,0,2d09d2d77fbe6b7f6c5765b48188ed1d2a88db2b,h5-risk-outcome-v1
2026-02-16,b87f360bb19ebc86b22210926e5c2b0633fbb405,56a50ab08717dfaf1061bf9602036cce8bfae35c,2026-02-16T11:44:23.197Z,51,Hold & Wait,Hold & Wait,v1.1,,scheduled_etl,B,68525.51,artifact_spot_price_usd,90,2026-02-16,2026-05-17,0.06504409817599299,0.11924089892339695,0.41420227668579657,0.2602335182509678,0,0,0,2d09d2d77fbe6b7f6c5765b48188ed1d2a88db2b,h5-risk-outcome-v1
2026-02-16,b87f360bb19ebc86b22210926e5c2b0633fbb405,56a50ab08717dfaf1061bf9602036cce8bfae35c,2026-02-16T11:44:23.197Z,51,Hold & Wait,Hold & Wait,v1.1,,scheduled_etl,B,68525.51,artifact_spot_price_usd,180,2026-02-16,2026-08-15,0.1459541125633358,0.2880299620474407,0.3788078900975153,0.2676704716664349,1,0,0,2d09d2d77fbe6b7f6c5765b48188ed1d2a88db2b,h5-risk-outcome-v1
2026-02-17,a55faec1974e0e5730a69adabc49534bc4425a59,14ed61d02b9beca9a9a409ed095228634faea27d,2026-02-17T11:44:22.074Z,50,Hold & Wait,Hold & Wait,v1.1,,scheduled_etl,B,67757.14,artifact_spot_price_usd,30,2026-02-17,2026-03-19,0.05444164260770157,0.0923555162495463,0.50778963133239,0.31338210739513456,0,0,0,2d09d2d77fbe6b7f6c5765b48188ed1d2a88db2b,h5-risk-outcome-v1
2026-02-17,a55faec1974e0e5730a69adabc49534bc4425a59,14ed61d02b9beca9a9a409ed095228634faea27d,2026-02-17T11:44:22.074Z,50,Hold & Wait,Hold & Wait,v1.1,,scheduled_etl,B,67757.14,artifact_spot_price_usd,90,2026-02-17,2026-05-18,0.05444164260770157,0.11924089892339695,0.41213888443118335,0.25725032897052214,0,0,0,2d09d2d77fbe6b7f6c5765b48188ed1d2a88db2b,h5-risk-outcome-v1
2026-02-17,a55faec1974e0e5730a69adabc49534bc4425a59,14ed61d02b9beca9a9a409ed095228634faea27d,2026-02-17T11:44:22.074Z,50,Hold & Wait,Hold & Wait,v1.1,,scheduled_etl,B,67757.14,artifact_spot_price_usd,180,2026-02-17,2026-08-16,0.13626918137335786,0.2880299620474407,0.37775503700155694,0.2661191622855305,1,0,0,2d09d2d77fbe6b7f6c5765b48188ed1d2a88db2b,h5-risk-outcome-v1
2026-02-18,eda30ce27687fd4916ed3af716aaeea4ec27cdb3,180e7ebbe2578402949b82bbfd5206232d88cf85,2026-02-18T11:43:45.338Z,49,Moderate Buying,Moderate Buying,v1.1,,scheduled_etl,B,67516.3,artifact_spot_price_usd,30,2026-02-18,2026-03-20,0.05106870489052273,0.0923555162495463,0.5047558996261298,0.3085978104657426,0,0,0,2d09d2d77fbe6b7f6c5765b48188ed1d2a88db2b,h5-risk-outcome-v1
2026-02-18,eda30ce27687fd4916ed3af716aaeea4ec27cdb3,180e7ebbe2578402949b82bbfd5206232d88cf85,2026-02-18T11:43:45.338Z,49,Moderate Buying,Moderate Buying,v1.1,,scheduled_etl,B,67516.3,artifact_spot_price_usd,90,2026-02-18,2026-05-19,0.05106870489052273,0.11924089892339695,0.4107576616262975,0.25535702146686645,0,0,0,2d09d2d77fbe6b7f6c5765b48188ed1d2a88db2b,h5-risk-outcome-v1
2026-02-18,eda30ce27687fd4916ed3af716aaeea4ec27cdb3,180e7ebbe2578402949b82bbfd5206232d88cf85,2026-02-18T11:43:45.338Z,49,Moderate Buying,Moderate Buying,v1.1,,scheduled_etl,B,67516.3,artifact_spot_price_usd,180,2026-02-18,2026-08-17,0.13318813382842365,0.2880299620474407,0.37895683929913304,0.2651856942478075,1,0,0,2d09d2d77fbe6b7f6c5765b48188ed1d2a88db2b,h5-risk-outcome-v1
2026-02-19,b0b9c6ef3a5b071b3750c7bc432636ed04224d65,2555a478e9f86b9a4b4b7a36aeaf0e5622e25426,2026-02-19T11:43:16.203Z,51,Hold & Wait,Hold & Wait,v1.1,,scheduled_etl,B,66686.56,artifact_spot_price_usd,30,2026-02-19,2026-03-21,0.03926173429848523,0.0923555162495463,0.5112173098725702,0.31862816388761633,0,0,0,2d09d2d77fbe6b7f6c5765b48188ed1d2a88db2b,h5-risk-outcome-v1
2026-02-19,b0b9c6ef3a5b071b3750c7bc432636ed04224d65,2555a478e9f86b9a4b4b7a36aeaf0e5622e25426,2026-02-19T11:43:16.203Z,51,Hold & Wait,Hold & Wait,v1.1,,scheduled_etl,B,66686.56,artifact_spot_price_usd,90,2026-02-19,2026-05-20,0.03926173429848523,0.11924089892339695,0.4108209497183356,0.25535702146686645,0,0,0,2d09d2d77fbe6b7f6c5765b48188ed1d2a88db2b,h5-risk-outcome-v1
2026-02-20,c770b29f020925a54d54960796f9ee9a6fec7a91,4d5b1e018b0060a47a5b0fccde1f63e07eb36224,2026-02-20T11:38:27.983Z,48,Moderate Buying,Moderate Buying,v1.1,,scheduled_etl,B,67712.97,artifact_spot_price_usd,30,2026-02-20,2026-03-22,0.05382484330549964,0.09402940210694932,0.5117605259388704,0.3232444790029128,0,0,0,2d09d2d77fbe6b7f6c5765b48188ed1d2a88db2b,h5-risk-outcome-v1
2026-02-20,c770b29f020925a54d54960796f9ee9a6fec7a91,4d5b1e018b0060a47a5b0fccde1f63e07eb36224,2026-02-20T11:38:27.983Z,48,Moderate Buying,Moderate Buying,v1.1,,scheduled_etl,B,67712.97,artifact_spot_price_usd,90,2026-02-20,2026-05-21,0.05382484330549964,0.11924089892339695,0.4099281493744621,0.25535702146686645,0,0,0,2d09d2d77fbe6b7f6c5765b48188ed1d2a88db2b,h5-risk-outcome-v1
2026-02-21,ffd3cc8bdf90c35a5fb062147303a566c6e98c31,bdca20607609fe890b16f7472ed0448b03ec7138,2026-02-21T11:28:37.169Z,48,Moderate Buying,Moderate Buying,v1.1,,scheduled_etl,B,68161.11,artifact_spot_price_usd,30,2026-02-21,2026-03-23,0.06004567707304065,0.09402940210694932,0.5332886775275479,0.32324113764525236,0,0,0,2d09d2d77fbe6b7f6c5765b48188ed1d2a88db2b,h5-risk-outcome-v1
2026-02-21,ffd3cc8bdf90c35a5fb062147303a566c6e98c31,bdca20607609fe890b16f7472ed0448b03ec7138,2026-02-21T11:28:37.169Z,48,Moderate Buying,Moderate Buying,v1.1,,scheduled_etl,B,68161.11,artifact_spot_price_usd,90,2026-02-21,2026-05-22,0.06004567707304065,0.11924089892339695,0.41400020274435617,0.2612931531846468,0,0,0,2d09d2d77fbe6b7f6c5765b48188ed1d2a88db2b,h5-risk-outcome-v1
2026-02-22,f5c491960c48ef14aa200a74b408cde7bd6bbdd8,38905ae9aefa42256740537f259d5408b0f66e74,2026-02-22T11:28:29.826Z,48,Moderate Buying,Moderate Buying,v1.1,,scheduled_etl,B,68205.12,artifact_spot_price_usd,30,2026-02-22,2026-03-24,0.060652191507030495,0.09402940210694932,0.5332650825096399,0.3232108793228877,0,0,0,2d09d2d77fbe6b7f6c5765b48188ed1d2a88db2b,h5-risk-outcome-v1
2026-02-22,f5c491960c48ef14aa200a74b408cde7bd6bbdd8,38905ae9aefa42256740537f259d5408b0f66e74,2026-02-22T11:28:29.826Z,48,Moderate Buying,Moderate Buying,v1.1,,scheduled_etl,B,68205.12,artifact_spot_price_usd,90,2026-02-22,2026-05-23,0.060652191507030495,0.11924089892339695,0.41484897013891586,0.2611003641300956,0,0,0,2d09d2d77fbe6b7f6c5765b48188ed1d2a88db2b,h5-risk-outcome-v1
2026-02-23,be27e5adbf768dd2e2602fab67bece887ca7c689,d156d5ce6da98cc230d38bc6ce547efc952cc357,2026-02-23T11:43:50.609Z,50,Hold & Wait,Hold & Wait,v1.1,,scheduled_etl,B,66140.35,artifact_spot_price_usd,30,2026-02-23,2026-03-25,0.03132762375766085,0.09402940210694932,0.5076205445578047,0.28203133790665585,0,0,0,2d09d2d77fbe6b7f6c5765b48188ed1d2a88db2b,h5-risk-outcome-v1
2026-02-23,be27e5adbf768dd2e2602fab67bece887ca7c689,d156d5ce6da98cc230d38bc6ce547efc952cc357,2026-02-23T11:43:50.609Z,50,Hold & Wait,Hold & Wait,v1.1,,scheduled_etl,B,66140.35,artifact_spot_price_usd,90,2026-02-23,2026-05-24,0.03132762375766085,0.11924089892339695,0.40397407047124306,0.24467434376830322,0,0,0,2d09d2d77fbe6b7f6c5765b48188ed1d2a88db2b,h5-risk-outcome-v1
2026-02-24,dbce51fdc9ff9327abe631bb08fe90c25610ab96,afb5140d1f1e75ff4a159f17a7aa8cf464e3d86a,2026-02-24T11:44:54.951Z,51,Hold & Wait,Hold & Wait,v1.1,,scheduled_etl,B,63189.98,artifact_spot_price_usd,30,2026-02-24,2026-03-26,0,0.09402940210694932,0.5239885144148111,0.3074750723097772,0,0,0,2d09d2d77fbe6b7f6c5765b48188ed1d2a88db2b,h5-risk-outcome-v1
2026-02-24,dbce51fdc9ff9327abe631bb08fe90c25610ab96,afb5140d1f1e75ff4a159f17a7aa8cf464e3d86a,2026-02-24T11:44:54.951Z,51,Hold & Wait,Hold & Wait,v1.1,,scheduled_etl,B,63189.98,artifact_spot_price_usd,90,2026-02-24,2026-05-25,0,0.11924089892339695,0.40341352070073894,0.24405154903963347,0,0,0,2d09d2d77fbe6b7f6c5765b48188ed1d2a88db2b,h5-risk-outcome-v1
2026-02-25,cbfb2d124806baeea6c4d103d8b53f60f2c90d5c,9c4ba8d508a8e84af08b8e340a83657dfaf3ac0f,2026-02-25T11:44:14.494Z,49,Moderate Buying,Moderate Buying,v1.1,,scheduled_etl,B,65405.59,artifact_spot_price_usd,30,2026-02-25,2026-03-27,0,0.11394755287570646,0.4989115977651807,0.33181128965206286,0,0,0,2d09d2d77fbe6b7f6c5765b48188ed1d2a88db2b,h5-risk-outcome-v1
2026-02-25,cbfb2d124806baeea6c4d103d8b53f60f2c90d5c,9c4ba8d508a8e84af08b8e340a83657dfaf3ac0f,2026-02-25T11:44:14.494Z,49,Moderate Buying,Moderate Buying,v1.1,,scheduled_etl,B,65405.59,artifact_spot_price_usd,90,2026-02-25,2026-05-26,0,0.11924089892339695,0.3883970414034453,0.2469069857572561,0,0,0,2d09d2d77fbe6b7f6c5765b48188ed1d2a88db2b,h5-risk-outcome-v1
2026-02-26,efd1a15e8f03549127bd4cd88e0cded93926f7c7,665acecb6195da03cb24b662f41c2c1292e0b130,2026-02-26T11:44:20.553Z,51,Hold & Wait,Hold & Wait,v1.1,,scheduled_etl,B,68118.43,artifact_spot_price_usd,30,2026-02-26,2026-03-28,0.03449037213570527,0.11439075710205071,0.4983620093399315,0.33080685863228965,0,0,0,2d09d2d77fbe6b7f6c5765b48188ed1d2a88db2b,h5-risk-outcome-v1
2026-02-26,efd1a15e8f03549127bd4cd88e0cded93926f7c7,665acecb6195da03cb24b662f41c2c1292e0b130,2026-02-26T11:44:20.553Z,51,Hold & Wait,Hold & Wait,v1.1,,scheduled_etl,B,68118.43,artifact_spot_price_usd,90,2026-02-26,2026-05-27,0.03449037213570527,0.11924089892339695,0.3903692478994379,0.24976264453268585,0,0,0,2d09d2d77fbe6b7f6c5765b48188ed1d2a88db2b,h5-risk-outcome-v1
2026-02-27,03b6c89e8c5dd6f417569ffc01e19c5ae215e3f7,4a865529bc22e65d99456d956e9d1636be08f5eb,2026-02-27T11:38:29.551Z,51,Hold & Wait,Hold & Wait,v1.1,,scheduled_etl,B,66253.38,artifact_spot_price_usd,30,2026-02-27,2026-03-29,0.007311023226286739,0.11924089892339695,0.4915054811551049,0.3201919683577403,0,0,0,2d09d2d77fbe6b7f6c5765b48188ed1d2a88db2b,h5-risk-outcome-v1
2026-02-27,03b6c89e8c5dd6f417569ffc01e19c5ae215e3f7,4a865529bc22e65d99456d956e9d1636be08f5eb,2026-02-27T11:38:29.551Z,51,Hold & Wait,Hold & Wait,v1.1,,scheduled_etl,B,66253.38,artifact_spot_price_usd,90,2026-02-27,2026-05-28,0.007311023226286739,0.11924089892339695,0.3877051660178329,0.245834924719142,0,0,0,2d09d2d77fbe6b7f6c5765b48188ed1d2a88db2b,h5-risk-outcome-v1
2026-02-28,7fdade36ddebed1e9a49c2186b5456d4b16001d9,b6a882fa96dfc2ea97eab1505846a7ad9cfb4209,2026-02-28T11:26:23.540Z,52,Hold & Wait,Hold & Wait,v1.1,,scheduled_etl,B,64121.52,artifact_spot_price_usd,30,2026-02-28,2026-03-30,0,0.11924089892339695,0.48976563150473285,0.3201919683577403,0,0,0,2d09d2d77fbe6b7f6c5765b48188ed1d2a88db2b,h5-risk-outcome-v1
2026-02-28,7fdade36ddebed1e9a49c2186b5456d4b16001d9,b6a882fa96dfc2ea97eab1505846a7ad9cfb4209,2026-02-28T11:26:23.540Z,52,Hold & Wait,Hold & Wait,v1.1,,scheduled_etl,B,64121.52,artifact_spot_price_usd,90,2026-02-28,2026-05-29,0,0.11924089892339695,0.38648655368367435,0.2458674291413552,0,0,0,2d09d2d77fbe6b7f6c5765b48188ed1d2a88db2b,h5-risk-outcome-v1
2026-03-01,8ba60ce9a40fe4007f5e7d99ef0ab7b9ddc3cd88,73f38037872f41a8fd1c666718fda0d1f2bf110d,2026-03-01T11:27:26.028Z,54,Hold & Wait,Hold & Wait,v1.1,,scheduled_etl,B,66581.51,artifact_spot_price_usd,30,2026-03-01,2026-03-31,0.012203237805811229,0.11924089892339695,0.49117354107697325,0.3139311906204176,0,0,0,2d09d2d77fbe6b7f6c5765b48188ed1d2a88db2b,h5-risk-outcome-v1
2026-03-01,8ba60ce9a40fe4007f5e7d99ef0ab7b9ddc3cd88,73f38037872f41a8fd1c666718fda0d1f2bf110d,2026-03-01T11:27:26.028Z,54,Hold & Wait,Hold & Wait,v1.1,,scheduled_etl,B,66581.51,artifact_spot_price_usd,90,2026-03-01,2026-05-30,0.012203237805811229,0.11924089892339695,0.38464531119470696,0.2431613140703696,0,0,0,2d09d2d77fbe6b7f6c5765b48188ed1d2a88db2b,h5-risk-outcome-v1
2026-03-02,cab65356a9d3af0ca915f300dfea968fa2e82f0d,92a8f45ca10aefc38169fa36f7cc048a897df92c,2026-03-02T11:35:58.421Z,55,Hold & Wait,Hold & Wait,v1.1,,scheduled_etl,B,66129.73,artifact_spot_price_usd,30,2026-03-02,2026-04-01,0.0026128943819971884,0.11924089892339695,0.46537218806656416,0.3139811884731398,0,0,0,2d09d2d77fbe6b7f6c5765b48188ed1d2a88db2b,h5-risk-outcome-v1
2026-03-02,cab65356a9d3af0ca915f300dfea968fa2e82f0d,92a8f45ca10aefc38169fa36f7cc048a897df92c,2026-03-02T11:35:58.421Z,55,Hold & Wait,Hold & Wait,v1.1,,scheduled_etl,B,66129.73,artifact_spot_price_usd,90,2026-03-02,2026-05-31,0.0026128943819971884,0.11924089892339695,0.3741269448757951,0.2432200414250254,0,0,0,2d09d2d77fbe6b7f6c5765b48188ed1d2a88db2b,h5-risk-outcome-v1
2026-03-03,95269f5446835339d855c9aadcd18d503afa1c79,5e2b20edcb82e4923ab9ebb5b874b4e73b9facfe,2026-03-03T11:39:18.059Z,56,Hold & Wait,Hold & Wait,v1.1,,scheduled_etl,B,67014,artifact_spot_price_usd,30,2026-03-03,2026-04-02,0.015773718924403823,0.11924089892339695,0.4687811772348087,0.3192307142340186,0,0,0,2d09d2d77fbe6b7f6c5765b48188ed1d2a88db2b,h5-risk-outcome-v1
2026-03-03,95269f5446835339d855c9aadcd18d503afa1c79,5e2b20edcb82e4923ab9ebb5b874b4e73b9facfe,2026-03-03T11:39:18.059Z,56,Hold & Wait,Hold & Wait,v1.1,,scheduled_etl,B,67014,artifact_spot_price_usd,90,2026-03-03,2026-06-01,0.015773718924403823,0.13242787499122577,0.3792453850443306,0.2507867375277041,0,0,0,2d09d2d77fbe6b7f6c5765b48188ed1d2a88db2b,h5-risk-outcome-v1
2026-03-04,9ef6e636d5e4c06b564c6e50da86a14ed1ee4991,b2d2c3e39bcb406f916cbe12e010438b0ab2f361,2026-03-04T11:37:17.361Z,56,Hold & Wait,Hold & Wait,v1.1,,scheduled_etl,B,71063,artifact_spot_price_usd,30,2026-03-04,2026-04-03,0.07185258151217933,0.11924089892339695,0.4134547825251613,0.3192307142340186,0,0,0,2d09d2d77fbe6b7f6c5765b48188ed1d2a88db2b,h5-risk-outcome-v1
2026-03-04,9ef6e636d5e4c06b564c6e50da86a14ed1ee4991,b2d2c3e39bcb406f916cbe12e010438b0ab2f361,2026-03-04T11:37:17.361Z,56,Hold & Wait,Hold & Wait,v1.1,,scheduled_etl,B,71063,artifact_spot_price_usd,90,2026-03-04,2026-06-02,0.07185258151217933,0.189071069230057,0.38292750196023095,0.28527547299507044,0,0,0,2d09d2d77fbe6b7f6c5765b48188ed1d2a88db2b,h5-risk-outcome-v1
2026-03-05,f98eb6b1afc666fd406823f1fba0206b6d061c1d,4ee21e69bb7a0a1495f3121b1bbf8c988afca967,2026-03-05T11:39:48.566Z,59,Hold & Wait,Hold & Wait,v1.1,,scheduled_etl,B,72906.89,artifact_spot_price_usd,30,2026-03-05,2026-04-04,0.09532638136121285,0.11924089892339695,0.4065185161518814,0.30707426777539026,0,0,0,2d09d2d77fbe6b7f6c5765b48188ed1d2a88db2b,h5-risk-outcome-v1
2026-03-05,f98eb6b1afc666fd406823f1fba0206b6d061c1d,4ee21e69bb7a0a1495f3121b1bbf8c988afca967,2026-03-05T11:39:48.566Z,59,Hold & Wait,Hold & Wait,v1.1,,scheduled_etl,B,72906.89,artifact_spot_price_usd,90,2026-03-05,2026-06-03,0.12161936958221642,0.22092447943120197,0.3879179874339303,0.29215856108465016,1,0,0,2d09d2d77fbe6b7f6c5765b48188ed1d2a88db2b,h5-risk-outcome-v1
2026-03-07,ab870bafa8f1210d6952772eb9b6d196c094519d,27d42dab7fe1cd146fc43a23e6e01f07ded27ca7,2026-03-07T11:27:09.776Z,53,Hold & Wait,Hold & Wait,v1.1,,scheduled_etl,B,68150.18,artifact_spot_price_usd,30,2026-03-07,2026-04-06,0.032182453516630294,0.11924089892339695,0.390520700231111,0.2701417676539299,0,0,0,2d09d2d77fbe6b7f6c5765b48188ed1d2a88db2b,h5-risk-outcome-v1
2026-03-07,ab870bafa8f1210d6952772eb9b6d196c094519d,27d42dab7fe1cd146fc43a23e6e01f07ded27ca7,2026-03-07T11:27:09.776Z,53,Hold & Wait,Hold & Wait,v1.1,,scheduled_etl,B,68150.18,artifact_spot_price_usd,90,2026-03-07,2026-06-05,0.10444844019487542,0.2575181578489244,0.389180503756479,0.2937653588519858,1,0,0,2d09d2d77fbe6b7f6c5765b48188ed1d2a88db2b,h5-risk-outcome-v1
2026-03-08,90f9243262468da0bd946e01590d47c0da0d0cc4,09ff567b16373ded95cd1742f559abe13b9988c3,2026-03-08T11:28:09.047Z,56,Hold & Wait,Hold & Wait,v1.1,,scheduled_etl,B,67678.06,artifact_spot_price_usd,30,2026-03-08,2026-04-07,0.02543098900884566,0.11924089892339695,0.41001552804704094,0.2615729468140605,0,0,0,2d09d2d77fbe6b7f6c5765b48188ed1d2a88db2b,h5-risk-outcome-v1
2026-03-08,90f9243262468da0bd946e01590d47c0da0d0cc4,09ff567b16373ded95cd1742f559abe13b9988c3,2026-03-08T11:28:09.047Z,56,Hold & Wait,Hold & Wait,v1.1,,scheduled_etl,B,67678.06,artifact_spot_price_usd,90,2026-03-08,2026-06-06,0.10088321089582053,0.2597264306236534,0.38744033509170644,0.2912307413330002,1,0,0,2d09d2d77fbe6b7f6c5765b48188ed1d2a88db2b,h5-risk-outcome-v1
2026-03-09,56f8ee1f700f34eb101b307a66a0e2336386d7f6,1e3fcd6d1e51d4a8d7b2f0fd52d8e98f15b0143e,2026-03-09T11:38:53.644Z,57,Hold & Wait,Hold & Wait,v1.1,,scheduled_etl,B,67650,artifact_spot_price_usd,30,2026-03-09,2026-04-08,0.02502675535846266,0.11924089892339695,0.3947504806590231,0.2646455180676651,0,0,0,2d09d2d77fbe6b7f6c5765b48188ed1d2a88db2b,h5-risk-outcome-v1
2026-03-09,56f8ee1f700f34eb101b307a66a0e2336386d7f6,1e3fcd6d1e51d4a8d7b2f0fd52d8e98f15b0143e,2026-03-09T11:38:53.644Z,57,Hold & Wait,Hold & Wait,v1.1,,scheduled_etl,B,67650,artifact_spot_price_usd,90,2026-03-09,2026-06-07,0.10051027346637098,0.2597264306236534,0.38861054982758947,0.2912307413330002,1,0,0,2d09d2d77fbe6b7f6c5765b48188ed1d2a88db2b,h5-risk-outcome-v1
2026-03-10,f0cb61adb665ece11d2ed499e59a0b1dab69d52b,665eb1a5ce926e454675ee8aafcd873fe70e248a,2026-03-10T11:38:44.498Z,52,Hold & Wait,Hold & Wait,v1.1,,scheduled_etl,B,70620.48,artifact_spot_price_usd,30,2026-03-10,2026-04-09,0.06603665112443291,0.11924089892339695,0.3891179413440027,0.2646455180676651,0,0,0,2d09d2d77fbe6b7f6c5765b48188ed1d2a88db2b,h5-risk-outcome-v1
2026-03-10,f0cb61adb665ece11d2ed499e59a0b1dab69d52b,665eb1a5ce926e454675ee8aafcd873fe70e248a,2026-03-10T11:38:44.498Z,52,Hold & Wait,Hold & Wait,v1.1,,scheduled_etl,B,70620.48,artifact_spot_price_usd,90,2026-03-10,2026-06-08,0.13834513727462616,0.2597264306236534,0.38585638959831303,0.29133097836364874,1,0,0,2d09d2d77fbe6b7f6c5765b48188ed1d2a88db2b,h5-risk-outcome-v1
2026-03-11,d0ca1f7a916e10881bca5d1242dc813ef9114ea1,db9e38b49fcf26ca1b9024dfe366627f2fc9d294,2026-03-11T11:39:16.966Z,57,Hold & Wait,Hold & Wait,v1.1,,scheduled_etl,B,69512,artifact_spot_price_usd,30,2026-03-11,2026-04-10,0.051143111980665124,0.11924089892339695,0.3927596031020581,0.2646455180676651,0,0,0,2d09d2d77fbe6b7f6c5765b48188ed1d2a88db2b,h5-risk-outcome-v1
2026-03-11,d0ca1f7a916e10881bca5d1242dc813ef9114ea1,db9e38b49fcf26ca1b9024dfe366627f2fc9d294,2026-03-11T11:39:16.966Z,57,Hold & Wait,Hold & Wait,v1.1,,scheduled_etl,B,69512,artifact_spot_price_usd,90,2026-03-11,2026-06-09,0.12460467257451946,0.2597264306236534,0.38799849079213566,0.29470486321393347,1,0,0,2d09d2d77fbe6b7f6c5765b48188ed1d2a88db2b,h5-risk-outcome-v1
2026-03-12,48418b162babb097e24cd08af948ef973bf8b26c,8f93f0641d630dc680bb51743ba9a92442801fa3,2026-03-12T11:36:52.002Z,56,Hold & Wait,Hold & Wait,v1.1,,scheduled_etl,B,70555.99,artifact_spot_price_usd,30,2026-03-12,2026-04-11,0.06518298446382798,0.11924089892339695,0.3925851816644831,0.2646455180676651,0,0,0,2d09d2d77fbe6b7f6c5765b48188ed1d2a88db2b,h5-risk-outcome-v1
2026-03-12,48418b162babb097e24cd08af948ef973bf8b26c,8f93f0641d630dc680bb51743ba9a92442801fa3,2026-03-12T11:36:52.002Z,56,Hold & Wait,Hold & Wait,v1.1,,scheduled_etl,B,70555.99,artifact_spot_price_usd,90,2026-03-12,2026-06-10,0.13755756244083606,0.2597264306236534,0.38783404509323977,0.29480623778373327,1,0,0,2d09d2d77fbe6b7f6c5765b48188ed1d2a88db2b,h5-risk-outcome-v1
2026-03-13,0f28fa16f7479c51c4f82ff05e66396e851a6033,157360a40935a036bbf76590ba12a811f6004d82,2026-03-13T11:37:20.675Z,53,Hold & Wait,Hold & Wait,v1.1,,scheduled_etl,B,72347.78,artifact_spot_price_usd,30,2026-03-13,2026-04-12,0.08833498415569896,0.11924089892339695,0.4086541306116633,0.2877779922289471,0,0,0,2d09d2d77fbe6b7f6c5765b48188ed1d2a88db2b,h5-risk-outcome-v1
2026-03-13,0f28fa16f7479c51c4f82ff05e66396e851a6033,157360a40935a036bbf76590ba12a811f6004d82,2026-03-13T11:37:20.675Z,53,Hold & Wait,Hold & Wait,v1.1,,scheduled_etl,B,72347.78,artifact_spot_price_usd,90,2026-03-13,2026-06-11,0.15891710844479257,0.2597264306236534,0.39399126624041503,0.29480623778373327,1,0,0,2d09d2d77fbe6b7f6c5765b48188ed1d2a88db2b,h5-risk-outcome-v1
2026-03-14,f4bf18c99c070d2c994110ddb1174de5a08def0f,54b042fa410d43eed02d6243c44ab0925e1b1073,2026-03-14T11:30:38.668Z,56,Hold & Wait,Hold & Wait,v1.1,,scheduled_etl,B,70719.48,artifact_spot_price_usd,30,2026-03-14,2026-04-13,0.0673441037745186,0.11924089892339695,0.4443720123934084,0.2877779922289471,0,0,0,2d09d2d77fbe6b7f6c5765b48188ed1d2a88db2b,h5-risk-outcome-v1
2026-03-14,f4bf18c99c070d2c994110ddb1174de5a08def0f,54b042fa410d43eed02d6243c44ab0925e1b1073,2026-03-14T11:30:38.668Z,56,Hold & Wait,Hold & Wait,v1.1,,scheduled_etl,B,70719.48,artifact_spot_price_usd,90,2026-03-14,2026-06-12,0.1395513654794972,0.2597264306236534,0.39385082765863483,0.29480730136744693,1,0,0,2d09d2d77fbe6b7f6c5765b48188ed1d2a88db2b,h5-risk-outcome-v1
2026-03-15,f58220352b2c618734df20c1a64a46f75b8d04b7,e7169b772bd5a514c1657bd881eeee2af9656b69,2026-03-15T11:33:17.598Z,58,Hold & Wait,Hold & Wait,v1.1,,scheduled_etl,B,71740.65,artifact_spot_price_usd,30,2026-03-15,2026-04-14,0.08061970444929045,0.11924089892339695,0.4385068659628144,0.28805066870709517,0,0,0,2d09d2d77fbe6b7f6c5765b48188ed1d2a88db2b,h5-risk-outcome-v1
2026-03-15,f58220352b2c618734df20c1a64a46f75b8d04b7,e7169b772bd5a514c1657bd881eeee2af9656b69,2026-03-15T11:33:17.598Z,58,Hold & Wait,Hold & Wait,v1.1,,scheduled_etl,B,71740.65,artifact_spot_price_usd,90,2026-03-15,2026-06-13,0.15179915431488278,0.2597264306236534,0.39220109117878127,0.29480730136744693,1,0,0,2d09d2d77fbe6b7f6c5765b48188ed1d2a88db2b,h5-risk-outcome-v1
2026-03-16,b8b3baea747c48e62de1f3ea928d629fbfaba0ee,9f51d8f4f6c8c6c887d672c98f3a050755449587,2026-03-16T11:52:46.189Z,58,Hold & Wait,Hold & Wait,v1.1,,scheduled_etl,B,73605.53,artifact_spot_price_usd,30,2026-03-16,2026-04-15,0.10391325217004754,0.11924089892339695,0.4288800135771168,0.28805066870709517,1,0,0,2d09d2d77fbe6b7f6c5765b48188ed1d2a88db2b,h5-risk-outcome-v1
2026-03-16,b8b3baea747c48e62de1f3ea928d629fbfaba0ee,9f51d8f4f6c8c6c887d672c98f3a050755449587,2026-03-16T11:52:46.189Z,58,Hold & Wait,Hold & Wait,v1.1,,scheduled_etl,B,73605.53,artifact_spot_price_usd,90,2026-03-16,2026-06-14,0.17328928954115264,0.2597264306236534,0.3900571330336479,0.29480730136744693,1,0,0,2d09d2d77fbe6b7f6c5765b48188ed1d2a88db2b,h5-risk-outcome-v1
2026-03-17,0c04564813ef3b696863b1c616287347be902a1b,1145685a9a6ad535317f9187abcc418323c02144,2026-03-17T11:48:22.224Z,55,Hold & Wait,Hold & Wait,v1.1,,scheduled_etl,B,74114.13,artifact_spot_price_usd,30,2026-03-17,2026-04-16,0.11006254812678773,0.11006254812678773,0.42669185685829397,0.28457008017735486,1,0,0,2d09d2d77fbe6b7f6c5765b48188ed1d2a88db2b,h5-risk-outcome-v1
2026-03-17,0c04564813ef3b696863b1c616287347be902a1b,1145685a9a6ad535317f9187abcc418323c02144,2026-03-17T11:48:22.224Z,55,Hold & Wait,Hold & Wait,v1.1,,scheduled_etl,B,74114.13,artifact_spot_price_usd,90,2026-03-17,2026-06-15,0.17896250013324044,0.2597264306236534,0.38989093511832074,0.2936783828205108,1,0,0,2d09d2d77fbe6b7f6c5765b48188ed1d2a88db2b,h5-risk-outcome-v1
2026-03-18,fef0f6d2588eb15e4c182aac99fdb2d029e4cdd1,fa732908d4f707097e3e952809375830d5a791b2,2026-03-18T11:51:31.358Z,51,Hold & Wait,Hold & Wait,v1.1,,scheduled_etl,B,73086.85,artifact_spot_price_usd,30,2026-03-18,2026-04-17,0.09755393754143193,0.09755393754143193,0.4132887116673323,0.25353399277051203,0,0,0,2d09d2d77fbe6b7f6c5765b48188ed1d2a88db2b,h5-risk-outcome-v1
2026-03-18,fef0f6d2588eb15e4c182aac99fdb2d029e4cdd1,fa732908d4f707097e3e952809375830d5a791b2,2026-03-18T11:51:31.358Z,51,Hold & Wait,Hold & Wait,v1.1,,scheduled_etl,B,73086.85,artifact_spot_price_usd,90,2026-03-18,2026-06-16,0.1674223201574565,0.2597264306236534,0.3835204807936623,0.28475695909872034,1,0,0,2d09d2d77fbe6b7f6c5765b48188ed1d2a88db2b,h5-risk-outcome-v1
2026-03-19,13eb76987ded7d54a0956a942cbdc1aabc11cd70,f171f9f541933389b28c2b12d1b68b67ff4000a0,2026-03-19T11:41:25.362Z,54,Hold & Wait,Hold & Wait,v1.1,,scheduled_etl,B,70048.24,artifact_spot_price_usd,30,2026-03-19,2026-04-18,0.05840689216459971,0.07495757804916658,0.4126810031010924,0.2526677155430456,0,0,0,2d09d2d77fbe6b7f6c5765b48188ed1d2a88db2b,h5-risk-outcome-v1
2026-03-19,13eb76987ded7d54a0956a942cbdc1aabc11cd70,f171f9f541933389b28c2b12d1b68b67ff4000a0,2026-03-19T11:41:25.362Z,54,Hold & Wait,Hold & Wait,v1.1,,scheduled_etl,B,70048.24,artifact_spot_price_usd,90,2026-03-19,2026-06-17,0.1313060827795245,0.2597264306236534,0.3833731528144238,0.2845481721014452,1,0,0,2d09d2d77fbe6b7f6c5765b48188ed1d2a88db2b,h5-risk-outcome-v1
2026-03-20,6afc2c728cc9c352be244011f3872b024bc8258d,3fc7926748d733039eecf765549e0db8b2dfcfa7,2026-03-20T11:37:34.712Z,50,Hold & Wait,Hold & Wait,v1.1,,scheduled_etl,B,70679.21,artifact_spot_price_usd,30,2026-03-20,2026-04-19,0.06681271621457008,0.07495757804916658,0.42329321175449586,0.2679732543228695,0,0,0,2d09d2d77fbe6b7f6c5765b48188ed1d2a88db2b,h5-risk-outcome-v1
2026-03-20,6afc2c728cc9c352be244011f3872b024bc8258d,3fc7926748d733039eecf765549e0db8b2dfcfa7,2026-03-20T11:37:34.712Z,50,Hold & Wait,Hold & Wait,v1.1,,scheduled_etl,B,70679.21,artifact_spot_price_usd,90,2026-03-20,2026-06-18,0.13906111853825198,0.2597264306236534,0.38583266960575635,0.2888340215717229,1,0,0,2d09d2d77fbe6b7f6c5765b48188ed1d2a88db2b,h5-risk-outcome-v1
2026-03-21,2bc7811899c22eb9a3d6ad793dc8ad3fc1a3a6ed,d733c0fb830ce07a7e906904b8a288b73dabc8fd,2026-03-21T11:29:50.532Z,50,Hold & Wait,Hold & Wait,v1.1,,scheduled_etl,B,70599.42,artifact_spot_price_usd,30,2026-03-21,2026-04-20,0.06575804730407131,0.07495757804916658,0.423150029019792,0.2559655579062269,0,0,0,2d09d2d77fbe6b7f6c5765b48188ed1d2a88db2b,h5-risk-outcome-v1
2026-03-21,2bc7811899c22eb9a3d6ad793dc8ad3fc1a3a6ed,d733c0fb830ce07a7e906904b8a288b73dabc8fd,2026-03-21T11:29:50.532Z,50,Hold & Wait,Hold & Wait,v1.1,,scheduled_etl,B,70599.42,artifact_spot_price_usd,90,2026-03-21,2026-06-19,0.13808810327336962,0.2597264306236534,0.3839477617901099,0.28518063156167067,1,0,0,2d09d2d77fbe6b7f6c5765b48188ed1d2a88db2b,h5-risk-outcome-v1
2026-03-22,f2d9f8cfffb36cd8e6afda0317a3390bbaa9131d,b9605f343e2c4ebb0ef790c0f80fca0f105013f6,2026-03-22T11:30:25.379Z,50,Hold & Wait,Hold & Wait,v1.1,,scheduled_etl,B,68411.71,artifact_spot_price_usd,30,2026-03-22,2026-04-21,0.035882307283358394,0.07495757804916658,0.41794315048037156,0.2501105364649301,0,0,0,2d09d2d77fbe6b7f6c5765b48188ed1d2a88db2b,h5-risk-outcome-v1
2026-03-22,f2d9f8cfffb36cd8e6afda0317a3390bbaa9131d,b9605f343e2c4ebb0ef790c0f80fca0f105013f6,2026-03-22T11:30:25.379Z,50,Hold & Wait,Hold & Wait,v1.1,,scheduled_etl,B,68411.71,artifact_spot_price_usd,90,2026-03-22,2026-06-20,0.11052537643043858,0.2597264306236534,0.38360551358664846,0.2834436401769432,1,0,0,2d09d2d77fbe6b7f6c5765b48188ed1d2a88db2b,h5-risk-outcome-v1
2026-03-23,82aa6a90ae0f7d443c1803060ec053cc42f718ed,6ffce9f46e1f726dd9385d4c34779191ab3affcc,2026-03-23T11:49:52.823Z,50,Hold & Wait,Hold & Wait,v1.1,,scheduled_etl,B,70242.6,artifact_spot_price_usd,30,2026-03-23,2026-04-22,0.061012263213491624,0.07495757804916658,0.4002897965357954,0.2501105364649301,0,0,0,2d09d2d77fbe6b7f6c5765b48188ed1d2a88db2b,h5-risk-outcome-v1
2026-03-23,82aa6a90ae0f7d443c1803060ec053cc42f718ed,6ffce9f46e1f726dd9385d4c34779191ab3affcc,2026-03-23T11:49:52.823Z,50,Hold & Wait,Hold & Wait,v1.1,,scheduled_etl,B,70242.6,artifact_spot_price_usd,90,2026-03-23,2026-06-21,0.13370974309037542,0.2597264306236534,0.37408261950958754,0.2851557592228656,1,0,0,2d09d2d77fbe6b7f6c5765b48188ed1d2a88db2b,h5-risk-outcome-v1
2026-03-24,02fa4f8d6f92a4a8923ef9e0b258539faa8fd8aa,9884815c488d9af090a0004279342320f225c91e,2026-03-24T11:50:13.804Z,46,Moderate Buying,Moderate Buying,v1.1,,scheduled_etl,B,71297.6,artifact_spot_price_usd,30,2026-03-24,2026-04-23,0.07490658872107903,0.07495757804916658,0.39935853107433794,0.24954499744009578,0,0,0,2d09d2d77fbe6b7f6c5765b48188ed1d2a88db2b,h5-risk-outcome-v1
2026-03-24,02fa4f8d6f92a4a8923ef9e0b258539faa8fd8aa,9884815c488d9af090a0004279342320f225c91e,2026-03-24T11:50:13.804Z,46,Moderate Buying,Moderate Buying,v1.1,,scheduled_etl,B,71297.6,artifact_spot_price_usd,90,2026-03-24,2026-06-22,0.14652835439061063,0.2597264306236534,0.3748462735473757,0.28499055326478745,1,0,0,2d09d2d77fbe6b7f6c5765b48188ed1d2a88db2b,h5-risk-outcome-v1
2026-03-25,e729a533c5a9a76d2022bd4fa126466d73505824,2e480e6398c427c1fe9f32a017e21c89530d80bd,2026-03-25T11:47:55.469Z,50,Hold & Wait,Hold & Wait,v1.1,,scheduled_etl,B,71800.51,artifact_spot_price_usd,30,2026-03-25,2026-04-24,0.08138619071090158,0.08138619071090158,0.4012829022666993,0.25223053671515594,0,0,0,2d09d2d77fbe6b7f6c5765b48188ed1d2a88db2b,h5-risk-outcome-v1
2026-03-25,e729a533c5a9a76d2022bd4fa126466d73505824,2e480e6398c427c1fe9f32a017e21c89530d80bd,2026-03-25T11:47:55.469Z,50,Hold & Wait,Hold & Wait,v1.1,,scheduled_etl,B,71800.51,artifact_spot_price_usd,90,2026-03-25,2026-06-23,0.15250629835359097,0.2597264306236534,0.3760818992019269,0.28800269485859603,1,0,0,2d09d2d77fbe6b7f6c5765b48188ed1d2a88db2b,h5-risk-outcome-v1
2026-03-26,745c2223c5603e5981f2bfd78058cb43634db599,81035753b22df3f9c087bcc259e6be9b435b4866,2026-03-26T11:54:54.675Z,55,Hold & Wait,Hold & Wait,v1.1,,scheduled_etl,B,69321.14,artifact_spot_price_usd,30,2026-03-26,2026-04-25,0.04853065024608649,0.04853065024608649,0.3768142980711249,0.21842131624847339,0,0,0,2d09d2d77fbe6b7f6c5765b48188ed1d2a88db2b,h5-risk-outcome-v1
2026-03-26,745c2223c5603e5981f2bfd78058cb43634db599,81035753b22df3f9c087bcc259e6be9b435b4866,2026-03-26T11:54:54.675Z,55,Hold & Wait,Hold & Wait,v1.1,,scheduled_etl,B,69321.14,artifact_spot_price_usd,90,2026-03-26,2026-06-24,0.12219447054679133,0.2597264306236534,0.3730537155937682,0.28385323428390774,1,0,0,2d09d2d77fbe6b7f6c5765b48188ed1d2a88db2b,h5-risk-outcome-v1
2026-03-27,99d4199228cd8dc280d65e54e8b49b6d32af4ce5,2a7c695bf2438ed16423ee6ca778492ccef20669,2026-03-27T11:47:14.451Z,60,Hold & Wait,Hold & Wait,v1.1,,scheduled_etl,B,66692.69,artifact_spot_price_usd,30,2026-03-27,2026-04-26,0.011031943680784195,0.04247671243395257,0.35033602666561736,0.17930437680952793,0,0,0,2d09d2d77fbe6b7f6c5765b48188ed1d2a88db2b,h5-risk-outcome-v1
2026-03-27,99d4199228cd8dc280d65e54e8b49b6d32af4ce5,2a7c695bf2438ed16423ee6ca778492ccef20669,2026-03-27T11:47:14.451Z,60,Hold & Wait,Hold & Wait,v1.1,,scheduled_etl,B,66692.69,artifact_spot_price_usd,90,2026-03-27,2026-06-25,0.10479469339143466,0.27367813548395814,0.3687202771720727,0.2778671574608826,1,0,0,2d09d2d77fbe6b7f6c5765b48188ed1d2a88db2b,h5-risk-outcome-v1
2026-03-28,578519eb3b98bb9a30c2749387cfedb3e026737b,8f23ae8312b6085fc96df52818395d77e7952be8,2026-03-28T11:35:13.687Z,55,Hold & Wait,Hold & Wait,v1.1,,scheduled_etl,B,66272,artifact_spot_price_usd,30,2026-03-28,2026-04-27,0.004754043940125463,0.04247671243395257,0.35819188862459056,0.18861131293714328,0,0,0,2d09d2d77fbe6b7f6c5765b48188ed1d2a88db2b,h5-risk-outcome-v1
2026-03-28,578519eb3b98bb9a30c2749387cfedb3e026737b,8f23ae8312b6085fc96df52818395d77e7952be8,2026-03-28T11:35:13.687Z,55,Hold & Wait,Hold & Wait,v1.1,,scheduled_etl,B,66272,artifact_spot_price_usd,90,2026-03-28,2026-06-26,0.09911199299855145,0.27367813548395814,0.3689250355792294,0.27786533066183744,0,0,0,2d09d2d77fbe6b7f6c5765b48188ed1d2a88db2b,h5-risk-outcome-v1
2026-03-31,d6312269a38db11da92d5b125176b7e14cd10fd9,4fea4aec349e6313ac7dc8a0ef26bb2d5d3f1109,2026-03-31T11:54:39.642Z,56,Hold & Wait,Hold & Wait,v1.1,,scheduled_etl,B,66523.58,artifact_spot_price_usd,30,2026-03-31,2026-04-30,0,0.04247671243395257,0.3584273169898323,0.19528381225963384,0,0,0,2d09d2d77fbe6b7f6c5765b48188ed1d2a88db2b,h5-risk-outcome-v1
2026-03-31,d6312269a38db11da92d5b125176b7e14cd10fd9,4fea4aec349e6313ac7dc8a0ef26bb2d5d3f1109,2026-03-31T11:54:39.642Z,56,Hold & Wait,Hold & Wait,v1.1,,scheduled_etl,B,66523.58,artifact_spot_price_usd,90,2026-03-31,2026-06-29,0.10597099554774414,0.27647180978975794,0.36603685000432895,0.27808922051807766,1,0,0,2d09d2d77fbe6b7f6c5765b48188ed1d2a88db2b,h5-risk-outcome-v1
2026-04-01,b732c5ff4b27d2c99206e6d86c404bc0bddd6aa6,ffe5945b8197ee49be9a9fded26680528b26571a,2026-04-01T11:56:36.701Z,61,Hold & Wait,Hold & Wait,v1.1,,scheduled_etl,B,68703.71,artifact_spot_price_usd,30,2026-04-01,2026-05-01,0.02633380351657877,0.04247671243395257,0.36512665839404096,0.19520341457055387,0,0,0,2d09d2d77fbe6b7f6c5765b48188ed1d2a88db2b,h5-risk-outcome-v1
2026-04-01,b732c5ff4b27d2c99206e6d86c404bc0bddd6aa6,ffe5945b8197ee49be9a9fded26680528b26571a,2026-04-01T11:56:36.701Z,61,Hold & Wait,Hold & Wait,v1.1,,scheduled_etl,B,68703.71,artifact_spot_price_usd,90,2026-04-01,2026-06-30,0.1481692910033534,0.2880299620474407,0.36978449118168716,0.2835778376501758,1,0,0,2d09d2d77fbe6b7f6c5765b48188ed1d2a88db2b,h5-risk-outcome-v1
2026-04-02,06bb979d0135e91050848ec39f9efae2036602a1,5c5e38826e21223c988a74de0e80ecce02976c24,2026-04-02T11:52:06.998Z,58,Hold & Wait,Hold & Wait,v1.1,,scheduled_etl,B,66335.01,artifact_spot_price_usd,30,2026-04-02,2026-05-02,0,0.04247671243395257,0.3561681456581191,0.18478071821901718,0,0,0,2d09d2d77fbe6b7f6c5765b48188ed1d2a88db2b,h5-risk-outcome-v1
2026-04-02,06bb979d0135e91050848ec39f9efae2036602a1,5c5e38826e21223c988a74de0e80ecce02976c24,2026-04-02T11:52:06.998Z,58,Hold & Wait,Hold & Wait,v1.1,,scheduled_etl,B,66335.01,artifact_spot_price_usd,90,2026-04-02,2026-07-01,0.11775199852988638,0.2880299620474407,0.3718956351597076,0.2812405321574285,1,0,0,2d09d2d77fbe6b7f6c5765b48188ed1d2a88db2b,h5-risk-outcome-v1
2026-04-03,98afb36f80636253b2392313d2b4364bad0a8dc5,b80747b670a170d63a5e2d79bb53796fd5163347,2026-04-03T11:42:12.843Z,62,Hold & Wait,Hold & Wait,v1.1,,scheduled_etl,B,66979.08,artifact_spot_price_usd,30,2026-04-03,2026-05-03,0.00028501436567951455,0.04247671243395257,0.35666084052254354,0.18486183079763968,0,0,0,2d09d2d77fbe6b7f6c5765b48188ed1d2a88db2b,h5-risk-outcome-v1
2026-04-03,98afb36f80636253b2392313d2b4364bad0a8dc5,b80747b670a170d63a5e2d79bb53796fd5163347,2026-04-03T11:42:12.843Z,62,Hold & Wait,Hold & Wait,v1.1,,scheduled_etl,B,66979.08,artifact_spot_price_usd,90,2026-04-03,2026-07-02,0.12623568433606436,0.2880299620474407,0.3755848370789805,0.2812405321574285,1,0,0,2d09d2d77fbe6b7f6c5765b48188ed1d2a88db2b,h5-risk-outcome-v1
2026-04-07,063f1a8f2aa1c1ccfd917027ba6795ec0be14f2c,2c9741f344c97f5e97286ab69b485a6d96ed0cf7,2026-04-07T11:57:05.407Z,58,Hold & Wait,Hold & Wait,v1.1,,scheduled_etl,B,68343.78,artifact_spot_price_usd,30,2026-04-07,2026-05-07,0,0.04247671243395257,0.33412008086833855,0.19480293278343405,0,0,0,2d09d2d77fbe6b7f6c5765b48188ed1d2a88db2b,h5-risk-outcome-v1
2026-04-07,063f1a8f2aa1c1ccfd917027ba6795ec0be14f2c,2c9741f344c97f5e97286ab69b485a6d96ed0cf7,2026-04-07T11:57:05.407Z,58,Hold & Wait,Hold & Wait,v1.1,,scheduled_etl,B,68343.78,artifact_spot_price_usd,90,2026-04-07,2026-07-06,0.14368315595069514,0.2880299620474407,0.3637759952557959,0.2812057500227391,1,0,0,2d09d2d77fbe6b7f6c5765b48188ed1d2a88db2b,h5-risk-outcome-v1
2026-04-08,dc6db82f8c89464a34ede61146493ed41fb27eff,45d9581c8cca3644fee85641639eab9e04450e27,2026-04-08T11:58:40.888Z,63,Hold & Wait,Hold & Wait,v1.1,,scheduled_etl,B,71713.17,artifact_spot_price_usd,30,2026-04-08,2026-05-08,0.013356263570554638,0.04247671243395257,0.3298638250645729,0.19060781435375515,0,0,0,2d09d2d77fbe6b7f6c5765b48188ed1d2a88db2b,h5-risk-outcome-v1
2026-04-08,dc6db82f8c89464a34ede61146493ed41fb27eff,45d9581c8cca3644fee85641639eab9e04450e27,2026-04-08T11:58:40.888Z,63,Hold & Wait,Hold & Wait,v1.1,,scheduled_etl,B,71713.17,artifact_spot_price_usd,90,2026-04-08,2026-07-07,0.18391656651072597,0.2880299620474407,0.3636810159967301,0.2810667024593785,1,0,0,2d09d2d77fbe6b7f6c5765b48188ed1d2a88db2b,h5-risk-outcome-v1
2026-04-09,a4ca31d384f02c78ade21f351274bcbfb40d4d84,b8b8c3997e71b81bde4a7c0f835e2b38f7e3f72c,2026-04-09T11:58:30.562Z,58,Hold & Wait,Hold & Wait,v1.1,,scheduled_etl,B,71156.16,artifact_spot_price_usd,30,2026-04-09,2026-05-09,0.005632822232115919,0.04247671243395257,0.32925897668177634,0.19060781435375515,0,0,0,2d09d2d77fbe6b7f6c5765b48188ed1d2a88db2b,h5-risk-outcome-v1
2026-04-09,a4ca31d384f02c78ade21f351274bcbfb40d4d84,b8b8c3997e71b81bde4a7c0f835e2b38f7e3f72c,2026-04-09T11:58:30.562Z,58,Hold & Wait,Hold & Wait,v1.1,,scheduled_etl,B,71156.16,artifact_spot_price_usd,90,2026-04-09,2026-07-08,0.1775282702158183,0.2880299620474407,0.3643571569641009,0.2832157291122602,1,0,0,2d09d2d77fbe6b7f6c5765b48188ed1d2a88db2b,h5-risk-outcome-v1
2026-04-10,80826f6074f40db3e75d0cf02a9740bfd5e907e4,1eb47357f003049bb6bd91e89600669bdec772eb,2026-04-10T11:53:43.249Z,62,Hold & Wait,Hold & Wait,v1.1,,scheduled_etl,B,72240.26,artifact_spot_price_usd,30,2026-04-10,2026-05-10,0.02055515857777901,0.04247671243395257,0.3304793101959325,0.19060781435375515,0,0,0,2d09d2d77fbe6b7f6c5765b48188ed1d2a88db2b,h5-risk-outcome-v1
2026-04-10,80826f6074f40db3e75d0cf02a9740bfd5e907e4,1eb47357f003049bb6bd91e89600669bdec772eb,2026-04-10T11:53:43.249Z,62,Hold & Wait,Hold & Wait,v1.1,,scheduled_etl,B,72240.26,artifact_spot_price_usd,90,2026-04-10,2026-07-09,0.18987099437349753,0.2880299620474407,0.3640436237764182,0.2832157291122602,1,0,0,2d09d2d77fbe6b7f6c5765b48188ed1d2a88db2b,h5-risk-outcome-v1
2026-04-11,d5c651ca0c979820ba95de82a0b4357f326c92e0,8c277f773b4df9a53e2cfeb056cec10ec4bfe7b0,2026-04-11T11:37:11.720Z,60,Hold & Wait,Hold & Wait,v1.1,,scheduled_etl,B,72874.69,artifact_spot_price_usd,30,2026-04-11,2026-05-11,0.029081976197771753,0.04247671243395257,0.3320482184479675,0.19166743475690706,0,0,0,2d09d2d77fbe6b7f6c5765b48188ed1d2a88db2b,h5-risk-outcome-v1
2026-04-11,d5c651ca0c979820ba95de82a0b4357f326c92e0,8c277f773b4df9a53e2cfeb056cec10ec4bfe7b0,2026-04-11T11:37:11.720Z,60,Hold & Wait,Hold & Wait,v1.1,,scheduled_etl,B,72874.69,artifact_spot_price_usd,90,2026-04-11,2026-07-10,0.19692378794338616,0.2880299620474407,0.3655164186849433,0.2832157291122602,1,0,0,2d09d2d77fbe6b7f6c5765b48188ed1d2a88db2b,h5-risk-outcome-v1
2026-04-13,e35fb5d25f928965f189243db4bfcdfdb90bcafe,06d454acc445520d473cf151bf69358aefb2cfb9,2026-04-13T12:07:51.892Z,58,Hold & Wait,Hold & Wait,v1.1,,scheduled_etl,B,70896.98,artifact_spot_price_usd,30,2026-04-13,2026-05-13,0,0.04247671243395257,0.27397170711902874,0.17187618991672768,0,0,0,2d09d2d77fbe6b7f6c5765b48188ed1d2a88db2b,h5-risk-outcome-v1
2026-04-13,e35fb5d25f928965f189243db4bfcdfdb90bcafe,06d454acc445520d473cf151bf69358aefb2cfb9,2026-04-13T12:07:51.892Z,58,Hold & Wait,Hold & Wait,v1.1,,scheduled_etl,B,70896.98,artifact_spot_price_usd,90,2026-04-13,2026-07-12,0.174521538152965,0.2880299620474407,0.3444826049716881,0.2758221655165349,1,0,0,2d09d2d77fbe6b7f6c5765b48188ed1d2a88db2b,h5-risk-outcome-v1
2026-04-14,7aacfb8666b078bc2681d43f55d4213acc38a20d,5818b3b948b422e2a9f614db9943a8b89582a08c,2026-04-14T12:39:11.955Z,60,Hold & Wait,Hold & Wait,v1.1,,scheduled_etl,B,74347.65,artifact_spot_price_usd,30,2026-04-14,2026-05-14,0.0070548295743039224,0.04247671243395257,0.28173880152178465,0.17141881381286686,0,0,0,2d09d2d77fbe6b7f6c5765b48188ed1d2a88db2b,h5-risk-outcome-v1
2026-04-14,7aacfb8666b078bc2681d43f55d4213acc38a20d,5818b3b948b422e2a9f614db9943a8b89582a08c,2026-04-14T12:39:11.955Z,60,Hold & Wait,Hold & Wait,v1.1,,scheduled_etl,B,74347.65,artifact_spot_price_usd,90,2026-04-14,2026-07-13,0.21283416489963025,0.2880299620474407,0.34719595471411513,0.2797315904369687,1,1,0,2d09d2d77fbe6b7f6c5765b48188ed1d2a88db2b,h5-risk-outcome-v1
2026-04-15,b85e003ed1f6f4e3e56e84bd8b40d8a844282687,2236de110dfbc8e03eaf44a491f08ace89d8bfb7,2026-04-15T11:59:40.385Z,59,Hold & Wait,Hold & Wait,v1.1,,scheduled_etl,B,74218.25,artifact_spot_price_usd,30,2026-04-15,2026-05-15,0.005323623232830199,0.04247671243395257,0.2969311058211261,0.19270609135119185,0,0,0,2d09d2d77fbe6b7f6c5765b48188ed1d2a88db2b,h5-risk-outcome-v1
2026-04-15,b85e003ed1f6f4e3e56e84bd8b40d8a844282687,2236de110dfbc8e03eaf44a491f08ace89d8bfb7,2026-04-15T11:59:40.385Z,59,Hold & Wait,Hold & Wait,v1.1,,scheduled_etl,B,74218.25,artifact_spot_price_usd,90,2026-04-15,2026-07-14,0.21146173616327524,0.2880299620474407,0.35797725013214543,0.2797315904369687,1,1,0,2d09d2d77fbe6b7f6c5765b48188ed1d2a88db2b,h5-risk-outcome-v1
2026-04-16,3f6620d93d9efc0a28c07854887f160795a531ea,ef6ca3dc4a3b13db8169fba3be09561dac05ec23,2026-04-16T12:02:44.471Z,52,Hold & Wait,Hold & Wait,v1.1,,scheduled_etl,B,74678.22,artifact_spot_price_usd,30,2026-04-16,2026-05-16,0.01145019257288138,0.049811928200964584,0.3005835522448011,0.19729501642418276,0,0,0,2d09d2d77fbe6b7f6c5765b48188ed1d2a88db2b,h5-risk-outcome-v1
2026-04-16,3f6620d93d9efc0a28c07854887f160795a531ea,ef6ca3dc4a3b13db8169fba3be09561dac05ec23,2026-04-16T12:02:44.471Z,52,Hold & Wait,Hold & Wait,v1.1,,scheduled_etl,B,74678.22,artifact_spot_price_usd,90,2026-04-16,2026-07-15,0.21631862676962577,0.2880299620474407,0.3578128484037716,0.279859086168866,1,1,0,2d09d2d77fbe6b7f6c5765b48188ed1d2a88db2b,h5-risk-outcome-v1
2026-04-17,a68b4ff89fda1478454ceede05ac4dce2819ad1a,e4b6819ae8ce3952d299c85ba3a524ceb0fe0df3,2026-04-17T11:56:35.442Z,56,Hold & Wait,Hold & Wait,v1.1,,scheduled_etl,B,75569,artifact_spot_price_usd,30,2026-04-17,2026-05-17,0.02310285963821146,0.05830171025568265,0.2899343418247245,0.19976324956815694,0,0,0,2d09d2d77fbe6b7f6c5765b48188ed1d2a88db2b,h5-risk-outcome-v1
2026-04-17,a68b4ff89fda1478454ceede05ac4dce2819ad1a,e4b6819ae8ce3952d299c85ba3a524ceb0fe0df3,2026-04-17T11:56:35.442Z,56,Hold & Wait,Hold & Wait,v1.1,,scheduled_etl,B,75569,artifact_spot_price_usd,90,2026-04-17,2026-07-16,0.2255563789384536,0.2880299620474407,0.3545073685308942,0.2814259543438636,1,1,0,2d09d2d77fbe6b7f6c5765b48188ed1d2a88db2b,h5-risk-outcome-v1
2026-04-18,39869271e3c082737d236e7aaab7ae7a1db1175f,7ce988a7b7eab69e109701c382ad5fcf5dff7ba1,2026-04-18T11:40:28.666Z,56,Hold & Wait,Hold & Wait,v1.1,,scheduled_etl,B,75975,artifact_spot_price_usd,30,2026-04-18,2026-05-18,0.02832326423165521,0.06394173527271729,0.2838054669671786,0.1910075274777632,0,0,0,2d09d2d77fbe6b7f6c5765b48188ed1d2a88db2b,h5-risk-outcome-v1
2026-04-18,39869271e3c082737d236e7aaab7ae7a1db1175f,7ce988a7b7eab69e109701c382ad5fcf5dff7ba1,2026-04-18T11:40:28.666Z,56,Hold & Wait,Hold & Wait,v1.1,,scheduled_etl,B,75975,artifact_spot_price_usd,90,2026-04-18,2026-07-17,0.2296948996380388,0.2880299620474407,0.3531627916196412,0.279130297680934,1,1,0,2d09d2d77fbe6b7f6c5765b48188ed1d2a88db2b,h5-risk-outcome-v1
2026-04-19,ebf761e7f52aa427419998c824b5b0c462fe0060,6d7afdf61b52f3c5f9b924801919e9fdab271695,2026-04-19T18:04:31.994Z,55,Hold & Wait,Hold & Wait,v1.1,,scheduled_etl,B,74849.89,artifact_spot_price_usd,30,2026-04-19,2026-05-19,0.01371745502899202,0.06608893748040612,0.2685556404756617,0.1690542858984929,0,0,0,2d09d2d77fbe6b7f6c5765b48188ed1d2a88db2b,h5-risk-outcome-v1
2026-04-19,ebf761e7f52aa427419998c824b5b0c462fe0060,6d7afdf61b52f3c5f9b924801919e9fdab271695,2026-04-19T18:04:31.994Z,55,Hold & Wait,Hold & Wait,v1.1,,scheduled_etl,B,74849.89,artifact_spot_price_usd,90,2026-04-19,2026-07-18,0.2181160186073754,0.2880299620474407,0.3512858045880832,0.27433099150217094,1,1,0,2d09d2d77fbe6b7f6c5765b48188ed1d2a88db2b,h5-risk-outcome-v1
2026-04-20,5e75e3564d2606f073957bbb690cb0f07717a609,660ccfdb16911871367f041c0fef8df18456122a,2026-04-20T12:08:53.835Z,55,Hold & Wait,Hold & Wait,v1.1,,scheduled_etl,B,75301.86,artifact_spot_price_usd,30,2026-04-20,2026-05-20,0,0.06608893748040612,0.254037171515349,0.1690542858984929,0,0,0,2d09d2d77fbe6b7f6c5765b48188ed1d2a88db2b,h5-risk-outcome-v1
2026-04-20,5e75e3564d2606f073957bbb690cb0f07717a609,660ccfdb16911871367f041c0fef8df18456122a,2026-04-20T12:08:53.835Z,55,Hold & Wait,Hold & Wait,v1.1,,scheduled_etl,B,75301.86,artifact_spot_price_usd,90,2026-04-20,2026-07-19,0.2228089717836983,0.2880299620474407,0.346433942034929,0.2743541447600812,1,1,0,2d09d2d77fbe6b7f6c5765b48188ed1d2a88db2b,h5-risk-outcome-v1
2026-04-21,c373863c9ea9c0814b2d2810a21d9a70a6aae75d,635bd0910dccb5ad91253acfb3b8fc8aab9c367f,2026-04-21T12:03:12.096Z,57,Hold & Wait,Hold & Wait,v1.1,,scheduled_etl,B,76513.1,artifact_spot_price_usd,30,2026-04-21,2026-05-21,0.009935814912740426,0.06608893748040612,0.25324770737272745,0.1690542858984929,0,0,0,2d09d2d77fbe6b7f6c5765b48188ed1d2a88db2b,h5-risk-outcome-v1
2026-04-21,c373863c9ea9c0814b2d2810a21d9a70a6aae75d,635bd0910dccb5ad91253acfb3b8fc8aab9c367f,2026-04-21T12:03:12.096Z,57,Hold & Wait,Hold & Wait,v1.1,,scheduled_etl,B,76513.1,artifact_spot_price_usd,90,2026-04-21,2026-07-20,0.23511228796114658,0.2880299620474407,0.34662672126767485,0.2743541447600812,1,1,0,2d09d2d77fbe6b7f6c5765b48188ed1d2a88db2b,h5-risk-outcome-v1
2026-04-22,68493787c0503e19e3fe642b6051b3f23caf130a,0d66c0b828622ffebf94bc2d51d383b5cd2e6df7,2026-04-22T12:02:42.923Z,57,Hold & Wait,Hold & Wait,v1.1,,scheduled_etl,B,78288.85,artifact_spot_price_usd,30,2026-04-22,2026-05-22,0.03633901890243629,0.08219076425678395,0.2566359673065643,0.19437649597251647,0,0,0,2d09d2d77fbe6b7f6c5765b48188ed1d2a88db2b,h5-risk-outcome-v1
2026-04-22,68493787c0503e19e3fe642b6051b3f23caf130a,0d66c0b828622ffebf94bc2d51d383b5cd2e6df7,2026-04-22T12:02:42.923Z,57,Hold & Wait,Hold & Wait,v1.1,,scheduled_etl,B,78288.85,artifact_spot_price_usd,90,2026-04-22,2026-07-21,0.2524614935587891,0.2880299620474407,0.34543674720140505,0.2743541447600812,1,1,0,2d09d2d77fbe6b7f6c5765b48188ed1d2a88db2b,h5-risk-outcome-v1
2026-04-23,7e374da92a0140b538379cbff03d4b4f07a32dc7,ad7be3246b9829609041d58f463f40bdd52e01c2,2026-04-23T12:02:44.931Z,58,Hold & Wait,Hold & Wait,v1.1,,scheduled_etl,B,77778.64,artifact_spot_price_usd,30,2026-04-23,2026-05-23,0.030017624376049712,0.08219076425678395,0.2631679291326364,0.19437649597251647,0,0,0,2d09d2d77fbe6b7f6c5765b48188ed1d2a88db2b,h5-risk-outcome-v1
2026-04-23,7e374da92a0140b538379cbff03d4b4f07a32dc7,ad7be3246b9829609041d58f463f40bdd52e01c2,2026-04-23T12:02:44.931Z,58,Hold & Wait,Hold & Wait,v1.1,,scheduled_etl,B,77778.64,artifact_spot_price_usd,90,2026-04-23,2026-07-22,0.2475578127876754,0.2880299620474407,0.34551797826338126,0.2746642356907198,1,1,0,2d09d2d77fbe6b7f6c5765b48188ed1d2a88db2b,h5-risk-outcome-v1
2026-04-24,6d37de82930aabbffb1ff4e4e3a47d8d988849bc,790fd9c3aa5b4013ab626244c036907a5440c5c4,2026-04-24T12:01:47.949Z,58,Hold & Wait,Hold & Wait,v1.1,,scheduled_etl,B,78263.97,artifact_spot_price_usd,30,2026-04-24,2026-05-24,0.03603267250562425,0.08219076425678395,0.2613288484358718,0.19087871615849547,0,0,0,2d09d2d77fbe6b7f6c5765b48188ed1d2a88db2b,h5-risk-outcome-v1
2026-04-24,6d37de82930aabbffb1ff4e4e3a47d8d988849bc,790fd9c3aa5b4013ab626244c036907a5440c5c4,2026-04-24T12:01:47.949Z,58,Hold & Wait,Hold & Wait,v1.1,,scheduled_etl,B,78263.97,artifact_spot_price_usd,90,2026-04-24,2026-07-23,0.2522238521761674,0.2880299620474407,0.34621256784787885,0.2756855893151352,1,1,0,2d09d2d77fbe6b7f6c5765b48188ed1d2a88db2b,h5-risk-outcome-v1
2026-04-25,367f2d14750d40168d52c2f6dc65111326108f84,1095549297b6289acd1a71e1c08f43340df7cd4d,2026-04-25T11:43:17.042Z,52,Hold & Wait,Hold & Wait,v1.1,,scheduled_etl,B,77698.05,artifact_spot_price_usd,30,2026-04-25,2026-05-25,0.029011538899624933,0.08219076425678395,0.261492449598383,0.19087871615849547,0,0,0,2d09d2d77fbe6b7f6c5765b48188ed1d2a88db2b,h5-risk-outcome-v1
2026-04-25,367f2d14750d40168d52c2f6dc65111326108f84,1095549297b6289acd1a71e1c08f43340df7cd4d,2026-04-25T11:43:17.042Z,52,Hold & Wait,Hold & Wait,v1.1,,scheduled_etl,B,77698.05,artifact_spot_price_usd,90,2026-04-25,2026-07-24,0.2467773644254908,0.2880299620474407,0.34707716826085966,0.27733364326375315,1,1,0,2d09d2d77fbe6b7f6c5765b48188ed1d2a88db2b,h5-risk-outcome-v1
2026-04-26,6737a94cea5a17d440ebdf7009479ea89e417dde,55178238f6ed9e5735d954cc525499ecd8aaf437,2026-04-26T11:44:30.598Z,60,Hold & Wait,Hold & Wait,v1.1,,scheduled_etl,B,78103.36,artifact_spot_price_usd,30,2026-04-26,2026-05-26,0.03405039168609392,0.08219076425678395,0.2644976452736261,0.20159461144480814,0,0,0,2d09d2d77fbe6b7f6c5765b48188ed1d2a88db2b,h5-risk-outcome-v1
2026-04-26,6737a94cea5a17d440ebdf7009479ea89e417dde,55178238f6ed9e5735d954cc525499ecd8aaf437,2026-04-26T11:44:30.598Z,60,Hold & Wait,Hold & Wait,v1.1,,scheduled_etl,B,78103.36,artifact_spot_price_usd,90,2026-04-26,2026-07-25,0.2506861420558604,0.2880299620474407,0.34588786684370526,0.27733364326375315,1,1,0,2d09d2d77fbe6b7f6c5765b48188ed1d2a88db2b,h5-risk-outcome-v1
2026-04-27,87254fa3d33b4022d79a4573476b0f8ade1fe3c7,4e21b0b0a90c66d125fabf902d1c7133fb6818e7,2026-04-27T12:22:38.011Z,60,Hold & Wait,Hold & Wait,v1.1,,scheduled_etl,B,77849.8,artifact_spot_price_usd,30,2026-04-27,2026-05-27,0.04539279484340364,0.09591254208181788,0.26711640378151585,0.20527233307449327,0,0,0,2d09d2d77fbe6b7f6c5765b48188ed1d2a88db2b,h5-risk-outcome-v1
2026-04-27,87254fa3d33b4022d79a4573476b0f8ade1fe3c7,4e21b0b0a90c66d125fabf902d1c7133fb6818e7,2026-04-27T12:22:38.011Z,60,Hold & Wait,Hold & Wait,v1.1,,scheduled_etl,B,77849.8,artifact_spot_price_usd,90,2026-04-27,2026-07-26,0.2482455960066693,0.2880299620474407,0.34655580803621394,0.2752663168631936,1,1,0,2d09d2d77fbe6b7f6c5765b48188ed1d2a88db2b,h5-risk-outcome-v1
2026-04-28,a497e15640692abea608e06c92ccced2651a993a,ef117d32322e7a6dd9d2efe43eaf642ed7e009f2,2026-04-28T12:26:21.567Z,51,Hold & Wait,Hold & Wait,v1.1,,scheduled_etl,B,76217.69,artifact_spot_price_usd,30,2026-04-28,2026-05-28,0.035492154118026975,0.10568650920760458,0.2657420392804818,0.20326787495067608,0,0,0,2d09d2d77fbe6b7f6c5765b48188ed1d2a88db2b,h5-risk-outcome-v1
2026-04-28,a497e15640692abea608e06c92ccced2651a993a,ef117d32322e7a6dd9d2efe43eaf642ed7e009f2,2026-04-28T12:26:21.567Z,51,Hold & Wait,Hold & Wait,v1.1,,scheduled_etl,B,76217.69,artifact_spot_price_usd,90,2026-04-28,2026-07-27,0.232147681201044,0.2880299620474407,0.3490031511631269,0.27867800777472473,1,1,0,2d09d2d77fbe6b7f6c5765b48188ed1d2a88db2b,h5-risk-outcome-v1
2026-04-29,bf1b92c932aca2bc6db4c578cb893c547c029e49,cd858b50c5d4e667a0e26d988801108e5d7d46cb,2026-04-29T12:20:34.918Z,60,Hold & Wait,Hold & Wait,v1.1,,scheduled_etl,B,77355.39,artifact_spot_price_usd,30,2026-04-29,2026-05-29,0.05156227639728783,0.10746011039660708,0.26485496934164166,0.20172683065541347,0,0,0,2d09d2d77fbe6b7f6c5765b48188ed1d2a88db2b,h5-risk-outcome-v1
2026-04-29,bf1b92c932aca2bc6db4c578cb893c547c029e49,cd858b50c5d4e667a0e26d988801108e5d7d46cb,2026-04-29T12:20:34.918Z,60,Hold & Wait,Hold & Wait,v1.1,,scheduled_etl,B,77355.39,artifact_spot_price_usd,90,2026-04-29,2026-07-28,0.24344082551972135,0.2880299620474407,0.34893868458412525,0.2782757827338696,1,1,0,2d09d2d77fbe6b7f6c5765b48188ed1d2a88db2b,h5-risk-outcome-v1
2026-04-30,85db28d5a19acbf670d92267a8fca63186d878c9,b27ccb7682fb328c406394b1b6ec58b2fd23d4a3,2026-04-30T12:18:23.942Z,53,Hold & Wait,Hold & Wait,v1.1,,scheduled_etl,B,76181.62,artifact_spot_price_usd,30,2026-04-30,2026-05-30,0.03694920113276656,0.10746011039660708,0.2642421808792878,0.20172683065541347,0,0,0,2d09d2d77fbe6b7f6c5765b48188ed1d2a88db2b,h5-risk-outcome-v1
2026-04-30,85db28d5a19acbf670d92267a8fca63186d878c9,b27ccb7682fb328c406394b1b6ec58b2fd23d4a3,2026-04-30T12:18:23.942Z,53,Hold & Wait,Hold & Wait,v1.1,,scheduled_etl,B,76181.62,artifact_spot_price_usd,90,2026-04-30,2026-07-29,0.23178412325702702,0.2880299620474407,0.3484881232317276,0.2782757827338696,1,1,0,2d09d2d77fbe6b7f6c5765b48188ed1d2a88db2b,h5-risk-outcome-v1
2026-05-01,f836cbb5fdeb47ca299cdab58d3a6af53b76faa1,f8c4222248b0a937e5573dc89658a9e1a140eadc,2026-05-01T12:03:19.941Z,61,Hold & Wait,Hold & Wait,v1.1,,scheduled_etl,B,77435.79,artifact_spot_price_usd,30,2026-05-01,2026-05-31,0.05254701992450761,0.10746011039660708,0.2475200987361697,0.2019391142829054,0,0,0,2d09d2d77fbe6b7f6c5765b48188ed1d2a88db2b,h5-risk-outcome-v1
2026-05-01,f836cbb5fdeb47ca299cdab58d3a6af53b76faa1,f8c4222248b0a937e5573dc89658a9e1a140eadc,2026-05-01T12:03:19.941Z,61,Hold & Wait,Hold & Wait,v1.1,,scheduled_etl,B,77435.79,artifact_spot_price_usd,90,2026-05-01,2026-07-30,0.24422634546635347,0.2880299620474407,0.3455233462077492,0.2782757827338696,1,1,0,2d09d2d77fbe6b7f6c5765b48188ed1d2a88db2b,h5-risk-outcome-v1
2026-05-02,af65f610708de34797d418be09cdc394f67488ec,e5c3a15a0a7d1bd5d610624df03c7474b5b1eda8,2026-05-02T11:51:59.868Z,62,Hold & Wait,Hold & Wait,v1.1,,scheduled_etl,B,78102,artifact_spot_price_usd,30,2026-05-02,2026-06-01,0.08690660930577965,0.13242787499122577,0.26519393036860384,0.2294118576348465,0,0,0,2d09d2d77fbe6b7f6c5765b48188ed1d2a88db2b,h5-risk-outcome-v1
2026-05-02,af65f610708de34797d418be09cdc394f67488ec,e5c3a15a0a7d1bd5d610624df03c7474b5b1eda8,2026-05-02T11:51:59.868Z,62,Hold & Wait,Hold & Wait,v1.1,,scheduled_etl,B,78102,artifact_spot_price_usd,90,2026-05-02,2026-07-31,0.25067309415892036,0.2880299620474407,0.34953801531437817,0.28464458968514006,1,1,0,2d09d2d77fbe6b7f6c5765b48188ed1d2a88db2b,h5-risk-outcome-v1
2026-05-03,92287c2fd1cca366ac732efd36e644be045021df,8b0e47adb60c10ef690948153d7f2a984d26f630,2026-05-03T11:50:53.866Z,54,Hold & Wait,Hold & Wait,v1.1,,scheduled_etl,B,78794.01,artifact_spot_price_usd,30,2026-05-03,2026-06-02,0.1540175452423349,0.189071069230057,0.3445853293059635,0.3287311075658442,1,0,0,2d09d2d77fbe6b7f6c5765b48188ed1d2a88db2b,h5-risk-outcome-v1
2026-05-03,92287c2fd1cca366ac732efd36e644be045021df,8b0e47adb60c10ef690948153d7f2a984d26f630,2026-05-03T11:50:53.866Z,54,Hold & Wait,Hold & Wait,v1.1,,scheduled_etl,B,78794.01,artifact_spot_price_usd,90,2026-05-03,2026-08-01,0.2572540729936197,0.2880299620474407,0.34954633552991854,0.28463391147397943,1,1,0,2d09d2d77fbe6b7f6c5765b48188ed1d2a88db2b,h5-risk-outcome-v1
2026-05-04,3c3046b81c757a7a1ab68256625dd44f1d0e0ee6,2fd494f8a85ac873292d6a22b13ad29e0db5bf44,2026-05-04T12:23:12.943Z,53,Hold & Wait,Hold & Wait,v1.1,,scheduled_etl,B,78956.51,artifact_spot_price_usd,30,2026-05-04,2026-06-03,0.1889205842558137,0.22092447943120197,0.3552829941340664,0.3572133424572948,1,0,0,2d09d2d77fbe6b7f6c5765b48188ed1d2a88db2b,h5-risk-outcome-v1
2026-05-04,3c3046b81c757a7a1ab68256625dd44f1d0e0ee6,2fd494f8a85ac873292d6a22b13ad29e0db5bf44,2026-05-04T12:23:12.943Z,53,Hold & Wait,Hold & Wait,v1.1,,scheduled_etl,B,78956.51,artifact_spot_price_usd,90,2026-05-04,2026-08-02,0.2587827146868573,0.2880299620474407,0.34864799015535286,0.28463391147397943,1,1,0,2d09d2d77fbe6b7f6c5765b48188ed1d2a88db2b,h5-risk-outcome-v1
2026-05-05,d55274557b3ed1fea7bd9fa62e1bbef879872b4b,db1d9921e0fe5b1c2f8d64c5f548883ed67f302c,2026-05-05T12:07:36.276Z,61,Hold & Wait,Hold & Wait,v1.1,,scheduled_etl,B,81009.95,artifact_spot_price_usd,30,2026-05-05,2026-06-04,0.2123681103370636,0.22377095179695283,0.34809776710115403,0.3574414393217477,1,1,0,2d09d2d77fbe6b7f6c5765b48188ed1d2a88db2b,h5-risk-outcome-v1
2026-05-05,d55274557b3ed1fea7bd9fa62e1bbef879872b4b,db1d9921e0fe5b1c2f8d64c5f548883ed67f302c,2026-05-05T12:07:36.276Z,61,Hold & Wait,Hold & Wait,v1.1,,scheduled_etl,B,81009.95,artifact_spot_price_usd,90,2026-05-05,2026-08-03,0.2775710884897472,0.2880299620474407,0.34722775045882837,0.28463583420569405,1,1,0,2d09d2d77fbe6b7f6c5765b48188ed1d2a88db2b,h5-risk-outcome-v1
2026-05-06,977140dc0debbc6f7ee50560d558f17885f4fd8d,8fac5ed70775af0a7d96d689d30f5672c4525c57,2026-05-06T12:58:35.906Z,51,Hold & Wait,Hold & Wait,v1.1,,scheduled_etl,B,82276.36,artifact_spot_price_usd,30,2026-05-06,2026-06-05,0.25820733926488726,0.25820733926488726,0.3658097872185526,0.38961837266008115,1,1,0,2d09d2d77fbe6b7f6c5765b48188ed1d2a88db2b,h5-risk-outcome-v1
2026-05-06,977140dc0debbc6f7ee50560d558f17885f4fd8d,8fac5ed70775af0a7d96d689d30f5672c4525c57,2026-05-06T12:58:35.906Z,51,Hold & Wait,Hold & Wait,v1.1,,scheduled_etl,B,82276.36,artifact_spot_price_usd,90,2026-05-06,2026-08-04,0.28869082200525154,0.28869082200525154,0.3475505236234381,0.28463583420569405,1,1,0,2d09d2d77fbe6b7f6c5765b48188ed1d2a88db2b,h5-risk-outcome-v1
2026-05-07,ea29e5c6f64489deec5836e7524a492ae2244ba1,da4616f39d3ccbeb2ec05b1f96c99db7204da395,2026-05-07T13:00:09.674Z,47,Moderate Buying,Moderate Buying,v1.1,,scheduled_etl,B,81171.99,artifact_spot_price_usd,30,2026-05-07,2026-06-06,0.25035126033007205,0.2597264306236534,0.36532048974319026,0.38480832237113605,1,1,0,2d09d2d77fbe6b7f6c5765b48188ed1d2a88db2b,h5-risk-outcome-v1
2026-05-07,ea29e5c6f64489deec5836e7524a492ae2244ba1,da4616f39d3ccbeb2ec05b1f96c99db7204da395,2026-05-07T13:00:09.674Z,47,Moderate Buying,Moderate Buying,v1.1,,scheduled_etl,B,81171.99,artifact_spot_price_usd,90,2026-05-07,2026-08-05,0.2790132408975067,0.2880299620474407,0.34691750330527865,0.2823825413392945,1,1,0,2d09d2d77fbe6b7f6c5765b48188ed1d2a88db2b,h5-risk-outcome-v1
2026-05-08,7aeee427df69540d67649dd1104222427a2208bf,1c2e8bc570523135c2c1d08ff673625554658258,2026-05-08T15:47:56.343Z,47,Moderate Buying,Moderate Buying,v1.1,,scheduled_etl,B,79933.79,artifact_spot_price_usd,30,2026-05-08,2026-06-07,0.23873896133287298,0.2597264306236534,0.4001083449439764,0.38480832237113605,1,1,0,2d09d2d77fbe6b7f6c5765b48188ed1d2a88db2b,h5-risk-outcome-v1
2026-05-08,7aeee427df69540d67649dd1104222427a2208bf,1c2e8bc570523135c2c1d08ff673625554658258,2026-05-08T15:47:56.343Z,47,Moderate Buying,Moderate Buying,v1.1,,scheduled_etl,B,79933.79,artifact_spot_price_usd,90,2026-05-08,2026-08-06,0.2678449251561823,0.2880299620474407,0.3468335345653072,0.2825774221415975,1,1,0,2d09d2d77fbe6b7f6c5765b48188ed1d2a88db2b,h5-risk-outcome-v1
2026-05-09,126f9980e35ecf8a4511213a779166b947612dc7,cbe9a4fa77d50b88a4870131cebae7cb3e457ec7,2026-05-09T11:55:39.006Z,49,Moderate Buying,Moderate Buying,v1.1,,scheduled_etl,B,80330.73,artifact_spot_price_usd,30,2026-05-09,2026-06-08,0.2425005972185239,0.2597264306236534,0.3974571229870394,0.3850358785060736,1,1,0,2d09d2d77fbe6b7f6c5765b48188ed1d2a88db2b,h5-risk-outcome-v1
2026-05-09,126f9980e35ecf8a4511213a779166b947612dc7,cbe9a4fa77d50b88a4870131cebae7cb3e457ec7,2026-05-09T11:55:39.006Z,49,Moderate Buying,Moderate Buying,v1.1,,scheduled_etl,B,80330.73,artifact_spot_price_usd,90,2026-05-09,2026-08-07,0.2714627391037029,0.2880299620474407,0.347292376183856,0.2825774221415975,1,1,0,2d09d2d77fbe6b7f6c5765b48188ed1d2a88db2b,h5-risk-outcome-v1
2026-05-10,38f800fc53f934d82c6fe0b59de06db9fd96faff,2bca48bd80f2766d0c0e0c3726d29a53dd6ea614,2026-05-10T11:58:01.675Z,51,Hold & Wait,Hold & Wait,v1.1,,scheduled_etl,B,80815.93,artifact_spot_price_usd,30,2026-05-10,2026-06-09,0.2470484470079103,0.2597264306236534,0.3881423618890906,0.39266306177155397,1,1,0,2d09d2d77fbe6b7f6c5765b48188ed1d2a88db2b,h5-risk-outcome-v1
2026-05-10,38f800fc53f934d82c6fe0b59de06db9fd96faff,2bca48bd80f2766d0c0e0c3726d29a53dd6ea614,2026-05-10T11:58:01.675Z,51,Hold & Wait,Hold & Wait,v1.1,,scheduled_etl,B,80815.93,artifact_spot_price_usd,90,2026-05-10,2026-08-08,0.2758367069462666,0.2880299620474407,0.34463278011880233,0.2825774221415975,1,1,0,2d09d2d77fbe6b7f6c5765b48188ed1d2a88db2b,h5-risk-outcome-v1
2026-05-11,194c20550576fcb303afa66b5450071513383280,80619cf7f5ecd1a53dd99d8f40e87f28292b1db8,2026-05-11T13:50:25.705Z,52,Hold & Wait,Hold & Wait,v1.1,,scheduled_etl,B,80985.83,artifact_spot_price_usd,30,2026-05-11,2026-06-10,0.24862806246475466,0.2554426893613938,0.3884288155517363,0.39237545505421345,1,1,0,2d09d2d77fbe6b7f6c5765b48188ed1d2a88db2b,h5-risk-outcome-v1
2026-05-11,194c20550576fcb303afa66b5450071513383280,80619cf7f5ecd1a53dd99d8f40e87f28292b1db8,2026-05-11T13:50:25.705Z,52,Hold & Wait,Hold & Wait,v1.1,,scheduled_etl,B,80985.83,artifact_spot_price_usd,90,2026-05-11,2026-08-09,0.27735592757399663,0.28391000483805484,0.34458999502977306,0.28234455778472234,1,1,0,2d09d2d77fbe6b7f6c5765b48188ed1d2a88db2b,h5-risk-outcome-v1
2026-05-12,94607419d842d88ec59cbea6dd5d25819b956a0a,f47621e34ed4a139b6b441ce38067f528dced44a,2026-05-12T13:08:47.851Z,54,Hold & Wait,Hold & Wait,v1.1,,scheduled_etl,B,80885.23,artifact_spot_price_usd,30,2026-05-12,2026-06-11,0.24769355295150908,0.24949509363600286,0.41512417515740274,0.38872068337659804,1,1,0,2d09d2d77fbe6b7f6c5765b48188ed1d2a88db2b,h5-risk-outcome-v1
2026-05-12,94607419d842d88ec59cbea6dd5d25819b956a0a,f47621e34ed4a139b6b441ce38067f528dced44a,2026-05-12T13:08:47.851Z,54,Hold & Wait,Hold & Wait,v1.1,,scheduled_etl,B,80885.23,artifact_spot_price_usd,90,2026-05-12,2026-08-10,0.2764571479861032,0.2781898087787784,0.34447841980082655,0.28218011222897427,1,1,0,2d09d2d77fbe6b7f6c5765b48188ed1d2a88db2b,h5-risk-outcome-v1
2026-05-13,a8ef8376188abb532beed8680e25e237edee91b1,42b38dec08670bc5a1a4165908d9b0a8f0384bf7,2026-05-13T13:21:31.784Z,56,Hold & Wait,Hold & Wait,v1.1,,scheduled_etl,B,80260.12,artifact_spot_price_usd,30,2026-05-13,2026-06-12,0.2418341761761631,0.24949509363600286,0.4150982368133204,0.38519662167139385,1,1,0,2d09d2d77fbe6b7f6c5765b48188ed1d2a88db2b,h5-risk-outcome-v1
2026-05-13,a8ef8376188abb532beed8680e25e237edee91b1,42b38dec08670bc5a1a4165908d9b0a8f0384bf7,2026-05-13T13:21:31.784Z,56,Hold & Wait,Hold & Wait,v1.1,,scheduled_etl,B,80260.12,artifact_spot_price_usd,90,2026-05-13,2026-08-11,0.2708217979240499,0.2781898087787784,0.34363289386674395,0.28082058800828574,1,1,0,2d09d2d77fbe6b7f6c5765b48188ed1d2a88db2b,h5-risk-outcome-v1
2026-05-14,41f2d198a492997f13aaf11ce3c756c685f3aa38,559e1c9dbf94fbc8719ad40d25fb80dcf04abe81,2026-05-14T12:57:44.285Z,56,Hold & Wait,Hold & Wait,v1.1,,scheduled_etl,B,79726,artifact_spot_price_usd,30,2026-05-14,2026-06-13,0.23675488548277845,0.24949509363600286,0.4087288377592356,0.38519662167139385,1,1,0,2d09d2d77fbe6b7f6c5765b48188ed1d2a88db2b,h5-risk-outcome-v1
2026-05-14,41f2d198a492997f13aaf11ce3c756c685f3aa38,559e1c9dbf94fbc8719ad40d25fb80dcf04abe81,2026-05-14T12:57:44.285Z,56,Hold & Wait,Hold & Wait,v1.1,,scheduled_etl,B,79726,artifact_spot_price_usd,90,2026-05-14,2026-08-12,0.26593670822567295,0.2781898087787784,0.3399470880062252,0.28084641005006744,1,1,0,2d09d2d77fbe6b7f6c5765b48188ed1d2a88db2b,h5-risk-outcome-v1
2026-05-15,9784ad6426b88b5526058c1d062fae4da747c271,c904b8a475706ae9847a2329aebc08b0aca1ffe4,2026-05-15T12:59:11.461Z,56,Hold & Wait,Hold & Wait,v1.1,,scheduled_etl,B,80370.39,artifact_spot_price_usd,30,2026-05-15,2026-06-14,0.24287439690164492,0.24287439690164492,0.41417287654657803,0.37500027924284446,1,1,0,2d09d2d77fbe6b7f6c5765b48188ed1d2a88db2b,h5-risk-outcome-v1
2026-05-15,9784ad6426b88b5526058c1d062fae4da747c271,c904b8a475706ae9847a2329aebc08b0aca1ffe4,2026-05-15T12:59:11.461Z,56,Hold & Wait,Hold & Wait,v1.1,,scheduled_etl,B,80370.39,artifact_spot_price_usd,90,2026-05-15,2026-08-13,0.2718222469742899,0.2718222469742899,0.3369200523308661,0.2762081885095542,1,1,0,2d09d2d77fbe6b7f6c5765b48188ed1d2a88db2b,h5-risk-outcome-v1
2026-05-16,ee1e50230dea420f54b5b53a2fe83ff4c5cd971d,168052e455e156fbfa14599a1a1c6b6dd71e37d7,2026-05-16T11:56:31.013Z,56,Hold & Wait,Hold & Wait,v1.1,,scheduled_etl,B,78064.2,artifact_spot_price_usd,30,2026-05-16,2026-06-15,0.22050722354164898,0.22091889874522197,0.4166522433859392,0.3726063922831259,1,1,0,2d09d2d77fbe6b7f6c5765b48188ed1d2a88db2b,h5-risk-outcome-v1
2026-05-16,ee1e50230dea420f54b5b53a2fe83ff4c5cd971d,168052e455e156fbfa14599a1a1c6b6dd71e37d7,2026-05-16T11:56:31.013Z,56,Hold & Wait,Hold & Wait,v1.1,,scheduled_etl,B,78064.2,artifact_spot_price_usd,90,2026-05-16,2026-08-14,0.25031025745476154,0.2507061927176656,0.3364856289716436,0.27549982983731663,1,1,0,2d09d2d77fbe6b7f6c5765b48188ed1d2a88db2b,h5-risk-outcome-v1
2026-05-17,283eca3fb47ceabfdbde3de0847d631609b31738,655abbceaaa82c9dfaba348648d0a4f270a4318b,2026-05-17T12:02:39.090Z,57,Hold & Wait,Hold & Wait,v1.1,,scheduled_etl,B,78387.15,artifact_spot_price_usd,30,2026-05-17,2026-06-16,0.22371868348319834,0.22371868348319834,0.41677323339964417,0.3729272528218648,1,1,0,2d09d2d77fbe6b7f6c5765b48188ed1d2a88db2b,h5-risk-outcome-v1
2026-05-17,283eca3fb47ceabfdbde3de0847d631609b31738,655abbceaaa82c9dfaba348648d0a4f270a4318b,2026-05-17T12:02:39.090Z,57,Hold & Wait,Hold & Wait,v1.1,,scheduled_etl,B,78387.15,artifact_spot_price_usd,90,2026-05-17,2026-08-15,0.2533989308196559,0.2533989308196559,0.3362754971688946,0.2749063091000035,1,1,0,2d09d2d77fbe6b7f6c5765b48188ed1d2a88db2b,h5-risk-outcome-v1
2026-05-18,7476f7ab2c37338b1b339121e3ef384b5f372739,8819d7917aa575765346beff793deb4624b31691,2026-05-18T14:34:15.352Z,58,Hold & Wait,Hold & Wait,v1.1,,scheduled_etl,B,76427.99,artifact_spot_price_usd,30,2026-05-18,2026-06-17,0.20381943840208283,0.21531466729733284,0.41897175288671684,0.37759520217808784,1,1,0,2d09d2d77fbe6b7f6c5765b48188ed1d2a88db2b,h5-risk-outcome-v1
2026-05-18,7476f7ab2c37338b1b339121e3ef384b5f372739,8819d7917aa575765346beff793deb4624b31691,2026-05-18T14:34:15.352Z,58,Hold & Wait,Hold & Wait,v1.1,,scheduled_etl,B,76427.99,artifact_spot_price_usd,90,2026-05-18,2026-08-16,0.23426051110332746,0.24531623278702808,0.3361935261362438,0.2747018116352042,1,1,0,2d09d2d77fbe6b7f6c5765b48188ed1d2a88db2b,h5-risk-outcome-v1
2026-05-19,af3e6d196ec4e7803c849d56ec998a95847aa2c7,191b93cc77b34d97ad9337e1e59a76760e4e40bf,2026-05-19T13:57:09.956Z,62,Hold & Wait,Hold & Wait,v1.1,,scheduled_etl,B,76907.25,artifact_spot_price_usd,30,2026-05-19,2026-06-18,0.20878096668389512,0.21531466729733284,0.4235972047467466,0.38715146834132597,1,1,0,2d09d2d77fbe6b7f6c5765b48188ed1d2a88db2b,h5-risk-outcome-v1
2026-05-19,af3e6d196ec4e7803c849d56ec998a95847aa2c7,191b93cc77b34d97ad9337e1e59a76760e4e40bf,2026-05-19T13:57:09.956Z,62,Hold & Wait,Hold & Wait,v1.1,,scheduled_etl,B,76907.25,artifact_spot_price_usd,90,2026-05-19,2026-08-17,0.23903234090414105,0.24531623278702808,0.3408809691005555,0.2746628778247137,1,1,0,2d09d2d77fbe6b7f6c5765b48188ed1d2a88db2b,h5-risk-outcome-v1
2026-05-20,7a03f5fc5eee7fc9d2f9f218aeefde7db303eb42,fae4b4fe9622ca3b25103476a69bb4decb937388,2026-05-20T13:44:20.731Z,62,Hold & Wait,Hold & Wait,v1.1,,scheduled_etl,B,76937.96,artifact_spot_price_usd,30,2026-05-20,2026-06-19,0.20909678395424058,0.21531466729733284,0.42371174820209156,0.38715146834132597,1,1,0,2d09d2d77fbe6b7f6c5765b48188ed1d2a88db2b,h5-risk-outcome-v1
2026-05-21,f113f46a601932e8184998026d2d324762c6e004,3161ef9e407ccf0acc80a4a16b08b2239a1ad73b,2026-05-21T14:16:17.672Z,61,Hold & Wait,Hold & Wait,v1.1,,scheduled_etl,B,77006.99,artifact_spot_price_usd,30,2026-05-21,2026-06-20,0.20980575919147082,0.21531466729733284,0.42765293192779025,0.38715146834132597,1,1,0,2d09d2d77fbe6b7f6c5765b48188ed1d2a88db2b,h5-risk-outcome-v1
2026-05-22,6d24c15d289d6fc9618a83d94350f9a2e2414959,dd6af4ac0ea508e7074e6f390039232ae34f573a,2026-05-22T13:34:16.313Z,60,Hold & Wait,Hold & Wait,v1.1,,scheduled_etl,B,77187.76,artifact_spot_price_usd,30,2026-05-22,2026-06-21,0.21165635587818576,0.21228203782906385,0.4223537249180037,0.37895107654759064,1,1,0,2d09d2d77fbe6b7f6c5765b48188ed1d2a88db2b,h5-risk-outcome-v1
2026-05-23,2d6c3bbb1d13be7da9688199d41c775dc4fdf184,040a5f0c2b5823989f1332a3bfb922c9d8a02815,2026-05-23T12:03:14.447Z,58,Hold & Wait,Hold & Wait,v1.1,,scheduled_etl,B,74702.59,artifact_spot_price_usd,30,2026-05-23,2026-06-22,0.18543011694775235,0.21228203782906385,0.41975050979214495,0.37895107654759064,1,0,0,2d09d2d77fbe6b7f6c5765b48188ed1d2a88db2b,h5-risk-outcome-v1
2026-05-24,9b92502ff96e63da4059c37fcc2c7e2d89248c2c,f7c4f67cf233aaffd44802ecd2c6295ace1c8ad4,2026-05-24T12:04:40.538Z,58,Hold & Wait,Hold & Wait,v1.1,,scheduled_etl,B,77159.36,artifact_spot_price_usd,30,2026-05-24,2026-06-23,0.21136619069935259,0.21228203782906385,0.4210032906100249,0.38572234677745804,1,1,0,2d09d2d77fbe6b7f6c5765b48188ed1d2a88db2b,h5-risk-outcome-v1
2026-05-26,a78c4e34f1b984e08448c97d50cf39318c1719f3,b333e3221c872d1835058d5c6ce793c366dd6a74,2026-05-26T13:57:24.837Z,57,Hold & Wait,Hold & Wait,v1.1,,scheduled_etl,B,77242.39,artifact_spot_price_usd,30,2026-05-26,2026-06-25,0.22706107358925587,0.22706107358925587,0.425659858705502,0.39854739326651767,1,1,0,2d09d2d77fbe6b7f6c5765b48188ed1d2a88db2b,h5-risk-outcome-v1
2026-05-27,8e3471166822119b7d78fe90b1de1b6d87b60815,7b88b7fb82cdf7c9df96efc2db209b2c00f84d9a,2026-05-27T14:30:46.512Z,57,Hold & Wait,Hold & Wait,v1.1,,scheduled_etl,B,74694.95,artifact_spot_price_usd,30,2026-05-27,2026-06-26,0.20070031508154162,0.20070031508154162,0.4256514738386705,0.3923218931664635,1,1,0,2d09d2d77fbe6b7f6c5765b48188ed1d2a88db2b,h5-risk-outcome-v1
2026-05-28,c9a92c4777b61ab69267ed948d7a3fba83af40f2,fb6df29dab40f1ce6102135e50d18d8b501977cf,2026-05-28T14:40:42.128Z,55,Hold & Wait,Hold & Wait,v1.1,,scheduled_etl,B,72818.68,artifact_spot_price_usd,30,2026-05-28,2026-06-27,0.18010529715726775,0.1906860299124219,0.42592138923120715,0.39050539813076957,1,0,0,2d09d2d77fbe6b7f6c5765b48188ed1d2a88db2b,h5-risk-outcome-v1
2026-05-29,3c41ebd3d92ff6b6e9648953a2c4a421035087be,6b02b3b5c89afe73f223758aa64fa4750ce8bc1d,2026-05-29T14:11:58.353Z,55,Hold & Wait,Hold & Wait,v1.1,,scheduled_etl,B,72834.91,artifact_spot_price_usd,30,2026-05-29,2026-06-28,0.18344088020428662,0.1937989193269034,0.4255854636419805,0.3913711309845455,1,0,0,2d09d2d77fbe6b7f6c5765b48188ed1d2a88db2b,h5-risk-outcome-v1
2026-05-30,19482a0e38b6db393161bc99392833c7a63fb9ee,a39ebe027954166bd5a27f6804101de6052c3f1a,2026-05-30T12:07:29.319Z,54,Hold & Wait,Hold & Wait,v1.1,,scheduled_etl,B,73499.55,artifact_spot_price_usd,30,2026-05-30,2026-06-29,0.19082484178474568,0.1937989193269034,0.42822891948747044,0.3913711309845455,1,0,0,2d09d2d77fbe6b7f6c5765b48188ed1d2a88db2b,h5-risk-outcome-v1
2026-05-31,22d217f7d0f61e0822332c158a9b0a8be95a4a7a,5ffe778a07caa16f78bea957ac108d18e5584793,2026-05-31T12:15:10.284Z,55,Hold & Wait,Hold & Wait,v1.1,,scheduled_etl,B,73799.94,artifact_spot_price_usd,30,2026-05-31,2026-06-30,0.20699217370637435,0.20699217370637435,0.4338116444676243,0.40294589100979855,1,1,0,2d09d2d77fbe6b7f6c5765b48188ed1d2a88db2b,h5-risk-outcome-v1
2026-06-02,052caf7e576dbed2e8ae3a987675a1fe221e30d0,7eab77b851618173441b941460427aecc4b33791,2026-06-02T16:14:47.872Z,57,Hold & Wait,Hold & Wait,v1.1,,scheduled_etl,B,67775.7,artifact_spot_price_usd,30,2026-06-02,2026-07-02,0.13650570927338257,0.13650570927338257,0.39279544327734744,0.30830289200274935,1,0,0,2d09d2d77fbe6b7f6c5765b48188ed1d2a88db2b,h5-risk-outcome-v1
2026-06-03,3a087fbe563e6168df9930d68a28af8abb425229,89ea64de84500ccb81fa285e132bbf836a47aeb8,2026-06-03T15:49:54.228Z,57,Hold & Wait,Hold & Wait,v1.1,,scheduled_etl,B,66100.92,artifact_spot_price_usd,30,2026-06-03,2026-07-03,0.11462760276256367,0.11697713226951212,0.3749177753653379,0.2747970929053162,1,0,0,2d09d2d77fbe6b7f6c5765b48188ed1d2a88db2b,h5-risk-outcome-v1
2026-06-04,907005e1a8c4eb9f78bb9cfa159f1aa6d89a03da,9652d2599d6e890754a98502534ff348a0b293a6,2026-06-04T14:07:18.662Z,57,Hold & Wait,Hold & Wait,v1.1,,scheduled_etl,B,64104.72,artifact_spot_price_usd,30,2026-06-04,2026-07-04,0.08705739608565488,0.11697713226951212,0.37625936848242614,0.27450033106414073,0,0,0,2d09d2d77fbe6b7f6c5765b48188ed1d2a88db2b,h5-risk-outcome-v1
2026-06-05,2a5ce7130202f663e54277212f24fd010f4a670a,3da679bb5bc36b1b4a0eb9fa47bc58706d8e240f,2026-06-05T13:55:03.758Z,56,Hold & Wait,Hold & Wait,v1.1,,scheduled_etl,B,61060.32,artifact_spot_price_usd,30,2026-06-05,2026-07-05,0.041539087905205885,0.11697713226951212,0.34299666489619407,0.22652226818667454,0,0,0,2d09d2d77fbe6b7f6c5765b48188ed1d2a88db2b,h5-risk-outcome-v1
2026-06-06,acc0a9424c18571050320f502e22c0447c25a1ad,192e5161c4d9547bd23cc08d9e60394e66e5ad64,2026-06-06T12:10:29.091Z,58,Hold & Wait,Hold & Wait,v1.1,,scheduled_etl,B,61056,artifact_spot_price_usd,30,2026-06-06,2026-07-06,0.0414712722746331,0.11697713226951212,0.34309536267639074,0.2262838791218643,0,0,0,2d09d2d77fbe6b7f6c5765b48188ed1d2a88db2b,h5-risk-outcome-v1
2026-06-07,030d4cfcaa58bb9f0cb2e279fe5ec9a4d9b8ed1e,728d27d742b19aab6a4a22386ca18e133a534a12,2026-06-07T12:24:26.089Z,58,Hold & Wait,Hold & Wait,v1.1,,scheduled_etl,B,61991.93,artifact_spot_price_usd,30,2026-06-07,2026-07-07,0.05594276545350341,0.11697713226951212,0.3180238595163003,0.22931787944982085,0,0,0,2d09d2d77fbe6b7f6c5765b48188ed1d2a88db2b,h5-risk-outcome-v1
2026-06-08,f3d3f2ad182d8c7c5456dbbc559fa66043aef02c,61c120879725de6d1bc914259ce30201b0717e36,2026-06-08T14:51:11.473Z,60,Hold & Wait,Hold & Wait,v1.1,,scheduled_etl,B,63854.39,artifact_spot_price_usd,30,2026-06-08,2026-07-08,0.08347836382118756,0.11697713226951212,0.32331352282951303,0.23674771597653896,0,0,0,2d09d2d77fbe6b7f6c5765b48188ed1d2a88db2b,h5-risk-outcome-v1
2026-06-09,d45476ab27ee696d0e0c5fbbed3db772c3db0462,9934fc9aca43f10397c2673493c833a680b99671,2026-06-09T13:46:42.888Z,61,Hold & Wait,Hold & Wait,v1.1,,scheduled_etl,B,62377.78,artifact_spot_price_usd,30,2026-06-09,2026-07-09,0.06178241675160612,0.11697713226951212,0.318055639472598,0.2238701156412813,0,0,0,2d09d2d77fbe6b7f6c5765b48188ed1d2a88db2b,h5-risk-outcome-v1
2026-06-10,354239c871ec57983c1cc2004476c83526593cc4,48c8ca17c10569c9d301d77bd660e4827c601c05,2026-06-10T14:04:48.919Z,62,Hold & Wait,Hold & Wait,v1.1,,scheduled_etl,B,62118.5,artifact_spot_price_usd,30,2026-06-10,2026-07-10,0.05786633611564995,0.11697713226951212,0.32124946893422346,0.22346933654189147,0,0,0,2d09d2d77fbe6b7f6c5765b48188ed1d2a88db2b,h5-risk-outcome-v1
2026-06-11,dd14e52fcadc94825b408c497141fa30ce37b239,ea442d9e9f3d1c1589b618fab645d1ecc801f853,2026-06-11T14:43:44.619Z,62,Hold & Wait,Hold & Wait,v1.1,,scheduled_etl,B,62810.75,artifact_spot_price_usd,30,2026-06-11,2026-07-11,0.06824978208348098,0.11697713226951212,0.3006535200685354,0.2243087512172089,0,0,0,2d09d2d77fbe6b7f6c5765b48188ed1d2a88db2b,h5-risk-outcome-v1
2026-06-12,b7095deab742640eab0977b4c1e4612b96649a46,1dba207eb360b3df353901752a60866df3ebdff1,2026-06-12T14:12:25.912Z,60,Hold & Wait,Hold & Wait,v1.1,,scheduled_etl,B,63354.96,artifact_spot_price_usd,30,2026-06-12,2026-07-12,0.0762533825291658,0.11697713226951212,0.30065624352392123,0.22431170046019946,0,0,0,2d09d2d77fbe6b7f6c5765b48188ed1d2a88db2b,h5-risk-outcome-v1
2026-06-13,94bf2f660d7949f06893c2471b04553f0cf9b766,02787e6f8b399eddd43a3bd16acc9ce410da1b28,2026-06-13T12:54:05.297Z,60,Hold & Wait,Hold & Wait,v1.1,,scheduled_etl,B,64045.62,artifact_spot_price_usd,30,2026-06-13,2026-07-13,0.08621495115512978,0.11697713226951212,0.3069768854046999,0.23872251881446535,0,0,0,2d09d2d77fbe6b7f6c5765b48188ed1d2a88db2b,h5-risk-outcome-v1
2026-06-14,1660484c0044955ab109e285d50d5a7f9315d5f0,013be594022ce0a20ba9e3cdc58ba34e258ede77,2026-06-14T13:01:52.216Z,59,Hold & Wait,Hold & Wait,v1.1,,scheduled_etl,B,64294.23,artifact_spot_price_usd,30,2026-06-14,2026-07-14,0.08974833355963674,0.11697713226951212,0.33507894623349155,0.23872251881446535,0,0,0,2d09d2d77fbe6b7f6c5765b48188ed1d2a88db2b,h5-risk-outcome-v1
2026-06-15,c053ca8c33e4ffb9654ecb55253d23a4f9e8ca6c,e699a4ed89ecd7fa8d645764d738dd3678b2bcb2,2026-06-15T16:20:14.508Z,59,Hold & Wait,Hold & Wait,v1.1,,scheduled_etl,B,67089.09,artifact_spot_price_usd,30,2026-06-15,2026-07-15,0.1276684480293293,0.1276684480293293,0.33377008134336966,0.23917039377346244,1,0,0,2d09d2d77fbe6b7f6c5765b48188ed1d2a88db2b,h5-risk-outcome-v1
2026-06-16,aed85f8eeb1316d5642ec06bee5aca6be6a2fa84,e10d7083a7efa6befec202680fb736f30c02327a,2026-06-16T16:01:24.168Z,57,Hold & Wait,Hold & Wait,v1.1,,scheduled_etl,B,65837.01,artifact_spot_price_usd,30,2026-06-16,2026-07-16,0.11107855596722871,0.11107855596722871,0.33574018836890523,0.24211900288860108,1,0,0,2d09d2d77fbe6b7f6c5765b48188ed1d2a88db2b,h5-risk-outcome-v1
2026-06-17,a1b5d8023ab9c38c5f9ef5cca6be8dc89858eda1,113e97ec7d417a00a4c2631a9f7486a96b832a47,2026-06-17T14:28:13.690Z,55,Hold & Wait,Hold & Wait,v1.1,,scheduled_etl,B,65117.98,artifact_spot_price_usd,30,2026-06-17,2026-07-17,0.10126312271971583,0.10126312271971583,0.3303403459082449,0.23383574788569209,1,0,0,2d09d2d77fbe6b7f6c5765b48188ed1d2a88db2b,h5-risk-outcome-v1
2026-06-18,3f64c8a4f5bfbf55113e04a6f762384ad2393aae,8078c9af7079e2d12418cef83528df9e2f06d160,2026-06-18T14:14:49.315Z,55,Hold & Wait,Hold & Wait,v1.1,,scheduled_etl,B,63679.99,artifact_spot_price_usd,30,2026-06-18,2026-07-18,0.08096829160934227,0.08873862770948526,0.322194672361671,0.21750141994064878,0,0,0,2d09d2d77fbe6b7f6c5765b48188ed1d2a88db2b,h5-risk-outcome-v1
2026-06-19,661d551b0722e08aab71cd216487a20f8d6f9fc1,2ec5b24cb09f1a168a1ab87e127d716af612e314,2026-06-19T14:15:14.758Z,56,Hold & Wait,Hold & Wait,v1.1,,scheduled_etl,B,63012.85,artifact_spot_price_usd,30,2026-06-19,2026-07-19,0.07123816808793759,0.08873862770948526,0.32091450677456207,0.2175890144782421,0,0,0,2d09d2d77fbe6b7f6c5765b48188ed1d2a88db2b,h5-risk-outcome-v1
2026-06-21,ab0dd0798b6739d880d16c96e68e0733275e0697,9a0bb189ec6d1a8f88afec38f346b4fb0ec87c9e,2026-06-21T14:55:25.525Z,58,Hold & Wait,Hold & Wait,v1.1,,scheduled_etl,B,64006.2,artifact_spot_price_usd,30,2026-06-21,2026-07-21,0.0856521711959154,0.0856521711959154,0.3210608318448677,0.21077108349575657,0,0,0,2d09d2d77fbe6b7f6c5765b48188ed1d2a88db2b,h5-risk-outcome-v1
2026-06-22,b5eda7f17ba2eb4c153163dfd874287933098561,d76f8a6b1c82eea4475aea2ff595c708589ecffa,2026-06-22T15:58:04.659Z,58,Hold & Wait,Hold & Wait,v1.1,,scheduled_etl,B,64691.58,artifact_spot_price_usd,30,2026-06-22,2026-07-22,0.09533930072507124,0.09533930072507124,0.3203942586112043,0.21197921242322393,0,0,0,2d09d2d77fbe6b7f6c5765b48188ed1d2a88db2b,h5-risk-outcome-v1
2026-06-23,2b144e089d1f245ace7f161c1b8bfaad4833dac3,d733a4f7fb7955d1f858d800a2be9e5941076603,2026-06-23T13:44:57.648Z,56,Hold & Wait,Hold & Wait,v1.1,,scheduled_etl,B,62266.47,artifact_spot_price_usd,30,2026-06-23,2026-07-23,0.06010522195974821,0.06578241215640035,0.3168123748893416,0.2068603862083677,0,0,0,2d09d2d77fbe6b7f6c5765b48188ed1d2a88db2b,h5-risk-outcome-v1
2026-06-24,d1f3ac1b35ba82f1ac5d195b4cd9d3010bb9047a,1a10f316b607d2e0cdf09110cf6c70c157a54145,2026-06-24T13:26:19.613Z,57,Hold & Wait,Hold & Wait,v1.1,,scheduled_etl,B,61737.7,artifact_spot_price_usd,30,2026-06-24,2026-07-24,0.05205522719505262,0.05205522719505262,0.3064141257369227,0.1916552754537444,0,0,0,2d09d2d77fbe6b7f6c5765b48188ed1d2a88db2b,h5-risk-outcome-v1
2026-06-25,881126947e4aa207342e7ade47c6cc6512a4a662,211195448b2187ffdccbd2c94c65801376777465,2026-06-25T13:23:25.374Z,58,Hold & Wait,Hold & Wait,v1.1,,scheduled_etl,B,61142.15,artifact_spot_price_usd,30,2026-06-25,2026-07-25,0.04282185039289588,0.04282185039289588,0.2955044302329749,0.1768090411000538,0,0,0,2d09d2d77fbe6b7f6c5765b48188ed1d2a88db2b,h5-risk-outcome-v1
2026-06-26,76f6fd5b0d94d757a1c24f2765d47389eabd4568,fd8a21350374dfdab2a4be01ceacdd8cb110ecad,2026-06-26T13:15:38.871Z,57,Hold & Wait,Hold & Wait,v1.1,,scheduled_etl,B,59070.23,artifact_spot_price_usd,30,2026-06-26,2026-07-26,0.009248313405923803,0.036575461789898234,0.2991072823288688,0.1768090411000538,0,0,0,2d09d2d77fbe6b7f6c5765b48188ed1d2a88db2b,h5-risk-outcome-v1
2026-06-27,447c555211f6008387ed7c170a64965c57559d5a,7d3eb669195c4515ab74d99a9ac568c8e79446f5,2026-06-27T12:12:00.406Z,59,Hold & Wait,Hold & Wait,v1.1,,scheduled_etl,B,60217.77,artifact_spot_price_usd,30,2026-06-27,2026-07-27,0.02812857400730706,0.04242200920137018,0.3143579237945455,0.19791917819057872,0,0,0,2d09d2d77fbe6b7f6c5765b48188ed1d2a88db2b,h5-risk-outcome-v1
2026-06-28,7a6c43ee02f8a56298e1b6e021f2f306d036a87f,4729fa5fb6f4607ee953daac956fb6331fae966b,2026-06-28T12:19:20.892Z,61,Hold & Wait,Hold & Wait,v1.1,,scheduled_etl,B,60122.55,artifact_spot_price_usd,30,2026-06-28,2026-07-28,0.026589357903149535,0.04242200920137018,0.31245045921281916,0.1960794670383498,0,0,0,2d09d2d77fbe6b7f6c5765b48188ed1d2a88db2b,h5-risk-outcome-v1
2026-06-29,8343718d1b89b3284ec4f7d9bd6c46d0315787cb,7bb844553077614bfd85e16bd344abd61fcd0587,2026-06-29T14:50:25.460Z,61,Hold & Wait,Hold & Wait,v1.1,,scheduled_etl,B,59148.67,artifact_spot_price_usd,30,2026-06-29,2026-07-29,0.010562198609030404,0.04242200920137018,0.3107912507980525,0.1960794670383498,0,0,0,2d09d2d77fbe6b7f6c5765b48188ed1d2a88db2b,h5-risk-outcome-v1
2026-06-30,90f6fd012ae33450cef2b931aee524fb23055299,62759c967cfae90992a6064ffab42cd7762a4f0d,2026-06-30T13:11:15.728Z,59,Hold & Wait,Hold & Wait,v1.1,,scheduled_etl,B,58507.9,artifact_spot_price_usd,30,2026-06-30,2026-07-30,0,0.04242200920137018,0.29441129528559273,0.17078476749815422,0,0,0,2d09d2d77fbe6b7f6c5765b48188ed1d2a88db2b,h5-risk-outcome-v1
2026-07-01,3a5d806bba33adc9f08fef76fc782fc9a67db214,ab88441c175765e019807a5fbce9c640b7b45dc8,2026-07-01T13:36:06.684Z,58,Hold & Wait,Hold & Wait,v1.1,,scheduled_etl,B,58706.56,artifact_spot_price_usd,30,2026-07-01,2026-07-31,0,0.05547943372574904,0.30577040677283057,0.19980698274089514,0,0,0,2d09d2d77fbe6b7f6c5765b48188ed1d2a88db2b,h5-risk-outcome-v1
2026-07-02,f48b7580875027275a040c232764e24f8bb77a39,77bde051b80fa0ef18eb47c1905494b2a016150f,2026-07-02T13:01:33.296Z,56,Hold & Wait,Hold & Wait,v1.1,,scheduled_etl,B,61497.04,artifact_spot_price_usd,30,2026-07-02,2026-08-01,0.00021171750705406556,0.05640702758336391,0.29422456454997675,0.19983637402686708,0,0,0,2d09d2d77fbe6b7f6c5765b48188ed1d2a88db2b,h5-risk-outcome-v1
2026-07-03,408609b5cb0f72fc7d9f70c0fc29df583bde7df1,439843d25e5aa746cb48040b960643d9f153223c,2026-07-03T13:00:58.701Z,56,Hold & Wait,Hold & Wait,v1.1,,scheduled_etl,B,61904.83,artifact_spot_price_usd,30,2026-07-03,2026-08-02,0,0.05640702758336391,0.2913665651094537,0.19983637402686708,0,0,0,2d09d2d77fbe6b7f6c5765b48188ed1d2a88db2b,h5-risk-outcome-v1
2026-07-04,059c3b1220fc618435215e2c305901f484769dad,ff4f34c294f4b6e0d8a2be67542b186bfcf93e8e,2026-07-04T12:10:29.891Z,58,Hold & Wait,Hold & Wait,v1.1,,scheduled_etl,B,62499.74,artifact_spot_price_usd,30,2026-07-04,2026-08-03,0.004192657441454917,0.05640702758336391,0.28981388172429073,0.199844589727089,0,0,0,2d09d2d77fbe6b7f6c5765b48188ed1d2a88db2b,h5-risk-outcome-v1
2026-07-05,10ce71a393973ce9ac021c48ba73352f0c7cfab9,37221b653533789493e8eedfad291fb741aa5c81,2026-07-05T12:21:29.762Z,57,Hold & Wait,Hold & Wait,v1.1,,scheduled_etl,B,62587.12,artifact_spot_price_usd,30,2026-07-05,2026-08-04,0.0055829378312982625,0.05640702758336391,0.2902848338993435,0.199844589727089,0,0,0,2d09d2d77fbe6b7f6c5765b48188ed1d2a88db2b,h5-risk-outcome-v1
2026-07-06,f090ab4d0c8079f774033758819f6f0b9e88dd42,3e87d3bc9a9e2890d5925438bde00a20ced21d4a,2026-07-06T14:31:22.564Z,57,Hold & Wait,Hold & Wait,v1.1,,scheduled_etl,B,62046,artifact_spot_price_usd,30,2026-07-06,2026-08-05,0,0.05640702758336391,0.29089261919273174,0.199844589727089,0,0,0,2d09d2d77fbe6b7f6c5765b48188ed1d2a88db2b,h5-risk-outcome-v1
2026-07-07,2bfe4fd2db2367a3267bd79e657b8c78c0ce1925,6b90c64eeef4e48341ab40e33e71d4305f4b7f04,2026-07-07T13:23:55.928Z,57,Hold & Wait,Hold & Wait,v1.1,,scheduled_etl,B,63191.06,artifact_spot_price_usd,30,2026-07-07,2026-08-06,0.015086944260786272,0.05640702758336391,0.28898643664462514,0.19719498906189525,0,0,0,2d09d2d77fbe6b7f6c5765b48188ed1d2a88db2b,h5-risk-outcome-v1
2026-07-08,c3e04b0d302e437d58f828539e522ceffa81ba34,b157ca7ef6f3d7ea5fcf507ec9cfcacff245c3d1,2026-07-08T12:25:14.925Z,55,Hold & Wait,Hold & Wait,v1.1,,scheduled_etl,B,62215.7,artifact_spot_price_usd,30,2026-07-08,2026-08-07,0,0.05640702758336391,0.2835382063321738,0.18774421364058036,0,0,0,2d09d2d77fbe6b7f6c5765b48188ed1d2a88db2b,h5-risk-outcome-v1
2026-07-09,39509981994ef8d012148818a13fe88530a8a3c4,3c5aaf7b3df4497ee005501a81773feb4b841bd9,2026-07-09T13:52:20.279Z,55,Hold & Wait,Hold & Wait,v1.1,,scheduled_etl,B,62891.89,artifact_spot_price_usd,30,2026-07-09,2026-08-08,0.009968693896780567,0.05640702758336391,0.27943667504918307,0.18774421364058036,0,0,0,2d09d2d77fbe6b7f6c5765b48188ed1d2a88db2b,h5-risk-outcome-v1
2026-07-10,85c3530dfd4b07c98876c507ede059dc9135e312,d061cf748b0caf1a1b1b2aaeb9ce213841985305,2026-07-10T13:16:17.306Z,48,Moderate Buying,Moderate Buying,v1.1,,scheduled_etl,B,64191.59,artifact_spot_price_usd,30,2026-07-10,2026-08-09,0.030014056358472985,0.05640702758336391,0.2749783093018766,0.18777195165539753,0,0,0,2d09d2d77fbe6b7f6c5765b48188ed1d2a88db2b,h5-risk-outcome-v1
2026-07-11,6c39b632dc5c26495c0c4e65ae1592688235ffeb,9b795a67ddec05290d0deb12e41e4823d90f2b5c,2026-07-11T11:56:53.556Z,49,Moderate Buying,Moderate Buying,v1.1,,scheduled_etl,B,64134.25,artifact_spot_price_usd,30,2026-07-11,2026-08-10,0.029146828722562357,0.05640702758336391,0.27903779458911177,0.19354240273200204,0,0,0,2d09d2d77fbe6b7f6c5765b48188ed1d2a88db2b,h5-risk-outcome-v1
2026-07-12,73b71bbed38e0efa75fd3792c3d55ec0c952b79f,72fdd054e6653eca806eaf83d31510f6999ccb81,2026-07-12T12:04:04.165Z,49,Moderate Buying,Moderate Buying,v1.1,,scheduled_etl,B,63941.07,artifact_spot_price_usd,30,2026-07-12,2026-08-11,0.0262136683042683,0.05640702758336391,0.27980247003147435,0.19464950972852946,0,0,0,2d09d2d77fbe6b7f6c5765b48188ed1d2a88db2b,h5-risk-outcome-v1
2026-07-13,bc40ee68e10976e2b0b68437a11681af27ab8054,b5e3274e24f59011dce2d41df7b017e9852abf3a,2026-07-13T13:28:21.243Z,50,Hold & Wait,Hold & Wait,v1.1,,scheduled_etl,B,62472.4,artifact_spot_price_usd,30,2026-07-13,2026-08-12,0.003320826476972183,0.05640702758336391,0.26745001166322385,0.17680282740345016,0,0,0,2d09d2d77fbe6b7f6c5765b48188ed1d2a88db2b,h5-risk-outcome-v1
2026-07-14,3e08d375545483361132c278e971d8075b956601,2d15e76100e36a793db47b46c83c0524c22454b6,2026-07-14T12:19:15.350Z,56,Hold & Wait,Hold & Wait,v1.1,,scheduled_etl,B,62808.12,artifact_spot_price_usd,30,2026-07-14,2026-08-13,0.0006992726418176831,0.05640702758336391,0.22163655137690189,0.17680282740345016,0,0,0,2d09d2d77fbe6b7f6c5765b48188ed1d2a88db2b,h5-risk-outcome-v1
2026-07-15,fd8fd9e4a37f2bd1e1843d580c10b8a37aa04ec6,29ce3800d215e741238abdc486e8bf0b0d662013,2026-07-15T12:20:27.379Z,58,Hold & Wait,Hold & Wait,v1.1,,scheduled_etl,B,64657.56,artifact_spot_price_usd,30,2026-07-15,2026-08-14,0.02928288664156209,0.05640702758336391,0.22240655146118166,0.17793950627438393,0,0,0,2d09d2d77fbe6b7f6c5765b48188ed1d2a88db2b,h5-risk-outcome-v1
2026-07-16,a816a3e0f705737637ed2fb69a873f5b63cb6dd9,0d670d3d14dd441554cebad637568a366d39b13a,2026-07-16T12:24:29.078Z,56,Hold & Wait,Hold & Wait,v1.1,,scheduled_etl,B,64111.98,artifact_spot_price_usd,30,2026-07-16,2026-08-15,0.02102228007932383,0.05640702758336391,0.21697193988465838,0.17036457639992725,0,0,0,2d09d2d77fbe6b7f6c5765b48188ed1d2a88db2b,h5-risk-outcome-v1
2026-07-17,e32e271953d1237217e6905b1f5efb67200d6d22,3a8bbc141d9b477e6d40ad0ed9a83615bda9f09a,2026-07-17T12:14:47.318Z,56,Hold & Wait,Hold & Wait,v1.1,,scheduled_etl,B,63179.93,artifact_spot_price_usd,30,2026-07-17,2026-08-16,0.006580095926032259,0.05640702758336391,0.21697314297854922,0.17066330082890607,0,0,0,2d09d2d77fbe6b7f6c5765b48188ed1d2a88db2b,h5-risk-outcome-v1
2026-07-18,fb327b4079664c5f7a9768bd4b9e7546a163e251,8a76c0331fe563fc075ce9dc847511f7d1e2d0de,2026-07-18T11:57:32.018Z,57,Hold & Wait,Hold & Wait,v1.1,,scheduled_etl,B,63977.65,artifact_spot_price_usd,30,2026-07-18,2026-08-17,0.01896677980513517,0.05640702758336391,0.23008191884163698,0.17066330082890607,0,0,0,2d09d2d77fbe6b7f6c5765b48188ed1d2a88db2b,h5-risk-outcome-v1
